area,volume
4.000000000000e-04,1.557833870672e-06
2.000000000000e-03,1.458640328259e-05
4.000000000000e-04,4.100998044963e-07
2.800000000000e-03,2.077843782672e-05
2.400000000000e-03,9.955836655995e-06
8.000000000000e-04,5.064987271228e-06
4.000000000000e-04,6.691320577751e-06
8.000000000000e-04,2.644174797649e-06
4.000000000000e-04,7.781628204332e-06
4.000000000000e-04,8.411551334192e-07
2.400000000000e-03,3.195771971126e-05
2.440000000000e-02,4.040550151461e-04
8.000000000000e-04,5.442445391336e-06
8.000000000000e-04,6.609047223456e-06
1.600000000000e-03,1.022684172013e-05
6.400000000000e-03,6.794326280722e-05
2.720000000000e-02,3.722945964020e-04
1.200000000000e-03,1.067176460933e-05
1.200000000000e-03,7.099037880549e-06
9.680000000000e-02,2.098243826313e-03
4.000000000000e-04,1.104793111691e-06
4.000000000000e-04,6.403690352192e-07
3.600000000000e-03,2.314450239336e-05
6.400000000000e-03,9.215447801614e-05
8.000000000000e-04,2.789671687671e-06
8.000000000000e-04,3.728678531287e-06
4.000000000000e-04,2.385493839580e-06
2.428000000000e-01,5.638968467355e-03
2.800000000000e-03,2.735723146857e-05
4.000000000000e-04,1.155356245244e-06
4.000000000000e-04,5.803498770383e-07
8.000000000000e-04,1.914345374751e-06
4.000000000000e-04,1.291915078479e-06
4.000000000000e-04,2.377809457981e-06
4.000000000000e-04,1.234465290264e-06
4.000000000000e-04,1.939188500503e-06
4.000000000000e-04,9.049217867573e-07
4.000000000000e-04,2.280152765169e-07
1.600000000000e-03,8.061671107318e-06
4.000000000000e-04,2.624768092356e-06
4.000000000000e-04,3.097982575461e-06
4.000000000000e-04,1.407524501238e-06
4.000000000000e-04,1.644179685229e-06
4.000000000000e-04,1.344006067566e-07
4.000000000000e-04,9.731738851324e-07
8.000000000000e-04,2.456235119397e-06
1.600000000000e-03,6.665381808894e-06
4.000000000000e-04,1.312029076065e-06
7.200000000000e-03,9.579255046106e-05
4.000000000000e-04,1.438547946867e-06
1.600000000000e-03,1.426263979223e-05
1.200000000000e-03,6.044430638505e-06
4.000000000000e-04,3.070476464376e-08
1.200000000000e-03,3.665180078644e-06
3.200000000000e-03,2.331664859322e-05
4.000000000000e-04,7.743269575668e-07
6.400000000000e-03,8.540255553110e-05
1.600000000000e-03,4.811226738752e-06
1.200000000000e-03,2.669924804484e-06
8.000000000000e-04,7.542823840954e-06
4.000000000000e-04,4.695436108894e-07
1.200000000000e-03,3.095147067416e-06
4.000000000000e-04,3.395874061733e-06
8.000000000000e-04,3.815219517953e-06
4.000000000000e-04,1.085999949438e-06
4.000000000000e-04,9.680884544808e-07
4.000000000000e-04,1.558375135051e-06
8.000000000000e-04,5.034647520788e-06
4.000000000000e-04,1.720527137954e-06
1.600000000000e-03,1.457307868275e-05
4.000000000000e-04,3.322364600903e-06
4.000000000000e-04,4.788924088196e-06
1.080000000000e-02,1.099385111076e-04
4.000000000000e-04,1.826637417498e-06
4.000000000000e-04,9.667278651568e-07
4.000000000000e-04,1.480244519469e-06
4.000000000000e-04,1.284273465709e-06
4.000000000000e-04,1.845550480015e-06
8.000000000000e-04,1.796891490369e-06
4.000000000000e-04,8.435083851925e-07
4.000000000000e-04,6.780227497386e-07
8.000000000000e-04,4.416972515101e-06
4.000000000000e-04,1.019465181647e-06
4.000000000000e-04,9.424670982147e-07
4.000000000000e-04,2.193138328638e-06
1.600000000000e-03,2.064511669969e-05
4.000000000000e-04,1.715468036218e-06
1.200000000000e-03,4.594311871398e-06
4.000000000000e-04,4.539182886130e-06
1.200000000000e-03,6.887510707172e-06
4.000000000000e-04,2.169070341256e-06
4.000000000000e-04,4.311169263893e-06
8.000000000000e-04,5.211554306173e-06
1.600000000000e-03,8.163092938549e-06
8.000000000000e-04,3.150355498960e-06
4.000000000000e-04,4.569848967232e-07
4.000000000000e-04,1.783725120347e-06
8.000000000000e-04,4.415371402436e-06
4.000000000000e-04,1.732840486036e-06
1.600000000000e-03,1.119200217327e-05
1.208000000000e-01,3.983580666483e-03
2.400000000000e-03,1.155789505858e-05
8.000000000000e-04,2.907950735848e-06
5.600000000000e-03,5.780538435395e-05
4.000000000000e-04,8.286521731795e-08
4.000000000000e-04,9.848150385390e-07
8.000000000000e-04,5.919179356633e-06
4.000000000000e-04,8.130707961981e-07
4.000000000000e-04,1.638772270275e-06
4.000000000000e-04,1.198304686717e-06
2.000000000000e-03,1.034161641174e-05
2.000000000000e-03,7.820476243597e-06
4.000000000000e-04,1.558312386743e-06
8.000000000000e-04,6.337512806135e-06
4.000000000000e-04,1.656945550251e-06
2.800000000000e-03,1.495521233431e-05
4.000000000000e-04,3.730270768004e-07
5.600000000000e-03,3.272477442910e-05
4.000000000000e-04,2.415319316644e-06
4.000000000000e-04,1.508654905825e-06
4.000000000000e-04,1.104846223118e-06
1.200000000000e-03,3.061333416508e-06
4.000000000000e-04,8.328053518744e-06
4.000000000000e-04,5.247217175044e-07
2.800000000000e-03,1.547685451484e-05
4.000000000000e-04,2.879706842723e-06
4.000000000000e-04,7.133521973861e-07
4.000000000000e-04,7.614118162034e-07
4.000000000000e-04,7.925176905797e-07
1.200000000000e-03,4.720323206663e-06
2.000000000000e-03,3.916576568416e-06
4.000000000000e-04,1.944664387661e-06
3.200000000000e-03,4.353292404538e-05
4.000000000000e-04,4.865018468224e-07
8.000000000000e-04,1.621273703231e-06
4.000000000000e-04,2.214261347506e-06
8.000000000000e-04,2.638141000242e-06
4.000000000000e-04,8.593837531126e-07
4.000000000000e-04,3.700584209913e-07
4.000000000000e-04,1.546106754547e-06
4.000000000000e-04,1.269319782800e-06
4.000000000000e-04,8.617875293105e-06
1.600000000000e-03,1.093887704105e-05
4.000000000000e-04,7.385495074152e-08
8.000000000000e-04,3.550559224994e-06
1.600000000000e-03,1.302102790949e-05
4.000000000000e-04,1.832310978877e-06
8.000000000000e-04,5.419786220720e-06
8.000000000000e-04,7.713843696310e-07
8.000000000000e-04,1.969951639372e-06
4.000000000000e-04,4.253499676089e-07
4.000000000000e-04,2.298009645941e-06
4.000000000000e-04,4.384153167761e-07
1.600000000000e-03,1.265479169039e-05
4.000000000000e-04,4.271596807140e-06
2.000000000000e-03,1.320588138662e-05
4.000000000000e-04,5.175405489573e-06
4.000000000000e-04,2.290836530657e-06
1.200000000000e-03,5.891935200892e-06
2.400000000000e-03,1.396659973794e-05
4.000000000000e-04,2.072794671041e-06
8.000000000000e-04,1.842415853855e-06
4.000000000000e-04,4.290930206861e-07
4.000000000000e-04,1.238296855862e-06
4.400000000000e-03,2.742318075015e-05
4.000000000000e-04,4.593180179258e-06
2.680000000000e-02,3.545301224635e-04
8.000000000000e-04,5.710447469430e-06
8.000000000000e-04,9.600052314512e-06
4.000000000000e-04,6.889419073035e-07
4.280000000000e-02,6.275155069173e-04
4.000000000000e-04,2.629369353566e-07
4.000000000000e-04,1.817115935436e-07
1.320000000000e-02,1.252298658299e-04
4.000000000000e-04,1.558511885129e-06
4.000000000000e-04,1.718237854405e-06
4.000000000000e-04,1.721567739138e-07
6.800000000000e-03,6.098796222266e-05
4.000000000000e-04,5.785211631767e-07
4.000000000000e-04,8.962872981768e-07
4.000000000000e-04,2.892601875852e-06
4.000000000000e-04,2.688931785532e-06
8.000000000000e-04,1.387395507892e-06
3.600000000000e-03,3.056657523460e-05
4.000000000000e-04,1.090441855261e-06
3.200000000000e-03,2.289139781837e-05
3.520000000000e-02,5.549547488077e-04
4.000000000000e-04,1.310945834814e-06
4.000000000000e-04,1.404076000741e-06
4.000000000000e-04,4.974068990754e-06
4.000000000000e-04,1.107524515004e-06
4.000000000000e-04,3.055058454780e-06
2.400000000000e-03,1.639192508329e-05
7.200000000000e-03,8.457618237278e-05
4.000000000000e-04,2.596705266089e-07
4.000000000000e-04,1.527576488671e-06
4.000000000000e-04,9.810109086404e-07
4.000000000000e-04,2.262943667313e-06
8.000000000000e-04,4.144787864609e-06
2.000000000000e-03,1.715314716273e-05
4.000000000000e-04,2.502118032812e-06
4.000000000000e-04,1.870818109645e-06
2.000000000000e-03,2.164771759941e-05
1.400000000000e-02,1.361468550551e-04
1.600000000000e-03,1.463060081164e-05
4.000000000000e-04,1.790986669722e-07
1.200000000000e-03,1.533058131597e-05
1.600000000000e-03,1.195250053774e-05
8.000000000000e-04,1.123216830076e-06
4.000000000000e-04,5.362034527710e-07
4.000000000000e-04,1.078520962947e-06
1.200000000000e-03,6.623773162951e-06
8.000000000000e-03,7.173995213113e-05
4.000000000000e-04,2.479687753704e-06
4.000000000000e-04,4.370821623157e-07
1.200000000000e-03,9.375897120166e-06
2.000000000000e-03,1.695232790011e-05
8.000000000000e-04,2.838217594697e-06
8.000000000000e-04,6.428771231340e-06
4.000000000000e-04,1.611465483028e-06
4.000000000000e-04,7.126331900875e-07
4.000000000000e-04,1.979911800836e-06
8.000000000000e-04,4.471727094811e-06
4.000000000000e-04,1.396293858034e-06
1.200000000000e-03,2.244342935539e-06
8.000000000000e-04,9.619087218047e-06
4.000000000000e-04,2.438787386004e-06
1.400000000000e-02,1.677650882648e-04
4.000000000000e-04,1.002558172295e-06
4.000000000000e-04,1.159086301091e-06
4.000000000000e-04,1.578047358155e-06
4.000000000000e-04,5.760500878191e-07
4.000000000000e-04,1.075519502655e-06
4.000000000000e-04,1.157847417816e-06
4.000000000000e-04,2.678816768145e-06
2.000000000000e-03,1.019747164362e-05
1.200000000000e-03,9.595613287311e-06
4.000000000000e-04,1.679801551445e-07
3.600000000000e-03,1.039420599899e-05
1.680000000000e-02,2.748322913864e-04
4.000000000000e-04,4.760638949087e-07
4.000000000000e-04,1.059504668195e-06
4.000000000000e-04,3.642512230684e-07
8.000000000000e-04,1.640544163323e-06
4.000000000000e-04,2.127083409515e-06
1.200000000000e-03,2.659947717604e-06
4.000000000000e-04,5.683869952880e-07
8.000000000000e-04,1.000514233423e-06
4.000000000000e-04,5.649716062142e-06
4.000000000000e-04,1.068895814907e-06
8.000000000000e-04,5.823384604007e-06
8.000000000000e-04,6.355910983395e-06
4.000000000000e-04,1.029029349417e-06
4.000000000000e-04,2.289289628369e-06
1.400000000000e-02,1.533459424836e-04
1.000000000000e-02,6.740251031551e-05
4.000000000000e-04,3.655666571386e-06
4.000000000000e-04,4.980239490186e-07
4.000000000000e-04,4.346655741196e-06
4.000000000000e-04,1.354958436545e-06
4.000000000000e-04,7.003966119123e-07
4.000000000000e-03,3.095278282599e-05
2.000000000000e-03,1.318401553869e-05
4.000000000000e-04,4.841392529226e-06
4.000000000000e-04,3.412469799058e-06
4.000000000000e-04,3.942379737030e-06
4.000000000000e-04,2.453358714279e-06
4.000000000000e-04,2.955728456610e-06
8.000000000000e-04,5.692624745804e-06
6.000000000000e-03,3.912110883211e-05
4.000000000000e-04,6.807411624923e-07
4.000000000000e-04,8.163035541434e-07
4.000000000000e-04,1.023283002971e-06
8.000000000000e-04,2.553376177213e-06
4.000000000000e-04,2.817617197301e-06
4.000000000000e-04,8.200265145645e-07
4.000000000000e-04,2.389636754595e-06
2.800000000000e-03,2.998676451780e-05
4.000000000000e-04,2.699831917514e-06
4.000000000000e-04,1.415964297780e-06
2.400000000000e-03,9.784295478144e-06
1.200000000000e-03,3.080380312046e-06
4.000000000000e-04,1.889661070520e-08
8.000000000000e-04,3.224770126854e-06
4.000000000000e-04,3.106407337382e-06
3.200000000000e-03,1.213802257667e-05
4.000000000000e-04,3.616046304444e-06
2.000000000000e-03,9.889415828728e-06
4.000000000000e-04,1.714794492106e-06
4.000000000000e-04,5.856897553393e-07
4.000000000000e-04,7.464228285921e-07
4.000000000000e-04,8.379345162472e-07
4.000000000000e-04,1.212432952227e-06
4.000000000000e-04,1.793094719461e-06
2.000000000000e-03,2.198038353269e-05
1.080000000000e-02,1.438332354440e-04
1.200000000000e-03,1.091976725017e-05
4.000000000000e-04,9.348122598480e-07
4.000000000000e-04,6.053290662672e-07
1.600000000000e-03,1.038597874942e-05
8.000000000000e-04,7.128244036797e-06
1.080000000000e-02,1.079624915844e-04
4.000000000000e-04,5.440915365183e-07
4.000000000000e-04,1.001320212043e-06
4.000000000000e-04,1.344401453388e-06
1.200000000000e-03,1.765483783323e-05
1.600000000000e-03,2.173291031368e-05
2.000000000000e-03,1.051527839886e-05
4.000000000000e-04,1.773726304359e-06
4.000000000000e-04,1.401729169588e-07
3.640000000000e-02,4.182600821311e-04
4.000000000000e-04,1.894034785226e-07
8.000000000000e-04,1.131757140501e-05
1.600000000000e-03,1.440088148570e-05
8.000000000000e-04,3.124578373292e-06
1.640000000000e-02,1.443321332001e-04
2.000000000000e-03,1.061687366121e-05
1.200000000000e-03,7.482707851805e-06
4.000000000000e-04,5.410467997101e-07
4.000000000000e-04,3.040349107383e-07
4.000000000000e-04,3.859893569067e-07
1.200000000000e-03,1.408310433857e-05
4.000000000000e-04,1.457385876156e-06
4.000000000000e-03,2.278633931218e-05
4.000000000000e-04,2.409409802035e-06
1.600000000000e-03,2.021058915502e-05
8.000000000000e-04,2.627271065990e-06
4.000000000000e-04,8.943059438766e-07
1.600000000000e-03,1.312525886294e-05
4.000000000000e-04,1.609748518203e-06
6.400000000000e-03,3.760946187970e-05
2.400000000000e-03,2.240540676219e-05
4.000000000000e-04,4.156892325772e-07
1.200000000000e-03,4.918500723805e-06
1.600000000000e-03,1.479445925869e-05
4.000000000000e-04,1.044607684488e-06
2.400000000000e-03,2.525591818200e-05
1.200000000000e-03,6.638066133137e-06
4.000000000000e-04,1.077678256929e-06
1.200000000000e-03,6.424131391418e-06
1.200000000000e-03,7.327137683633e-06
1.600000000000e-03,4.310325569968e-06
4.000000000000e-04,1.573291589119e-06
4.000000000000e-04,4.198986285611e-07
8.000000000000e-04,3.902649859273e-06
4.000000000000e-04,1.259279906569e-06
1.600000000000e-03,5.816480613046e-06
4.000000000000e-04,2.843590276954e-07
4.000000000000e-04,2.681123819529e-06
4.000000000000e-04,9.448820742857e-07
4.000000000000e-04,2.186131537315e-06
4.000000000000e-04,1.174089884662e-06
1.200000000000e-03,1.930812833424e-06
4.000000000000e-04,6.151770920506e-07
4.000000000000e-04,2.516785193502e-06
8.000000000000e-04,6.093882367051e-06
8.000000000000e-04,3.345829731619e-06
4.000000000000e-04,2.910587071737e-06
4.000000000000e-04,6.627740138352e-07
8.000000000000e-04,1.900730434522e-06
4.000000000000e-04,7.355325371282e-07
1.508000000000e-01,4.715563150638e-03
4.000000000000e-04,4.834682861845e-06
4.800000000000e-03,5.669292947710e-05
4.400000000000e-03,3.071501589383e-05
4.000000000000e-04,6.646336858314e-07
2.000000000000e-03,4.786206789235e-06
8.000000000000e-04,3.177912167556e-06
4.000000000000e-04,2.824421514750e-07
1.600000000000e-03,1.776569083124e-05
4.000000000000e-04,1.084389285229e-06
4.000000000000e-04,7.954917196411e-07
4.000000000000e-04,1.606935403904e-06
4.000000000000e-04,3.734906850476e-06
4.000000000000e-04,3.598187224405e-07
1.600000000000e-03,9.841676180647e-06
4.000000000000e-04,1.194680261018e-06
2.000000000000e-03,9.346754670572e-06
4.000000000000e-04,1.939952912248e-06
4.000000000000e-04,5.597043505084e-07
8.000000000000e-04,1.027802248302e-06
4.000000000000e-04,1.714437113860e-06
4.000000000000e-04,2.035242092090e-06
4.000000000000e-04,9.584564188627e-07
4.000000000000e-04,1.599412109212e-06
4.000000000000e-04,4.134800294251e-07
4.000000000000e-04,5.243093786684e-07
4.000000000000e-04,1.383557978516e-07
4.000000000000e-04,2.905410489413e-07
4.000000000000e-04,7.966989053291e-07
8.000000000000e-04,2.549007599854e-06
4.000000000000e-04,4.616981877483e-07
2.800000000000e-03,1.101720665625e-05
4.000000000000e-04,4.865641487845e-07
2.400000000000e-03,1.104390744454e-05
4.000000000000e-04,7.173149542007e-07
8.000000000000e-04,5.203092240527e-06
4.000000000000e-04,2.334438961374e-07
1.400000000000e-02,1.257601857499e-04
1.200000000000e-03,8.677273551411e-06
4.000000000000e-04,1.876526507581e-06
1.360000000000e-02,1.707027879113e-04
1.200000000000e-03,1.553508655921e-05
2.800000000000e-03,1.381002061973e-05
4.000000000000e-04,2.285709819516e-07
4.000000000000e-04,1.800411230760e-06
4.000000000000e-04,7.683658050337e-07
4.000000000000e-04,2.185178694619e-06
4.000000000000e-04,8.202654625896e-07
3.600000000000e-03,3.784663879787e-05
4.000000000000e-04,2.204178660803e-06
4.000000000000e-04,2.286057746708e-06
8.000000000000e-04,1.474919238750e-06
4.000000000000e-04,3.145816972208e-06
6.000000000000e-03,5.618076371267e-05
8.000000000000e-04,5.142938621253e-06
1.200000000000e-03,2.941318287498e-06
2.000000000000e-03,2.133205784176e-05
1.600000000000e-03,8.459027817408e-06
4.000000000000e-04,7.169016679993e-07
4.000000000000e-04,1.276148044235e-06
1.200000000000e-03,4.984563980188e-06
4.000000000000e-04,2.254732357851e-06
5.200000000000e-03,4.051505851988e-05
4.000000000000e-04,3.151673210908e-06
1.200000000000e-02,1.581748999685e-04
8.000000000000e-04,6.717116638221e-06
1.200000000000e-03,3.905511879265e-06
4.000000000000e-04,1.474126472163e-07
1.200000000000e-03,7.227305704630e-06
4.000000000000e-04,3.253255890917e-06
1.480000000000e-02,1.592729946943e-04
8.000000000000e-04,5.750394512281e-06
4.000000000000e-04,2.192729092479e-06
1.600000000000e-03,3.028696620938e-06
8.000000000000e-04,4.788051066200e-06
3.200000000000e-03,1.545320142604e-05
1.200000000000e-03,8.715592752075e-06
8.000000000000e-04,3.149043020270e-06
4.000000000000e-04,5.006008136158e-07
2.520000000000e-02,3.521840183848e-04
4.000000000000e-04,4.032332448993e-06
8.000000000000e-04,4.239666495732e-06
5.600000000000e-03,4.276257561780e-05
8.000000000000e-04,3.028764944312e-06
4.000000000000e-04,9.260547548681e-07
1.200000000000e-03,5.189478250104e-06
4.000000000000e-04,1.880787882975e-07
4.000000000000e-04,1.424223777670e-06
4.000000000000e-04,1.950910409873e-06
4.000000000000e-04,2.986144108073e-06
4.000000000000e-04,3.236106526624e-06
2.400000000000e-03,1.658328825388e-05
8.000000000000e-04,1.163265622032e-06
4.000000000000e-04,2.349913969735e-07
4.000000000000e-04,1.168366676670e-07
4.000000000000e-04,6.071038048800e-06
8.000000000000e-04,3.240669598931e-06
2.000000000000e-03,1.033577332655e-05
1.696000000000e-01,4.925626427669e-03
8.000000000000e-04,6.650168617007e-06
4.000000000000e-04,1.877919200747e-06
4.000000000000e-04,6.965415489744e-07
4.000000000000e-04,1.859519284834e-07
4.000000000000e-04,3.246735003062e-07
4.000000000000e-04,2.929326850910e-08
2.400000000000e-03,2.629372326106e-05
4.000000000000e-04,7.943226928358e-07
4.000000000000e-04,5.735501025634e-08
4.000000000000e-04,1.419607972468e-06
8.000000000000e-04,9.517096248225e-06
4.000000000000e-04,2.826035411623e-07
1.000000000000e-02,1.650200813536e-04
1.600000000000e-03,8.583288270686e-06
1.200000000000e-03,5.028531609309e-06
4.000000000000e-04,6.651120528108e-06
8.000000000000e-04,5.218099441466e-07
4.000000000000e-04,7.337241993746e-07
8.000000000000e-04,3.333994246490e-06
1.200000000000e-03,9.701721174287e-06
1.160000000000e-02,1.624275469070e-04
1.640000000000e-02,2.642331363512e-04
2.000000000000e-02,2.966656805629e-04
8.000000000000e-04,2.828122260425e-06
8.000000000000e-04,2.631980437370e-06
4.000000000000e-04,2.085963743038e-07
1.200000000000e-03,7.127230081115e-06
1.600000000000e-03,1.041156299874e-05
1.200000000000e-03,2.723468321678e-06
4.000000000000e-04,4.266371249300e-07
4.000000000000e-04,1.106127497944e-06
8.000000000000e-04,6.490636406595e-06
4.000000000000e-04,4.946058111802e-06
8.000000000000e-04,2.219657518926e-06
4.000000000000e-04,2.265880568936e-06
2.400000000000e-03,1.281424708470e-05
4.000000000000e-04,1.479719187649e-06
5.600000000000e-03,3.279345810293e-05
4.000000000000e-04,4.855831495289e-07
1.600000000000e-03,7.131856045489e-06
2.400000000000e-03,1.759152626204e-05
4.000000000000e-04,2.116941947811e-06
4.000000000000e-04,2.524848593666e-06
4.000000000000e-04,1.618556887194e-06
4.000000000000e-04,4.231166494282e-06
6.000000000000e-03,6.394785918987e-05
8.000000000000e-04,1.056361220494e-06
4.000000000000e-04,1.724256387825e-09
4.000000000000e-04,5.471407924864e-07
1.120000000000e-02,1.081088721054e-04
1.200000000000e-03,6.637365502332e-06
8.000000000000e-04,4.783558753767e-06
5.600000000000e-03,5.718605781177e-05
1.600000000000e-03,8.689217409912e-06
4.000000000000e-04,2.567528398134e-06
4.000000000000e-04,2.950686347796e-06
4.800000000000e-03,5.869297707486e-05
8.000000000000e-04,2.430365263750e-06
1.200000000000e-03,7.283653376492e-06
4.000000000000e-04,1.513401404080e-06
1.600000000000e-03,1.442588325328e-05
8.000000000000e-04,1.910967578282e-06
8.000000000000e-04,6.642710923632e-06
4.000000000000e-04,1.750532554906e-06
4.000000000000e-04,1.034069217042e-06
4.000000000000e-04,2.068953431363e-06
8.000000000000e-04,7.259769169966e-06
3.200000000000e-03,2.410339564712e-05
8.000000000000e-04,7.422987358470e-06
4.000000000000e-04,1.907091050132e-07
2.000000000000e-03,1.187044251436e-05
4.000000000000e-04,3.804478447042e-06
8.000000000000e-04,6.225133751996e-06
4.000000000000e-04,2.998313974484e-07
4.000000000000e-04,1.008050707505e-06
1.200000000000e-03,9.840372488315e-06
3.200000000000e-03,3.162652268397e-05
4.000000000000e-04,2.042079840175e-06
8.000000000000e-04,4.678135194481e-06
4.000000000000e-04,1.144116894226e-06
3.200000000000e-03,1.305067698014e-05
1.600000000000e-03,7.678550037362e-06
4.000000000000e-04,5.756973323816e-07
4.000000000000e-04,3.073345213584e-06
8.000000000000e-04,4.343812101414e-06
4.000000000000e-04,8.750467436147e-08
6.800000000000e-03,5.840594915442e-05
8.000000000000e-04,8.445955600910e-06
8.000000000000e-04,5.507856814457e-07
4.000000000000e-04,1.251024451640e-06
1.200000000000e-03,3.333964010263e-06
4.000000000000e-04,2.216659845746e-06
4.000000000000e-04,6.991845540197e-07
4.000000000000e-04,8.820768840802e-07
4.000000000000e-04,4.540676413493e-07
4.000000000000e-04,2.119827358472e-06
2.800000000000e-03,1.970435326947e-05
4.000000000000e-04,3.630738510508e-06
1.200000000000e-03,6.615383150368e-06
1.200000000000e-03,5.175557681957e-06
5.440000000000e-02,9.134155874559e-04
4.000000000000e-04,2.838703744252e-07
1.600000000000e-03,1.650800866422e-05
4.000000000000e-04,1.521950626868e-06
8.000000000000e-04,1.006622498507e-06
8.000000000000e-04,2.588119317228e-06
8.000000000000e-04,2.057521080261e-06
3.200000000000e-03,2.554030603428e-05
1.200000000000e-03,4.117115666321e-06
3.200000000000e-03,3.747453922950e-05
4.000000000000e-04,1.072523809444e-07
4.000000000000e-04,1.743648047988e-07
4.000000000000e-04,9.014795105155e-07
4.000000000000e-04,1.495681065516e-07
4.000000000000e-04,5.216907126371e-07
4.000000000000e-04,5.878503717506e-07
4.000000000000e-04,5.192204823500e-08
4.000000000000e-04,2.146685070572e-06
4.000000000000e-04,1.944877707813e-06
8.000000000000e-04,4.903456753486e-06
3.600000000000e-03,1.534927461064e-05
4.000000000000e-04,2.546870113532e-06
4.000000000000e-04,4.077454613282e-08
4.000000000000e-04,6.221415078751e-07
1.200000000000e-03,9.566838808735e-06
4.000000000000e-04,2.742528884784e-06
1.200000000000e-03,5.907049667921e-06
8.000000000000e-04,4.466013192974e-06
4.000000000000e-04,1.640336065482e-06
4.000000000000e-04,1.324240035387e-06
1.200000000000e-03,6.073713106243e-06
2.000000000000e-03,6.248386580618e-06
1.200000000000e-03,7.913436516741e-06
1.200000000000e-03,5.101352739209e-06
8.000000000000e-04,8.288371612644e-06
4.000000000000e-04,2.337447408729e-08
4.000000000000e-04,1.736057658978e-06
1.200000000000e-03,4.464810522196e-06
4.000000000000e-04,3.018665697637e-06
1.200000000000e-03,3.542287977343e-06
1.600000000000e-03,1.005623857939e-05
8.000000000000e-04,2.179488355430e-06
4.000000000000e-04,1.503278240585e-06
1.600000000000e-03,1.102731054111e-05
4.000000000000e-04,2.368128495883e-06
4.000000000000e-04,4.519702997432e-07
4.000000000000e-04,4.344759711366e-07
4.000000000000e-04,1.409691127222e-07
2.400000000000e-03,8.520885010182e-06
4.000000000000e-03,3.471757659692e-05
1.040000000000e-02,1.340515834968e-04
4.800000000000e-03,2.777030029016e-05
4.000000000000e-04,2.436717176626e-06
1.200000000000e-03,1.055041848687e-06
8.000000000000e-04,2.530518524096e-06
1.200000000000e-03,5.489982915343e-06
4.000000000000e-04,8.923649959686e-07
4.000000000000e-04,1.651001711854e-06
1.600000000000e-03,5.934447639165e-06
4.800000000000e-03,4.492416370411e-05
4.000000000000e-04,2.236429726067e-07
4.000000000000e-04,1.628197290106e-06
8.000000000000e-03,6.630608944924e-05
4.000000000000e-04,1.197150498040e-06
4.000000000000e-04,1.056892775806e-06
2.000000000000e-03,1.463664191842e-05
4.000000000000e-04,1.546958802674e-06
8.400000000000e-03,7.094876138787e-05
4.000000000000e-04,1.865425771631e-07
4.000000000000e-04,4.447351105698e-07
2.800000000000e-03,1.648341621997e-05
8.000000000000e-03,4.950221555897e-05
4.000000000000e-04,6.739972231272e-07
4.000000000000e-04,1.949343963999e-06
4.000000000000e-04,5.329865304033e-06
1.600000000000e-03,1.675719261852e-05
5.200000000000e-03,6.676846340258e-05
4.000000000000e-04,2.280036798201e-06
4.000000000000e-04,1.841322509487e-06
8.000000000000e-04,6.866320224887e-06
1.600000000000e-03,5.760659699671e-06
4.000000000000e-04,3.193327883396e-07
1.200000000000e-03,5.608647532159e-06
4.000000000000e-04,2.723211442426e-06
4.000000000000e-04,1.082767403090e-06
8.000000000000e-04,7.990156334791e-07
1.200000000000e-03,6.620032292990e-06
2.000000000000e-03,1.333180971387e-05
6.400000000000e-03,1.029588435486e-04
4.000000000000e-04,3.151657474327e-07
4.000000000000e-04,8.537960891938e-07
8.000000000000e-04,5.927851627843e-06
8.000000000000e-04,4.105209537225e-06
4.000000000000e-04,8.982588996239e-07
4.000000000000e-04,3.141987330170e-06
8.000000000000e-04,3.880279132065e-06
4.000000000000e-04,2.915022460178e-06
4.000000000000e-04,4.252464464213e-06
4.000000000000e-04,6.697038958707e-07
4.000000000000e-04,6.353431750228e-08
8.000000000000e-04,4.683744143024e-06
4.000000000000e-04,1.149581162719e-06
4.000000000000e-04,1.791567086666e-06
4.000000000000e-04,6.715238540758e-07
8.000000000000e-04,9.859483260578e-06
4.000000000000e-04,4.240973522166e-07
8.000000000000e-04,3.046131410919e-06
3.200000000000e-03,1.369904554369e-05
4.000000000000e-04,7.895240565748e-08
4.000000000000e-04,3.882129851446e-07
4.000000000000e-04,1.463507443534e-06
4.000000000000e-04,6.482625079596e-07
2.800000000000e-03,2.092460121672e-05
1.600000000000e-03,5.810193892613e-06
4.000000000000e-04,8.870951511364e-08
8.000000000000e-04,7.012906846179e-06
4.000000000000e-04,1.234438304840e-06
4.000000000000e-04,2.230250106847e-06
2.800000000000e-03,1.249354753590e-05
4.000000000000e-04,3.489685465503e-06
8.000000000000e-04,2.762981846093e-06
2.400000000000e-03,1.641991548585e-05
1.200000000000e-03,3.855718961534e-06
4.000000000000e-04,3.672246316849e-07
6.800000000000e-03,5.001155978040e-05
2.400000000000e-03,2.532481020565e-05
2.000000000000e-03,1.878598401563e-05
2.680000000000e-02,4.741850619824e-04
8.000000000000e-04,1.711506444387e-06
4.000000000000e-04,1.075620642609e-07
4.000000000000e-04,1.348590117558e-06
8.640000000000e-02,1.573963724088e-03
4.000000000000e-04,2.871023995668e-07
4.000000000000e-04,7.179800767385e-07
2.400000000000e-03,1.406082014873e-05
8.000000000000e-04,7.875079461898e-06
4.000000000000e-04,1.247076002750e-06
1.600000000000e-03,1.428828643909e-05
4.000000000000e-04,2.692464884001e-06
4.000000000000e-04,1.401165108869e-06
4.000000000000e-04,3.907045607304e-06
4.760000000000e-02,9.451543035855e-04
4.000000000000e-04,3.438623553445e-06
4.000000000000e-04,7.268985884465e-07
1.600000000000e-03,3.420413438489e-06
4.000000000000e-04,6.289785750252e-07
1.200000000000e-03,3.791733577596e-06
4.000000000000e-04,2.433068575024e-06
1.200000000000e-03,9.781361255342e-06
4.000000000000e-04,2.433218323516e-07
2.400000000000e-03,2.186282334420e-05
4.000000000000e-04,1.049374065267e-06
4.000000000000e-04,9.300415238225e-07
4.000000000000e-04,2.241721674844e-06
4.000000000000e-04,2.011047562714e-06
4.000000000000e-04,5.436530591462e-07
8.000000000000e-04,6.209585895181e-06
4.000000000000e-04,1.502947510584e-06
8.000000000000e-04,2.229153554145e-06
3.200000000000e-03,1.610937219567e-05
4.000000000000e-04,3.211264697589e-06
4.000000000000e-04,2.632768330528e-07
4.000000000000e-04,1.995129317837e-06
4.000000000000e-04,3.581502375166e-06
1.600000000000e-03,6.645663114605e-06
4.000000000000e-04,4.546424362466e-08
1.560000000000e-02,2.092862227777e-04
4.000000000000e-04,2.390648262723e-07
1.600000000000e-03,1.350183131340e-05
8.000000000000e-04,2.423200066307e-06
4.000000000000e-04,7.299823727579e-07
4.000000000000e-04,1.672970812868e-06
1.480000000000e-02,1.661741192723e-04
4.000000000000e-04,1.579243824587e-06
4.000000000000e-04,1.841645867732e-06
3.376000000000e-01,1.188936308707e-02
1.200000000000e-03,1.130969414767e-05
4.400000000000e-03,5.072437966834e-05
4.400000000000e-03,2.687068316408e-05
4.000000000000e-04,1.028248298702e-07
8.000000000000e-04,3.525728545799e-06
4.000000000000e-04,7.963926563730e-08
1.600000000000e-03,5.725109230009e-06
8.000000000000e-04,1.179520773987e-06
1.200000000000e-03,9.990456999286e-06
4.000000000000e-04,1.581886346135e-06
1.200000000000e-03,4.575396542383e-06
4.000000000000e-04,6.977731184018e-07
4.000000000000e-04,5.715430309399e-07
4.000000000000e-04,2.914021387483e-06
4.000000000000e-04,3.680901453458e-06
8.000000000000e-04,6.722267184943e-06
4.000000000000e-04,2.554182829704e-06
4.000000000000e-04,2.729618610079e-07
4.000000000000e-04,2.234956352073e-06
4.000000000000e-04,1.933685946491e-06
1.600000000000e-03,2.397495107829e-06
2.000000000000e-03,9.782421964076e-06
4.000000000000e-04,5.384127424045e-06
4.000000000000e-04,5.374217028248e-06
4.000000000000e-04,4.511037429324e-07
8.400000000000e-03,9.612118836739e-05
4.000000000000e-04,8.547756528386e-07
1.600000000000e-03,1.926064867650e-05
8.000000000000e-04,5.421104365683e-06
4.000000000000e-04,5.552182999229e-07
4.000000000000e-04,3.912248971090e-07
8.000000000000e-04,3.496524953189e-06
4.000000000000e-04,9.894327153320e-07
4.000000000000e-04,2.646182890211e-07
4.000000000000e-04,5.829063338753e-07
8.000000000000e-04,9.577748961616e-07
4.000000000000e-04,1.180993311173e-06
4.000000000000e-04,6.428264031628e-07
4.000000000000e-04,1.542224011930e-06
4.000000000000e-04,8.844524124515e-07
4.000000000000e-04,2.614233386667e-06
4.000000000000e-04,2.108012242387e-06
4.000000000000e-04,4.113873235692e-06
1.600000000000e-03,1.046593999535e-05
3.200000000000e-03,2.121707131641e-05
4.000000000000e-04,2.692431317515e-06
4.000000000000e-04,5.069176201183e-07
8.000000000000e-04,5.370473824860e-06
1.600000000000e-03,1.210740141751e-05
4.000000000000e-04,1.307373485576e-06
4.000000000000e-04,8.379902653198e-07
3.600000000000e-03,4.289500593784e-05
1.040000000000e-02,7.390700576522e-05
8.000000000000e-04,6.295866050634e-06
4.000000000000e-04,2.510934008388e-07
8.000000000000e-04,2.531449112389e-06
4.000000000000e-04,2.122790931328e-06
4.000000000000e-04,5.088550216800e-07
4.000000000000e-04,9.175277031292e-07
2.800000000000e-03,6.054582035666e-06
8.000000000000e-04,2.224553813260e-06
8.000000000000e-04,4.451798632331e-07
4.000000000000e-04,3.790771851923e-07
4.000000000000e-04,9.672197357193e-07
4.000000000000e-04,5.410515463758e-07
8.000000000000e-04,8.920503288122e-06
4.000000000000e-04,1.290113821895e-07
4.000000000000e-04,1.215532753654e-07
4.000000000000e-04,1.876843489585e-07
4.000000000000e-04,3.140805478012e-06
1.200000000000e-03,9.444822196654e-06
4.000000000000e-04,2.530141820872e-08
8.000000000000e-04,3.493439526758e-06
4.000000000000e-04,4.542015807345e-07
4.000000000000e-04,1.553939778349e-06
8.000000000000e-04,4.457458695996e-06
4.000000000000e-04,7.844414425394e-07
4.000000000000e-04,1.899395997290e-07
4.000000000000e-04,3.929286258565e-07
4.000000000000e-04,7.829077381599e-08
1.600000000000e-03,7.717960912171e-06
3.200000000000e-03,1.599103447231e-05
4.000000000000e-04,1.855052701612e-06
4.000000000000e-04,2.100313395598e-06
4.000000000000e-03,3.198904564218e-05
4.000000000000e-04,1.284805808376e-06
4.000000000000e-04,9.055703468285e-07
4.000000000000e-04,1.416847661423e-06
1.200000000000e-03,6.767837527158e-06
2.400000000000e-03,2.430477422801e-05
4.000000000000e-04,1.439196243422e-06
4.000000000000e-04,3.132264128993e-06
4.000000000000e-04,2.167032808998e-07
1.200000000000e-03,4.194029686095e-06
4.000000000000e-04,1.592048109692e-06
4.000000000000e-04,1.862817727792e-06
3.600000000000e-03,1.994967060784e-05
4.000000000000e-04,5.853411414316e-08
4.000000000000e-04,4.454300180294e-07
4.000000000000e-04,5.694220067971e-06
4.000000000000e-04,2.002227529161e-06
4.000000000000e-04,1.704280480085e-06
8.000000000000e-04,4.748606972962e-06
1.200000000000e-03,8.009526300263e-06
4.000000000000e-04,3.576083013848e-06
8.000000000000e-04,1.711137648429e-06
4.000000000000e-04,3.908417327786e-09
3.200000000000e-03,4.788662430300e-05
4.000000000000e-04,2.942512429965e-06
1.200000000000e-03,4.137663018783e-06
4.000000000000e-04,8.120300653772e-07
4.000000000000e-04,8.911332833620e-07
8.000000000000e-04,6.947029973920e-06
4.000000000000e-04,1.659084426824e-06
1.200000000000e-03,7.491559159524e-06
4.000000000000e-04,1.476031188622e-06
4.000000000000e-04,1.788421454351e-06
4.000000000000e-04,4.118664477576e-06
1.200000000000e-03,2.997535788853e-06
4.000000000000e-04,5.289136658106e-07
4.000000000000e-04,3.736317611974e-08
1.232000000000e-01,2.278900155048e-03
4.000000000000e-04,7.721214138091e-07
4.000000000000e-04,2.056121639726e-06
4.000000000000e-04,2.373767358191e-06
4.000000000000e-04,9.036192994338e-07
4.000000000000e-04,3.979382654759e-06
4.000000000000e-04,1.254112136987e-06
4.000000000000e-04,1.723642401137e-07
4.000000000000e-04,1.320233796412e-06
4.000000000000e-04,1.798189454975e-06
4.000000000000e-04,4.284717024106e-06
8.000000000000e-04,4.390394087900e-06
2.400000000000e-03,2.349486841879e-05
4.000000000000e-04,1.513854674771e-06
1.600000000000e-03,4.754737302993e-06
4.000000000000e-04,1.314341285454e-06
4.000000000000e-04,8.679700475640e-07
8.000000000000e-04,1.504223426662e-06
4.000000000000e-04,1.880243747425e-06
4.000000000000e-04,1.596308271158e-06
4.000000000000e-04,2.103187034115e-06
4.000000000000e-04,3.766366662650e-06
1.200000000000e-03,9.364123539053e-06
4.760000000000e-02,9.634720552433e-04
4.000000000000e-04,6.622876441346e-07
3.640000000000e-02,6.148915182978e-04
4.000000000000e-04,2.342275556974e-06
4.000000000000e-04,2.367241034715e-06
4.000000000000e-04,1.988906422076e-06
3.040000000000e-02,4.211599019760e-04
4.000000000000e-04,3.434351254710e-07
2.162400000000e+00,7.548715790452e-02
4.800000000000e-03,4.646291842350e-05
4.000000000000e-04,1.104048645853e-06
4.000000000000e-04,4.161035827532e-08
4.000000000000e-04,1.498947846178e-06
4.000000000000e-04,1.337346498236e-06
8.000000000000e-04,7.527820827875e-06
2.000000000000e-03,2.014609804067e-05
4.000000000000e-04,4.485926684397e-06
8.000000000000e-04,4.946438561116e-06
4.000000000000e-04,2.985684357076e-06
4.000000000000e-04,1.796974133484e-06
4.000000000000e-04,4.087562408431e-07
4.000000000000e-04,1.273803926205e-06
4.000000000000e-04,1.289556983615e-08
4.000000000000e-04,1.662671953128e-06
1.200000000000e-03,5.402420911171e-06
4.000000000000e-04,2.228723027277e-06
4.000000000000e-04,3.295756402296e-06
4.000000000000e-04,3.805912904358e-07
4.000000000000e-04,8.353397206316e-07
4.000000000000e-04,3.633877797758e-06
4.000000000000e-04,4.926300237545e-07
8.000000000000e-04,5.310945809581e-06
8.000000000000e-04,6.410018815119e-06
8.000000000000e-04,1.256819621061e-06
4.000000000000e-04,6.579455682949e-08
4.000000000000e-04,8.098037916666e-07
4.000000000000e-04,2.472369695080e-08
8.000000000000e-04,6.876124395012e-06
4.000000000000e-04,2.461433131092e-06
4.000000000000e-04,6.049319968122e-08
4.000000000000e-04,4.175235757271e-06
4.000000000000e-04,6.180202432211e-06
1.200000000000e-03,8.672735783813e-06
4.000000000000e-04,3.884401703131e-06
4.000000000000e-04,1.409073150256e-07
1.200000000000e-03,6.109254903971e-06
1.200000000000e-02,1.186497484705e-04
8.000000000000e-04,2.582315280601e-06
4.000000000000e-04,2.471012950252e-06
1.160000000000e-02,1.403104627718e-04
4.000000000000e-04,4.276652029106e-06
8.000000000000e-04,6.852445262910e-07
4.000000000000e-04,1.583315552922e-06
4.000000000000e-04,4.992155495585e-07
4.000000000000e-04,3.383439983769e-06
4.000000000000e-04,1.437495326625e-07
1.200000000000e-03,5.361398525878e-06
1.600000000000e-03,9.006868857774e-06
4.000000000000e-04,4.546930013169e-07
4.000000000000e-04,1.284976360094e-06
8.000000000000e-04,3.185386821398e-06
4.000000000000e-04,4.486724257412e-07
5.600000000000e-03,4.779297072062e-05
1.040000000000e-02,1.254000496451e-04
4.000000000000e-04,3.405725970949e-08
8.000000000000e-04,1.736220602368e-06
1.600000000000e-03,1.227743074018e-05
1.600000000000e-03,1.562147050077e-05
1.600000000000e-03,1.277343085052e-05
4.000000000000e-04,2.128860704103e-06
4.000000000000e-04,2.203054918770e-06
4.000000000000e-04,2.774188274359e-07
1.600000000000e-03,1.190827174714e-05
4.000000000000e-04,1.367415373605e-06
8.000000000000e-04,2.431258121070e-06
2.400000000000e-03,1.531587535382e-05
4.400000000000e-03,2.293458609431e-05
8.000000000000e-04,2.251403309532e-06
4.000000000000e-04,3.741526633987e-08
8.000000000000e-04,3.471317435571e-06
1.600000000000e-03,1.169542323045e-05
4.000000000000e-04,1.575778980364e-06
4.000000000000e-04,2.394545323075e-06
8.000000000000e-04,4.012938971710e-06
4.000000000000e-04,6.088427171005e-06
8.000000000000e-04,1.130782636342e-05
8.000000000000e-04,5.496765753684e-06
1.200000000000e-03,5.947158614379e-06
4.000000000000e-04,4.051763055631e-06
4.000000000000e-04,6.033104616138e-06
8.000000000000e-04,1.082193715033e-05
4.000000000000e-04,1.505221520640e-06
4.000000000000e-04,2.015811707686e-06
4.400000000000e-03,3.959135989539e-05
4.000000000000e-04,2.841269349878e-06
4.000000000000e-04,4.761004847226e-07
8.000000000000e-04,6.670017330458e-06
2.800000000000e-03,2.224023982705e-05
4.000000000000e-04,2.927073928208e-07
8.000000000000e-04,8.128720248114e-07
1.600000000000e-03,8.426168288666e-06
4.000000000000e-04,4.310962273125e-07
4.000000000000e-04,1.799381959833e-06
4.000000000000e-04,1.268827752131e-07
4.000000000000e-04,1.269855719097e-07
4.000000000000e-04,6.528388188593e-07
4.000000000000e-04,1.568214193278e-07
2.800000000000e-03,1.262688215583e-05
8.000000000000e-04,2.123933364650e-06
5.600000000000e-03,2.714199808063e-05
4.000000000000e-04,4.237867855089e-06
4.000000000000e-04,9.123691642764e-07
8.000000000000e-04,2.447958722517e-06
1.200000000000e-03,2.944092423759e-06
8.000000000000e-04,6.934406099167e-07
3.200000000000e-03,3.487185285712e-05
1.200000000000e-03,3.264499450475e-06
1.240000000000e-02,1.520004136916e-04
4.000000000000e-04,8.877315033083e-07
1.600000000000e-03,9.204819543837e-06
1.200000000000e-03,2.553295241265e-06
4.000000000000e-04,9.806024867823e-07
4.000000000000e-04,2.615610493129e-07
4.000000000000e-04,2.509004049883e-07
2.000000000000e-03,1.290815346694e-05
4.000000000000e-04,2.142164223426e-06
8.000000000000e-04,6.099393769160e-06
4.000000000000e-04,1.474243068067e-06
2.480000000000e-02,3.932033159574e-04
2.160000000000e-02,2.675003563815e-04
4.000000000000e-04,5.756472775552e-07
4.000000000000e-04,2.103016062479e-06
4.000000000000e-04,2.006617638034e-06
8.000000000000e-04,6.828797151007e-06
4.000000000000e-04,5.004069830576e-07
4.000000000000e-04,3.646615211598e-06
8.000000000000e-04,3.119396635485e-06
4.000000000000e-04,3.342221421846e-07
4.000000000000e-04,3.821565982179e-07
4.000000000000e-04,4.382977181767e-07
4.000000000000e-04,6.894136981795e-07
4.000000000000e-04,1.432022839885e-06
4.000000000000e-04,3.684941008207e-06
4.000000000000e-04,1.211551747164e-06
1.200000000000e-03,3.404762842459e-06
4.000000000000e-04,3.160111480807e-07
8.000000000000e-04,6.028566573539e-06
4.000000000000e-04,3.537016780526e-07
4.000000000000e-04,2.740745666203e-06
4.000000000000e-04,1.010219190586e-06
4.000000000000e-04,7.194589552451e-07
4.000000000000e-04,7.926492357190e-07
4.000000000000e-04,7.452740688250e-07
8.000000000000e-04,9.053105506396e-06
4.000000000000e-04,3.486246081075e-06
4.800000000000e-03,4.161575008047e-05
4.000000000000e-04,8.555738162652e-09
4.000000000000e-04,8.288945339677e-07
4.000000000000e-04,1.987476040385e-07
4.000000000000e-04,1.718388179225e-06
1.480000000000e-02,1.903362532132e-04
8.000000000000e-04,2.262527273859e-06
4.000000000000e-04,7.875300928554e-07
4.000000000000e-04,1.038877594584e-07
4.000000000000e-04,1.489140003961e-06
1.200000000000e-03,6.289159377754e-06
8.000000000000e-04,5.017010853235e-06
1.200000000000e-03,6.495708838797e-06
8.000000000000e-04,5.305723203539e-06
4.000000000000e-04,2.297705936704e-06
4.000000000000e-04,3.779419050511e-06
4.000000000000e-04,2.491578809529e-06
4.000000000000e-04,2.944984259677e-06
8.000000000000e-04,6.142328966064e-06
8.000000000000e-04,6.260724900523e-06
4.000000000000e-04,1.944686628723e-06
1.400000000000e-02,2.527063448945e-04
8.000000000000e-04,1.513647657865e-06
8.000000000000e-04,1.464172559218e-06
4.400000000000e-03,3.706399594953e-05
2.640000000000e-02,4.451277599321e-04
2.400000000000e-03,1.652210151327e-05
8.000000000000e-04,2.002255882024e-06
4.000000000000e-04,1.634186886824e-06
4.000000000000e-04,5.599693923948e-06
4.000000000000e-04,1.087681495715e-07
4.000000000000e-04,4.771732477293e-07
4.000000000000e-04,5.789186409382e-07
4.000000000000e-04,2.659525694562e-08
4.000000000000e-04,2.815182608962e-06
4.000000000000e-04,4.823974522327e-07
4.000000000000e-04,7.192919261853e-07
4.000000000000e-04,1.519357447878e-06
4.000000000000e-04,7.968408611907e-07
4.000000000000e-04,3.459630075279e-07
4.000000000000e-04,1.511348691592e-06
4.000000000000e-04,3.608542092022e-06
8.000000000000e-04,5.159620253888e-06
2.232000000000e-01,4.971883845180e-03
4.000000000000e-04,6.207840945321e-07
4.000000000000e-04,3.721765716739e-07
1.200000000000e-03,1.440972770903e-05
1.200000000000e-03,7.139391407941e-06
8.000000000000e-04,8.068357077756e-06
8.000000000000e-04,7.292718832501e-06
1.600000000000e-03,8.249267272141e-06
8.000000000000e-04,7.440520028958e-06
8.000000000000e-04,5.484223772347e-06
8.000000000000e-04,8.003725559635e-06
4.000000000000e-04,1.171168957954e-06
4.000000000000e-04,5.603745515207e-07
4.000000000000e-04,2.043157527142e-06
1.200000000000e-03,1.072449049506e-05
4.000000000000e-04,4.184535514967e-09
4.000000000000e-04,1.131419150874e-06
5.600000000000e-03,4.432492891442e-05
4.000000000000e-04,2.180451092740e-06
1.200000000000e-03,1.209935938453e-05
4.000000000000e-04,9.577433154487e-08
8.000000000000e-04,7.558491441339e-06
4.000000000000e-04,1.370960949790e-06
3.200000000000e-03,2.449440065891e-05
4.000000000000e-04,2.463835949859e-07
1.200000000000e-03,6.897547465148e-06
1.200000000000e-03,7.339353433451e-06
4.000000000000e-04,1.800601125335e-06
1.600000000000e-03,1.073388351769e-05
4.000000000000e-04,4.742389845766e-07
4.000000000000e-04,1.766231648559e-06
4.000000000000e-04,1.808935005926e-06
8.000000000000e-04,2.225915213181e-06
2.400000000000e-03,1.783687497025e-05
8.000000000000e-04,5.862773797881e-06
8.000000000000e-04,2.108521290184e-06
2.000000000000e-03,9.094789162858e-06
4.000000000000e-04,5.512829348606e-07
4.000000000000e-04,5.937947366990e-07
4.000000000000e-04,1.938449378068e-06
4.000000000000e-04,6.355779509670e-09
4.000000000000e-04,3.143963191021e-06
1.600000000000e-03,1.058978718120e-05
4.000000000000e-04,8.937107063529e-08
2.000000000000e-03,1.394298134937e-05
4.000000000000e-04,1.210994358374e-06
4.000000000000e-04,2.676057949246e-06
4.000000000000e-04,8.126559216530e-07
4.800000000000e-03,4.970442676692e-05
4.000000000000e-04,2.814821566437e-07
4.000000000000e-04,5.394330481565e-06
8.000000000000e-04,2.205058904609e-06
1.200000000000e-03,5.886327744893e-06
2.000000000000e-03,1.054141598209e-05
4.000000000000e-04,1.913839627156e-06
4.000000000000e-04,2.041591009126e-07
8.400000000000e-03,8.529737658586e-05
4.000000000000e-04,1.697419193502e-06
8.000000000000e-04,4.868629970692e-06
1.200000000000e-03,2.877336115564e-06
4.000000000000e-04,3.705994151567e-06
4.000000000000e-03,2.276978151028e-05
8.000000000000e-04,6.470717781561e-06
4.000000000000e-04,3.098060036319e-06
1.200000000000e-03,3.472625492035e-06
4.000000000000e-04,1.075620512357e-06
4.000000000000e-04,9.051003074647e-06
8.000000000000e-04,4.226595680186e-06
4.000000000000e-04,1.491221235956e-06
8.000000000000e-04,1.129031285360e-06
4.000000000000e-04,2.484656815203e-07
4.000000000000e-04,2.071398142920e-06
4.000000000000e-04,1.146783629032e-06
4.000000000000e-04,4.834811658874e-07
1.216000000000e-01,2.891340902115e-03
4.000000000000e-04,4.373336791961e-06
8.000000000000e-04,3.714373098606e-06
4.000000000000e-04,5.916282706117e-07
3.360000000000e-02,5.285913011849e-04
3.600000000000e-03,3.044495151270e-05
7.600000000000e-03,1.045188934473e-04
4.000000000000e-04,9.311952838449e-07
4.000000000000e-04,8.936701808888e-07
8.000000000000e-04,6.968085698379e-06
8.000000000000e-04,7.370223286237e-06
8.000000000000e-04,4.035691921295e-06
4.000000000000e-04,5.786681975616e-07
4.000000000000e-04,3.486674756255e-06
4.400000000000e-03,3.323372552291e-05
4.000000000000e-04,1.807370169722e-06
4.000000000000e-04,1.366643183751e-06
4.000000000000e-04,1.123442873933e-06
8.000000000000e-04,5.759016418728e-06
3.200000000000e-03,1.394582284842e-05
4.000000000000e-04,5.522901634678e-07
4.000000000000e-04,7.265196338326e-07
4.000000000000e-04,3.655071921839e-06
4.000000000000e-04,4.221956193443e-06
1.440000000000e-02,2.154710816214e-04
4.000000000000e-04,3.269367598718e-06
4.000000000000e-04,1.431621145059e-06
4.000000000000e-04,2.287079619798e-06
4.000000000000e-04,1.692779206574e-06
4.000000000000e-04,9.693275398171e-07
8.000000000000e-04,6.742819104073e-06
4.000000000000e-04,2.335453270803e-06
8.000000000000e-04,1.676256854505e-06
4.000000000000e-04,5.079600363846e-07
4.000000000000e-04,8.855424024147e-07
4.000000000000e-04,1.716733875380e-06
4.000000000000e-04,1.456333547690e-06
8.000000000000e-04,3.185290653770e-06
4.000000000000e-04,3.960435214030e-06
4.400000000000e-03,2.206440897180e-05
4.800000000000e-03,3.672346382451e-05
1.600000000000e-03,8.172496191460e-06
4.000000000000e-04,1.553817416321e-06
1.600000000000e-03,7.338536105865e-06
6.000000000000e-03,5.732802228982e-05
8.000000000000e-04,3.351344448991e-06
8.000000000000e-04,4.265372822156e-06
4.000000000000e-04,2.757297157758e-06
4.000000000000e-04,3.768517649791e-07
4.000000000000e-04,1.143975268518e-06
2.000000000000e-03,1.918410293365e-05
4.000000000000e-03,2.593527577023e-05
4.000000000000e-04,3.174811999139e-07
1.200000000000e-03,6.552692967191e-06
4.000000000000e-04,8.443760348341e-07
4.000000000000e-04,4.267471710513e-07
4.000000000000e-04,1.008550657561e-06
4.000000000000e-04,2.501732896502e-06
4.000000000000e-04,7.026936835245e-07
4.000000000000e-04,5.655903999259e-07
4.000000000000e-04,1.457583639985e-07
2.000000000000e-03,9.637721068376e-06
1.200000000000e-03,1.904674278431e-06
4.000000000000e-04,2.401775306918e-06
4.000000000000e-04,2.176246534330e-06
4.000000000000e-04,5.325019849254e-07
4.000000000000e-04,2.651077025877e-06
4.000000000000e-04,2.970775539026e-06
4.000000000000e-04,1.462703374062e-07
4.000000000000e-04,2.213267875289e-06
1.600000000000e-03,6.579627223616e-06
8.000000000000e-04,4.356573344293e-06
1.200000000000e-03,6.295516594862e-06
1.200000000000e-03,9.656492574019e-06
3.600000000000e-03,2.686465027614e-05
4.000000000000e-04,1.297943280927e-06
4.000000000000e-04,2.454034687166e-06
7.600000000000e-03,7.733632804238e-05
4.000000000000e-04,9.075302809613e-07
4.000000000000e-03,4.777736402848e-05
4.000000000000e-04,3.398459167231e-07
4.000000000000e-04,1.165692239209e-06
4.000000000000e-04,1.022366027421e-06
1.200000000000e-03,4.114556577317e-06
1.600000000000e-03,5.840472867097e-06
4.000000000000e-04,2.100215472282e-06
8.000000000000e-04,2.208848512393e-06
3.200000000000e-03,2.810481246248e-05
4.000000000000e-04,2.789839986190e-06
4.000000000000e-04,2.413593652476e-06
4.000000000000e-04,5.602113741608e-06
8.000000000000e-04,4.486588806464e-06
6.000000000000e-03,6.799189754012e-05
4.000000000000e-04,5.234911441637e-07
4.000000000000e-04,4.357260640894e-07
4.000000000000e-04,1.454795162438e-08
8.000000000000e-04,1.803076791209e-06
4.000000000000e-04,2.121778507166e-06
4.000000000000e-04,3.079695612849e-07
8.000000000000e-04,9.480036328876e-06
4.000000000000e-04,9.408820686203e-07
4.000000000000e-04,2.889740834158e-06
2.800000000000e-03,1.917365676826e-05
4.000000000000e-04,1.956219141366e-06
4.000000000000e-04,2.369884814471e-06
4.000000000000e-04,6.931461535737e-07
4.000000000000e-04,1.636728826667e-06
4.000000000000e-04,3.003251285320e-06
4.000000000000e-04,2.262881141887e-07
1.600000000000e-03,5.667052269684e-06
4.000000000000e-04,4.056362503649e-07
8.000000000000e-04,9.126049275522e-06
4.000000000000e-04,3.469109422020e-06
4.000000000000e-04,1.461705531858e-06
4.000000000000e-04,3.594532250750e-06
5.600000000000e-03,5.147451493385e-05
4.000000000000e-04,4.570200640644e-07
4.000000000000e-04,8.407989721978e-08
4.000000000000e-04,2.813197684917e-06
8.000000000000e-04,8.739237305381e-07
4.000000000000e-04,3.815140168969e-07
1.200000000000e-03,1.917270584878e-05
4.000000000000e-04,3.440151350209e-08
1.600000000000e-03,7.916287946742e-06
4.000000000000e-04,1.405900895456e-06
4.000000000000e-04,2.164378148055e-06
4.000000000000e-04,1.714206441567e-06
4.000000000000e-04,1.146058434570e-06
4.000000000000e-04,2.273048051245e-06
1.200000000000e-03,5.256328479641e-06
1.200000000000e-03,9.793328433648e-06
4.000000000000e-04,5.136714870313e-07
4.000000000000e-04,1.062290692170e-06
8.000000000000e-04,3.290922793028e-06
4.000000000000e-04,1.435601182868e-06
4.000000000000e-04,1.286748179008e-06
4.000000000000e-04,1.134918029380e-06
1.200000000000e-03,3.489816304395e-06
8.000000000000e-04,2.406782781577e-06
4.000000000000e-04,4.646113648036e-07
4.000000000000e-04,1.890769848644e-07
4.000000000000e-04,2.251398463393e-07
4.000000000000e-04,8.808507026598e-07
2.000000000000e-03,3.578477182954e-05
4.000000000000e-04,6.412118909832e-07
1.600000000000e-03,1.303264607950e-05
1.200000000000e-03,6.092246586841e-06
4.000000000000e-04,6.497326656819e-07
4.000000000000e-04,2.106948375822e-06
8.000000000000e-04,3.727048300133e-06
4.000000000000e-04,1.855899110438e-06
4.000000000000e-04,7.109178533844e-07
3.600000000000e-03,2.133174635802e-05
4.000000000000e-04,9.120044129693e-07
7.200000000000e-03,6.202656897168e-05
4.000000000000e-03,3.125588648402e-05
8.800000000000e-03,1.078160858597e-04
2.000000000000e-03,1.866527219278e-05
1.600000000000e-03,8.131585875045e-06
4.000000000000e-04,1.017565138517e-06
4.000000000000e-04,1.094475082298e-06
2.800000000000e-03,1.867154813515e-05
4.000000000000e-04,8.687034756203e-07
8.000000000000e-04,1.775309620932e-06
8.000000000000e-04,5.442039295499e-06
4.000000000000e-04,3.074954348048e-06
4.000000000000e-04,2.915799285787e-06
4.000000000000e-04,2.924159419616e-06
1.120000000000e-02,1.862985084313e-04
4.000000000000e-04,2.267242590724e-06
4.000000000000e-04,2.311736245597e-07
4.000000000000e-04,5.787758260575e-07
4.000000000000e-04,3.911995216815e-07
8.000000000000e-04,3.021798640715e-06
8.000000000000e-04,3.609077589620e-06
5.600000000000e-03,7.226448733715e-05
8.000000000000e-04,2.487938067083e-06
5.600000000000e-03,4.329165261921e-05
1.200000000000e-03,7.629800531979e-06
8.000000000000e-04,1.185230555194e-05
1.200000000000e-03,5.653635620629e-06
1.200000000000e-03,1.944950097459e-06
2.000000000000e-03,2.750454742436e-05
4.000000000000e-04,1.630296796277e-06
8.000000000000e-04,5.596911841329e-06
1.160000000000e-02,1.170416374749e-04
4.000000000000e-04,1.850013649188e-07
4.000000000000e-04,5.518001513671e-08
4.000000000000e-04,1.130307041059e-06
4.000000000000e-03,3.852376843759e-05
1.600000000000e-03,6.286047720427e-06
1.080000000000e-02,1.374009127152e-04
4.000000000000e-04,2.219373918020e-07
4.000000000000e-04,9.190126882744e-07
1.600000000000e-03,6.570753714051e-06
8.000000000000e-04,1.501424897456e-06
8.000000000000e-04,1.887933562484e-06
4.000000000000e-04,1.207133148618e-06
4.000000000000e-04,2.704923992196e-06
4.000000000000e-04,3.316551860993e-06
4.000000000000e-04,4.373312659104e-07
8.000000000000e-04,2.196057940062e-06
4.000000000000e-04,4.296547078131e-07
4.000000000000e-04,2.147826019391e-06
2.800000000000e-03,2.001971991973e-05
4.000000000000e-04,5.832152545155e-07
8.000000000000e-03,1.197278798410e-04
4.000000000000e-04,9.548512746161e-07
4.000000000000e-04,1.094228737633e-06
8.000000000000e-04,2.614665901060e-06
2.400000000000e-03,1.481061110574e-05
1.200000000000e-03,2.607382851419e-06
6.400000000000e-03,5.564659278626e-05
4.000000000000e-04,4.305546484223e-06
4.000000000000e-04,4.252717364057e-07
4.000000000000e-04,1.885980729904e-06
2.000000000000e-03,1.714024245663e-05
8.000000000000e-04,8.834486655838e-06
4.000000000000e-04,2.386235234978e-06
9.200000000000e-03,1.002569725735e-04
2.440000000000e-02,5.613202062277e-04
4.000000000000e-04,8.425803573857e-08
4.000000000000e-04,4.176124041259e-07
4.000000000000e-04,1.058693214151e-06
1.600000000000e-03,9.034285143892e-06
1.360000000000e-02,1.229610441745e-04
4.000000000000e-04,2.597304887172e-07
4.000000000000e-04,4.967947912917e-07
4.000000000000e-04,2.838311147492e-06
4.000000000000e-04,2.266881763963e-06
1.200000000000e-03,1.107591439452e-05
4.000000000000e-04,5.572291238703e-06
1.200000000000e-03,8.075541748730e-06
1.200000000000e-03,6.535178397241e-06
4.000000000000e-04,4.943675590581e-07
4.000000000000e-04,1.072010771095e-06
1.200000000000e-03,6.047954053149e-06
4.000000000000e-04,3.641701146219e-08
4.000000000000e-04,3.119926411986e-06
8.000000000000e-04,4.955400025618e-07
1.600000000000e-03,8.847699273448e-06
8.000000000000e-04,7.739140274926e-06
4.000000000000e-04,7.866287405854e-07
2.000000000000e-03,1.842175014990e-05
4.000000000000e-04,1.248935339113e-06
4.000000000000e-04,1.456439791711e-06
8.000000000000e-04,2.811351280537e-06
8.000000000000e-04,4.987502488380e-06
1.080000000000e-02,1.494955555175e-04
4.000000000000e-04,1.673664486882e-06
4.000000000000e-04,1.645249976343e-06
1.200000000000e-03,7.262508003610e-06
6.000000000000e-03,2.332860287810e-05
9.600000000000e-03,1.067779459700e-04
4.000000000000e-04,1.703307832306e-06
8.800000000000e-03,1.107012629903e-04
4.000000000000e-04,2.826291100509e-06
8.000000000000e-04,2.938165488222e-06
2.000000000000e-03,7.143058059137e-06
1.200000000000e-03,9.655714497277e-07
2.000000000000e-03,6.677469235809e-06
8.000000000000e-04,1.308605709611e-06
4.000000000000e-04,2.015462122068e-06
8.000000000000e-04,5.845274944803e-06
8.000000000000e-04,2.428766020744e-06
4.000000000000e-04,1.453282763846e-06
1.080000000000e-02,8.650610173298e-05
4.000000000000e-04,1.493013781723e-07
8.000000000000e-04,4.837614581431e-06
9.600000000000e-03,6.425645855801e-05
1.200000000000e-03,8.314556737558e-06
4.000000000000e-04,1.528382965629e-06
1.600000000000e-03,1.089373415452e-05
4.000000000000e-04,1.501769977830e-06
8.000000000000e-04,5.904768191130e-06
8.000000000000e-04,5.773364079063e-06
4.000000000000e-04,4.461267568329e-07
1.200000000000e-03,8.647735683144e-06
1.600000000000e-03,8.366425868403e-06
4.000000000000e-04,1.874883213397e-07
8.000000000000e-04,3.742663584557e-06
1.240000000000e-02,1.904144551989e-04
4.000000000000e-04,1.223748468766e-06
4.000000000000e-04,1.436506855358e-06
4.000000000000e-04,2.592699923342e-07
4.000000000000e-04,1.229433559930e-07
4.000000000000e-04,6.839752924374e-08
4.000000000000e-04,3.412412517164e-06
2.400000000000e-03,2.926328577921e-05
4.000000000000e-04,1.853661575946e-06
8.000000000000e-04,2.494631359967e-06
4.000000000000e-04,8.602856173904e-07
4.000000000000e-04,3.337926457095e-06
4.000000000000e-04,9.268267426448e-07
4.000000000000e-04,2.040829133689e-06
1.200000000000e-03,5.270349185473e-06
8.000000000000e-04,6.289174479593e-06
4.000000000000e-04,2.781759473173e-06
4.000000000000e-04,3.350028602237e-06
8.000000000000e-04,2.999546442289e-06
4.000000000000e-04,1.993115864863e-06
4.000000000000e-04,2.069674301620e-06
4.000000000000e-04,3.377803954720e-06
1.600000000000e-03,8.475950201945e-06
2.800000000000e-03,1.416715597610e-05
4.000000000000e-04,2.130933195774e-06
8.000000000000e-04,2.537389386597e-07
4.000000000000e-04,1.576192798442e-06
1.200000000000e-03,7.214802898871e-06
4.000000000000e-04,3.348114568166e-06
1.600000000000e-03,1.262653975855e-05
4.000000000000e-04,9.704399019877e-07
8.000000000000e-04,3.167340601194e-06
8.000000000000e-04,4.471964593916e-06
4.000000000000e-04,1.935344777829e-06
7.200000000000e-03,8.791492887190e-05
5.600000000000e-03,6.098919710032e-05
4.800000000000e-03,5.611098589673e-05
8.000000000000e-04,2.894164839872e-06
4.000000000000e-04,2.839566079994e-06
4.000000000000e-04,2.255883554478e-06
1.600000000000e-03,4.769472189353e-06
4.000000000000e-04,1.076805943461e-06
4.000000000000e-04,5.363356513715e-07
4.000000000000e-04,9.961238252414e-07
4.800000000000e-03,2.946112460166e-05
8.000000000000e-04,7.763077413362e-06
1.200000000000e-03,2.496315279703e-06
4.400000000000e-03,3.658674711192e-05
4.000000000000e-04,4.517820097623e-07
5.600000000000e-03,5.986271940303e-05
4.000000000000e-04,2.527055598339e-06
8.000000000000e-04,1.644771452643e-06
4.000000000000e-04,3.336198985859e-07
1.200000000000e-03,1.715830966793e-06
4.000000000000e-04,7.026969635821e-07
4.000000000000e-04,3.917825224244e-08
3.200000000000e-03,3.565339285702e-05
4.000000000000e-04,1.899095150971e-06
4.000000000000e-04,4.039383366557e-07
4.000000000000e-04,6.507492125406e-07
4.000000000000e-04,4.596003075263e-07
4.000000000000e-04,1.453799197945e-06
8.000000000000e-04,1.815752634645e-06
4.000000000000e-04,2.377304154827e-06
8.000000000000e-04,4.223788452499e-06
4.000000000000e-04,1.878620648126e-06
3.600000000000e-03,3.680103447399e-05
4.000000000000e-04,3.017342004009e-06
4.000000000000e-04,4.467401665934e-07
4.000000000000e-04,1.040775975669e-06
4.000000000000e-04,1.020261174207e-07
4.000000000000e-04,8.033019517260e-07
4.000000000000e-04,1.256359644249e-06
1.600000000000e-03,1.084537155210e-05
4.000000000000e-04,6.655350490987e-07
4.000000000000e-04,4.785414326278e-07
2.400000000000e-03,1.802887376561e-05
4.000000000000e-04,2.857428770195e-07
4.000000000000e-04,1.347226648197e-06
4.000000000000e-04,3.238079028317e-07
8.000000000000e-04,7.872372216065e-06
4.000000000000e-04,6.410054892530e-06
4.000000000000e-04,3.282351286367e-06
4.000000000000e-04,4.971475712814e-07
2.400000000000e-03,1.554770939862e-05
4.000000000000e-04,1.716405995504e-06
4.000000000000e-04,1.051414818845e-06
1.600000000000e-03,1.467165386841e-05
1.408000000000e-01,3.737264021347e-03
1.600000000000e-03,1.212503583204e-05
8.440000000000e-02,1.961723881454e-03
4.000000000000e-04,4.091336381326e-07
4.000000000000e-04,4.596286586709e-06
4.000000000000e-04,9.353210277264e-07
1.120000000000e-02,1.092553963934e-04
2.000000000000e-03,4.992741666704e-06
4.000000000000e-04,1.079845494916e-06
4.000000000000e-04,2.733329567430e-06
1.200000000000e-03,2.938457829195e-06
8.000000000000e-04,1.535775717455e-06
4.000000000000e-04,1.979271755476e-08
4.000000000000e-04,1.729449664608e-06
4.000000000000e-04,3.765189915951e-07
4.000000000000e-04,2.660950473991e-07
8.000000000000e-04,7.626931063224e-06
4.000000000000e-04,1.136668571935e-06
8.000000000000e-04,8.963500075296e-07
1.200000000000e-03,9.765378178850e-06
1.600000000000e-03,4.712434209966e-06
4.000000000000e-04,2.943150134774e-06
8.000000000000e-04,3.552641212928e-06
4.000000000000e-04,2.274971557922e-06
4.000000000000e-04,3.431171576820e-06
4.000000000000e-04,1.348236032862e-06
1.200000000000e-03,1.564933022538e-06
1.200000000000e-03,4.843647128330e-06
4.000000000000e-04,4.930033222318e-08
4.000000000000e-04,1.082958623258e-06
2.000000000000e-03,5.753854755819e-06
3.600000000000e-03,2.430867029648e-05
4.000000000000e-04,2.205256134621e-07
4.000000000000e-04,4.164625188529e-08
4.000000000000e-04,1.928190846673e-06
4.000000000000e-04,1.107206720958e-06
4.000000000000e-04,8.876402331886e-07
1.600000000000e-03,8.284564377548e-06
4.000000000000e-04,2.454578630972e-06
2.400000000000e-03,1.484338739570e-05
4.000000000000e-04,1.501184873762e-08
4.000000000000e-04,2.885472799720e-06
4.000000000000e-04,1.605389507058e-06
2.000000000000e-03,1.363691615543e-05
7.200000000000e-03,9.788680866325e-05
5.600000000000e-03,3.727824400601e-05
4.000000000000e-04,4.167645933221e-06
4.000000000000e-04,5.149907328674e-08
4.000000000000e-04,6.098020520968e-07
4.000000000000e-04,5.653829293294e-06
4.000000000000e-04,9.394235866711e-07
4.000000000000e-04,2.397213626095e-07
1.600000000000e-03,1.493306364598e-05
1.040000000000e-02,1.420055564213e-04
4.000000000000e-04,4.517142011687e-06
4.000000000000e-04,2.385408042537e-06
4.000000000000e-04,8.528791899738e-07
4.000000000000e-04,7.564426217284e-07
4.000000000000e-04,1.635186124132e-06
8.000000000000e-04,3.596768452817e-06
4.000000000000e-04,7.819997269393e-06
4.000000000000e-04,2.892117996134e-07
4.000000000000e-04,2.260207523958e-07
4.000000000000e-04,1.675408312953e-08
4.000000000000e-04,5.708415144891e-07
4.000000000000e-04,8.291734883744e-07
8.000000000000e-04,3.367931667046e-06
8.000000000000e-04,8.279142308246e-07
4.000000000000e-04,3.055337682005e-06
4.000000000000e-04,3.852395657449e-06
4.400000000000e-03,4.341145059669e-05
4.000000000000e-04,6.776156201104e-07
4.000000000000e-04,4.073870215177e-06
4.000000000000e-04,4.176577585225e-06
8.000000000000e-04,4.700108508288e-06
8.000000000000e-04,2.522761195317e-06
2.800000000000e-03,2.720701755509e-05
8.000000000000e-04,2.642353514032e-07
4.000000000000e-04,2.047994005313e-06
2.800000000000e-03,1.661717529686e-05
4.400000000000e-03,3.243577780072e-05
8.000000000000e-04,2.388926694907e-06
4.000000000000e-04,3.938334385226e-06
4.000000000000e-04,4.363033407775e-06
2.000000000000e-03,1.270994037764e-05
4.000000000000e-04,4.610097587819e-06
1.880000000000e-02,2.130989123804e-04
4.400000000000e-03,4.778301161183e-05
4.000000000000e-04,7.580263948465e-08
4.000000000000e-04,2.038799588955e-06
5.600000000000e-03,5.149863421502e-05
4.000000000000e-04,2.712288371893e-06
4.000000000000e-04,9.578761489867e-07
2.000000000000e-03,2.291058313205e-05
8.000000000000e-04,7.577216948837e-06
4.000000000000e-04,2.934759118198e-07
4.000000000000e-04,1.596020526518e-06
4.000000000000e-04,4.603114096217e-07
4.000000000000e-04,3.196114248914e-07
2.000000000000e-03,1.362923440165e-05
4.000000000000e-04,3.513873478842e-07
4.000000000000e-04,1.094291807969e-07
2.000000000000e-03,1.472324228845e-05
4.000000000000e-04,3.953742179457e-06
4.000000000000e-04,2.190145817686e-06
4.000000000000e-04,4.451917464777e-06
2.800000000000e-03,1.774173723391e-05
4.000000000000e-04,2.653824545660e-07
4.000000000000e-04,1.474939319652e-06
4.000000000000e-04,1.156481175173e-06
8.000000000000e-04,2.826828999841e-06
4.000000000000e-04,4.332431930618e-06
4.000000000000e-04,7.291030459831e-07
4.000000000000e-04,2.099334343675e-06
1.920000000000e-02,3.421119983170e-04
4.000000000000e-04,4.037637645746e-07
1.600000000000e-03,5.683789677403e-06
4.000000000000e-04,1.758426468329e-07
2.400000000000e-03,8.417681155965e-06
4.000000000000e-04,2.714101435989e-07
4.000000000000e-04,1.890876525079e-06
4.000000000000e-04,1.330165307249e-06
2.400000000000e-03,3.224286158624e-05
4.000000000000e-04,1.261812705884e-06
4.000000000000e-04,1.750398400822e-07
4.000000000000e-04,1.472492326800e-06
6.800000000000e-03,5.591795882828e-05
4.000000000000e-04,1.138719201979e-06
4.000000000000e-04,1.785897819802e-06
5.560000000000e-02,1.230750248958e-03
4.000000000000e-04,6.475506227724e-07
1.200000000000e-03,5.823832143507e-06
4.000000000000e-04,4.287153948044e-06
2.000000000000e-03,1.336475626599e-05
4.000000000000e-04,3.050334004552e-06
4.000000000000e-04,2.967781462783e-06
4.000000000000e-04,1.365777123955e-06
4.000000000000e-04,7.631333869544e-07
4.000000000000e-04,2.224069829277e-07
4.000000000000e-04,2.055807246301e-06
1.200000000000e-03,4.746561255310e-06
4.000000000000e-04,1.125001177708e-06
4.000000000000e-04,1.334768753188e-06
4.000000000000e-04,3.650664321036e-07
1.080000000000e-02,1.497999094395e-04
8.000000000000e-04,6.261685973161e-06
8.000000000000e-04,6.574597164857e-06
1.600000000000e-03,1.152043280655e-05
4.000000000000e-04,1.557575341989e-06
4.000000000000e-04,1.489981164473e-06
4.000000000000e-04,5.352958310523e-07
4.000000000000e-04,4.748630721209e-06
4.000000000000e-04,4.140965742770e-07
4.000000000000e-04,6.804756651019e-07
1.600000000000e-03,1.070504936000e-05
2.000000000000e-03,1.241425077658e-05
4.000000000000e-04,1.216347320325e-07
8.000000000000e-04,7.074483153824e-06
8.000000000000e-04,2.741165380966e-06
4.000000000000e-04,1.960294729017e-06
4.000000000000e-04,4.319399743092e-07
4.000000000000e-04,6.748116178846e-08
2.800000000000e-03,2.035793853899e-05
4.000000000000e-04,4.135532885486e-06
8.000000000000e-04,3.645465519357e-06
4.000000000000e-04,1.493823291383e-06
8.000000000000e-04,7.044046084074e-06
1.200000000000e-03,7.290148913824e-06
4.000000000000e-04,4.959734654995e-06
4.000000000000e-04,1.850817532532e-08
4.000000000000e-04,7.056545415268e-07
8.000000000000e-04,3.969492256303e-06
4.000000000000e-04,2.241867428202e-06
4.000000000000e-04,7.085119523096e-07
8.000000000000e-04,1.991205405838e-06
8.000000000000e-04,5.950089686286e-06
4.000000000000e-04,8.912941064710e-07
4.000000000000e-04,2.433054360399e-06
1.200000000000e-03,7.046377789112e-06
4.000000000000e-04,1.904325396900e-06
4.000000000000e-04,2.862123007693e-06
4.000000000000e-04,2.179652028276e-07
4.000000000000e-04,1.813918611968e-07
8.000000000000e-04,6.596126970231e-06
8.000000000000e-04,6.891448183234e-06
2.000000000000e-03,8.606378951830e-06
1.600000000000e-03,7.395461076473e-06
8.000000000000e-04,2.048033614399e-06
8.000000000000e-04,5.652860508723e-06
4.000000000000e-04,1.733784929013e-06
4.000000000000e-04,1.836865217904e-06
4.000000000000e-04,4.006424519524e-07
5.600000000000e-03,8.654095954298e-05
8.000000000000e-04,1.180263270197e-05
1.600000000000e-03,8.323720478185e-06
4.000000000000e-04,7.533260449986e-07
2.400000000000e-03,1.269722622872e-05
1.200000000000e-03,5.648023565840e-06
1.600000000000e-03,1.163357340122e-05
4.000000000000e-04,4.230230135473e-07
8.000000000000e-04,5.311231498825e-06
5.200000000000e-03,4.627204928349e-05
2.800000000000e-03,2.135921983461e-05
4.000000000000e-04,1.487991746917e-06
4.000000000000e-04,2.286054295500e-07
4.000000000000e-04,6.204850184983e-07
4.000000000000e-04,5.238700037301e-07
1.200000000000e-03,9.686218266012e-07
4.000000000000e-04,1.737832194615e-06
4.000000000000e-04,1.368780090888e-06
4.000000000000e-04,4.207160740850e-07
8.000000000000e-04,1.009101142486e-06
4.000000000000e-04,1.886118857737e-07
4.000000000000e-04,1.016103167599e-06
4.000000000000e-04,1.855863627920e-06
4.000000000000e-04,1.508935378712e-06
4.000000000000e-04,1.557516053191e-06
4.000000000000e-04,1.819004480064e-07
7.600000000000e-03,7.258378164532e-05
4.000000000000e-03,2.306602614882e-05
4.000000000000e-04,8.652550167686e-07
4.000000000000e-04,3.550672830184e-06
4.000000000000e-04,1.798674986530e-07
2.000000000000e-03,1.476000560147e-05
4.000000000000e-04,3.159817262804e-06
1.200000000000e-03,5.367128898821e-06
8.000000000000e-04,1.360153386326e-06
1.600000000000e-03,7.314939835460e-06
4.000000000000e-04,2.214874387856e-07
1.600000000000e-03,1.730559090990e-05
4.000000000000e-04,1.094856957370e-07
1.200000000000e-03,6.860951956146e-06
1.200000000000e-03,7.776994593548e-06
4.000000000000e-04,2.163782504421e-06
1.200000000000e-03,3.503192364905e-06
7.600000000000e-03,3.949725086049e-05
2.800000000000e-03,8.342128805229e-06
4.000000000000e-04,7.762471903433e-07
4.000000000000e-04,9.058670126319e-07
4.000000000000e-04,1.247223685473e-06
4.000000000000e-04,1.510734843982e-06
4.000000000000e-04,2.371297172255e-06
1.600000000000e-03,8.773272786011e-06
4.000000000000e-04,1.184394654942e-06
4.000000000000e-04,5.899295202256e-07
4.000000000000e-04,1.118281663000e-06
1.200000000000e-03,3.830459664093e-06
4.000000000000e-04,9.476282493143e-08
1.600000000000e-03,3.268517396500e-06
4.000000000000e-04,9.330798754415e-07
4.000000000000e-04,6.148526446804e-07
1.200000000000e-03,8.230223211191e-06
4.000000000000e-04,4.492544009285e-07
4.000000000000e-04,1.223462574091e-06
4.000000000000e-04,1.913391523610e-06
1.200000000000e-03,7.899677843195e-06
1.000000000000e-02,1.159601801620e-04
4.000000000000e-04,1.028742496529e-06
8.000000000000e-04,6.625492694389e-07
8.000000000000e-03,9.488380417481e-05
4.000000000000e-04,6.219253413497e-07
4.000000000000e-04,3.645098743186e-07
4.000000000000e-04,7.514189889192e-07
4.000000000000e-04,2.413579415547e-06
4.000000000000e-04,5.584207660204e-07
4.000000000000e-04,4.149677408786e-06
4.000000000000e-04,1.116160388180e-06
4.000000000000e-04,2.903557348257e-06
1.200000000000e-03,6.538187087989e-06
4.000000000000e-04,7.571434516510e-07
4.000000000000e-04,1.482183777891e-06
4.000000000000e-04,2.309829194192e-06
4.000000000000e-04,1.361718524101e-06
2.000000000000e-03,1.032642292139e-05
4.000000000000e-04,5.845917608981e-06
4.000000000000e-04,2.087382650617e-07
4.000000000000e-04,3.628508000412e-07
4.000000000000e-04,2.350926850325e-06
4.000000000000e-04,7.312495316129e-07
4.000000000000e-04,5.805732835428e-07
8.000000000000e-04,9.445539444102e-06
4.000000000000e-04,1.420119232761e-06
4.000000000000e-04,2.309737546249e-06
8.000000000000e-04,1.042051476082e-06
1.600000000000e-03,5.768702416069e-06
4.000000000000e-04,3.265895263535e-06
4.000000000000e-04,2.951983226531e-06
4.000000000000e-04,1.581283923043e-06
6.000000000000e-03,6.139579961578e-05
4.000000000000e-04,8.070859912625e-07
3.200000000000e-03,2.238466342588e-05
1.200000000000e-03,2.665909667842e-06
4.000000000000e-04,9.641938003589e-07
4.000000000000e-04,5.191815947732e-07
8.000000000000e-04,5.216910387456e-07
4.000000000000e-04,9.955646855728e-07
1.200000000000e-03,1.124816516430e-05
4.000000000000e-04,7.063429819585e-06
8.000000000000e-04,8.320187995384e-06
4.000000000000e-04,1.084491092333e-06
1.200000000000e-03,1.232333029075e-05
4.000000000000e-04,2.167053549092e-06
4.000000000000e-04,1.851415541910e-06
4.000000000000e-04,5.513184612857e-07
4.800000000000e-03,6.077675187163e-05
8.000000000000e-04,3.111547597892e-06
1.600000000000e-03,3.320952343409e-06
4.000000000000e-04,1.207695602412e-06
4.000000000000e-04,1.198147681703e-07
1.600000000000e-03,5.255644495666e-06
4.000000000000e-04,3.732438341097e-06
8.000000000000e-04,2.314463767032e-06
3.840000000000e-02,7.926717248493e-04
4.000000000000e-04,5.781728057458e-07
4.000000000000e-04,8.989453807417e-07
8.000000000000e-04,3.780944448295e-06
4.000000000000e-04,4.325360599940e-06
4.000000000000e-04,5.801659153362e-07
1.200000000000e-03,2.465180056904e-06
4.000000000000e-04,2.282671368148e-06
2.000000000000e-03,1.732049182868e-05
4.000000000000e-04,2.216658045397e-06
1.400000000000e-02,2.061240253232e-04
4.000000000000e-04,1.399856145621e-06
1.200000000000e-03,5.995549139693e-06
4.000000000000e-04,6.599384700892e-07
4.000000000000e-04,2.741667151804e-08
4.000000000000e-04,3.758035873734e-07
4.000000000000e-04,4.893779167972e-07
8.000000000000e-04,5.543156788789e-06
4.000000000000e-04,2.967475602090e-07
2.800000000000e-03,3.259383444664e-05
2.400000000000e-03,7.490877192361e-06
4.000000000000e-04,5.557324045854e-07
1.600000000000e-03,1.539709818765e-05
1.200000000000e-03,5.960963823730e-06
4.000000000000e-04,5.648945676710e-07
8.000000000000e-04,6.427613774148e-06
4.000000000000e-04,2.319836362618e-07
4.000000000000e-04,6.635075447194e-07
4.000000000000e-04,2.295113152745e-06
4.000000000000e-04,2.663068861458e-06
4.000000000000e-04,2.311267638328e-07
4.000000000000e-04,1.944832339618e-06
3.200000000000e-03,3.252578131872e-05
4.000000000000e-04,1.962548744523e-06
1.600000000000e-03,1.225949016272e-05
4.000000000000e-04,3.757614310470e-06
4.000000000000e-04,2.724570521023e-06
4.000000000000e-04,2.950489183767e-06
1.200000000000e-03,2.572227227132e-06
1.200000000000e-03,9.290342504471e-06
1.200000000000e-03,8.472210103187e-06
4.000000000000e-04,2.762273842110e-06
4.000000000000e-04,2.514042605920e-06
8.800000000000e-03,1.141818085230e-04
1.200000000000e-03,7.936244742432e-07
8.000000000000e-04,4.114033097658e-06
1.600000000000e-03,6.808410434123e-06
4.000000000000e-04,1.677840684282e-06
4.000000000000e-04,6.586797807135e-08
2.360000000000e-02,2.857825369995e-04
4.000000000000e-04,9.052081731342e-08
2.400000000000e-03,2.295805432955e-05
8.000000000000e-04,5.959995447720e-06
4.000000000000e-04,7.046695661703e-07
4.000000000000e-04,1.312444222953e-06
4.000000000000e-04,2.034340263134e-06
4.000000000000e-04,1.473806335625e-07
4.000000000000e-04,1.479197281985e-06
4.400000000000e-03,2.957943247454e-05
2.800000000000e-03,4.058622862758e-05
8.000000000000e-04,1.272578894314e-06
4.000000000000e-04,1.120128827524e-06
4.000000000000e-04,1.756033848241e-06
4.000000000000e-04,1.668899160209e-06
4.000000000000e-04,3.381932100920e-07
2.800000000000e-03,2.567908946814e-05
4.000000000000e-04,1.837468044456e-06
4.000000000000e-04,2.307188941831e-06
4.000000000000e-04,1.576761923217e-07
4.000000000000e-04,5.524523375645e-08
4.000000000000e-04,1.518688032627e-06
8.800000000000e-03,5.926195482517e-05
1.200000000000e-03,7.177865546996e-06
8.000000000000e-04,6.689541213413e-07
4.000000000000e-04,1.695393670602e-06
4.000000000000e-04,1.849496014524e-07
4.000000000000e-04,1.973877868535e-06
4.000000000000e-04,4.017709843494e-06
8.000000000000e-04,1.749299016427e-06
4.000000000000e-04,5.483312907015e-07
4.000000000000e-04,2.580719642955e-06
1.600000000000e-03,1.281824856160e-05
4.000000000000e-04,2.013962086690e-06
1.600000000000e-03,6.281589620659e-06
8.000000000000e-04,3.738321377387e-06
8.000000000000e-04,5.383353805005e-06
4.000000000000e-04,3.306067838959e-06
4.000000000000e-04,7.340340534145e-07
1.200000000000e-03,9.153195769585e-06
5.200000000000e-03,5.870347315382e-05
4.000000000000e-04,3.471188784529e-06
6.000000000000e-03,3.197692249893e-05
4.000000000000e-04,1.387073333822e-06
8.000000000000e-04,1.100989328107e-06
8.000000000000e-04,5.653402729375e-06
6.000000000000e-03,6.477103017195e-05
4.000000000000e-04,1.500674877567e-06
4.000000000000e-04,7.680504155901e-07
1.200000000000e-03,8.090885647856e-06
4.000000000000e-04,1.488850168082e-07
4.000000000000e-04,2.103195406709e-07
1.200000000000e-03,6.364449484890e-06
4.000000000000e-04,6.855148680849e-08
1.200000000000e-03,1.392393588658e-05
4.000000000000e-04,1.291042704441e-06
1.600000000000e-03,5.078243519105e-06
1.200000000000e-03,7.314852181284e-06
1.200000000000e-03,3.990960898765e-06
1.200000000000e-03,1.237937034158e-05
2.000000000000e-03,1.216336149024e-05
8.000000000000e-04,3.832107423762e-06
4.000000000000e-04,2.571146080251e-07
4.000000000000e-04,2.258186827615e-06
4.000000000000e-04,2.879701997492e-07
8.000000000000e-04,2.367530559173e-06
4.000000000000e-04,1.348062041197e-06
2.400000000000e-03,8.823134902625e-06
4.000000000000e-04,4.533879132850e-07
4.000000000000e-04,7.530017486377e-07
4.000000000000e-04,3.866763568394e-07
4.000000000000e-04,7.016599402523e-07
4.000000000000e-04,3.588443182192e-07
4.000000000000e-04,1.373274714805e-06
1.640000000000e-02,1.717816702772e-04
4.000000000000e-04,1.178326520954e-06
4.000000000000e-04,1.805618664230e-06
8.000000000000e-04,4.551276340306e-06
8.000000000000e-04,1.936426672302e-06
4.000000000000e-04,7.157769027467e-08
4.000000000000e-04,3.216180945171e-06
4.000000000000e-04,1.292290445290e-06
4.000000000000e-04,3.417422119230e-07
8.000000000000e-04,3.685333665123e-06
4.000000000000e-04,1.421130234858e-06
4.000000000000e-04,3.451174879910e-07
2.800000000000e-03,3.282250465341e-05
8.000000000000e-04,9.135631130254e-07
8.000000000000e-04,2.148749229383e-06
4.000000000000e-04,2.669743859766e-06
4.000000000000e-04,5.234748044369e-06
4.000000000000e-04,1.397973123975e-07
4.000000000000e-04,2.350454148954e-07
2.800000000000e-03,1.937956500418e-05
4.000000000000e-04,4.519279753011e-06
8.000000000000e-04,3.071224220113e-06
1.600000000000e-03,9.198552596634e-06
8.000000000000e-04,1.838570496674e-07
4.000000000000e-04,3.805496466902e-06
1.600000000000e-03,1.164631636879e-05
4.000000000000e-03,2.110315656120e-05
8.000000000000e-04,5.155544933833e-06
4.000000000000e-04,1.838939822246e-06
4.000000000000e-04,5.429567377095e-07
1.200000000000e-03,8.061513673743e-06
8.000000000000e-04,6.627258666323e-07
8.000000000000e-04,1.205232858401e-06
3.600000000000e-03,3.086837174330e-05
4.000000000000e-04,5.775001211069e-08
1.120000000000e-02,1.200226474708e-04
4.000000000000e-04,1.559115945709e-06
4.000000000000e-04,4.821760792184e-06
4.000000000000e-04,6.242329426982e-06
8.000000000000e-04,3.311064645120e-06
4.000000000000e-04,4.807525442924e-06
4.000000000000e-04,2.818101433893e-06
2.400000000000e-03,1.396974061168e-05
2.800000000000e-03,3.571793487460e-05
4.000000000000e-03,2.581387403913e-05
8.000000000000e-04,5.659086795888e-07
4.000000000000e-04,2.215677438027e-06
4.000000000000e-04,2.358678761252e-06
4.400000000000e-03,3.123524487763e-05
4.000000000000e-04,2.812756659793e-07
4.000000000000e-04,6.243798005017e-07
4.000000000000e-04,1.014866040241e-06
8.400000000000e-03,1.099741712471e-04
4.000000000000e-04,1.414601316230e-06
4.000000000000e-04,1.773636154621e-06
1.600000000000e-03,1.639781776230e-05
4.000000000000e-04,8.683000699623e-07
2.800000000000e-03,2.543062452326e-05
3.600000000000e-03,2.120178603752e-05
4.000000000000e-04,9.234907047660e-07
4.000000000000e-04,1.739572892648e-07
4.000000000000e-04,2.535022061503e-08
1.200000000000e-03,4.056394326355e-06
4.000000000000e-04,1.009839454915e-06
2.000000000000e-03,1.194700385849e-05
4.000000000000e-04,1.149048153980e-06
4.000000000000e-04,3.034157427368e-08
1.600000000000e-03,1.384178817197e-05
4.000000000000e-04,8.833850050611e-07
4.000000000000e-04,8.898484847514e-08
4.000000000000e-04,4.126085129666e-07
2.800000000000e-03,5.911968418086e-06
5.600000000000e-03,5.295907838630e-05
8.000000000000e-04,2.797454418474e-06
4.000000000000e-04,2.564507682350e-06
4.000000000000e-04,2.085728133692e-06
4.000000000000e-04,2.730761240731e-07
4.000000000000e-04,1.035874058167e-06
4.000000000000e-04,3.907623109587e-06
4.000000000000e-04,1.277575705233e-06
4.000000000000e-04,2.544133088290e-06
1.200000000000e-03,5.385949415559e-06
8.000000000000e-04,8.465795060662e-06
4.000000000000e-04,1.609394194730e-06
1.600000000000e-03,7.623976077375e-06
4.000000000000e-04,2.386567372620e-06
1.600000000000e-03,9.111836764237e-06
1.600000000000e-03,8.811378885091e-06
2.400000000000e-03,2.034836081625e-05
1.600000000000e-02,1.821279490305e-04
2.800000000000e-03,1.456365534897e-05
4.000000000000e-04,1.273038863715e-07
4.000000000000e-04,1.108037220628e-06
4.000000000000e-04,7.260332220752e-07
8.000000000000e-04,1.637258649868e-06
4.000000000000e-04,4.819639298046e-07
6.520000000000e-02,1.046039365571e-03
2.000000000000e-03,1.865339535937e-05
4.000000000000e-04,2.541085484106e-06
4.000000000000e-04,1.260601653203e-06
4.000000000000e-04,3.214652839836e-06
4.000000000000e-04,1.088613478723e-06
1.200000000000e-03,1.115631374123e-05
4.000000000000e-04,4.846487609949e-08
4.000000000000e-04,1.692956140178e-06
4.000000000000e-04,7.974343910115e-07
4.000000000000e-04,4.850613189586e-07
4.000000000000e-04,7.335502794925e-07
4.000000000000e-04,5.782812596198e-07
4.000000000000e-04,1.438725570555e-06
2.000000000000e-03,2.642072055971e-05
4.000000000000e-04,2.522310502072e-06
4.000000000000e-04,2.674332456268e-07
4.000000000000e-04,2.888798570492e-06
4.000000000000e-04,1.403231641109e-06
4.000000000000e-04,1.820883295941e-06
4.000000000000e-04,1.212509344119e-06
8.000000000000e-04,2.232154906196e-06
4.000000000000e-04,2.782679694403e-06
4.000000000000e-04,1.110915316454e-06
4.000000000000e-04,6.526776113038e-07
3.600000000000e-03,3.886942668147e-05
2.400000000000e-03,1.534507022280e-05
4.000000000000e-04,1.460510112832e-06
4.000000000000e-04,1.502722797012e-06
1.600000000000e-03,1.445714218437e-05
2.000000000000e-03,1.989414728259e-05
4.000000000000e-04,5.530043005258e-07
1.200000000000e-03,8.502529532883e-06
1.600000000000e-03,1.005720354091e-05
2.400000000000e-03,1.684825249463e-05
4.000000000000e-04,3.335795641470e-07
1.200000000000e-03,4.922787743034e-06
4.000000000000e-04,2.021251532988e-06
1.200000000000e-03,2.553985355934e-06
4.000000000000e-04,1.869709084915e-06
4.000000000000e-04,9.631773721720e-07
4.000000000000e-04,7.874462403502e-06
4.000000000000e-04,1.415365427347e-06
4.000000000000e-04,1.713891398025e-06
4.800000000000e-03,3.047986622645e-05
4.000000000000e-04,1.039687987164e-06
8.000000000000e-04,9.066727681020e-06
6.000000000000e-03,8.251464287974e-05
1.280000000000e-02,1.461850506614e-04
4.000000000000e-04,9.090759857429e-07
4.000000000000e-04,8.659009965708e-08
4.000000000000e-04,2.363461237693e-06
4.000000000000e-04,6.467768220712e-07
4.000000000000e-04,7.015504852795e-07
4.000000000000e-04,1.820095247439e-07
4.000000000000e-04,8.274797681812e-07
8.000000000000e-04,3.940272865080e-06
4.000000000000e-04,9.205050073798e-07
1.600000000000e-03,8.268859845795e-06
4.000000000000e-04,2.366493562936e-06
2.400000000000e-03,1.348613376606e-05
4.000000000000e-03,3.422419937646e-05
4.000000000000e-04,8.035109310672e-08
4.400000000000e-03,5.933555201335e-05
4.000000000000e-04,4.566797681082e-07
8.000000000000e-04,5.353164104967e-06
2.400000000000e-03,2.110587608710e-05
8.000000000000e-04,1.282011662983e-06
4.000000000000e-04,3.383583211367e-06
4.000000000000e-04,1.983840583737e-06
4.000000000000e-04,1.319135049869e-06
4.000000000000e-04,4.047181135249e-07
4.000000000000e-04,6.721851651904e-08
4.000000000000e-04,2.602471363010e-07
8.000000000000e-04,1.950928620659e-06
4.000000000000e-04,7.920660127716e-07
1.600000000000e-03,7.278973579807e-06
3.600000000000e-03,2.013291097674e-05
8.000000000000e-04,3.084263180859e-06
4.000000000000e-04,2.278047665570e-06
4.000000000000e-04,1.836206604313e-06
4.000000000000e-04,5.393030040295e-07
8.000000000000e-04,1.712883001978e-06
4.000000000000e-04,7.421910984632e-07
1.600000000000e-03,6.594864878482e-06
1.400000000000e-02,1.471053573665e-04
8.000000000000e-04,1.814592189099e-06
1.200000000000e-03,7.269497693516e-06
4.000000000000e-04,7.974208237288e-07
1.200000000000e-03,4.988471611029e-06
4.000000000000e-04,4.195903240467e-06
4.000000000000e-04,6.900500649175e-07
1.600000000000e-03,8.185334883951e-06
4.000000000000e-04,2.411040088708e-06
1.200000000000e-03,8.931354965327e-06
4.000000000000e-04,7.317217236345e-07
1.600000000000e-03,1.388231553662e-05
4.000000000000e-04,1.042797303684e-06
9.600000000000e-03,1.872665260710e-04
4.000000000000e-04,2.006455993697e-06
1.200000000000e-03,3.805970707937e-06
4.000000000000e-04,1.417060802662e-07
8.000000000000e-04,5.023203702197e-06
1.200000000000e-03,1.192636938390e-05
4.000000000000e-04,9.191072133529e-07
4.000000000000e-04,7.003819148250e-08
4.000000000000e-04,4.279458024469e-07
4.000000000000e-04,6.850906245379e-07
4.000000000000e-04,2.147116518184e-07
4.000000000000e-04,2.301319113053e-06
1.600000000000e-03,7.935927932067e-06
8.000000000000e-04,4.014308746244e-06
2.000000000000e-03,9.482993283338e-06
1.600000000000e-03,3.235282051097e-05
4.000000000000e-04,1.113803227327e-07
4.000000000000e-04,2.227971916793e-07
4.000000000000e-04,8.099830229693e-07
4.000000000000e-04,5.968916777289e-07
4.000000000000e-04,1.648690999588e-06
8.000000000000e-04,3.715481234859e-06
2.400000000000e-03,8.488503325081e-06
4.000000000000e-04,3.407480391378e-06
1.200000000000e-03,8.026479801899e-06
4.000000000000e-04,2.784293011119e-06
8.800000000000e-03,8.451295216820e-05
2.912000000000e-01,9.212581352284e-03
4.000000000000e-04,1.557001830739e-06
1.200000000000e-03,9.302047522898e-06
4.000000000000e-04,2.891152970797e-06
4.000000000000e-04,1.035628902843e-06
4.000000000000e-04,3.581808580945e-06
4.000000000000e-04,5.388701787405e-07
8.000000000000e-04,5.195685864773e-06
1.200000000000e-03,2.975000216818e-06
4.000000000000e-04,1.371576919900e-06
3.600000000000e-03,3.400123247341e-05
1.200000000000e-03,7.351060576027e-06
4.000000000000e-04,1.964349296608e-06
4.000000000000e-04,2.347750974732e-06
4.000000000000e-04,3.022299587669e-07
7.200000000000e-03,5.736079448010e-05
1.600000000000e-03,9.006464217921e-06
1.600000000000e-03,9.910788984294e-06
1.200000000000e-03,3.479580735831e-06
3.600000000000e-03,4.892006985913e-05
4.000000000000e-04,8.841398142116e-07
8.000000000000e-04,2.829772268887e-07
3.200000000000e-03,9.856463248361e-06
1.000000000000e-02,8.854212444319e-05
4.000000000000e-04,1.112733398678e-07
4.000000000000e-04,1.305146059738e-08
1.600000000000e-03,5.429684499380e-06
8.000000000000e-04,4.557833284666e-06
8.000000000000e-04,3.426297870608e-06
1.600000000000e-03,1.022012015955e-05
4.000000000000e-04,7.584956297507e-07
2.400000000000e-03,1.279689190246e-05
6.400000000000e-03,6.714532723846e-05
4.000000000000e-04,2.469472622848e-07
4.000000000000e-04,2.551373946636e-06
4.000000000000e-04,2.528933114459e-06
4.000000000000e-04,3.878850932426e-07
4.000000000000e-04,1.758375589565e-06
4.000000000000e-04,2.909838312065e-07
1.200000000000e-03,1.030506238569e-06
4.000000000000e-04,2.332075079990e-06
1.520000000000e-02,1.826102841682e-04
2.800000000000e-03,2.490658992059e-05
4.000000000000e-03,2.567604445025e-05
4.000000000000e-04,5.766311664007e-08
1.600000000000e-03,9.672894852747e-06
4.000000000000e-04,2.133517961599e-06
4.000000000000e-04,3.162018216024e-06
8.000000000000e-04,3.939550266721e-06
1.200000000000e-03,3.636136656210e-06
4.000000000000e-04,7.036336087120e-07
4.000000000000e-04,1.030536654540e-06
1.040000000000e-02,1.272738777209e-04
8.000000000000e-04,2.686615798496e-06
4.000000000000e-04,6.282273824206e-07
4.000000000000e-04,1.871265841671e-06
4.000000000000e-04,2.498813608262e-06
8.000000000000e-04,3.111328610949e-06
4.000000000000e-04,3.388094848518e-06
2.400000000000e-03,2.131841278672e-05
4.000000000000e-04,8.939913436014e-07
4.000000000000e-04,9.704851055593e-08
7.600000000000e-03,8.943361094780e-05
8.000000000000e-04,2.948176779460e-06
8.000000000000e-04,2.718983398965e-06
4.000000000000e-04,3.391115632197e-06
4.400000000000e-03,1.979352126393e-05
4.000000000000e-04,2.069892319300e-07
8.000000000000e-04,5.045403168710e-06
8.000000000000e-04,3.086673152864e-06
4.000000000000e-03,2.691718965652e-05
8.000000000000e-04,3.906898556413e-06
4.000000000000e-04,7.705483886122e-07
4.000000000000e-04,2.791381703830e-06
1.600000000000e-03,3.144790610645e-06
4.000000000000e-04,4.861449238855e-06
4.000000000000e-04,2.438346401103e-07
4.000000000000e-04,2.547953340470e-06
1.200000000000e-03,1.263077600328e-05
2.400000000000e-03,1.664417469066e-05
4.000000000000e-04,1.898838614016e-06
4.000000000000e-04,2.387510257249e-06
4.800000000000e-03,2.816336670126e-05
8.000000000000e-04,5.791795190665e-06
4.000000000000e-04,4.063601233301e-07
1.600000000000e-03,8.283490170438e-06
4.000000000000e-04,2.450495717890e-07
4.000000000000e-04,2.020112941343e-07
4.000000000000e-04,1.459019712234e-06
4.000000000000e-04,2.627871360821e-06
1.200000000000e-03,7.074603413736e-06
8.000000000000e-04,4.931099760041e-06
8.000000000000e-04,7.685338090991e-06
4.000000000000e-04,3.448794492127e-06
4.000000000000e-04,1.184564461694e-07
4.000000000000e-04,2.421154750623e-06
1.200000000000e-03,2.230211151815e-06
8.000000000000e-04,2.559711100723e-06
4.000000000000e-04,8.104660360081e-07
1.600000000000e-03,6.411213278282e-06
8.000000000000e-04,9.392155891465e-06
3.200000000000e-03,3.041146750169e-05
1.600000000000e-03,5.591001090219e-06
4.000000000000e-04,1.231305582560e-06
4.000000000000e-04,4.965499325910e-07
4.000000000000e-04,3.164418888689e-07
4.000000000000e-04,4.205334542544e-07
2.000000000000e-03,9.696601104204e-06
1.200000000000e-03,3.049225237210e-06
2.960000000000e-02,4.479646537223e-04
4.000000000000e-04,4.215860445061e-07
8.000000000000e-04,2.586195361678e-06
8.000000000000e-04,1.789223241953e-06
5.200000000000e-03,3.758249651820e-05
4.000000000000e-04,2.536884051254e-06
4.000000000000e-04,2.807640536726e-07
4.000000000000e-04,3.697013773246e-07
4.000000000000e-04,7.770621050371e-07
1.120000000000e-02,1.290994846127e-04
1.600000000000e-03,9.515273549238e-06
4.000000000000e-04,8.355101811898e-07
4.000000000000e-04,1.959589217756e-06
1.200000000000e-03,7.975775540726e-06
4.000000000000e-04,4.018734013411e-07
4.000000000000e-04,7.177789988356e-07
8.000000000000e-04,5.672020926206e-06
4.000000000000e-04,2.368050791122e-06
8.000000000000e-04,1.091753559327e-05
4.000000000000e-04,3.313151819124e-06
4.000000000000e-04,2.445502371242e-06
4.000000000000e-04,1.695155181400e-06
1.200000000000e-03,6.982569760338e-06
8.000000000000e-04,6.224855794562e-06
6.400000000000e-03,1.057466576518e-04
2.400000000000e-03,2.711563134764e-05
4.000000000000e-04,1.992059927011e-06
1.200000000000e-03,5.787570081229e-06
4.000000000000e-04,2.459653256903e-06
8.000000000000e-04,3.552707847574e-06
4.000000000000e-04,5.097152494162e-08
6.080000000000e-01,1.835333844672e-02
4.000000000000e-04,1.009168107575e-06
4.000000000000e-04,2.047310066121e-06
4.000000000000e-04,4.558219794340e-07
8.000000000000e-04,4.749790899080e-06
8.000000000000e-04,4.081930481467e-06
3.200000000000e-03,3.465708780644e-05
8.000000000000e-04,2.221857474395e-06
4.000000000000e-04,1.133899900258e-06
4.000000000000e-04,1.451154448307e-07
4.000000000000e-04,3.567184781474e-06
4.000000000000e-04,2.730700561799e-06
8.000000000000e-04,5.935344597891e-06
2.400000000000e-03,1.980271100730e-05
4.000000000000e-04,7.759344771305e-07
8.000000000000e-04,1.558609696228e-06
1.600000000000e-03,7.712289269058e-06
8.000000000000e-04,2.938892104012e-06
1.200000000000e-03,6.508652572912e-06
4.000000000000e-04,1.034525493113e-06
4.000000000000e-04,1.091212424607e-06
4.000000000000e-04,5.638783597359e-07
4.000000000000e-04,1.830576001576e-06
3.600000000000e-03,3.092424446093e-05
8.400000000000e-03,1.697734461946e-04
4.000000000000e-04,3.121104361861e-06
4.000000000000e-04,1.904859320179e-07
8.000000000000e-04,2.751058031839e-06
4.000000000000e-04,3.940525281569e-07
8.000000000000e-04,3.590439531838e-06
4.000000000000e-04,1.746575127521e-06
4.000000000000e-04,1.073870375626e-06
4.000000000000e-04,2.675510391863e-06
4.000000000000e-04,1.109114379435e-06
8.000000000000e-04,3.248294843418e-06
4.000000000000e-04,2.287768007693e-06
2.400000000000e-03,1.816572928802e-05
8.000000000000e-04,3.239056875590e-06
4.000000000000e-04,1.289201946024e-06
4.000000000000e-04,4.178053248440e-07
1.200000000000e-03,7.987780908841e-06
4.000000000000e-04,6.492994047440e-07
4.000000000000e-04,1.374757296507e-06
9.600000000000e-03,1.005427420014e-04
4.000000000000e-04,2.656222700920e-07
4.000000000000e-04,1.826409564153e-06
4.000000000000e-04,4.771982286797e-07
8.000000000000e-04,6.222929306042e-06
4.000000000000e-04,2.300206159270e-07
1.200000000000e-03,8.001648684532e-06
4.000000000000e-04,1.631773674207e-07
1.600000000000e-03,5.321098376856e-06
4.000000000000e-04,3.569200445553e-06
5.200000000000e-03,3.272501903970e-05
1.200000000000e-03,5.297834551670e-06
4.400000000000e-03,3.716641678481e-05
4.000000000000e-04,4.142902338961e-06
8.000000000000e-04,3.839518592690e-06
4.000000000000e-04,2.555564922261e-06
8.000000000000e-04,3.567768301949e-06
1.080000000000e-02,1.292569161663e-04
4.000000000000e-04,4.412907505716e-08
8.000000000000e-04,3.468981619938e-06
4.000000000000e-04,1.027210361927e-06
4.000000000000e-04,3.277936345118e-06
1.120000000000e-02,1.233426972015e-04
4.000000000000e-04,1.093514308579e-06
4.000000000000e-04,3.649778707719e-06
4.000000000000e-04,1.593039449125e-07
4.000000000000e-04,1.430654212201e-06
4.000000000000e-04,8.536972384316e-07
8.000000000000e-04,3.395174109781e-06
4.000000000000e-04,1.756552646261e-06
1.200000000000e-03,4.324905017963e-06
4.000000000000e-04,1.976474735651e-07
8.000000000000e-04,7.771111047389e-06
4.800000000000e-02,6.714099696179e-04
4.000000000000e-04,1.951053044041e-06
4.000000000000e-04,3.826886881980e-06
4.000000000000e-04,2.881696722593e-06
8.000000000000e-04,2.581892481151e-06
4.000000000000e-04,1.861552991262e-06
4.000000000000e-04,8.435408727991e-07
4.000000000000e-04,2.372754986644e-06
3.200000000000e-03,9.116848618467e-06
4.000000000000e-04,2.455523068655e-06
6.488000000000e-01,2.676808907796e-02
4.000000000000e-04,1.078440251100e-06
4.000000000000e-04,1.849852582425e-06
1.600000000000e-03,6.493024125416e-06
4.000000000000e-04,9.709030087822e-07
4.000000000000e-04,1.874205996265e-06
1.200000000000e-03,5.735518566551e-06
1.200000000000e-03,4.428051166781e-06
4.000000000000e-04,2.106707286590e-08
8.000000000000e-04,6.538707839237e-06
8.000000000000e-04,1.146804366851e-06
8.000000000000e-04,1.141207930386e-06
8.000000000000e-04,1.825178469967e-06
4.000000000000e-04,8.186039773756e-07
4.000000000000e-04,3.796746886083e-07
8.000000000000e-04,1.370375127525e-06
8.000000000000e-04,3.607117187027e-06
4.000000000000e-04,7.285090773001e-07
4.000000000000e-04,4.556607036791e-07
4.000000000000e-04,1.733277710842e-06
8.000000000000e-04,1.258345880102e-06
4.000000000000e-04,2.061228024048e-06
1.600000000000e-03,1.673191347384e-05
4.000000000000e-04,1.919766181376e-06
2.000000000000e-03,5.560635532184e-06
4.000000000000e-04,1.324644301564e-06
4.000000000000e-04,4.589384706956e-06
8.000000000000e-04,2.918855781883e-06
1.200000000000e-03,4.987655865856e-06
4.000000000000e-04,2.556449113136e-07
4.000000000000e-04,1.080942967172e-06
4.000000000000e-04,2.661663922308e-06
4.000000000000e-04,8.522819704062e-07
4.000000000000e-04,5.110168129165e-07
4.000000000000e-04,1.798469522188e-06
4.000000000000e-04,1.829043746638e-06
4.000000000000e-04,1.186332624017e-06
4.000000000000e-04,7.910704343120e-07
4.000000000000e-04,1.528093072127e-06
5.600000000000e-03,5.763036048136e-05
4.000000000000e-04,2.950709740733e-07
4.000000000000e-04,1.651080073422e-06
2.400000000000e-03,2.536131427120e-05
4.000000000000e-04,3.411825376752e-06
4.000000000000e-04,2.240224445004e-07
4.000000000000e-04,1.705352540935e-06
1.200000000000e-03,1.139173672945e-05
4.000000000000e-04,2.566104237774e-06
4.000000000000e-04,1.065638223773e-06
4.000000000000e-04,5.340142974403e-07
8.000000000000e-04,5.207808944457e-06
4.000000000000e-04,2.579569936871e-06
4.000000000000e-04,1.607257948931e-07
8.000000000000e-04,8.416779096212e-06
4.000000000000e-04,3.756147966061e-07
4.000000000000e-04,2.374000423869e-06
4.000000000000e-04,1.259730359415e-06
4.000000000000e-04,1.267460423995e-06
4.000000000000e-04,8.689432150535e-07
4.000000000000e-04,4.576453674734e-07
1.200000000000e-03,2.389397849055e-06
4.000000000000e-04,1.164947362268e-06
8.000000000000e-04,6.475903889953e-06
4.000000000000e-04,5.701855395193e-07
4.000000000000e-04,4.123047932199e-07
4.000000000000e-04,5.803683944949e-08
4.000000000000e-04,1.090644740208e-06
4.000000000000e-04,2.394713280626e-06
4.000000000000e-04,1.202089283159e-07
1.200000000000e-03,2.486834831331e-06
4.000000000000e-04,1.047019442196e-06
8.000000000000e-04,2.740771548239e-06
4.000000000000e-04,2.878363311003e-06
4.000000000000e-04,1.186091890356e-06
2.000000000000e-03,1.189861936486e-05
2.000000000000e-03,1.196323313990e-05
4.000000000000e-04,1.064153543003e-07
8.000000000000e-04,6.188746025881e-06
4.000000000000e-04,2.340483109469e-06
4.000000000000e-04,4.366252539817e-06
8.000000000000e-04,4.017068157473e-06
1.200000000000e-03,5.735454427754e-06
4.000000000000e-04,1.147817522226e-06
4.000000000000e-04,4.368657838088e-07
4.000000000000e-04,5.228168648095e-07
1.600000000000e-03,1.686450281887e-05
4.000000000000e-04,1.616078184203e-06
4.000000000000e-04,2.567012697649e-08
4.000000000000e-04,1.137776842867e-06
4.000000000000e-04,2.188623427235e-06
4.000000000000e-04,5.021338599338e-08
2.120000000000e-02,2.195611696506e-04
1.600000000000e-03,1.231965742600e-05
4.000000000000e-04,3.045954710786e-07
4.000000000000e-04,6.241359485984e-07
1.000000000000e-02,1.193217272611e-04
4.000000000000e-04,4.741628496617e-06
1.200000000000e-03,2.833803083154e-06
8.000000000000e-04,1.534229765342e-06
4.000000000000e-04,7.362470716256e-07
4.000000000000e-04,4.746097284105e-07
8.800000000000e-03,8.701392033737e-05
4.000000000000e-04,1.186638975397e-06
4.000000000000e-04,4.536071744914e-06
4.000000000000e-04,4.885370907287e-06
4.000000000000e-04,1.810542130826e-06
2.000000000000e-03,1.423250125658e-05
4.000000000000e-04,1.015965034926e-08
4.000000000000e-04,1.060323197679e-06
4.000000000000e-04,1.497946293313e-06
4.000000000000e-04,5.065365333241e-06
4.000000000000e-03,3.216543206999e-05
4.000000000000e-04,3.476954563153e-07
4.000000000000e-04,4.055297209960e-06
1.200000000000e-03,4.131663420620e-06
4.000000000000e-04,8.467564364448e-08
4.000000000000e-04,4.139564438209e-06
4.000000000000e-04,2.054135881388e-06
4.000000000000e-04,3.347908293919e-07
4.000000000000e-04,4.909908640237e-07
4.000000000000e-04,4.823690266779e-06
4.000000000000e-04,1.496825599010e-07
4.000000000000e-04,1.680974143509e-06
4.000000000000e-04,8.348474561507e-07
4.000000000000e-04,1.508652297049e-06
1.600000000000e-03,7.379136300873e-06
4.000000000000e-04,1.802402507929e-06
1.200000000000e-03,2.508969932071e-06
4.000000000000e-04,5.666969153302e-08
4.000000000000e-04,2.252037122014e-07
1.600000000000e-03,1.190734244949e-05
8.000000000000e-04,9.622141385830e-06
2.440000000000e-02,3.802493768278e-04
4.000000000000e-04,7.128043038140e-08
4.000000000000e-04,1.156488947932e-08
2.000000000000e-03,2.066443861893e-05
4.000000000000e-04,2.869938237726e-06
4.400000000000e-03,2.873347661336e-05
4.000000000000e-04,1.948970645999e-06
4.000000000000e-04,6.195556363072e-07
4.000000000000e-04,4.485453406338e-07
1.600000000000e-03,3.319874530298e-06
8.000000000000e-04,7.868315058353e-06
8.000000000000e-04,1.357066687927e-06
4.000000000000e-04,2.758193489316e-06
8.000000000000e-04,6.572892310412e-06
1.120000000000e-02,1.298855917527e-04
4.000000000000e-04,2.941864578874e-08
2.800000000000e-03,1.927310095005e-05
8.000000000000e-04,2.149529259422e-06
4.000000000000e-04,1.939077580961e-06
4.000000000000e-04,2.548426539712e-06
4.000000000000e-04,1.554721730206e-06
4.000000000000e-04,1.681721909680e-06
4.000000000000e-04,1.222375559385e-06
4.000000000000e-04,3.360664660244e-06
4.000000000000e-04,2.583949884153e-06
4.000000000000e-04,4.539242237569e-06
8.000000000000e-04,6.999911786347e-06
4.000000000000e-04,1.334543754929e-06
8.000000000000e-04,4.298350494870e-07
4.000000000000e-04,4.189882496642e-06
8.000000000000e-04,3.002342877935e-06
1.840000000000e-02,3.757401881186e-04
8.000000000000e-04,6.969611912206e-06
8.000000000000e-04,6.857709910539e-06
4.000000000000e-04,4.800922169928e-06
4.000000000000e-04,1.704586727145e-06
4.000000000000e-04,3.396119903619e-06
4.000000000000e-04,6.220114103169e-07
4.000000000000e-04,2.647670039226e-06
8.000000000000e-04,4.956025655568e-06
1.600000000000e-03,1.004338763412e-05
8.000000000000e-04,4.994739177222e-06
4.000000000000e-04,4.525524036994e-06
4.000000000000e-04,6.923081059297e-07
4.000000000000e-04,1.553090962312e-06
8.000000000000e-03,6.966111703768e-05
4.000000000000e-04,1.623827040458e-06
4.000000000000e-04,4.181421204004e-07
4.000000000000e-04,2.195831366925e-06
4.000000000000e-04,2.493910886248e-06
4.000000000000e-04,2.420425133369e-06
4.000000000000e-04,2.087656024803e-06
2.000000000000e-03,7.770362194855e-06
8.000000000000e-04,2.717398348152e-07
4.000000000000e-04,2.739603554746e-06
4.000000000000e-04,9.999969165717e-07
8.000000000000e-04,2.626821134101e-06
8.000000000000e-03,1.012092189242e-04
4.000000000000e-04,6.708545884811e-07
8.000000000000e-04,1.445228238100e-06
4.000000000000e-04,2.392549571866e-06
4.400000000000e-03,4.516158500004e-05
4.000000000000e-04,4.027472102348e-08
4.000000000000e-04,3.211961636737e-06
4.000000000000e-04,1.456137860968e-07
1.600000000000e-03,1.337754457825e-05
4.000000000000e-04,2.451764378825e-07
4.000000000000e-04,1.571298809018e-06
8.000000000000e-04,4.256389235917e-06
5.600000000000e-03,3.324272415326e-05
1.440000000000e-02,1.401087049279e-04
3.200000000000e-03,2.552422371575e-05
4.000000000000e-04,4.008801319707e-07
2.000000000000e-03,8.172991943629e-06
4.000000000000e-04,6.137292894633e-07
8.000000000000e-04,5.092507652839e-06
2.400000000000e-03,9.185104647596e-06
1.200000000000e-03,4.866843690766e-06
1.200000000000e-03,1.032284901518e-05
1.200000000000e-03,4.845440380288e-06
8.000000000000e-04,5.368380580974e-06
8.000000000000e-04,1.369772044453e-06
4.000000000000e-04,7.531757280942e-06
8.000000000000e-04,5.169721463166e-06
2.000000000000e-03,1.373966581052e-05
4.000000000000e-04,2.077513309110e-07
4.000000000000e-04,2.843605350179e-06
4.000000000000e-04,6.847832380333e-07
8.000000000000e-04,7.144267303979e-06
4.000000000000e-04,3.402333870978e-06
4.000000000000e-04,1.187807634135e-06
4.000000000000e-04,5.575928701861e-07
1.200000000000e-03,1.223609003529e-05
4.000000000000e-04,2.419204348763e-06
2.000000000000e-03,2.005098443572e-05
4.000000000000e-04,1.228550317587e-06
4.000000000000e-04,2.884672547024e-07
4.000000000000e-04,2.781301733665e-06
4.400000000000e-03,2.055042683500e-05
4.000000000000e-04,2.045200735924e-06
1.680000000000e-02,2.721083080834e-04
4.000000000000e-04,1.062555076246e-06
4.000000000000e-04,2.753958848719e-06
4.000000000000e-04,2.241112583616e-06
4.000000000000e-04,8.218179571654e-07
4.000000000000e-04,4.398673723251e-07
8.000000000000e-04,2.721665810173e-06
4.000000000000e-03,4.634145931038e-05
4.000000000000e-04,1.710346517646e-06
4.000000000000e-04,2.442147442293e-06
4.000000000000e-04,6.734081749798e-06
4.000000000000e-04,4.212621585660e-06
4.000000000000e-04,8.367283761993e-07
1.200000000000e-03,4.332030524945e-06
4.000000000000e-04,1.738986251584e-06
4.000000000000e-04,1.237083437032e-06
4.000000000000e-04,9.017869724211e-07
3.200000000000e-03,2.416775950428e-05
4.000000000000e-04,1.011378575188e-06
4.000000000000e-04,8.048382828374e-08
1.200000000000e-03,3.767360864398e-06
4.000000000000e-04,2.026345664074e-07
4.000000000000e-04,2.548136739263e-06
4.000000000000e-04,1.221397316460e-06
4.000000000000e-04,3.937938491186e-06
1.600000000000e-03,4.073611832745e-06
1.200000000000e-03,9.685263371538e-06
4.000000000000e-04,2.084110947554e-06
4.000000000000e-04,6.394449212209e-07
4.000000000000e-04,1.551640466657e-06
8.000000000000e-04,7.161014903996e-06
4.000000000000e-04,1.783410091535e-06
4.000000000000e-04,2.914974068623e-06
4.000000000000e-04,5.915072706709e-07
4.000000000000e-04,3.865766555753e-07
4.000000000000e-04,3.937377511981e-06
3.600000000000e-03,2.346050171886e-05
4.000000000000e-04,1.623738779837e-06
4.000000000000e-04,2.148113550570e-06
2.400000000000e-03,1.798791147901e-05
1.200000000000e-03,1.000692675253e-05
1.600000000000e-03,9.844267670464e-06
3.200000000000e-03,1.383961287945e-05
8.800000000000e-03,8.416475574305e-05
4.000000000000e-04,2.728621819570e-06
4.000000000000e-04,3.745744286898e-09
4.000000000000e-04,6.720207063002e-07
6.800000000000e-03,5.272232820473e-05
4.000000000000e-04,1.463224705933e-06
4.000000000000e-04,2.651065258951e-06
4.000000000000e-04,6.574319489480e-07
4.000000000000e-04,3.435922282545e-07
1.200000000000e-03,5.956566398430e-06
8.000000000000e-04,6.383283769415e-06
2.560000000000e-02,4.855284994482e-04
4.000000000000e-04,1.470596960050e-06
4.000000000000e-04,9.393648233266e-07
2.800000000000e-03,2.323103743922e-05
8.000000000000e-04,5.016270361207e-06
8.000000000000e-04,3.262499675305e-06
4.000000000000e-04,5.365061132523e-06
1.600000000000e-03,8.224705412762e-06
4.000000000000e-04,3.078035252552e-06
4.000000000000e-04,2.938566223462e-06
4.000000000000e-04,1.360631821012e-07
4.000000000000e-04,9.722467234727e-08
4.000000000000e-04,5.233413425539e-07
1.280000000000e-02,1.525044149420e-04
1.200000000000e-03,8.552606998204e-06
1.200000000000e-03,5.597251068221e-06
4.000000000000e-04,2.057988600679e-06
4.000000000000e-04,4.068615816829e-07
4.000000000000e-04,2.052408707769e-06
4.000000000000e-04,1.004555830981e-06
2.800000000000e-03,1.889394240351e-05
4.000000000000e-04,8.773613881307e-07
4.000000000000e-04,7.557558860459e-07
4.000000000000e-04,3.103979686254e-06
1.200000000000e-03,5.335912171750e-06
8.800000000000e-03,1.407934850705e-04
8.000000000000e-04,2.095486872626e-06
1.160000000000e-02,1.929192860676e-04
4.000000000000e-04,9.787776429976e-07
4.000000000000e-04,6.373746997426e-07
4.000000000000e-04,1.089808417132e-06
4.000000000000e-04,7.541217752004e-07
6.000000000000e-03,5.752093984485e-05
4.000000000000e-04,6.315941776410e-06
4.000000000000e-04,3.885144340128e-06
4.000000000000e-04,9.234551065376e-07
4.000000000000e-04,8.609413587267e-07
8.000000000000e-04,9.338090253652e-06
4.000000000000e-04,1.135791371609e-09
4.000000000000e-04,2.348630377739e-06
4.000000000000e-04,1.147915130871e-06
4.000000000000e-04,1.130528937060e-07
1.200000000000e-03,8.656937057076e-06
4.000000000000e-04,6.333235156907e-07
4.000000000000e-04,3.071926160003e-07
4.000000000000e-04,1.367585548900e-06
1.600000000000e-03,2.193429464313e-05
2.800000000000e-03,2.643938948644e-05
1.600000000000e-03,1.007360751980e-05
2.000000000000e-03,2.440453715789e-05
4.000000000000e-04,5.139645242563e-06
4.000000000000e-04,4.709290469502e-06
4.000000000000e-04,2.051760478115e-06
1.600000000000e-03,5.331756489301e-06
8.000000000000e-04,5.545287185904e-06
4.000000000000e-04,7.054417816885e-07
4.000000000000e-04,4.710125955479e-06
8.000000000000e-04,9.720542123717e-06
4.000000000000e-04,8.900768230430e-07
4.000000000000e-04,8.088028836481e-07
4.000000000000e-04,1.934621516336e-06
4.000000000000e-04,7.480206532511e-07
9.600000000000e-03,6.136106516272e-05
4.000000000000e-04,6.014294941675e-07
4.000000000000e-04,3.642923285183e-07
6.000000000000e-03,6.433262482274e-05
1.720000000000e-02,1.908357588276e-04
2.000000000000e-02,2.138265809835e-04
4.000000000000e-04,5.811761830818e-07
4.000000000000e-04,1.958231318552e-06
5.200000000000e-03,5.738457584606e-05
1.200000000000e-03,7.049433976295e-06
8.000000000000e-04,3.486638808239e-06
4.000000000000e-04,3.404177035968e-06
1.200000000000e-03,4.792404619174e-06
4.000000000000e-04,2.746797021169e-06
2.760000000000e-02,5.041980538269e-04
2.520000000000e-02,2.978335299344e-04
8.000000000000e-03,6.468850298845e-05
3.920000000000e-02,5.558316679786e-04
8.000000000000e-04,7.257340059725e-06
8.000000000000e-04,3.061029527499e-06
4.000000000000e-04,5.463319845212e-07
2.000000000000e-03,8.530758493304e-06
4.000000000000e-04,8.062103096740e-09
4.000000000000e-04,4.123638126954e-07
2.000000000000e-03,8.402100781506e-06
4.000000000000e-04,5.643646819075e-07
4.000000000000e-04,7.280446842015e-07
1.120000000000e-02,1.193856631394e-04
4.800000000000e-03,4.715641150357e-05
7.200000000000e-03,8.011941935564e-05
4.000000000000e-04,7.704106795268e-07
4.000000000000e-04,2.371567340729e-07
4.000000000000e-04,1.397617097321e-06
7.680000000000e-02,1.167229543318e-03
5.200000000000e-03,3.058812778840e-05
4.000000000000e-04,1.684816154167e-06
4.000000000000e-04,1.882462860844e-07
1.600000000000e-03,1.019916328989e-05
4.000000000000e-04,4.783392618344e-07
4.000000000000e-04,1.133541683643e-06
4.000000000000e-04,6.889765665727e-07
1.200000000000e-03,3.662066566882e-06
4.000000000000e-04,4.199152050137e-07
4.000000000000e-04,3.592448013627e-06
8.000000000000e-04,2.521856986712e-06
4.000000000000e-04,1.198340543832e-07
1.600000000000e-03,8.779330480697e-06
4.000000000000e-04,3.126976528698e-07
2.000000000000e-03,1.338456636537e-05
4.000000000000e-04,7.206127155538e-07
4.000000000000e-04,1.808904325575e-06
4.000000000000e-04,6.158125355382e-07
4.000000000000e-04,1.517555180882e-06
1.600000000000e-03,8.316585237446e-06
2.800000000000e-03,2.541044403444e-05
4.000000000000e-04,1.513445429783e-06
7.120000000000e-02,8.359837649960e-04
8.000000000000e-04,2.767970774027e-06
4.000000000000e-04,7.974811368418e-07
4.000000000000e-04,7.544099433843e-07
6.000000000000e-03,5.058260370977e-05
2.988000000000e-01,7.174599799484e-03
8.000000000000e-04,2.040859056201e-06
4.000000000000e-04,3.125777381846e-07
4.000000000000e-04,1.837333284621e-06
4.000000000000e-04,6.116144541712e-08
6.400000000000e-03,8.016914700887e-05
4.000000000000e-04,1.924806809823e-08
8.000000000000e-04,3.876092840516e-06
4.000000000000e-04,6.151197029145e-08
1.200000000000e-03,8.360671505891e-06
8.000000000000e-04,1.827804753152e-06
8.000000000000e-04,4.074755325126e-06
4.000000000000e-04,2.304875429285e-07
1.200000000000e-03,5.212545168302e-06
2.800000000000e-03,1.385151233498e-05
1.600000000000e-03,4.944620097117e-06
4.000000000000e-04,9.527234291945e-08
8.000000000000e-04,5.258779639013e-06
1.200000000000e-03,7.897908396719e-06
4.000000000000e-04,1.809664656230e-06
8.000000000000e-04,4.262375225819e-06
1.600000000000e-03,9.726970381035e-06
8.000000000000e-04,1.694251512215e-06
4.000000000000e-04,3.071752033116e-06
4.000000000000e-04,2.134297777037e-06
1.600000000000e-03,5.284186616851e-06
4.000000000000e-04,2.346270704198e-07
4.000000000000e-04,2.032914823923e-06
4.000000000000e-04,1.818976265740e-08
4.000000000000e-04,2.631911286536e-06
8.000000000000e-04,1.918883966855e-06
4.000000000000e-04,2.661025220268e-06
4.000000000000e-04,2.350162463345e-06
1.200000000000e-03,2.774482889802e-06
4.000000000000e-04,5.353062947612e-08
4.000000000000e-04,1.736227491617e-06
4.000000000000e-04,2.473444795064e-07
4.000000000000e-04,2.025957559905e-07
8.000000000000e-04,5.974970610055e-06
4.400000000000e-02,6.485133213253e-04
4.000000000000e-04,1.997122748382e-06
4.000000000000e-04,2.415086129337e-06
1.200000000000e-03,7.396421349093e-06
4.056000000000e-01,9.023545327976e-03
4.000000000000e-04,3.243590248796e-06
4.000000000000e-04,1.748182729749e-06
4.000000000000e-04,8.106688852192e-07
8.400000000000e-03,6.314800705142e-05
4.000000000000e-04,3.238625213622e-07
1.200000000000e-03,3.543577629496e-06
4.000000000000e-04,7.372222054810e-07
4.000000000000e-04,3.243277449764e-06
4.000000000000e-04,1.588378473393e-06
4.000000000000e-04,2.783369533623e-06
4.000000000000e-04,1.108595915577e-06
4.000000000000e-04,6.573229639338e-07
4.000000000000e-04,2.430106266189e-06
4.000000000000e-04,1.218039854629e-06
4.000000000000e-04,4.379408759748e-07
4.160000000000e-02,4.453159083835e-04
5.200000000000e-03,4.663593290903e-05
4.000000000000e-04,4.728265334681e-07
8.000000000000e-04,2.229772688459e-06
8.800000000000e-03,8.457180038872e-05
4.000000000000e-04,1.750680473893e-06
4.000000000000e-04,1.008897569129e-06
4.000000000000e-04,3.271532210975e-06
4.000000000000e-04,3.083872651585e-08
4.000000000000e-04,6.458823835277e-07
4.000000000000e-04,3.051355415467e-06
4.000000000000e-04,7.127145287882e-07
4.000000000000e-04,3.096644871292e-08
4.000000000000e-04,8.243005678137e-07
4.000000000000e-04,1.285256449039e-06
4.000000000000e-04,3.839913199003e-07
4.000000000000e-04,1.252621584055e-07
4.000000000000e-04,2.859601415957e-06
4.000000000000e-04,2.586310480368e-07
8.000000000000e-04,1.581503861175e-06
4.000000000000e-04,2.392855421205e-07
2.000000000000e-03,1.263167825628e-05
1.200000000000e-03,1.067184815925e-05
1.200000000000e-03,2.960686672705e-06
4.000000000000e-04,2.845538133464e-06
4.000000000000e-04,4.870352379351e-07
4.000000000000e-04,1.192260872369e-06
4.000000000000e-04,6.403860274243e-07
4.000000000000e-04,3.674383537662e-07
1.600000000000e-03,4.854799966980e-06
8.000000000000e-04,6.950659233235e-06
4.000000000000e-04,4.424071107595e-07
8.000000000000e-04,5.966665642316e-06
4.000000000000e-04,2.270430018187e-06
4.000000000000e-04,1.606295331730e-06
4.000000000000e-04,2.689575711181e-06
3.200000000000e-03,1.954988618193e-05
4.000000000000e-04,1.103544890504e-06
4.000000000000e-04,2.832209030919e-07
4.000000000000e-04,1.457936801653e-06
4.000000000000e-04,4.808672073112e-06
8.000000000000e-04,2.905004220863e-06
8.000000000000e-04,4.597647625987e-06
4.000000000000e-04,8.009983357732e-07
4.000000000000e-04,1.440670786983e-07
4.000000000000e-04,1.055753590735e-06
2.000000000000e-03,7.866002811594e-06
1.200000000000e-03,1.271771960616e-06
4.000000000000e-04,2.288722875118e-07
8.000000000000e-04,3.274596811949e-06
4.000000000000e-04,1.376180104148e-06
6.000000000000e-03,5.958238422350e-05
4.000000000000e-04,2.609873513618e-06
4.000000000000e-04,3.554356263109e-07
4.000000000000e-04,2.889923866325e-06
1.200000000000e-03,1.982632056426e-06
4.000000000000e-04,6.082044928740e-07
4.000000000000e-04,1.284512864940e-06
4.000000000000e-03,3.168147489369e-05
4.000000000000e-04,1.930954785340e-06
4.000000000000e-04,1.860348412675e-06
4.000000000000e-04,4.514071269730e-07
4.000000000000e-04,2.071269047814e-07
4.800000000000e-03,1.641838199312e-05
4.000000000000e-04,1.748488871575e-06
4.000000000000e-04,8.459241738964e-07
4.000000000000e-04,1.149860861965e-06
4.000000000000e-04,1.193923668751e-06
4.000000000000e-04,1.001654560356e-06
1.200000000000e-03,1.505615632384e-06
4.000000000000e-04,2.480182300501e-07
4.000000000000e-04,2.870307152531e-06
8.000000000000e-04,6.797683633693e-06
4.000000000000e-04,4.195069703938e-06
1.200000000000e-03,6.671138100713e-06
1.200000000000e-03,5.947982063292e-06
1.200000000000e-03,5.035383947712e-06
4.000000000000e-04,2.335208804767e-06
1.200000000000e-03,5.169593312939e-06
2.800000000000e-03,1.945307468516e-05
8.000000000000e-04,1.420671011463e-06
2.400000000000e-03,9.457368700401e-06
4.000000000000e-04,2.374664881625e-08
4.000000000000e-04,5.577049501061e-07
2.400000000000e-03,8.602491898489e-06
4.000000000000e-04,1.160823604987e-08
4.000000000000e-04,1.851727184609e-06
2.000000000000e-03,7.783800903763e-06
1.200000000000e-03,7.571358989809e-06
1.200000000000e-03,2.808040808020e-06
4.000000000000e-04,2.518310318916e-07
4.000000000000e-04,8.341100443204e-07
3.200000000000e-03,1.044408702520e-05
4.000000000000e-04,6.701284917097e-08
8.000000000000e-04,3.950424545677e-06
4.000000000000e-03,2.933274508162e-05
4.000000000000e-04,9.355869423847e-07
4.000000000000e-04,4.765918595642e-07
4.000000000000e-04,2.727540148913e-06
4.000000000000e-04,9.760527838230e-08
4.000000000000e-04,5.789145524581e-07
2.000000000000e-03,1.198620403260e-05
4.000000000000e-04,8.969522181396e-07
5.600000000000e-03,6.959919446269e-05
1.600000000000e-03,7.614436757176e-06
4.000000000000e-04,6.080621352745e-08
4.000000000000e-04,1.041618449859e-06
1.600000000000e-03,5.722311005384e-06
4.000000000000e-04,3.358650224147e-08
4.000000000000e-04,2.961048712529e-06
4.000000000000e-04,3.696297882077e-06
4.000000000000e-04,1.825178373634e-07
8.000000000000e-04,3.390137518905e-06
4.000000000000e-04,1.801381943419e-06
4.000000000000e-04,1.918449934970e-06
4.000000000000e-04,2.674741738680e-07
4.000000000000e-04,1.953163333604e-07
4.000000000000e-04,7.275980653056e-07
1.200000000000e-03,2.821475403678e-06
4.000000000000e-04,4.150547885594e-07
4.000000000000e-04,2.106943806545e-07
2.400000000000e-03,1.452183491100e-05
4.000000000000e-04,4.679091169290e-07
4.000000000000e-04,1.099502006753e-06
1.600000000000e-03,6.352679273815e-06
4.000000000000e-04,2.280476390317e-06
8.000000000000e-04,2.395795190198e-06
5.200000000000e-03,4.066003037655e-05
4.000000000000e-04,2.372282698921e-06
4.000000000000e-04,7.692038020838e-07
4.000000000000e-04,1.113232051278e-06
1.200000000000e-03,5.170526989303e-06
4.000000000000e-04,3.310904570370e-06
7.280000000000e-02,1.044986111452e-03
6.800000000000e-03,3.129064812801e-05
4.000000000000e-04,1.334934145995e-06
4.000000000000e-04,1.837901198221e-07
1.200000000000e-03,1.292678543499e-06
4.000000000000e-04,1.137159377792e-06
2.800000000000e-03,1.325280530456e-05
2.400000000000e-03,1.025152373200e-05
8.000000000000e-04,6.093046996653e-06
1.600000000000e-03,1.686165439131e-05
4.000000000000e-04,7.173916645455e-07
4.000000000000e-04,3.775957925328e-06
4.000000000000e-04,1.050555558407e-07
4.000000000000e-04,2.078960314708e-07
8.000000000000e-04,3.690344269341e-06
4.000000000000e-04,1.667368871673e-06
2.000000000000e-03,8.588772974392e-06
8.000000000000e-04,6.857423997749e-07
1.200000000000e-03,6.779391335860e-06
1.200000000000e-03,1.974079844122e-06
4.000000000000e-04,3.433487100604e-06
8.000000000000e-04,1.190968213364e-06
1.680000000000e-02,2.005991788250e-04
4.000000000000e-04,7.346681386559e-07
4.000000000000e-04,7.198580870641e-07
2.000000000000e-03,5.761228828786e-06
8.000000000000e-04,1.251705179936e-06
1.200000000000e-03,5.929327751499e-06
1.600000000000e-03,1.025841427773e-05
4.000000000000e-04,2.832754552555e-06
4.000000000000e-04,2.540619681075e-06
4.000000000000e-04,1.631186645294e-06
7.600000000000e-03,5.940162231714e-05
4.000000000000e-04,1.004847968255e-06
4.000000000000e-04,4.409204526801e-07
8.000000000000e-04,3.376317427383e-06
4.000000000000e-04,1.112657506894e-06
4.000000000000e-04,7.929420199848e-07
4.000000000000e-04,9.600631824441e-07
8.000000000000e-04,5.476816748070e-06
4.000000000000e-04,8.694246274741e-07
4.000000000000e-04,1.392582728995e-06
2.400000000000e-03,1.648879126793e-05
4.000000000000e-04,2.419097674784e-06
1.600000000000e-03,9.019239170943e-06
4.000000000000e-04,2.830745798836e-06
4.000000000000e-04,7.316120007350e-07
1.400000000000e-02,1.079615335036e-04
2.000000000000e-03,3.825797247371e-06
8.000000000000e-04,2.632824803673e-06
4.000000000000e-04,1.513343162297e-06
4.000000000000e-04,1.817496176081e-06
7.200000000000e-03,4.061045831001e-05
4.000000000000e-04,1.499444422158e-06
4.000000000000e-04,1.386144050805e-06
4.000000000000e-04,1.090652348967e-06
8.000000000000e-04,1.032010966040e-06
1.600000000000e-03,8.749382092813e-06
4.000000000000e-04,9.215812106694e-07
2.000000000000e-03,1.816270141908e-05
4.000000000000e-04,5.055961702628e-07
1.200000000000e-03,6.937473139322e-06
4.000000000000e-04,2.254884845945e-08
4.000000000000e-04,2.296423521645e-06
4.000000000000e-04,2.962705677634e-06
4.000000000000e-04,2.670549091681e-06
4.000000000000e-04,5.728814840239e-07
1.200000000000e-03,5.492584533430e-06
4.000000000000e-04,2.996767078323e-06
4.000000000000e-04,7.476121059351e-07
8.000000000000e-04,7.426874603150e-07
5.600000000000e-03,2.809741792464e-05
4.000000000000e-04,8.344188973527e-07
5.200000000000e-03,3.947453134627e-05
4.000000000000e-04,3.800854708574e-06
4.000000000000e-04,1.995705921188e-06
1.200000000000e-03,4.105181991016e-06
4.000000000000e-04,7.681014096928e-07
8.000000000000e-04,5.592518087649e-06
4.000000000000e-04,2.617480785652e-07
4.400000000000e-03,1.547368372144e-05
8.000000000000e-04,8.969049350101e-07
2.000000000000e-03,6.383475883930e-06
4.000000000000e-04,1.681467392882e-06
8.000000000000e-04,5.201113522543e-06
1.160000000000e-02,8.621039956940e-05
3.600000000000e-03,1.977971197015e-05
4.000000000000e-04,2.272762784965e-06
1.600000000000e-03,9.477758014141e-06
4.000000000000e-04,6.797691510587e-07
1.200000000000e-03,5.624897209378e-06
4.000000000000e-04,3.576185135702e-07
8.000000000000e-04,9.502352754881e-07
2.800000000000e-03,1.518757967726e-05
4.000000000000e-04,1.242163940788e-07
4.000000000000e-04,9.391431407627e-07
4.000000000000e-04,3.003796237873e-07
1.200000000000e-03,2.783487802714e-06
1.200000000000e-03,8.387343646527e-06
8.000000000000e-04,5.755249143615e-06
4.000000000000e-04,1.592117868652e-06
8.000000000000e-04,5.985094387179e-06
4.000000000000e-04,9.314423760346e-07
2.000000000000e-03,3.086282382304e-06
8.000000000000e-04,5.002778130245e-06
7.600000000000e-03,7.625282431639e-05
4.000000000000e-04,2.801028556136e-07
8.000000000000e-04,5.007290701394e-06
2.000000000000e-03,1.140750909357e-05
4.000000000000e-04,3.004994868152e-07
4.000000000000e-04,2.678878602724e-07
4.000000000000e-04,2.376419672986e-06
4.000000000000e-04,2.215575865210e-07
4.000000000000e-04,3.785569090161e-07
3.600000000000e-03,2.452445197081e-05
1.600000000000e-03,6.881339156355e-06
1.600000000000e-03,1.066207408981e-05
4.000000000000e-04,2.959654310255e-06
1.600000000000e-03,1.763705490772e-06
4.000000000000e-04,8.237224820069e-08
1.600000000000e-03,1.178751453270e-05
4.000000000000e-04,2.379201419811e-07
4.000000000000e-04,7.381653608325e-07
8.000000000000e-04,2.076933464864e-06
8.000000000000e-04,1.742763473011e-06
4.000000000000e-04,2.363148681169e-06
1.200000000000e-03,2.346434704167e-06
1.200000000000e-03,5.367250921041e-06
8.400000000000e-03,5.404900511155e-05
8.000000000000e-04,8.348082371967e-06
8.400000000000e-03,5.214729251895e-05
4.000000000000e-04,9.079601508375e-07
4.000000000000e-04,1.047415478861e-06
4.000000000000e-04,1.011736568634e-06
4.000000000000e-04,9.319240728877e-07
4.000000000000e-04,8.749092239234e-07
3.200000000000e-03,2.278656998961e-05
2.400000000000e-03,1.571068219596e-05
4.000000000000e-04,1.829159205897e-06
8.000000000000e-04,1.810164611953e-06
4.000000000000e-04,9.719043273883e-07
4.000000000000e-04,2.838798447292e-06
4.000000000000e-04,1.452180142527e-06
4.000000000000e-04,3.117209209472e-07
8.000000000000e-04,7.437960560842e-07
4.000000000000e-04,7.733950437669e-07
8.000000000000e-04,5.654484250036e-06
4.000000000000e-04,2.187315115192e-06
3.200000000000e-03,1.998042120763e-05
4.000000000000e-04,2.521271604126e-07
4.000000000000e-04,4.380150309272e-07
4.000000000000e-04,7.010754373210e-07
1.600000000000e-03,1.005576652280e-05
4.000000000000e-04,5.066714939328e-07
1.200000000000e-03,3.517496274999e-06
4.000000000000e-04,7.304379150401e-08
4.000000000000e-04,1.036543461634e-06
4.000000000000e-04,1.384822721075e-06
8.000000000000e-04,2.062695899520e-06
4.000000000000e-04,4.244581860108e-07
4.000000000000e-04,7.863019903746e-07
8.000000000000e-04,4.794497583410e-06
2.000000000000e-03,1.444902168786e-05
4.000000000000e-04,2.622946206396e-06
1.200000000000e-03,5.534151867601e-06
1.200000000000e-03,9.784545536539e-06
8.000000000000e-04,4.463345220486e-06
4.000000000000e-04,3.985118927999e-06
4.000000000000e-04,1.249229605579e-06
4.000000000000e-04,3.871534364739e-08
2.000000000000e-03,1.663462755123e-05
8.800000000000e-03,7.540975953583e-05
4.000000000000e-04,2.898032033093e-06
4.000000000000e-04,2.791958365313e-06
4.000000000000e-04,2.267673195806e-07
4.000000000000e-04,2.656431254598e-06
4.000000000000e-04,5.522066975204e-06
4.000000000000e-04,2.996091162716e-06
4.000000000000e-04,4.533793644991e-07
4.000000000000e-04,1.103704454231e-06
4.000000000000e-04,2.006717361263e-06
4.000000000000e-04,2.193204359664e-06
4.000000000000e-04,1.980380713818e-06
4.000000000000e-04,2.503513646177e-06
4.000000000000e-04,5.749959084317e-07
1.600000000000e-03,5.007854885527e-06
1.200000000000e-03,4.489093398532e-06
1.600000000000e-03,9.584629685474e-06
4.000000000000e-04,9.133135038467e-07
4.000000000000e-04,1.024450586363e-07
4.000000000000e-04,1.438663182021e-06
4.000000000000e-04,1.462420158425e-06
4.000000000000e-04,1.955279864249e-06
4.000000000000e-04,2.175071952140e-06
2.440000000000e-02,2.390420739309e-04
4.000000000000e-04,1.626320352786e-06
4.000000000000e-04,1.093310883163e-06
1.560000000000e-02,1.073744525713e-04
2.400000000000e-03,1.726634277776e-05
4.000000000000e-04,5.606708106063e-07
4.000000000000e-04,5.085544242438e-07
4.000000000000e-04,1.658304386828e-07
8.000000000000e-04,1.933205741270e-06
4.000000000000e-04,1.182740666286e-06
4.000000000000e-04,1.122410011631e-06
4.800000000000e-03,2.805940432203e-05
4.000000000000e-04,2.145608764108e-06
4.000000000000e-04,9.820032091315e-07
1.200000000000e-03,2.219067653802e-06
4.000000000000e-04,1.081358502934e-06
8.000000000000e-04,2.315103704202e-06
4.000000000000e-04,5.108708133388e-07
4.000000000000e-04,2.822085364722e-06
4.000000000000e-04,9.284304861486e-07
4.000000000000e-04,8.951911493562e-08
4.000000000000e-04,3.913571492134e-07
4.000000000000e-04,2.068662654287e-09
4.000000000000e-04,8.993925995928e-07
4.000000000000e-04,1.837091102359e-06
4.000000000000e-04,9.929580471298e-07
4.000000000000e-04,3.731018407019e-07
4.000000000000e-04,8.996827908205e-07
4.000000000000e-04,4.015191653959e-07
4.000000000000e-04,4.138969986045e-07
4.000000000000e-04,1.458619921280e-06
4.000000000000e-04,2.963261957009e-08
4.000000000000e-04,1.977284124975e-07
4.000000000000e-04,7.951267666034e-07
2.800000000000e-03,1.971991428484e-05
1.200000000000e-03,2.993852615093e-06
4.000000000000e-04,8.172615748764e-07
2.000000000000e-03,7.085914801357e-06
4.000000000000e-04,2.457878545790e-06
4.000000000000e-04,1.191242705061e-06
4.000000000000e-04,1.110422332854e-06
1.200000000000e-03,1.582496129629e-05
8.000000000000e-04,3.309351003548e-06
2.000000000000e-03,1.122159969401e-05
4.000000000000e-04,4.431338113498e-08
1.600000000000e-03,8.906504788964e-06
2.000000000000e-03,1.629523690193e-05
8.000000000000e-04,2.631575541283e-06
4.000000000000e-04,3.019012069577e-07
4.000000000000e-04,2.732131560976e-07
4.000000000000e-04,6.041445326249e-08
1.600000000000e-03,1.632962401634e-05
4.000000000000e-04,3.330613832282e-06
4.000000000000e-04,5.159717098803e-07
4.000000000000e-04,3.179521996423e-06
4.000000000000e-04,1.221472770708e-06
8.000000000000e-04,6.124248284946e-06
2.800000000000e-03,1.773875637054e-05
4.000000000000e-04,5.061579159289e-07
8.400000000000e-03,6.017980896210e-05
4.000000000000e-04,3.251558612277e-06
4.000000000000e-04,2.877458470599e-07
4.000000000000e-04,9.679133568405e-07
4.000000000000e-04,2.266603614364e-06
4.000000000000e-04,1.316907019109e-06
4.000000000000e-04,3.421638921789e-07
4.000000000000e-04,1.267454094478e-06
1.160000000000e-02,1.170414018950e-04
4.000000000000e-04,2.508503828229e-06
4.000000000000e-04,3.420594846968e-06
4.000000000000e-04,1.003342034068e-06
1.200000000000e-03,1.805410652373e-06
8.000000000000e-04,3.890189572598e-07
4.000000000000e-04,2.941556350028e-06
4.000000000000e-04,1.034186820220e-06
4.000000000000e-04,5.606815909109e-07
4.000000000000e-04,1.861993384155e-06
4.000000000000e-04,1.994183824486e-06
2.000000000000e-03,1.776646177233e-05
4.000000000000e-04,2.375020282948e-07
2.400000000000e-03,7.726488675882e-06
3.200000000000e-03,1.917211549779e-05
4.000000000000e-04,1.057590512558e-06
8.000000000000e-04,3.588539024804e-06
4.000000000000e-04,1.957888101040e-06
8.000000000000e-04,2.640348647799e-06
8.000000000000e-04,2.030564749627e-06
8.000000000000e-04,5.277680402481e-06
1.600000000000e-03,1.066245584546e-05
1.080000000000e-02,9.658974693366e-05
4.000000000000e-04,2.614644414647e-06
3.960000000000e-02,4.469999005016e-04
1.200000000000e-03,8.940655657293e-06
1.200000000000e-03,3.648051380103e-06
1.200000000000e-03,4.627429693755e-06
4.000000000000e-04,3.711886976844e-07
8.000000000000e-04,2.909338960363e-06
4.000000000000e-04,1.350567074003e-07
4.000000000000e-04,6.144657823286e-07
8.000000000000e-04,4.042397146557e-06
8.000000000000e-04,2.138557703492e-06
4.000000000000e-04,1.537780247877e-06
8.000000000000e-04,2.275551230429e-06
2.000000000000e-03,1.342830914578e-05
8.000000000000e-04,9.370848684079e-07
4.000000000000e-04,6.272766589991e-08
4.000000000000e-04,1.592272950611e-06
2.000000000000e-03,1.075293464186e-05
4.000000000000e-04,5.370695188679e-07
8.000000000000e-04,8.593403258455e-07
4.000000000000e-04,1.928397694828e-06
4.000000000000e-04,4.616931210918e-07
4.000000000000e-04,2.257144820642e-06
3.176000000000e-01,8.277884416443e-03
4.000000000000e-04,2.991960161358e-07
2.400000000000e-03,7.690550626863e-06
4.000000000000e-04,1.266764205258e-06
4.000000000000e-04,3.797808111974e-07
4.000000000000e-04,7.650023731807e-07
4.000000000000e-04,5.271832262522e-07
4.000000000000e-04,7.019799392178e-07
4.000000000000e-04,3.468844630327e-06
4.000000000000e-04,3.212530016008e-06
4.000000000000e-04,1.939547104374e-06
4.000000000000e-04,3.026134992168e-06
4.000000000000e-04,2.775891442829e-07
4.000000000000e-04,2.071280721189e-06
4.000000000000e-04,1.729710140776e-06
4.000000000000e-04,4.077138234178e-07
4.000000000000e-04,5.060362287187e-07
4.000000000000e-04,1.025967982654e-06
1.600000000000e-03,6.953983827689e-06
8.000000000000e-04,1.679297444133e-06
4.000000000000e-04,1.053061399055e-06
4.000000000000e-04,2.282781448107e-07
4.000000000000e-04,1.915035982111e-06
4.000000000000e-04,5.610073299637e-07
4.000000000000e-04,3.207790864150e-06
8.000000000000e-04,2.600673910340e-06
4.000000000000e-04,2.560668909214e-06
4.000000000000e-04,2.988435571156e-06
4.000000000000e-04,3.696591297252e-07
4.000000000000e-04,1.981986079721e-06
4.000000000000e-04,2.403923354673e-06
7.200000000000e-03,4.514597017421e-05
2.400000000000e-03,1.144177332084e-05
4.000000000000e-04,6.348284984530e-07
4.000000000000e-04,2.195883918226e-06
8.000000000000e-04,2.805116209031e-06
4.000000000000e-04,2.304908530908e-06
4.000000000000e-04,5.468356600109e-07
4.000000000000e-04,4.449651982907e-07
4.000000000000e-04,3.739245133617e-07
8.000000000000e-04,4.133788685851e-06
1.200000000000e-03,7.116734854136e-06
4.000000000000e-04,4.594536959580e-07
4.000000000000e-04,3.635689978721e-06
4.000000000000e-04,2.108513177217e-06
4.000000000000e-04,8.875259017670e-07
4.000000000000e-04,9.726547011834e-07
4.000000000000e-04,2.210316802725e-06
4.000000000000e-04,1.429856702714e-06
1.200000000000e-03,7.040590613477e-06
1.200000000000e-03,2.034628580025e-06
4.000000000000e-04,5.741412948712e-08
4.000000000000e-04,4.325947767975e-07
4.000000000000e-04,6.820148360825e-07
8.000000000000e-04,2.439023751852e-06
4.000000000000e-04,9.593029631793e-07
4.000000000000e-04,2.602776407437e-07
4.000000000000e-04,1.896800090878e-06
1.600000000000e-03,7.049528511144e-06
4.000000000000e-04,5.786971896996e-07
8.000000000000e-04,3.587590618651e-06
8.000000000000e-04,1.465314405973e-06
4.000000000000e-04,2.935014795499e-07
8.000000000000e-04,2.992857126186e-06
1.920000000000e-02,2.615284678498e-04
4.000000000000e-04,6.271594047850e-07
4.000000000000e-04,5.331581970667e-08
8.000000000000e-04,1.715039865710e-06
2.000000000000e-03,1.269813461603e-05
4.000000000000e-04,1.480620409707e-06
1.200000000000e-03,7.877905381325e-06
1.600000000000e-03,6.915655066255e-06
1.200000000000e-03,3.389322095940e-06
4.000000000000e-04,7.791017377754e-07
4.000000000000e-04,4.327939888344e-07
8.000000000000e-04,1.755149159315e-06
4.000000000000e-04,2.250756801390e-06
4.000000000000e-04,9.384312369162e-07
4.000000000000e-04,1.293091287757e-06
1.200000000000e-03,3.223911618838e-06
8.000000000000e-04,1.576904987044e-06
4.000000000000e-04,2.169394715425e-06
4.000000000000e-04,5.361995814944e-08
4.000000000000e-04,1.410344116313e-06
4.000000000000e-03,2.290579479760e-05
4.000000000000e-04,2.075372989321e-06
4.000000000000e-04,1.377987905043e-06
8.000000000000e-04,3.476002468287e-06
3.600000000000e-03,2.513540999252e-05
1.600000000000e-03,2.121115023798e-06
4.000000000000e-04,4.123482098321e-07
4.000000000000e-04,1.125207211531e-07
1.200000000000e-03,4.983906439926e-06
8.000000000000e-04,3.434478210119e-06
4.000000000000e-04,9.780460310170e-07
8.000000000000e-04,1.702967731159e-06
4.000000000000e-04,1.192382046826e-06
1.200000000000e-03,2.230349517903e-06
4.000000000000e-04,1.368441108719e-07
1.200000000000e-03,3.491173092886e-06
4.000000000000e-04,3.246420397164e-06
4.000000000000e-04,7.903879708230e-07
1.200000000000e-03,4.686760061513e-06
4.000000000000e-04,1.545122122689e-06
4.000000000000e-04,1.491447210558e-06
5.600000000000e-03,4.937494680231e-05
3.200000000000e-03,1.881312259791e-05
6.800000000000e-03,5.712368925266e-05
2.400000000000e-03,8.324462022097e-06
1.200000000000e-03,1.695515554973e-06
4.000000000000e-04,1.330583313098e-06
1.200000000000e-03,4.538967819031e-06
4.000000000000e-04,1.600659201442e-06
4.880000000000e-02,6.242436712940e-04
2.000000000000e-03,1.450099786587e-05
4.000000000000e-04,8.368526738635e-07
4.400000000000e-03,2.755201463571e-05
8.000000000000e-04,5.930205550446e-06
3.600000000000e-03,3.493358574445e-05
8.000000000000e-04,3.588705699983e-06
8.000000000000e-04,9.791405383203e-07
4.000000000000e-04,2.053659692449e-06
4.000000000000e-04,7.213069355951e-07
4.000000000000e-04,1.408903467040e-06
4.000000000000e-04,2.826761677057e-06
8.000000000000e-04,7.032133008693e-06
8.000000000000e-04,2.760207894749e-06
4.000000000000e-04,6.788112204892e-07
4.000000000000e-04,1.973798588082e-07
4.000000000000e-04,7.792535251133e-08
4.000000000000e-04,2.133467103000e-06
4.000000000000e-04,1.656523646439e-06
4.000000000000e-04,8.687049338009e-07
4.000000000000e-04,1.871470477024e-07
4.000000000000e-04,3.096119593742e-07
1.600000000000e-03,4.704289284017e-06
2.000000000000e-03,4.443904526829e-06
4.000000000000e-04,1.892329283723e-07
4.000000000000e-04,3.037312815909e-07
2.000000000000e-03,1.116932367110e-05
4.000000000000e-04,5.806597482120e-07
4.000000000000e-04,1.143515288862e-07
8.000000000000e-04,4.157786505182e-06
8.000000000000e-04,1.660243223345e-06
8.000000000000e-04,1.916835031021e-06
3.200000000000e-03,1.806104242872e-05
4.000000000000e-04,5.208274404707e-06
4.000000000000e-04,5.100891663408e-06
4.000000000000e-04,2.130581848245e-06
8.000000000000e-04,2.247167416448e-06
2.400000000000e-03,1.203888460932e-05
4.000000000000e-04,2.675716975202e-07
8.000000000000e-04,3.050429149070e-06
8.000000000000e-04,2.006371895827e-06
4.000000000000e-04,3.306500256421e-07
4.000000000000e-04,1.087412514944e-06
7.600000000000e-03,5.712271303733e-05
4.000000000000e-04,1.464746307583e-07
4.000000000000e-04,6.926878761766e-07
1.240000000000e-02,6.758124174289e-05
8.000000000000e-04,3.813725842909e-06
8.000000000000e-04,5.371266008142e-06
3.200000000000e-03,2.223454508678e-05
2.000000000000e-03,6.764322818253e-06
4.000000000000e-04,6.209420433011e-07
4.000000000000e-04,5.789826007727e-07
2.400000000000e-03,1.214916759630e-05
1.200000000000e-03,5.174303228676e-06
3.200000000000e-03,1.333458965999e-05
5.600000000000e-03,3.895921166268e-05
4.000000000000e-04,8.478220060206e-07
4.000000000000e-03,1.742293451339e-05
2.000000000000e-03,1.165075212493e-05
4.000000000000e-04,9.280537725813e-07
4.000000000000e-04,9.060340321561e-08
1.200000000000e-03,1.059696678045e-05
4.000000000000e-04,1.420562634878e-06
2.440000000000e-02,2.717268746970e-04
4.000000000000e-04,6.877478926646e-07
4.000000000000e-04,1.660251907307e-06
1.200000000000e-03,8.537518346709e-06
4.000000000000e-04,3.703073509727e-07
4.000000000000e-04,3.612173442491e-06
4.320000000000e-02,7.808165618267e-04
4.000000000000e-04,2.963720430686e-07
1.480000000000e-02,8.126332477567e-05
4.000000000000e-04,1.203416357886e-06
4.000000000000e-04,2.414685333332e-06
4.000000000000e-04,1.551269211492e-06
4.000000000000e-04,4.161151420199e-07
4.000000000000e-04,4.319673297070e-07
2.000000000000e-03,1.283795100925e-05
4.000000000000e-04,3.787632569025e-06
4.000000000000e-04,2.133537318914e-06
4.000000000000e-04,3.597695360173e-07
4.000000000000e-04,2.730299572864e-07
4.000000000000e-04,2.032710438207e-06
8.000000000000e-04,2.750754163619e-06
4.000000000000e-04,5.554385126106e-07
4.000000000000e-04,4.297568956939e-07
8.000000000000e-04,3.666565818700e-06
9.600000000000e-03,4.879055690891e-05
4.000000000000e-04,1.335025991408e-06
1.600000000000e-03,6.833742793102e-06
4.000000000000e-04,3.334611925509e-06
4.000000000000e-04,1.289965894881e-06
4.000000000000e-04,5.976509882147e-06
8.000000000000e-04,1.404658943788e-07
1.200000000000e-03,4.149092839277e-06
8.000000000000e-04,6.014537451433e-06
1.600000000000e-03,4.183212479688e-06
4.000000000000e-04,1.337471915539e-06
4.000000000000e-04,2.120373068597e-06
4.000000000000e-03,4.368612344884e-05
4.000000000000e-04,2.593665941555e-06
2.400000000000e-02,2.365943810853e-04
4.000000000000e-04,9.153135674686e-07
1.600000000000e-03,4.196183411716e-06
8.000000000000e-04,1.307457531407e-06
4.000000000000e-04,5.666789570483e-08
1.600000000000e-03,7.727491665769e-06
2.000000000000e-03,1.173974118634e-05
3.200000000000e-03,1.410423094636e-05
1.600000000000e-03,1.146767309606e-05
4.000000000000e-04,7.030846039829e-07
1.200000000000e-03,6.244595982945e-06
4.000000000000e-04,1.378046264793e-06
4.400000000000e-03,3.317140783718e-05
1.200000000000e-03,5.227541025874e-06
8.000000000000e-04,2.152148503419e-06
4.000000000000e-04,1.680090003399e-06
8.000000000000e-04,1.652805511221e-06
8.000000000000e-04,4.326800855309e-06
4.000000000000e-04,2.090525091308e-06
1.200000000000e-03,1.112630127445e-06
4.000000000000e-04,8.707806407637e-07
4.000000000000e-04,1.034641479830e-06
4.000000000000e-04,1.354457787866e-06
4.000000000000e-04,4.928272047627e-07
4.000000000000e-04,1.730331455178e-06
4.000000000000e-04,1.869517966468e-07
4.000000000000e-04,1.683205429191e-07
4.000000000000e-04,3.495865295038e-07
4.000000000000e-04,1.843938244986e-07
4.000000000000e-04,7.801030953172e-07
4.000000000000e-04,7.228933572125e-07
4.000000000000e-04,9.455995429149e-07
4.000000000000e-04,5.807418227696e-08
4.000000000000e-04,5.408009330097e-07
4.000000000000e-04,5.562429738174e-07
1.040000000000e-02,9.695932187571e-05
4.000000000000e-04,2.471685980561e-07
4.000000000000e-04,3.707780592566e-09
3.600000000000e-03,2.005778599286e-05
2.400000000000e-03,6.008427174049e-06
1.200000000000e-03,2.710999787140e-06
4.000000000000e-04,1.531074994064e-06
4.000000000000e-04,1.144696807889e-06
1.200000000000e-03,3.767869733658e-06
8.760000000000e-02,9.578809109730e-04
4.000000000000e-04,1.927409634877e-06
6.000000000000e-03,5.663822990767e-05
4.000000000000e-04,6.492474430266e-07
1.200000000000e-03,4.686123767516e-06
4.000000000000e-04,3.567732376461e-07
4.000000000000e-04,9.226318698334e-08
1.200000000000e-03,5.194779298560e-06
4.000000000000e-04,5.732332638803e-07
4.000000000000e-04,4.544839009477e-07
4.000000000000e-04,5.449814529629e-07
1.200000000000e-03,5.658789088801e-06
4.000000000000e-04,1.656849648690e-07
4.000000000000e-04,2.699889062235e-06
4.000000000000e-04,2.417934581728e-06
2.800000000000e-03,7.248748120489e-06
4.000000000000e-04,3.330835057980e-06
4.000000000000e-04,2.817367363412e-06
1.200000000000e-03,3.124363899515e-06
4.000000000000e-04,5.316258952224e-07
4.000000000000e-04,1.301126201062e-06
4.000000000000e-04,8.132699249388e-07
4.000000000000e-04,8.923830548906e-08
4.000000000000e-04,4.405826488581e-07
4.000000000000e-04,1.757391749846e-06
4.000000000000e-04,5.394250638593e-07
4.000000000000e-04,5.249951131527e-07
4.000000000000e-04,9.765858213414e-07
2.000000000000e-03,1.720149096827e-05
8.000000000000e-04,3.257416714455e-06
6.000000000000e-03,7.695196980052e-05
4.000000000000e-04,5.752941445603e-09
1.600000000000e-03,1.029428189584e-05
4.000000000000e-04,2.245858113520e-06
4.000000000000e-04,1.775289475340e-07
8.000000000000e-04,5.764897862005e-06
4.000000000000e-04,3.597081834674e-07
4.000000000000e-04,1.932634134312e-06
4.000000000000e-04,1.682468822804e-06
4.000000000000e-04,7.258671393839e-07
4.000000000000e-04,1.028664466349e-06
4.000000000000e-04,2.587146748481e-06
1.200000000000e-03,3.416091513146e-06
4.000000000000e-04,6.006450843201e-07
8.000000000000e-04,7.074859682523e-06
8.000000000000e-04,3.714135902234e-06
4.000000000000e-04,2.847314772560e-07
4.000000000000e-04,5.812230462090e-07
4.000000000000e-04,6.332642601864e-07
4.000000000000e-04,6.208177034813e-07
4.000000000000e-04,1.926817922294e-07
4.000000000000e-04,9.868036370245e-08
4.000000000000e-04,2.307520545532e-06
4.000000000000e-04,1.922685253503e-06
4.000000000000e-04,7.244377749261e-07
4.000000000000e-04,1.976340208753e-06
2.800000000000e-03,1.266620878459e-05
4.000000000000e-03,2.785652089830e-05
4.000000000000e-04,6.285996768609e-07
6.800000000000e-03,4.836888123129e-05
4.000000000000e-04,3.170897418291e-07
4.000000000000e-04,1.039767964772e-06
4.000000000000e-04,3.655423165156e-06
4.000000000000e-04,9.249461850980e-07
8.000000000000e-04,3.167554243197e-06
4.000000000000e-04,3.892629586986e-07
4.000000000000e-04,1.863902674165e-06
4.000000000000e-04,2.351687825598e-06
7.600000000000e-03,6.206339371176e-05
4.000000000000e-04,1.184207921247e-06
4.000000000000e-04,2.841988886154e-07
4.000000000000e-04,2.459317049300e-06
4.000000000000e-04,2.259211072758e-06
4.000000000000e-04,5.224727480731e-07
6.400000000000e-03,4.955657073445e-05
1.600000000000e-03,9.256197864671e-06
1.200000000000e-03,2.743746939222e-06
1.200000000000e-03,2.796065211711e-06
4.000000000000e-04,2.249881958382e-06
2.000000000000e-03,1.716142275340e-05
4.000000000000e-04,5.191663556875e-08
1.200000000000e-03,3.730275912644e-06
4.000000000000e-04,1.404804316891e-07
1.920000000000e-02,2.508595377682e-04
8.000000000000e-04,1.032393809224e-06
4.000000000000e-04,7.590811588566e-07
8.000000000000e-04,2.832500687399e-06
8.000000000000e-04,4.807952484807e-06
4.000000000000e-04,7.858704891784e-07
1.200000000000e-03,2.084010418514e-06
4.000000000000e-04,1.875353277222e-07
4.000000000000e-04,7.153170328266e-07
1.600000000000e-03,1.045182537890e-05
4.000000000000e-04,1.336834032477e-06
8.000000000000e-04,4.051242033595e-06
8.000000000000e-04,1.153005261876e-06
4.000000000000e-04,8.101298169850e-07
1.200000000000e-03,2.113306315875e-06
2.000000000000e-03,5.283476686319e-06
4.000000000000e-04,3.400991424052e-07
4.000000000000e-04,1.639037787838e-07
4.000000000000e-04,1.401828421384e-06
4.000000000000e-04,1.917636750775e-06
8.000000000000e-04,1.458940221424e-06
4.000000000000e-04,1.876312119758e-06
1.600000000000e-03,7.562124282569e-06
8.000000000000e-04,2.402518915492e-06
4.000000000000e-04,3.630296856799e-07
6.800000000000e-03,5.479574770213e-05
4.000000000000e-04,3.741636096858e-06
4.000000000000e-04,1.394601240046e-07
2.400000000000e-03,1.990299838905e-05
8.000000000000e-03,7.095747606591e-05
8.000000000000e-04,3.882586724683e-06
3.200000000000e-03,1.610637407856e-05
4.000000000000e-04,1.028271473904e-07
4.000000000000e-04,2.998251575440e-06
8.000000000000e-04,4.110585597710e-06
4.000000000000e-04,3.431557905450e-08
4.000000000000e-04,4.477225245454e-07
9.600000000000e-03,7.504174416351e-05
1.200000000000e-02,1.107190016480e-04
1.600000000000e-03,9.211592057508e-06
2.000000000000e-03,1.030117625750e-05
2.000000000000e-03,8.273307295834e-06
8.000000000000e-04,3.709418360365e-06
4.000000000000e-04,6.516684103949e-07
8.000000000000e-04,3.140925539541e-06
4.000000000000e-04,1.675646760255e-06
4.000000000000e-04,1.380674987424e-06
4.000000000000e-04,1.255830695589e-06
4.800000000000e-03,4.127515893910e-05
4.000000000000e-04,1.244037658992e-06
4.000000000000e-04,7.400791351449e-07
4.000000000000e-04,1.011888856113e-07
4.000000000000e-04,1.469805526349e-06
1.200000000000e-03,2.690790421661e-06
1.200000000000e-03,3.328491625754e-06
4.000000000000e-04,1.507856958323e-06
8.000000000000e-04,4.217623134935e-06
4.000000000000e-04,1.252712676473e-06
4.000000000000e-04,2.206657450039e-07
1.600000000000e-03,5.793314699656e-06
8.000000000000e-03,5.919861514534e-05
4.000000000000e-04,7.553316367560e-07
1.200000000000e-03,2.635162729195e-06
3.600000000000e-03,1.411372771590e-05
8.000000000000e-04,3.734010490116e-06
4.000000000000e-04,2.367908875214e-06
4.000000000000e-04,8.218152593438e-07
4.000000000000e-04,2.100640868425e-06
8.000000000000e-04,3.932749643675e-06
4.000000000000e-04,2.367899813047e-06
2.800000000000e-03,1.737737586462e-05
4.000000000000e-04,3.107879309208e-06
3.600000000000e-03,2.651821537536e-05
8.000000000000e-04,2.406885784639e-06
4.000000000000e-04,6.423397667364e-07
4.000000000000e-04,2.070800771596e-06
8.000000000000e-04,4.132165929832e-06
4.000000000000e-04,3.876117369434e-07
4.000000000000e-04,1.014125620035e-06
4.000000000000e-04,7.590035776826e-07
4.000000000000e-04,7.464911073733e-07
6.400000000000e-03,7.053349488248e-05
3.600000000000e-03,1.205489620376e-05
4.000000000000e-04,8.784854084074e-08
4.000000000000e-04,1.300595779894e-06
4.000000000000e-04,1.224945701804e-06
4.000000000000e-04,4.916941732268e-07
2.400000000000e-03,9.867635180766e-06
1.600000000000e-03,6.005558127460e-06
8.000000000000e-04,1.508224005669e-06
4.000000000000e-04,2.742597505157e-06
8.000000000000e-04,6.776929396496e-06
8.000000000000e-04,6.979716020802e-07
2.800000000000e-03,2.105581339704e-05
4.000000000000e-04,6.468760984592e-07
4.000000000000e-04,1.860227340898e-06
2.000000000000e-03,1.144902295776e-05
4.000000000000e-04,1.850978476980e-06
4.000000000000e-04,9.232998880650e-07
4.000000000000e-04,9.271491556368e-07
8.000000000000e-04,3.286592196518e-06
4.000000000000e-04,3.451558007505e-07
1.040000000000e-02,8.225117956211e-05
4.000000000000e-04,8.364030511057e-08
4.000000000000e-04,4.663679832013e-07
4.000000000000e-04,1.429403619709e-06
4.000000000000e-04,7.019676427841e-07
4.000000000000e-04,1.777794081233e-07
2.000000000000e-03,7.853885255817e-06
4.000000000000e-04,5.801975197092e-07
6.440000000000e-02,1.014542685627e-03
4.000000000000e-04,9.518379128596e-07
1.200000000000e-03,5.539524952608e-06
4.000000000000e-04,9.982063651848e-07
4.000000000000e-04,5.898789633203e-07
4.000000000000e-04,7.987493044710e-07
4.000000000000e-04,1.237142451267e-06
4.000000000000e-04,2.840725062494e-07
4.000000000000e-04,1.410688310273e-06
4.000000000000e-04,1.130648444341e-06
3.280000000000e-02,4.520638359725e-04
4.000000000000e-04,9.654657114706e-07
4.000000000000e-04,1.899387017267e-06
4.000000000000e-04,5.765390459706e-07
2.400000000000e-03,2.034848818786e-05
4.000000000000e-04,2.377641984632e-06
4.000000000000e-04,4.262306622777e-07
8.000000000000e-04,1.137065945117e-06
8.000000000000e-04,2.439361845544e-06
4.000000000000e-04,2.701211680684e-06
1.600000000000e-03,3.567296701809e-06
1.200000000000e-03,4.985311693698e-06
4.000000000000e-04,3.269159587290e-07
8.000000000000e-04,2.050341585407e-06
4.000000000000e-04,2.452706682558e-06
4.000000000000e-04,3.783654714421e-06
4.000000000000e-04,9.954616943582e-07
3.200000000000e-03,1.991102111970e-05
8.000000000000e-04,3.753876950178e-06
4.000000000000e-04,1.841270429632e-06
8.000000000000e-04,1.251962647839e-06
2.320000000000e-02,3.017932441614e-04
4.000000000000e-04,9.398802451947e-07
1.200000000000e-03,6.825224188223e-06
4.000000000000e-04,1.713557104005e-06
4.000000000000e-04,1.483411350737e-08
4.000000000000e-04,3.719923036424e-07
4.000000000000e-04,1.164519928197e-06
2.400000000000e-03,1.980536785853e-05
4.000000000000e-04,8.519034134776e-08
8.000000000000e-04,8.675742555245e-07
4.000000000000e-04,1.291190643997e-07
1.200000000000e-03,1.206257301403e-05
4.000000000000e-04,1.517391888027e-06
1.200000000000e-03,1.020320892566e-05
4.000000000000e-04,5.139947422314e-07
4.000000000000e-04,1.266835430502e-06
3.600000000000e-03,2.813963423150e-05
4.000000000000e-04,5.433647511410e-08
4.000000000000e-04,1.634865022180e-06
4.000000000000e-04,3.191227005820e-06
1.200000000000e-03,5.429356244048e-06
8.000000000000e-04,9.212560737758e-07
4.000000000000e-04,1.651665050810e-06
4.000000000000e-04,2.305100169256e-06
4.000000000000e-04,9.766274800279e-07
1.600000000000e-03,7.228955816927e-06
1.320000000000e-02,1.074001212755e-04
8.000000000000e-03,6.892946740505e-05
8.000000000000e-04,3.034139012839e-06
1.200000000000e-03,4.038426621293e-06
8.000000000000e-04,4.100468652032e-06
4.000000000000e-04,1.444016882218e-07
4.800000000000e-03,2.134991082599e-05
8.000000000000e-04,6.534805415845e-06
2.000000000000e-03,7.313988424252e-06
4.000000000000e-04,2.958713103722e-07
8.000000000000e-04,8.470580401104e-07
8.000000000000e-04,2.871887776082e-06
1.200000000000e-03,7.323871569006e-06
3.600000000000e-03,1.895522455735e-05
4.000000000000e-04,3.788028434420e-07
4.000000000000e-04,4.331377666416e-07
4.000000000000e-04,1.264035494733e-07
4.000000000000e-04,1.164674612780e-06
4.000000000000e-04,2.489740047180e-06
4.000000000000e-04,4.799208876300e-08
4.000000000000e-04,6.985034757565e-07
4.000000000000e-04,1.292736971157e-06
4.000000000000e-04,4.152226786692e-07
8.000000000000e-03,6.041933914947e-05
4.000000000000e-04,4.937888986622e-07
4.000000000000e-04,2.565833984933e-06
4.000000000000e-04,1.673570828664e-06
4.000000000000e-04,1.218822899660e-06
5.200000000000e-03,2.998735313381e-05
4.000000000000e-04,1.025057086155e-06
4.000000000000e-04,2.298799419112e-06
8.000000000000e-04,2.076474898299e-06
8.000000000000e-04,1.757054687390e-06
1.200000000000e-03,6.466544042886e-06
8.400000000000e-03,6.355035731182e-05
4.000000000000e-04,1.314353419508e-06
1.200000000000e-03,8.870732128953e-06
1.200000000000e-03,7.634755598169e-06
4.000000000000e-04,6.572915045080e-07
4.000000000000e-04,2.159358947786e-06
4.000000000000e-04,3.905370825884e-07
4.000000000000e-04,1.286399740818e-06
4.000000000000e-04,1.444214875178e-06
4.000000000000e-04,4.713746378415e-07
8.000000000000e-04,5.036129082605e-06
4.000000000000e-04,5.764363692160e-07
4.000000000000e-04,4.737783116548e-06
4.000000000000e-04,1.913708811152e-06
4.000000000000e-04,3.035639822042e-06
4.000000000000e-04,2.560082688862e-07
4.000000000000e-04,2.770409985120e-07
4.400000000000e-03,2.232986976748e-05
4.000000000000e-04,1.087589329368e-06
4.000000000000e-04,3.352283637264e-07
4.000000000000e-04,4.259024819862e-07
3.200000000000e-03,1.899694834330e-05
4.000000000000e-04,2.904284013289e-06
1.200000000000e-03,4.415250076360e-06
1.600000000000e-03,1.238840838097e-05
4.000000000000e-04,1.930694805982e-06
2.400000000000e-03,3.228351308257e-05
4.000000000000e-04,1.351920962544e-07
8.800000000000e-03,1.036566874100e-04
4.000000000000e-04,1.404545182927e-07
4.000000000000e-04,1.561470549485e-06
4.000000000000e-04,3.091995032501e-06
4.000000000000e-04,1.913454390935e-06
2.800000000000e-03,1.752387069286e-05
4.000000000000e-04,1.732574387040e-06
4.000000000000e-04,3.195681298007e-06
4.000000000000e-04,1.164999121050e-06
8.000000000000e-04,7.657956773994e-06
4.000000000000e-04,2.497959134334e-06
8.000000000000e-04,1.239442653950e-06
2.400000000000e-03,1.620203898838e-05
4.000000000000e-04,1.247375785958e-06
4.000000000000e-04,8.173487862345e-07
4.000000000000e-04,9.889435679306e-07
4.000000000000e-04,4.123465530375e-07
8.000000000000e-04,3.483013260135e-06
8.000000000000e-04,4.821423799537e-06
4.000000000000e-04,1.564262841031e-06
4.000000000000e-04,3.474266022680e-07
4.000000000000e-04,2.106107013004e-07
4.000000000000e-03,2.742726857131e-05
5.200000000000e-03,3.999238510286e-05
8.000000000000e-04,1.254503598498e-06
1.200000000000e-03,6.576504295882e-06
1.600000000000e-03,7.642223722874e-06
4.000000000000e-04,5.952137351018e-07
3.600000000000e-03,2.633842986612e-05
4.000000000000e-04,1.888496225131e-06
8.000000000000e-04,3.920896567086e-06
2.400000000000e-03,1.921260710609e-05
2.120000000000e-02,2.763969785549e-04
4.000000000000e-04,3.593851953894e-08
4.000000000000e-04,1.735346459502e-07
4.400000000000e-03,3.107276611387e-05
8.000000000000e-04,3.961845114223e-06
4.000000000000e-04,5.986165776268e-07
8.000000000000e-04,3.442060320351e-06
3.600000000000e-03,2.726395157304e-05
4.000000000000e-04,8.133419116507e-07
4.000000000000e-04,1.262693918054e-06
4.000000000000e-04,3.730686207642e-07
4.000000000000e-04,1.126186537300e-06
4.000000000000e-04,2.401276490420e-08
4.000000000000e-04,8.555851831489e-07
8.000000000000e-04,3.146791574665e-06
8.000000000000e-04,1.715115027921e-06
4.000000000000e-04,6.000371858650e-07
4.000000000000e-04,1.560871714537e-06
4.000000000000e-04,7.568761281844e-07
8.000000000000e-04,9.113634012185e-07
4.000000000000e-04,2.366783619010e-06
8.000000000000e-04,3.749992951073e-06
8.000000000000e-04,7.073928937789e-06
4.000000000000e-04,1.229528161834e-06
1.200000000000e-03,5.279368944868e-06
4.000000000000e-04,2.011955441061e-06
8.000000000000e-04,4.277643428472e-06
4.000000000000e-04,1.053698495173e-06
4.000000000000e-04,3.969219909341e-08
3.600000000000e-03,1.970032938085e-05
3.200000000000e-03,1.333102344076e-05
6.000000000000e-03,3.380676764384e-05
6.400000000000e-03,9.569177532409e-05
4.000000000000e-03,2.749812645895e-05
4.000000000000e-04,9.444216055263e-07
1.200000000000e-03,4.572080351702e-06
1.160000000000e-02,1.267183955263e-04
2.000000000000e-03,1.594934490561e-05
4.000000000000e-04,1.281453776538e-06
4.000000000000e-04,1.286363686431e-06
2.000000000000e-03,1.044915686325e-05
4.000000000000e-04,2.773371225005e-06
8.000000000000e-04,1.935147115262e-06
4.000000000000e-04,2.852807832783e-06
4.000000000000e-04,3.180109981431e-07
4.000000000000e-04,1.072267007373e-06
4.000000000000e-04,5.792398188344e-07
3.120000000000e-02,4.848848503002e-04
4.000000000000e-04,5.603095151330e-07
4.000000000000e-04,7.448350621330e-07
4.000000000000e-04,1.607328027807e-06
4.000000000000e-03,2.152516961938e-05
4.480000000000e-02,8.702170758686e-04
4.000000000000e-04,2.230776176720e-06
8.000000000000e-04,4.257200716516e-06
1.200000000000e-03,1.457968333886e-06
1.600000000000e-03,9.983641009451e-06
1.200000000000e-03,4.278343703752e-06
1.200000000000e-03,5.346956086016e-06
4.000000000000e-04,6.944557750908e-07
2.120000000000e-02,1.989376394710e-04
4.000000000000e-04,7.600905767871e-07
4.000000000000e-04,1.385919646587e-06
4.000000000000e-04,1.324276211729e-08
4.000000000000e-04,4.150653898822e-07
4.000000000000e-04,4.819695121962e-07
4.000000000000e-04,3.318456599122e-06
1.200000000000e-03,4.014614806969e-06
4.000000000000e-04,1.174003545677e-06
4.000000000000e-04,1.981381136145e-06
8.000000000000e-04,2.948176189290e-06
4.000000000000e-04,8.419640511644e-07
4.000000000000e-04,1.613419669716e-06
4.000000000000e-04,1.664799410328e-07
1.200000000000e-03,9.379473661309e-07
1.200000000000e-03,3.005108309935e-06
1.200000000000e-03,1.120575711198e-06
4.000000000000e-04,1.509731378128e-06
4.000000000000e-04,8.308868887128e-07
4.000000000000e-04,1.356227721364e-06
4.000000000000e-04,7.011111749472e-07
8.000000000000e-04,2.481100020660e-06
4.000000000000e-04,2.554009497272e-08
4.000000000000e-04,1.571788829859e-07
1.000000000000e-02,9.696660956130e-05
4.000000000000e-04,2.323430752353e-06
4.000000000000e-04,1.620025627216e-08
4.000000000000e-04,2.239539831597e-06
8.000000000000e-04,4.314390395373e-06
4.000000000000e-04,1.625188219325e-06
4.000000000000e-04,2.823426930823e-07
8.000000000000e-04,1.900055410199e-06
1.200000000000e-03,4.968532177093e-06
4.000000000000e-04,2.379547103005e-06
5.200000000000e-03,5.637345665185e-05
4.000000000000e-04,2.878425972861e-06
4.000000000000e-04,4.696912406082e-07
4.000000000000e-04,3.133506939298e-06
8.000000000000e-04,3.863757655725e-06
4.000000000000e-04,5.919577217666e-08
9.600000000000e-03,1.346416191963e-04
4.000000000000e-04,1.852880484441e-06
8.000000000000e-04,2.030073772082e-06
8.000000000000e-04,4.420747156605e-06
8.000000000000e-04,4.779132953592e-06
2.800000000000e-03,1.791415692886e-05
8.000000000000e-04,7.389918270958e-06
4.000000000000e-04,1.309615933782e-06
4.000000000000e-04,1.550552653365e-06
4.000000000000e-04,1.250062648747e-06
4.000000000000e-04,8.937327475898e-07
2.760000000000e-02,4.442831177343e-04
4.000000000000e-04,6.174755925786e-08
1.200000000000e-03,1.730508490065e-06
3.200000000000e-03,1.694851047056e-05
4.000000000000e-04,5.609638762305e-08
4.800000000000e-03,2.665586278552e-05
4.000000000000e-04,1.371944010800e-06
4.000000000000e-04,7.593097285488e-08
4.000000000000e-04,2.679461269405e-07
4.000000000000e-04,4.315948853028e-07
8.000000000000e-04,2.664739903558e-06
8.000000000000e-04,6.835048474399e-06
8.000000000000e-04,3.359115720419e-06
4.000000000000e-04,1.366331032652e-06
1.200000000000e-03,3.477985800260e-06
4.000000000000e-04,1.604218786980e-07
8.000000000000e-04,4.767645507610e-06
8.000000000000e-04,6.776652397170e-07
4.000000000000e-04,1.032981110133e-06
1.480000000000e-02,1.712125159791e-04
4.000000000000e-04,1.702970610684e-06
1.600000000000e-03,3.373123917569e-06
8.000000000000e-04,2.995787471228e-06
4.000000000000e-04,4.097586172209e-07
4.000000000000e-04,1.719575244043e-06
4.000000000000e-04,1.158646239086e-06
1.200000000000e-03,1.000167278415e-05
4.000000000000e-04,5.508073233329e-08
8.000000000000e-04,2.822930127813e-06
8.000000000000e-04,9.402415706583e-07
4.000000000000e-04,1.609081061351e-06
4.000000000000e-04,4.637524755472e-07
4.000000000000e-04,8.304708785214e-07
1.200000000000e-03,3.011138644362e-06
8.000000000000e-04,1.781597068085e-06
2.400000000000e-03,1.389196257562e-05
4.000000000000e-04,9.715057395220e-07
4.000000000000e-04,2.130580666640e-07
4.000000000000e-04,5.136188011462e-07
2.400000000000e-03,1.289609264501e-05
2.000000000000e-03,1.304070677983e-05
3.200000000000e-03,1.347640101494e-05
2.400000000000e-03,1.254532004135e-05
4.000000000000e-04,6.439451472906e-07
4.000000000000e-04,1.639995115634e-06
4.000000000000e-04,1.572081553089e-06
1.200000000000e-03,7.674283770045e-06
4.000000000000e-04,2.783193563053e-06
4.000000000000e-04,1.788544142009e-07
4.000000000000e-04,2.126826982575e-06
8.000000000000e-04,8.401722294874e-07
4.000000000000e-04,3.891352046377e-07
1.600000000000e-03,1.098314283661e-05
8.000000000000e-04,3.643529624249e-06
4.000000000000e-04,4.524942210077e-07
8.000000000000e-04,3.695242099242e-06
1.600000000000e-03,1.049632393218e-05
7.200000000000e-03,7.579215166164e-05
4.000000000000e-04,3.663333594322e-06
4.000000000000e-04,2.069108011257e-06
3.600000000000e-03,2.859697982745e-05
4.000000000000e-04,2.641999960467e-06
4.000000000000e-04,4.685403221147e-07
1.200000000000e-03,6.186864586403e-06
4.000000000000e-04,1.685841638612e-07
2.400000000000e-03,5.682881262232e-06
1.200000000000e-03,7.387625842347e-07
4.000000000000e-04,6.915118852599e-07
4.000000000000e-04,3.908522730622e-09
8.000000000000e-04,6.624907644332e-06
4.000000000000e-04,7.666387262197e-08
4.400000000000e-03,2.227278683183e-05
4.000000000000e-04,7.687729007068e-07
8.000000000000e-04,1.555425863535e-06
8.000000000000e-04,6.560587840046e-07
1.600000000000e-03,5.066100568145e-06
1.600000000000e-03,5.414981208597e-06
4.000000000000e-04,1.012360135881e-06
1.200000000000e-03,6.257681547840e-06
4.000000000000e-04,4.648727367513e-06
8.000000000000e-04,5.751195971752e-06
4.000000000000e-04,2.741459564915e-06
4.000000000000e-04,8.749557859700e-07
2.800000000000e-03,1.377536682737e-05
6.800000000000e-03,4.916371153397e-05
8.000000000000e-04,5.462762040757e-06
4.000000000000e-04,6.767614185827e-07
8.000000000000e-04,2.835014917405e-06
4.000000000000e-04,1.921667495979e-06
4.000000000000e-04,1.517374532113e-06
1.200000000000e-03,4.286294575157e-06
3.200000000000e-03,1.167884190855e-05
4.000000000000e-04,1.498285527913e-06
4.000000000000e-04,3.246057952790e-06
4.000000000000e-04,1.918726644427e-06
4.000000000000e-04,1.388186805253e-08
4.000000000000e-04,2.268795577157e-06
4.000000000000e-04,2.946271123754e-06
4.000000000000e-04,1.023683732219e-07
1.200000000000e-03,8.067194586523e-06
4.000000000000e-04,6.501070624342e-07
3.960000000000e-02,4.673459443812e-04
4.000000000000e-04,1.693589383574e-06
4.000000000000e-04,1.452776252557e-06
4.000000000000e-04,3.863488894122e-07
4.000000000000e-04,1.070376365846e-06
1.200000000000e-03,9.242813733451e-06
4.360000000000e-02,5.816365323989e-04
4.000000000000e-04,2.216101226434e-06
1.200000000000e-03,3.240994102011e-06
2.800000000000e-03,1.290263295167e-05
8.000000000000e-04,1.705020498502e-06
8.000000000000e-04,1.579790030728e-06
4.000000000000e-04,5.337846650341e-08
4.000000000000e-04,5.170686044038e-07
4.000000000000e-04,7.248835925897e-07
2.000000000000e-03,1.746339386831e-05
4.000000000000e-04,2.771933630631e-07
1.480000000000e-02,1.192718243572e-04
4.000000000000e-04,1.719814222167e-06
1.200000000000e-03,5.162992485305e-06
1.200000000000e-02,9.785521442899e-05
4.000000000000e-04,8.566347962556e-07
4.000000000000e-04,4.588296357157e-06
1.600000000000e-02,1.207287925566e-04
4.000000000000e-04,2.975955021555e-07
4.000000000000e-04,7.685473172033e-07
8.000000000000e-04,2.560987538516e-06
1.200000000000e-03,5.759555741286e-06
4.000000000000e-04,2.388229444983e-06
4.000000000000e-04,3.897879947141e-07
4.760000000000e-02,6.242505391662e-04
4.000000000000e-04,9.033026090498e-07
4.000000000000e-04,3.566033527214e-08
3.600000000000e-03,2.146262127549e-05
1.280000000000e-02,1.130280903251e-04
4.000000000000e-04,1.122702961801e-06
4.000000000000e-04,5.168212653396e-07
4.000000000000e-04,2.891298747795e-07
2.400000000000e-03,2.023846264326e-05
4.000000000000e-04,1.319090046652e-06
8.000000000000e-04,4.118287335433e-06
4.000000000000e-04,2.191906767955e-06
1.600000000000e-03,4.680856577794e-06
4.000000000000e-04,2.888637079929e-07
1.200000000000e-03,8.825186293031e-06
8.000000000000e-04,4.186572151223e-06
4.000000000000e-04,4.747344869740e-06
4.000000000000e-04,4.947286874756e-07
4.000000000000e-04,7.963617887215e-07
1.200000000000e-03,1.200887299922e-06
4.000000000000e-04,7.602376898485e-07
4.000000000000e-04,1.200261410341e-06
4.000000000000e-04,1.516045278056e-06
1.600000000000e-03,1.577030720795e-05
4.000000000000e-04,1.449280768204e-07
8.000000000000e-04,4.865240077688e-06
5.600000000000e-03,2.376006203258e-05
4.000000000000e-04,3.024919696958e-06
4.000000000000e-04,1.159882612422e-06
1.600000000000e-03,3.586483949912e-06
8.000000000000e-04,4.020918599650e-06
4.000000000000e-04,1.574318509660e-06
4.000000000000e-04,3.312140195569e-08
4.000000000000e-04,2.486825342380e-07
4.000000000000e-04,6.247361480880e-07
7.200000000000e-03,6.741137074271e-05
4.000000000000e-04,5.817713278849e-07
4.000000000000e-04,2.990419771905e-07
7.600000000000e-03,5.702815712097e-05
4.000000000000e-04,2.059769331358e-06
4.000000000000e-04,7.907652022961e-07
4.000000000000e-04,3.036508071313e-07
4.000000000000e-04,4.042994028899e-07
8.000000000000e-04,1.661711840389e-06
4.000000000000e-04,1.105443759826e-06
2.400000000000e-03,2.136484617206e-05
4.000000000000e-04,5.164821465780e-07
4.000000000000e-04,6.758856463644e-07
8.000000000000e-04,3.024428802264e-06
4.000000000000e-04,5.677105152765e-08
8.000000000000e-04,2.689591684823e-06
4.000000000000e-04,1.350002867810e-06
8.000000000000e-04,2.513303703366e-06
1.200000000000e-03,6.542401950107e-06
1.200000000000e-03,6.504108374303e-06
8.000000000000e-04,3.838767665433e-06
1.960000000000e-02,1.464099687732e-04
4.000000000000e-04,2.435001860017e-06
8.000000000000e-04,4.148324606780e-06
1.200000000000e-03,5.446056757595e-06
4.000000000000e-04,4.704832545372e-07
2.400000000000e-03,1.297178415287e-05
4.000000000000e-04,3.811987631233e-07
4.000000000000e-04,2.187112456960e-06
4.000000000000e-04,3.399806248315e-06
4.000000000000e-04,1.407246520724e-07
4.000000000000e-04,1.285317075060e-06
4.000000000000e-04,3.561809117382e-07
8.000000000000e-04,4.558520922864e-07
4.000000000000e-04,2.199440567804e-06
4.000000000000e-04,9.766808636800e-07
4.000000000000e-04,9.704248454039e-08
4.000000000000e-04,8.262343028223e-07
4.000000000000e-04,3.685878414412e-07
1.600000000000e-03,8.818033177131e-06
4.000000000000e-04,2.055728990600e-06
8.000000000000e-04,1.900498308568e-06
4.000000000000e-04,1.376579882694e-06
4.000000000000e-04,1.105864635773e-06
1.200000000000e-03,3.485114195998e-06
4.000000000000e-04,1.769194781539e-06
8.000000000000e-04,2.665702787003e-06
4.000000000000e-04,3.155753454952e-07
3.600000000000e-03,2.354856343362e-05
4.000000000000e-04,2.155550779304e-06
8.000000000000e-04,3.839730132475e-06
4.000000000000e-04,7.351734665733e-07
4.000000000000e-04,1.991973960876e-07
8.000000000000e-04,5.027892571477e-06
4.000000000000e-04,6.125391489645e-07
4.000000000000e-04,6.064291283694e-07
1.360000000000e-02,1.738862744297e-04
2.800000000000e-03,2.661058912801e-05
4.000000000000e-04,8.000755391059e-07
4.000000000000e-04,1.294554082444e-06
4.000000000000e-04,2.611600265540e-06
4.000000000000e-04,4.065081490632e-06
4.000000000000e-04,1.609687569379e-06
4.000000000000e-04,8.134061986843e-07
8.000000000000e-04,1.015211644686e-06
4.000000000000e-04,1.123830767193e-06
1.200000000000e-03,4.892386857168e-06
4.000000000000e-04,3.979981467623e-08
1.760000000000e-02,1.616331535374e-04
4.000000000000e-04,1.084447660628e-08
4.000000000000e-04,5.123807780046e-07
4.000000000000e-04,3.120118749587e-06
4.000000000000e-04,6.387309939382e-08
4.000000000000e-04,1.480172243412e-06
1.600000000000e-03,1.433265870019e-06
4.000000000000e-04,1.246134100049e-06
8.000000000000e-04,1.149257754051e-06
4.000000000000e-04,1.142645612386e-06
4.000000000000e-04,3.856041790820e-07
4.000000000000e-04,1.638148192133e-06
1.200000000000e-03,3.963809303863e-06
1.600000000000e-03,6.876607176135e-06
4.000000000000e-04,1.511543186354e-06
4.000000000000e-04,6.734409480517e-07
4.000000000000e-04,1.417604256107e-06
4.000000000000e-04,3.588334440388e-07
3.280000000000e-02,3.801488775564e-04
8.000000000000e-04,3.019024257625e-06
1.440000000000e-02,9.855257358796e-05
6.800000000000e-03,4.993863813170e-05
4.000000000000e-04,1.184536189081e-06
8.000000000000e-04,2.700929940292e-06
4.000000000000e-04,5.001512093597e-07
4.000000000000e-04,5.837810398956e-07
4.000000000000e-04,5.010111402644e-07
4.000000000000e-04,6.371845019682e-07
4.000000000000e-04,5.417192087060e-08
8.000000000000e-04,4.070959078416e-06
4.000000000000e-04,1.145247321960e-06
4.000000000000e-04,2.917072105850e-07
2.800000000000e-03,1.639181025066e-05
4.000000000000e-04,2.119172426118e-07
4.000000000000e-04,6.977166839529e-07
4.000000000000e-04,4.325344615158e-07
2.400000000000e-03,1.457774118697e-05
8.000000000000e-04,1.433658485844e-06
4.000000000000e-04,7.260717559684e-07
4.000000000000e-04,1.604514949735e-06
4.000000000000e-04,7.274405673651e-07
4.000000000000e-04,1.506149908298e-06
4.000000000000e-04,2.115380798237e-06
2.000000000000e-03,9.454338452661e-06
4.000000000000e-04,9.844481286693e-08
4.000000000000e-04,1.372442373623e-06
4.000000000000e-04,2.122081476062e-06
8.000000000000e-04,1.071597814994e-06
2.800000000000e-03,1.099610503140e-05
1.200000000000e-03,5.177281767694e-06
4.000000000000e-04,1.825351598844e-06
4.000000000000e-04,3.004478671146e-06
4.000000000000e-04,8.859945806359e-08
4.000000000000e-04,7.432867829911e-07
4.000000000000e-04,9.969232395100e-07
4.000000000000e-04,2.834857333238e-07
1.760000000000e-02,1.695114830882e-04
4.000000000000e-04,9.092651988174e-09
4.000000000000e-04,9.863279015485e-07
4.400000000000e-03,2.083176233345e-05
4.000000000000e-04,1.219322837981e-06
8.000000000000e-04,6.475441833866e-06
4.000000000000e-04,1.954430533452e-06
8.000000000000e-04,3.140150899856e-06
8.000000000000e-04,2.627363211748e-06
4.000000000000e-04,1.748002076394e-07
2.000000000000e-03,1.414591809270e-05
4.000000000000e-04,1.692131484657e-06
4.000000000000e-04,3.265091523107e-07
2.800000000000e-03,1.674950742066e-05
4.000000000000e-04,2.831956052876e-06
3.840000000000e-02,6.544886660012e-04
4.000000000000e-04,7.389858480606e-07
1.600000000000e-03,7.583990960764e-06
4.000000000000e-04,1.910104189466e-06
6.400000000000e-03,6.349417710259e-05
4.000000000000e-04,4.223538976128e-06
2.640000000000e-02,4.162466167065e-04
8.000000000000e-04,1.756473494038e-06
4.000000000000e-04,2.434202520041e-06
8.000000000000e-04,1.495796782882e-06
4.000000000000e-04,2.867594994174e-07
1.200000000000e-03,7.831832438718e-06
4.000000000000e-04,1.225628094625e-06
2.000000000000e-03,7.268775503022e-06
4.000000000000e-04,6.007608281577e-07
3.600000000000e-03,3.929322086175e-05
1.600000000000e-03,1.061564457213e-05
4.000000000000e-04,9.130509965536e-07
1.040000000000e-02,9.158202755662e-05
4.400000000000e-03,2.419673315485e-05
4.000000000000e-04,1.148541164304e-06
4.000000000000e-04,3.110233386468e-06
4.000000000000e-04,1.242607481337e-06
4.000000000000e-04,1.079585599601e-07
4.000000000000e-04,5.518827677696e-07
4.000000000000e-04,2.238525183743e-07
8.000000000000e-04,1.892380585927e-06
4.000000000000e-04,9.822435229974e-07
2.000000000000e-03,9.405061031321e-06
4.000000000000e-04,2.861330988166e-06
2.800000000000e-03,8.803316816451e-06
4.000000000000e-04,1.789584301927e-06
4.000000000000e-04,1.533142363463e-06
4.000000000000e-04,6.163555560074e-07
1.600000000000e-03,8.269117364874e-06
4.000000000000e-04,2.097499036476e-06
4.000000000000e-04,2.477088207286e-06
3.200000000000e-03,2.282063615936e-05
4.000000000000e-04,1.016285105155e-06
2.000000000000e-03,7.095552876619e-06
4.000000000000e-04,4.514317188086e-07
6.920000000000e-02,1.067410181236e-03
4.000000000000e-04,1.126664565917e-06
4.000000000000e-04,8.065335976519e-07
4.000000000000e-04,2.296327742946e-06
4.000000000000e-04,5.600537130473e-07
4.000000000000e-04,1.552608498244e-06
8.000000000000e-03,9.258984927419e-05
4.000000000000e-04,2.618622294737e-06
4.000000000000e-04,1.122650154785e-07
1.600000000000e-03,7.675475732003e-06
4.000000000000e-04,4.689141370953e-07
4.000000000000e-04,2.101762961195e-06
4.000000000000e-04,3.202154245758e-07
8.000000000000e-04,3.834033673424e-06
4.000000000000e-04,1.737188454808e-06
4.000000000000e-04,5.211139182160e-07
4.000000000000e-04,1.538975455974e-08
1.200000000000e-03,3.906204891654e-06
4.000000000000e-04,1.909637627055e-06
4.000000000000e-04,6.264551622330e-07
2.720000000000e-02,4.219012259299e-04
4.000000000000e-04,2.038027300538e-06
1.200000000000e-03,7.449294293774e-06
8.000000000000e-04,2.271718928531e-06
4.000000000000e-04,1.635898103940e-06
6.800000000000e-03,3.856258481032e-05
4.000000000000e-04,3.650035028668e-11
1.200000000000e-03,4.855918949285e-06
8.000000000000e-04,5.059986018138e-06
4.000000000000e-04,1.611171464073e-07
8.000000000000e-04,2.904495656743e-06
8.000000000000e-04,3.312980227076e-06
1.200000000000e-03,1.779259469428e-06
4.000000000000e-04,4.773130223967e-08
4.000000000000e-04,7.272186889975e-07
1.600000000000e-03,6.690228155499e-06
4.000000000000e-03,4.487482635951e-05
4.000000000000e-04,4.507246934428e-07
3.200000000000e-03,3.619718614840e-05
1.200000000000e-03,7.069599283420e-06
4.000000000000e-04,1.568883673105e-06
2.400000000000e-03,9.772290291006e-06
4.000000000000e-04,3.020329727437e-07
4.000000000000e-04,6.826199156238e-07
4.000000000000e-04,1.232973137871e-06
2.000000000000e-03,1.235589695585e-05
4.000000000000e-04,2.767554275966e-07
1.200000000000e-03,5.975810902380e-06
4.000000000000e-04,1.344317372300e-08
4.000000000000e-04,1.758188657341e-06
1.200000000000e-03,2.991195779145e-06
8.000000000000e-04,2.258864827131e-06
8.000000000000e-04,1.009707387906e-06
4.000000000000e-04,1.531364927839e-06
8.000000000000e-04,1.843387982545e-06
4.000000000000e-04,5.798509532885e-07
4.000000000000e-04,7.376134088598e-07
4.000000000000e-04,2.896435603535e-06
8.000000000000e-04,1.846903080904e-06
2.040000000000e-02,2.070287926375e-04
4.000000000000e-04,3.285170079418e-07
8.000000000000e-04,2.822237713791e-06
8.000000000000e-04,5.576300368704e-06
4.000000000000e-04,1.549843370645e-06
8.000000000000e-04,2.251274776576e-06
8.000000000000e-04,1.433384600803e-06
1.600000000000e-03,7.762100503768e-06
3.200000000000e-03,1.384447655624e-05
4.000000000000e-03,1.762990267265e-05
4.000000000000e-04,1.585804698459e-06
4.000000000000e-04,2.557450335429e-07
4.000000000000e-04,9.904188757523e-07
4.000000000000e-04,2.391960238025e-06
8.000000000000e-04,3.689954699559e-06
8.000000000000e-04,5.550913318479e-06
4.000000000000e-04,2.033962397325e-06
6.000000000000e-03,5.327558751839e-05
1.200000000000e-03,7.427525821801e-06
1.200000000000e-03,6.523102709667e-06
4.000000000000e-04,2.118141487913e-06
4.000000000000e-04,1.310016780625e-06
4.000000000000e-04,1.068514846860e-06
4.000000000000e-04,2.833547147980e-07
4.000000000000e-04,1.599562011221e-06
6.400000000000e-03,5.986139920172e-05
4.000000000000e-04,9.515980027941e-07
4.000000000000e-04,1.568357616933e-07
4.000000000000e-04,1.104746985230e-06
4.000000000000e-04,1.770632593858e-06
2.720000000000e-02,3.886727055958e-04
4.000000000000e-04,1.470411345345e-06
1.600000000000e-03,8.652364336125e-06
1.200000000000e-03,4.443696726716e-06
4.000000000000e-04,3.041427645076e-06
1.920000000000e-02,1.948558175619e-04
4.000000000000e-04,1.484651468523e-06
4.000000000000e-04,1.938609404461e-06
1.200000000000e-03,5.449552124305e-06
8.000000000000e-04,1.616049787818e-06
2.000000000000e-03,6.598418488474e-06
4.000000000000e-04,1.591565144395e-07
2.080000000000e-02,2.241593882905e-04
8.000000000000e-04,4.920676727385e-06
5.200000000000e-03,2.524839911166e-05
3.600000000000e-03,2.339580769349e-05
1.200000000000e-03,7.514743188662e-06
1.200000000000e-03,4.255027327657e-06
4.000000000000e-04,1.079618410307e-06
4.000000000000e-04,8.502699381220e-08
4.000000000000e-04,9.348127538051e-07
4.000000000000e-04,2.698683222638e-06
1.200000000000e-03,3.287643360812e-06
2.000000000000e-03,8.270599563396e-06
8.000000000000e-04,3.854498260243e-07
2.000000000000e-03,9.532995269730e-06
4.000000000000e-04,2.493612095300e-06
8.000000000000e-04,3.897050433046e-06
8.000000000000e-04,1.011061309099e-06
4.000000000000e-04,2.026955879131e-06
8.000000000000e-04,4.357980135016e-06
4.000000000000e-04,4.550134763219e-07
4.000000000000e-04,2.065120782942e-06
4.000000000000e-04,1.568652695625e-06
1.200000000000e-03,8.741277016451e-06
4.000000000000e-04,1.407417547732e-06
4.000000000000e-04,1.152104278513e-06
2.000000000000e-03,1.075808900870e-05
4.000000000000e-04,4.466500800402e-08
8.000000000000e-04,5.768942609252e-07
3.200000000000e-03,2.469112214523e-05
4.000000000000e-04,1.479465704198e-06
1.600000000000e-03,2.706589586312e-06
2.000000000000e-02,1.957921641521e-04
4.000000000000e-04,1.041319038484e-06
4.000000000000e-04,4.421934885236e-06
1.200000000000e-03,7.638048858901e-06
2.000000000000e-02,2.245626386313e-04
4.000000000000e-04,6.897065952592e-07
6.800000000000e-03,2.636847684046e-05
8.000000000000e-04,1.370073935834e-06
4.000000000000e-04,1.757967019212e-06
4.000000000000e-04,2.202511848836e-06
4.000000000000e-04,3.573256117113e-07
8.000000000000e-04,2.137715507773e-06
4.000000000000e-04,1.693573242231e-06
4.000000000000e-04,1.310410727025e-06
4.000000000000e-04,7.517131152587e-08
2.800000000000e-03,1.055162577992e-05
4.000000000000e-04,4.016005712432e-08
4.000000000000e-04,4.781614391372e-06
4.000000000000e-04,2.312722635201e-06
4.000000000000e-04,7.006602876494e-07
1.560000000000e-02,1.928085706860e-04
8.400000000000e-03,6.996807592938e-05
4.000000000000e-04,5.769289131096e-07
4.000000000000e-04,4.376757463702e-07
4.000000000000e-04,2.334306473068e-07
4.000000000000e-04,1.517029715614e-06
4.000000000000e-04,2.022368010974e-06
7.600000000000e-03,6.011840961925e-05
2.000000000000e-03,6.061338739763e-06
1.600000000000e-03,7.142000682036e-06
1.200000000000e-03,7.806180295617e-06
1.600000000000e-03,1.285747430455e-05
4.000000000000e-04,1.006715749164e-06
4.000000000000e-04,8.592404787660e-07
4.000000000000e-04,3.762360779638e-07
4.000000000000e-04,7.266049664045e-07
2.000000000000e-03,1.063714245875e-05
8.000000000000e-04,2.855407652507e-06
4.000000000000e-04,2.561454559476e-06
4.000000000000e-04,5.999942046958e-07
4.000000000000e-04,1.465052065779e-06
4.000000000000e-04,5.457755624861e-07
4.000000000000e-04,2.489436934413e-06
2.800000000000e-03,1.068455847206e-05
2.920000000000e-02,4.220970192723e-04
1.200000000000e-03,1.826525751223e-06
2.400000000000e-03,1.058931221406e-05
4.000000000000e-04,3.521695441990e-07
8.000000000000e-04,1.310509631433e-06
1.200000000000e-03,2.735159875317e-06
4.000000000000e-04,3.014538795815e-06
4.000000000000e-04,1.678688039626e-07
8.000000000000e-04,4.317349579490e-06
4.000000000000e-04,9.157621201722e-07
1.960000000000e-02,1.559648467044e-04
8.000000000000e-04,1.760049596964e-06
8.000000000000e-04,2.945172872561e-06
4.000000000000e-04,2.816920798117e-06
8.000000000000e-04,2.112326482501e-06
2.400000000000e-03,1.080950727357e-05
4.000000000000e-04,5.544778446343e-07
1.200000000000e-03,5.153127937573e-06
5.600000000000e-03,4.951720231904e-05
4.000000000000e-03,2.094131889168e-05
4.000000000000e-04,1.974984806701e-06
1.600000000000e-03,1.222967436832e-05
4.000000000000e-04,6.707653610850e-07
8.000000000000e-04,3.918661920045e-06
2.000000000000e-03,1.178820991927e-05
4.000000000000e-04,1.920852031841e-06
1.600000000000e-03,5.655085367858e-06
4.000000000000e-04,2.880518987924e-06
4.000000000000e-04,1.790639523932e-06
1.200000000000e-03,5.818431509654e-06
1.600000000000e-03,5.578378829392e-06
4.120000000000e-02,4.092362685556e-04
5.200000000000e-03,2.613992844325e-05
8.000000000000e-04,4.992584153989e-06
4.400000000000e-03,4.532968528147e-05
8.000000000000e-04,7.299649604724e-06
8.000000000000e-04,6.275866702061e-06
4.000000000000e-04,1.515116273836e-07
8.000000000000e-04,5.560257267205e-06
4.000000000000e-04,1.728405132217e-06
4.000000000000e-03,1.974294898305e-05
4.000000000000e-04,4.039743916643e-06
4.000000000000e-04,3.682534035878e-07
4.400000000000e-03,2.666574803620e-05
8.000000000000e-04,5.030959660350e-06
8.000000000000e-04,2.232439127398e-06
5.600000000000e-03,3.592885300078e-05
4.000000000000e-04,1.490541191197e-07
4.000000000000e-04,7.004160933423e-07
4.000000000000e-04,3.664519973691e-06
1.600000000000e-03,3.018776801755e-06
2.800000000000e-03,1.512440255028e-05
3.200000000000e-03,1.821722922653e-05
1.640000000000e-02,1.101690365530e-04
4.000000000000e-04,1.001076559629e-06
4.000000000000e-04,1.556398524887e-06
4.000000000000e-04,2.518760786318e-06
4.000000000000e-04,4.649456488610e-07
3.200000000000e-03,2.457568941699e-05
4.000000000000e-04,3.377644464671e-07
4.000000000000e-04,1.428593886437e-06
4.000000000000e-04,5.319954788612e-08
4.000000000000e-04,5.571343580958e-07
2.800000000000e-03,1.926264412733e-05
4.000000000000e-04,1.251134981611e-06
4.000000000000e-04,2.057295415319e-06
8.000000000000e-04,3.030265307283e-06
1.200000000000e-03,7.262804538310e-06
4.000000000000e-04,5.763299926333e-07
4.000000000000e-04,2.943422320607e-06
4.000000000000e-04,2.204648298959e-06
3.880000000000e-02,2.870724232502e-04
2.400000000000e-03,1.242522019363e-05
4.000000000000e-04,1.433056676844e-08
4.400000000000e-03,2.711382623212e-05
4.000000000000e-03,3.634146541972e-05
2.000000000000e-03,8.082975371466e-06
4.000000000000e-04,1.436323731842e-07
4.000000000000e-04,1.743217915666e-06
4.000000000000e-04,1.098149707734e-07
8.000000000000e-04,1.019305168258e-06
1.320000000000e-02,1.511929495220e-04
4.000000000000e-04,1.313750431779e-06
8.000000000000e-04,2.043073583698e-06
4.000000000000e-04,5.280988179128e-07
1.600000000000e-03,5.600452423380e-06
4.000000000000e-04,2.809294732452e-06
4.000000000000e-04,5.154944488674e-07
2.400000000000e-03,2.300475124385e-05
8.000000000000e-04,4.797336538208e-06
2.400000000000e-03,1.774148073702e-05
8.000000000000e-04,2.589780044194e-06
8.000000000000e-04,1.034581634382e-06
1.200000000000e-03,6.882635070489e-06
4.000000000000e-03,2.446812873982e-05
4.000000000000e-04,4.199079992955e-06
4.000000000000e-04,3.547136816651e-06
1.600000000000e-03,1.388931801765e-05
8.000000000000e-04,6.324309245398e-07
4.800000000000e-03,3.328745886222e-05
4.000000000000e-04,9.975519709093e-07
8.000000000000e-04,1.077434329400e-06
8.000000000000e-04,2.130665346066e-06
4.000000000000e-04,7.929217116086e-08
8.000000000000e-04,1.054244076029e-06
4.000000000000e-04,1.060485014866e-06
4.000000000000e-03,2.064385122323e-05
4.000000000000e-04,3.576608724548e-07
1.560000000000e-02,1.002987371142e-04
4.000000000000e-04,6.738103590636e-07
4.000000000000e-04,1.819877369666e-06
4.000000000000e-04,1.815716814009e-08
4.000000000000e-04,3.484797881353e-07
4.000000000000e-04,4.186196539269e-08
5.200000000000e-03,3.051119455938e-05
3.600000000000e-03,1.830438875234e-05
2.760000000000e-02,3.319313065593e-04
2.000000000000e-03,1.399606011200e-05
8.000000000000e-04,8.418002002530e-06
1.600000000000e-03,9.362771273907e-06
4.000000000000e-04,4.436222489051e-07
8.000000000000e-04,8.130175973994e-07
4.000000000000e-04,1.588529532684e-07
4.000000000000e-04,1.186764606202e-06
2.400000000000e-03,4.528251338566e-06
5.600000000000e-03,3.849465244837e-05
4.000000000000e-04,2.043858009293e-06
8.000000000000e-04,2.986473243617e-06
4.000000000000e-04,1.544473840920e-07
1.200000000000e-03,6.949938058992e-06
8.000000000000e-04,2.045726603462e-06
4.000000000000e-04,7.418278579920e-07
1.200000000000e-03,7.771179544716e-06
2.800000000000e-03,1.641998502962e-05
8.000000000000e-04,1.019435646850e-06
1.360000000000e-02,1.086305072649e-04
4.000000000000e-04,1.356575453714e-06
4.000000000000e-04,4.244076558566e-08
4.000000000000e-04,1.934407369730e-07
4.000000000000e-04,2.448757942698e-06
1.200000000000e-03,6.092069086590e-06
8.000000000000e-04,7.779669870787e-07
8.000000000000e-04,5.001170698290e-06
4.000000000000e-04,2.561248143599e-06
4.000000000000e-04,6.714394231958e-07
3.480000000000e-02,2.709862177902e-04
4.000000000000e-04,3.087029002395e-07
8.000000000000e-04,2.519337780922e-06
4.000000000000e-04,2.590445745985e-06
8.000000000000e-04,4.523495208731e-06
4.000000000000e-04,1.046954527866e-06
4.000000000000e-04,1.747280854573e-06
1.200000000000e-03,3.820759524704e-06
4.000000000000e-04,6.710076737739e-07
8.000000000000e-04,5.519229175138e-07
4.000000000000e-04,1.917353648332e-06
4.000000000000e-04,1.523487685428e-06
4.000000000000e-04,2.989265593835e-07
4.000000000000e-04,1.955017722630e-06
4.000000000000e-04,3.871054979492e-06
1.600000000000e-03,8.853814649191e-06
4.000000000000e-04,2.803525936411e-07
4.000000000000e-04,2.905951392169e-06
4.000000000000e-04,1.576858781151e-06
4.000000000000e-04,2.848861755981e-06
1.600000000000e-03,1.170329566958e-05
3.600000000000e-03,2.016218902546e-05
1.200000000000e-03,2.677382226441e-06
6.000000000000e-03,3.285621805177e-05
2.400000000000e-03,1.395159951913e-05
8.000000000000e-04,3.216518937853e-06
4.000000000000e-04,8.990623845770e-07
8.000000000000e-04,4.988044044143e-06
4.000000000000e-04,3.472003709255e-07
4.000000000000e-04,7.100564841000e-07
8.000000000000e-04,1.634961950763e-06
1.000000000000e-01,1.773902488464e-03
8.000000000000e-04,2.016044164310e-06
4.000000000000e-04,2.052934170485e-06
1.600000000000e-03,9.587064877310e-06
1.200000000000e-03,5.209247731713e-06
2.000000000000e-03,1.002493860483e-05
4.000000000000e-04,5.484315412586e-07
4.000000000000e-04,1.460811129674e-06
4.000000000000e-04,2.197725810514e-06
4.000000000000e-03,3.292974983945e-05
4.000000000000e-04,6.558426130281e-07
4.000000000000e-04,1.965619832902e-06
1.200000000000e-03,3.579469814240e-06
4.000000000000e-04,1.854648748680e-06
1.200000000000e-03,8.785395309338e-06
4.000000000000e-04,9.121498209145e-07
8.000000000000e-04,1.700201276408e-06
1.600000000000e-03,6.212696336299e-06
4.000000000000e-04,7.818081412883e-07
4.000000000000e-04,3.553312662143e-07
8.000000000000e-04,1.592248360869e-06
8.000000000000e-04,4.302161999688e-06
1.600000000000e-03,3.321978957973e-06
4.000000000000e-04,1.936193632407e-06
4.000000000000e-04,1.026717086929e-06
4.000000000000e-04,7.197653853144e-07
1.600000000000e-03,4.537876355238e-06
1.200000000000e-03,8.112594403155e-06
2.400000000000e-03,3.508566415439e-06
4.000000000000e-04,4.453316877779e-07
4.000000000000e-04,9.612017388342e-07
4.000000000000e-04,1.246057638495e-08
4.000000000000e-04,2.504913104306e-07
8.000000000000e-04,5.693669065703e-06
4.000000000000e-04,3.328018154805e-06
4.000000000000e-04,3.002797362261e-06
1.200000000000e-03,3.598892238002e-06
4.000000000000e-04,3.571228360875e-07
8.000000000000e-04,3.548452027459e-06
4.000000000000e-04,4.717250214591e-06
1.200000000000e-03,8.612907001350e-06
4.000000000000e-04,1.593651799772e-06
4.000000000000e-04,3.264533317301e-06
4.000000000000e-04,1.276238121416e-06
4.000000000000e-04,1.148547781497e-06
4.000000000000e-04,1.739866997350e-07
8.000000000000e-04,1.096113851264e-06
5.200000000000e-03,2.041566157418e-05
8.000000000000e-04,2.839085508163e-06
4.000000000000e-04,2.915058356305e-07
4.000000000000e-04,2.942109347493e-06
4.000000000000e-04,7.061968004617e-08
4.000000000000e-04,3.064091602711e-06
3.600000000000e-03,1.956164269445e-05
8.000000000000e-04,1.227367084991e-06
2.400000000000e-03,9.088770631051e-06
4.400000000000e-03,2.762339308198e-05
8.000000000000e-04,2.487209205691e-06
3.600000000000e-03,2.537855618608e-05
8.000000000000e-04,6.185299984320e-06
3.960000000000e-02,5.396383421830e-04
4.000000000000e-04,8.194405479739e-07
1.200000000000e-03,5.365131994102e-06
1.200000000000e-03,2.084255559125e-06
4.000000000000e-04,1.796420435693e-06
4.000000000000e-04,1.003942362829e-06
4.000000000000e-04,6.186569847899e-07
8.000000000000e-04,4.352996823676e-06
4.000000000000e-04,1.514649557027e-06
4.000000000000e-04,4.929835725921e-07
4.000000000000e-04,5.784732824203e-07
4.000000000000e-04,1.938463029743e-06
4.000000000000e-04,3.721869236110e-06
4.800000000000e-03,2.880694788095e-05
4.000000000000e-04,6.048791847209e-08
4.000000000000e-04,4.296452352009e-07
4.000000000000e-04,2.660402381173e-06
4.000000000000e-04,1.231521258645e-06
4.000000000000e-04,2.200580720873e-06
4.000000000000e-03,1.795647369159e-05
1.200000000000e-03,3.165182534872e-06
8.000000000000e-04,6.050201751113e-07
4.000000000000e-04,5.128792833308e-06
4.000000000000e-04,3.974463943366e-07
2.000000000000e-03,1.342695923854e-05
4.000000000000e-04,9.023055173402e-07
4.000000000000e-04,7.707610740442e-07
1.200000000000e-03,6.162232099771e-06
1.200000000000e-03,2.995830991158e-06
1.600000000000e-03,4.365553283204e-06
4.000000000000e-04,3.558104778002e-07
3.200000000000e-03,1.962721421717e-05
4.000000000000e-04,8.723499803896e-07
4.000000000000e-04,8.649665517845e-07
4.000000000000e-04,1.279412612381e-06
4.000000000000e-04,1.895839459637e-06
8.000000000000e-04,3.601642479987e-06
1.200000000000e-03,1.285292750313e-05
3.560000000000e-02,4.494447352015e-04
8.000000000000e-04,2.382585426100e-06
4.000000000000e-04,3.527641702842e-07
4.000000000000e-04,8.817804808086e-07
4.000000000000e-04,2.298502181151e-07
4.000000000000e-04,3.470523040199e-06
4.000000000000e-04,1.455653029359e-06
8.000000000000e-04,1.393229411182e-06
4.000000000000e-04,5.690069022144e-07
8.000000000000e-04,2.280549499126e-06
4.000000000000e-04,1.450503134328e-07
4.000000000000e-04,1.084661243235e-07
4.000000000000e-04,6.896224585234e-07
4.000000000000e-04,1.021590048414e-06
8.000000000000e-04,3.327442899976e-06
2.400000000000e-03,7.707191442093e-06
4.000000000000e-04,9.449331947993e-07
8.000000000000e-04,5.622638712061e-06
4.000000000000e-04,5.375168767960e-07
8.000000000000e-04,2.888251297308e-06
4.000000000000e-04,8.298461582885e-07
8.000000000000e-04,4.499567825419e-06
1.200000000000e-03,3.874985329921e-06
4.000000000000e-04,5.175910272352e-07
4.000000000000e-04,1.400513110798e-06
4.000000000000e-04,4.589505394881e-07
1.200000000000e-03,2.662950119353e-06
4.000000000000e-04,1.434546175764e-07
4.000000000000e-04,2.721189885280e-07
2.400000000000e-03,1.148794355777e-05
1.080400000000e+00,3.053301314836e-02
4.000000000000e-04,3.019644443484e-07
4.000000000000e-04,3.521131815925e-06
4.000000000000e-04,1.232999562671e-06
4.000000000000e-04,1.510044462570e-06
4.000000000000e-04,2.115333203126e-06
1.200000000000e-03,5.248572820815e-06
1.200000000000e-03,5.265055657147e-06
4.000000000000e-04,1.323300073980e-06
4.000000000000e-04,2.320767688511e-06
1.600000000000e-03,7.401435531872e-06
2.400000000000e-03,1.103388327800e-05
8.000000000000e-04,3.294904160612e-06
4.000000000000e-04,9.487186342766e-07
4.000000000000e-04,3.451019560802e-08
4.000000000000e-04,3.392954979043e-07
1.200000000000e-03,3.396724429911e-06
1.200000000000e-03,1.046713595103e-05
4.000000000000e-04,4.058794370894e-07
4.000000000000e-04,2.635519881691e-07
1.200000000000e-03,4.313129440648e-06
4.000000000000e-04,3.176908170950e-08
1.200000000000e-03,6.921785333052e-06
1.200000000000e-03,6.380185399090e-06
1.200000000000e-03,4.062273765344e-06
4.000000000000e-04,2.658157943713e-06
1.200000000000e-03,6.931790563997e-06
4.000000000000e-04,9.733378974843e-07
8.000000000000e-04,1.577296894867e-06
4.000000000000e-04,2.386530720281e-06
4.000000000000e-04,2.490047376202e-06
8.000000000000e-04,3.508824627037e-06
1.600000000000e-03,6.845497947893e-06
1.200000000000e-03,2.060196697226e-05
4.000000000000e-04,1.283247422506e-06
4.000000000000e-04,1.936772170454e-07
4.000000000000e-04,4.824038161557e-08
4.000000000000e-04,2.859381722890e-06
4.000000000000e-04,8.248102565824e-07
4.000000000000e-04,9.103093941421e-09
1.200000000000e-03,7.432886687692e-06
3.600000000000e-03,1.061802144120e-05
1.360000000000e-02,1.179941114024e-04
1.200000000000e-03,3.460314977987e-06
1.200000000000e-03,4.463527710153e-06
2.400000000000e-03,1.040606784633e-05
8.000000000000e-04,7.128630603229e-07
2.000000000000e-03,8.495383387342e-06
8.000000000000e-04,8.820215181394e-07
4.000000000000e-04,7.436537627990e-07
1.200000000000e-03,3.947497676973e-06
4.000000000000e-04,1.913828966627e-06
6.800000000000e-03,3.432721783997e-05
4.000000000000e-04,9.510581989602e-07
4.000000000000e-04,6.790876290099e-07
8.000000000000e-04,2.856239168607e-06
4.000000000000e-04,1.971252166186e-06
8.000000000000e-04,9.264554010031e-07
4.000000000000e-04,7.418616746043e-07
1.200000000000e-03,6.776588105740e-06
4.000000000000e-04,8.324057691526e-07
4.000000000000e-04,7.734762030635e-07
9.320000000000e-02,1.612430615602e-03
4.000000000000e-04,8.815108369572e-07
2.000000000000e-03,1.249407271039e-05
4.000000000000e-04,3.353851405995e-07
1.200000000000e-03,2.506643102350e-06
4.000000000000e-04,2.866621988637e-07
4.000000000000e-04,3.754608430990e-07
4.000000000000e-04,3.026659180444e-07
4.000000000000e-03,1.280990035337e-05
2.040000000000e-02,2.037529303525e-04
4.000000000000e-04,1.514150455793e-06
2.400000000000e-03,1.546530460508e-05
4.000000000000e-04,4.886483623206e-07
2.000000000000e-03,1.020920063597e-05
2.000000000000e-03,9.334560233755e-06
4.000000000000e-04,2.680881150872e-06
4.000000000000e-04,9.447464095957e-07
4.000000000000e-04,1.891798952537e-06
4.000000000000e-04,4.551220313082e-07
4.000000000000e-04,1.961346927299e-06
8.000000000000e-04,1.391292184158e-06
1.200000000000e-03,2.467000674159e-06
8.000000000000e-04,8.220218207817e-07
4.000000000000e-04,6.927452062283e-07
4.000000000000e-04,2.511283649724e-07
8.000000000000e-04,2.573938070762e-06
1.200000000000e-03,4.097560502081e-06
4.000000000000e-04,1.223277110273e-06
8.000000000000e-04,2.186458009224e-06
4.000000000000e-04,2.053425901891e-07
8.000000000000e-03,5.579894059844e-05
8.800000000000e-03,7.731276197872e-05
4.000000000000e-04,5.734827850672e-06
4.000000000000e-04,2.024028673009e-06
4.000000000000e-04,2.854319668785e-07
4.000000000000e-04,3.839670558323e-06
8.000000000000e-04,6.329559293494e-06
4.000000000000e-04,9.234473841331e-07
4.000000000000e-04,2.206102593807e-06
1.600000000000e-03,4.199536144737e-06
4.000000000000e-04,1.194396468991e-07
8.000000000000e-04,3.421658534246e-06
4.000000000000e-04,2.147620461948e-06
4.000000000000e-04,1.330218665611e-06
4.000000000000e-04,1.784909706936e-06
4.000000000000e-04,4.027204275306e-07
5.200000000000e-03,4.732849308857e-05
4.000000000000e-04,1.980920062402e-07
4.000000000000e-04,4.171423444271e-07
2.400000000000e-03,2.057361386812e-05
2.800000000000e-03,1.186336384798e-05
2.000000000000e-03,1.445228847161e-05
4.000000000000e-04,2.292227461796e-06
4.000000000000e-04,7.022426365465e-07
8.000000000000e-04,2.942556094097e-06
4.000000000000e-04,2.842738425245e-07
1.600000000000e-03,1.024145946624e-05
4.000000000000e-04,2.920995932756e-06
4.000000000000e-04,3.676937434103e-07
1.280000000000e-02,1.077817460518e-04
4.000000000000e-04,1.061592127625e-07
1.200000000000e-03,6.739418911029e-06
4.000000000000e-04,2.138294747231e-06
1.200000000000e-03,6.199710165179e-06
8.000000000000e-04,1.408239625090e-06
1.200000000000e-03,1.751427700096e-06
1.200000000000e-03,3.153561522690e-06
4.000000000000e-04,1.642627786453e-06
4.000000000000e-04,7.262174543916e-07
4.000000000000e-04,9.719999714421e-07
4.000000000000e-04,2.132303238155e-06
4.000000000000e-04,1.311590110160e-06
4.000000000000e-04,8.029901306819e-07
4.000000000000e-04,1.142300278237e-06
4.000000000000e-04,1.721022901138e-07
4.000000000000e-04,1.460884504257e-06
8.000000000000e-04,9.370770442152e-06
2.800000000000e-03,1.421840985209e-05
3.600000000000e-03,2.555708459974e-05
4.000000000000e-04,2.022875741462e-06
1.600000000000e-03,1.226694503272e-05
8.000000000000e-04,3.986096915167e-06
1.600000000000e-03,5.211144517821e-06
4.000000000000e-04,1.124707572847e-06
4.000000000000e-04,7.118202946248e-07
4.000000000000e-04,8.130306594267e-07
4.000000000000e-04,1.133441735466e-06
4.000000000000e-04,3.133356297023e-07
6.800000000000e-03,7.685072772220e-05
4.000000000000e-04,3.399173634319e-06
4.000000000000e-04,7.843156157720e-07
4.000000000000e-04,9.982360372516e-07
4.000000000000e-04,2.374794117478e-06
4.000000000000e-04,2.758335692356e-07
4.000000000000e-04,4.256396533482e-08
4.000000000000e-04,5.762030799721e-07
4.800000000000e-03,3.669043508063e-05
1.600000000000e-03,6.212208304716e-06
5.600000000000e-03,4.818481225263e-05
3.200000000000e-03,2.227437641588e-05
4.000000000000e-04,2.149803440949e-07
4.000000000000e-04,2.552323520235e-06
4.000000000000e-04,2.816174719447e-06
4.000000000000e-04,9.116955065554e-07
4.000000000000e-04,9.740157802374e-09
4.000000000000e-04,1.138487799087e-06
1.800000000000e-02,2.081519406861e-04
4.000000000000e-04,1.055721965398e-06
2.400000000000e-03,1.269290480332e-05
1.600000000000e-03,4.016321576700e-06
4.000000000000e-04,1.543141241400e-07
4.000000000000e-04,2.547932002475e-07
9.200000000000e-03,5.015270142762e-05
1.200000000000e-03,4.013858431083e-06
4.000000000000e-04,2.400588151888e-06
4.000000000000e-04,2.134965368383e-06
4.000000000000e-04,6.451352982129e-07
1.600000000000e-03,3.267318314434e-06
4.000000000000e-04,1.125696840399e-06
4.000000000000e-04,2.453427741708e-06
6.000000000000e-03,3.357159429550e-05
4.000000000000e-04,6.841726583077e-07
1.200000000000e-03,9.094631569807e-06
4.000000000000e-04,8.409282460743e-07
4.000000000000e-04,4.377156536759e-06
2.000000000000e-03,8.387894124867e-06
4.000000000000e-04,9.807388675065e-07
1.200000000000e-03,4.923072810201e-06
4.000000000000e-04,2.473825444613e-06
8.000000000000e-04,1.015633154953e-06
2.800000000000e-03,1.276305769906e-05
4.000000000000e-04,1.296409724222e-06
4.000000000000e-04,1.010816108001e-06
4.000000000000e-04,1.877442768275e-06
3.600000000000e-03,1.393891885146e-05
4.000000000000e-04,3.146880669449e-06
1.200000000000e-03,5.900475351183e-06
2.400000000000e-03,1.374897342450e-05
1.760000000000e-02,1.428772900040e-04
4.000000000000e-03,2.779001717201e-05
4.000000000000e-04,3.868608101572e-06
4.000000000000e-04,3.564190198517e-07
1.200000000000e-03,1.356923481070e-05
4.000000000000e-04,1.056505595410e-06
2.400000000000e-03,9.110118406627e-06
1.200000000000e-03,4.528197600067e-06
4.000000000000e-04,9.080481702615e-07
4.000000000000e-04,1.493760808392e-06
4.000000000000e-04,9.239745060050e-07
4.000000000000e-04,1.767409159571e-06
4.000000000000e-04,6.068778077348e-08
2.000000000000e-03,1.303510442931e-05
4.000000000000e-04,7.914177932013e-07
4.000000000000e-04,1.251829447553e-06
8.000000000000e-04,2.924337744662e-06
8.000000000000e-04,2.210205120314e-06
1.600000000000e-03,8.173481688317e-06
4.000000000000e-04,1.318822587533e-06
8.000000000000e-04,1.350737876313e-06
4.000000000000e-04,2.025673037515e-06
8.000000000000e-04,2.575784869202e-06
4.000000000000e-04,1.895395906350e-07
7.600000000000e-03,4.689008693679e-05
1.600000000000e-03,4.857439922852e-06
1.600000000000e-03,8.524795798292e-06
4.000000000000e-04,1.626807545383e-06
4.000000000000e-04,2.015810867910e-07
8.000000000000e-04,4.079347185335e-06
4.000000000000e-04,1.440534796666e-06
4.000000000000e-04,8.201156112958e-07
4.000000000000e-04,4.537035584151e-07
4.000000000000e-04,1.170455062475e-06
1.600000000000e-03,2.203201779042e-05
4.400000000000e-03,3.774729206181e-05
4.000000000000e-04,2.739206816897e-06
2.400000000000e-03,1.543281939453e-05
1.200000000000e-03,4.128333119313e-06
4.000000000000e-04,1.828605326218e-07
4.000000000000e-04,1.637836084223e-06
4.000000000000e-04,3.257651676227e-07
1.160000000000e-02,5.663844313159e-05
1.600000000000e-02,1.239778630746e-04
3.200000000000e-03,2.417918020536e-05
2.000000000000e-03,1.039751051847e-05
1.600000000000e-03,7.905899337048e-06
4.000000000000e-04,1.912249317375e-08
4.000000000000e-04,2.951852771023e-06
4.000000000000e-04,2.531417998658e-06
4.000000000000e-04,5.540768159005e-07
2.000000000000e-03,1.268002524627e-05
4.000000000000e-04,3.517538123264e-06
4.000000000000e-04,2.542508362797e-06
8.000000000000e-04,2.440332041121e-06
1.480000000000e-02,1.114594325547e-04
1.200000000000e-03,5.961320950286e-06
4.000000000000e-04,2.627533037624e-07
8.000000000000e-04,2.399940275380e-06
8.000000000000e-04,2.050274490885e-06
8.000000000000e-04,6.086955099455e-06
4.000000000000e-04,3.981307799222e-07
1.200000000000e-03,1.039273627197e-05
4.000000000000e-04,1.631713364072e-06
8.000000000000e-04,2.282118571712e-06
8.000000000000e-04,6.150713630952e-06
4.000000000000e-04,1.795320771184e-06
4.000000000000e-04,7.267105640841e-07
3.600000000000e-03,1.163182284930e-05
1.200000000000e-03,2.993256258681e-06
1.600000000000e-03,3.499417697258e-06
4.000000000000e-03,2.177144629613e-05
4.400000000000e-03,1.531449833383e-05
2.000000000000e-03,1.148171375300e-05
4.000000000000e-04,5.793954519132e-07
2.800000000000e-03,8.972014334560e-06
4.000000000000e-04,3.893890477974e-08
3.600000000000e-03,3.150583912440e-05
4.000000000000e-04,6.469659873624e-07
4.000000000000e-04,4.147410677396e-08
3.200000000000e-03,1.068821581278e-05
1.000000000000e-02,1.107039668860e-04
2.000000000000e-03,1.585141298092e-05
4.000000000000e-04,7.420720954369e-07
4.000000000000e-04,2.662274133136e-08
4.000000000000e-04,2.085915718678e-06
4.000000000000e-04,1.524074276531e-06
4.000000000000e-04,6.039764386205e-07
1.200000000000e-03,4.199134830790e-06
5.600000000000e-03,6.001655178242e-05
4.000000000000e-04,1.877499317401e-06
5.600000000000e-03,3.162447538684e-05
4.000000000000e-04,1.893136560982e-06
4.000000000000e-04,2.916749325477e-06
8.000000000000e-04,3.550190518560e-06
4.000000000000e-04,8.956243753618e-07
4.000000000000e-04,2.468749374429e-06
7.200000000000e-03,5.981702484330e-05
3.600000000000e-03,3.528715089946e-05
4.000000000000e-04,6.068140024695e-07
1.200000000000e-03,6.063152744413e-06
4.000000000000e-04,1.200856737617e-06
4.000000000000e-04,1.070446627030e-06
4.000000000000e-04,3.567398335018e-07
8.000000000000e-04,2.202544605817e-06
8.000000000000e-04,3.409609808488e-06
1.600000000000e-03,7.126054637807e-06
4.000000000000e-04,2.947166569493e-06
4.000000000000e-04,1.070449101889e-06
4.000000000000e-04,2.459772023876e-06
4.000000000000e-04,6.733185386007e-07
4.000000000000e-04,5.037670441702e-07
2.800000000000e-03,1.247481898134e-05
1.600000000000e-03,4.616873431695e-06
1.200000000000e-03,7.186040449348e-06
4.000000000000e-04,9.761980907854e-07
4.000000000000e-04,1.678572463080e-06
4.000000000000e-04,3.596987051961e-07
4.000000000000e-04,2.825865055636e-06
4.000000000000e-04,1.530783102392e-06
1.200000000000e-03,5.405093885126e-06
1.200000000000e-03,7.103416672448e-06
4.000000000000e-04,6.382602589206e-07
4.000000000000e-04,1.794925970200e-06
4.000000000000e-04,1.210636665640e-06
8.000000000000e-04,5.061662493860e-06
4.000000000000e-04,5.085207287854e-06
1.600000000000e-03,1.096890458776e-05
4.000000000000e-04,8.910210974270e-08
4.000000000000e-04,1.038091823350e-06
4.000000000000e-04,1.890404222546e-06
3.880000000000e-02,5.026004685710e-04
8.000000000000e-04,9.742349824346e-07
4.000000000000e-04,1.292827947312e-06
8.000000000000e-04,1.169015105104e-06
1.400000000000e-02,1.796219621077e-04
4.000000000000e-04,1.617663723116e-06
1.200000000000e-03,4.751872972222e-06
1.200000000000e-03,3.356628509832e-06
6.200000000000e-02,6.930825716768e-04
1.320000000000e-02,1.194788879614e-04
4.000000000000e-04,1.201485679720e-06
4.000000000000e-04,3.511940766438e-07
8.000000000000e-04,3.323021609912e-06
4.000000000000e-04,1.131156628382e-06
8.000000000000e-04,5.719510827042e-06
4.000000000000e-04,8.049989435334e-07
4.000000000000e-04,1.896663553261e-06
4.000000000000e-04,2.337095170576e-06
4.000000000000e-03,2.932508176481e-05
1.360000000000e-02,1.217521556714e-04
1.600000000000e-03,5.555414823887e-06
2.008000000000e-01,4.133665564408e-03
4.000000000000e-04,1.939306656161e-07
1.600000000000e-03,3.300682614655e-06
4.000000000000e-04,2.090120255643e-07
4.000000000000e-04,2.078064186964e-07
6.400000000000e-03,4.084260980695e-05
6.000000000000e-03,5.507858354408e-05
1.200000000000e-03,2.259831469858e-06
4.000000000000e-04,1.282525126939e-06
8.000000000000e-04,3.544930352489e-06
4.000000000000e-04,1.739311914031e-06
1.000000000000e-02,6.663124525939e-05
4.000000000000e-04,6.691919465965e-07
8.000000000000e-04,2.615034381604e-06
1.200000000000e-03,2.481257429013e-06
4.000000000000e-04,8.308906033131e-07
2.400000000000e-03,1.842540376242e-05
1.200000000000e-03,1.240142306330e-05
8.000000000000e-04,1.023030478675e-06
4.000000000000e-04,3.845202153273e-07
4.000000000000e-04,9.964070183501e-07
4.000000000000e-04,1.599504582134e-06
4.000000000000e-04,1.352088879339e-06
4.000000000000e-04,1.988792889860e-07
4.000000000000e-04,2.016104746013e-07
4.000000000000e-04,2.348919866534e-06
5.600000000000e-03,4.482828606177e-05
4.000000000000e-04,6.697436018325e-07
4.000000000000e-04,6.137810377403e-07
2.400000000000e-03,9.282427824057e-06
8.000000000000e-04,3.428280277428e-06
4.000000000000e-04,1.640939505805e-07
4.000000000000e-04,6.224914797498e-08
8.000000000000e-04,4.192264870564e-06
4.000000000000e-04,4.390580874193e-07
4.000000000000e-04,6.410353731635e-07
4.000000000000e-04,6.009648344909e-07
1.960000000000e-02,1.280706749345e-04
5.600000000000e-03,5.848652246049e-05
4.000000000000e-03,2.267081562083e-05
8.000000000000e-04,9.689305627202e-07
4.000000000000e-04,1.643153734025e-06
4.000000000000e-04,9.215538138899e-07
4.000000000000e-04,1.549447539806e-06
4.000000000000e-04,7.931556718186e-07
4.000000000000e-04,2.093813414264e-07
4.000000000000e-04,2.446528933692e-07
4.000000000000e-04,5.642402753371e-07
4.000000000000e-04,1.612223585629e-06
4.000000000000e-04,5.929084454938e-07
4.000000000000e-04,2.779739851675e-06
4.000000000000e-04,6.200623329377e-07
1.600000000000e-03,5.027690159903e-06
2.000000000000e-03,7.770262465574e-06
4.000000000000e-04,5.466006401794e-07
4.000000000000e-04,1.775132881289e-06
4.000000000000e-04,5.283604111735e-07
2.000000000000e-03,5.324446355335e-06
2.400000000000e-03,1.233510609080e-05
8.000000000000e-04,3.742617782020e-06
4.000000000000e-04,4.290880568859e-06
4.000000000000e-04,2.166313378099e-06
4.000000000000e-04,7.164811183368e-07
4.000000000000e-04,1.212325573576e-06
2.000000000000e-03,7.476904473783e-06
1.600000000000e-03,4.451057761153e-06
4.000000000000e-04,1.797655674569e-06
1.600000000000e-03,1.193627271865e-05
4.000000000000e-04,5.832097759752e-07
4.000000000000e-04,3.617113487484e-06
1.200000000000e-03,4.521456913685e-06
4.000000000000e-04,3.267257386968e-06
4.400000000000e-03,2.982645494998e-05
4.000000000000e-04,3.823119450394e-07
4.000000000000e-04,7.565398972947e-07
4.000000000000e-04,5.301586708533e-07
4.000000000000e-04,1.625761046394e-07
4.000000000000e-04,8.347887750784e-08
2.400000000000e-03,1.251706361064e-05
8.000000000000e-04,4.988567046948e-06
4.000000000000e-04,2.704929888330e-06
4.000000000000e-04,1.476907059401e-07
4.000000000000e-04,7.888778440490e-07
4.000000000000e-04,3.966401256706e-06
4.000000000000e-04,7.967594138035e-08
4.000000000000e-04,2.612255372831e-07
3.600000000000e-03,1.215501849922e-05
4.000000000000e-04,9.047814094086e-07
4.000000000000e-04,4.205581010563e-06
2.800000000000e-03,2.144667542112e-05
8.000000000000e-04,2.055229330069e-06
4.000000000000e-04,1.538748912880e-07
4.000000000000e-04,1.913478132914e-06
4.000000000000e-04,6.499027733390e-07
8.000000000000e-03,6.957897046535e-05
8.000000000000e-04,1.608180134502e-06
1.200000000000e-03,1.860810932465e-06
3.600000000000e-03,2.456062738232e-05
4.000000000000e-04,8.459572033093e-07
4.000000000000e-04,2.020327973033e-06
4.000000000000e-04,2.013961227763e-06
4.000000000000e-04,1.503068272743e-06
1.600000000000e-03,1.612689438825e-05
4.000000000000e-04,1.433546397301e-06
4.000000000000e-04,2.615181764588e-07
8.000000000000e-04,4.037729371558e-06
4.000000000000e-04,1.016509437943e-06
4.000000000000e-04,1.927362163915e-07
4.000000000000e-04,1.773545262504e-07
3.200000000000e-03,3.328698300699e-05
4.000000000000e-04,1.265476983976e-06
4.000000000000e-04,3.828259860844e-06
4.000000000000e-04,2.576542485487e-07
4.000000000000e-04,8.928140425912e-08
4.000000000000e-04,1.490720743902e-06
3.920000000000e-02,4.772846563872e-04
4.000000000000e-04,2.288359065616e-06
4.000000000000e-04,2.436882707236e-08
4.000000000000e-04,1.884399591339e-06
8.000000000000e-04,1.040611894368e-06
4.000000000000e-04,1.925872032284e-06
4.000000000000e-04,2.587843175968e-06
1.200000000000e-03,5.923490750334e-06
4.000000000000e-04,1.547675939887e-06
1.200000000000e-03,5.717706088864e-06
4.000000000000e-04,2.841834328621e-06
4.640000000000e-02,6.101635659799e-04
8.000000000000e-04,3.879239789834e-06
1.600000000000e-03,8.130994086962e-06
8.000000000000e-04,5.353148737037e-06
4.000000000000e-04,7.268358381790e-07
4.000000000000e-04,1.087185482141e-06
4.000000000000e-04,3.059435237095e-07
4.000000000000e-04,2.090461616087e-06
4.000000000000e-04,5.157863599554e-07
4.000000000000e-04,3.283741239504e-06
4.000000000000e-04,1.858925487784e-06
2.000000000000e-03,7.090905625921e-06
4.400000000000e-03,2.786542044615e-05
4.000000000000e-04,3.886604268780e-06
4.000000000000e-04,4.895501081647e-07
4.000000000000e-04,1.965592221892e-07
4.000000000000e-04,8.168932384305e-07
4.000000000000e-04,1.076092905716e-06
4.000000000000e-04,1.223340320102e-06
4.000000000000e-04,1.000238033363e-06
4.000000000000e-04,2.926771167957e-07
8.000000000000e-04,4.878694914980e-06
2.000000000000e-03,1.009765918596e-05
4.000000000000e-04,2.235703093300e-07
4.000000000000e-04,1.802133709306e-06
4.000000000000e-03,2.256165793115e-05
4.000000000000e-04,5.461374295679e-07
4.000000000000e-04,4.618262436287e-07
4.000000000000e-04,7.991628465323e-08
4.000000000000e-04,4.827084881173e-07
1.200000000000e-03,4.903741534457e-06
4.000000000000e-04,6.842603434788e-07
8.000000000000e-04,3.449342144285e-06
1.200000000000e-03,4.657546824525e-06
1.600000000000e-03,5.207900161409e-06
4.000000000000e-04,1.187759557202e-07
1.600000000000e-03,7.588086398671e-06
4.000000000000e-04,1.498261922421e-06
4.000000000000e-04,1.067280455026e-06
2.400000000000e-03,1.056844585615e-05
4.000000000000e-04,1.780198488858e-06
1.200000000000e-03,4.935248694152e-06
8.000000000000e-04,2.395032625728e-06
8.000000000000e-04,1.764001484858e-06
4.000000000000e-04,5.867519033557e-07
4.000000000000e-04,4.370756188242e-07
1.200000000000e-03,1.058526609302e-05
4.000000000000e-04,7.908560701301e-07
8.000000000000e-04,1.390284438940e-06
4.000000000000e-04,1.391050822664e-06
4.000000000000e-04,2.105306462809e-06
4.000000000000e-04,4.518335012144e-08
6.800000000000e-03,6.151208792135e-05
4.000000000000e-04,1.695121230781e-06
4.000000000000e-04,1.821107959881e-06
4.000000000000e-04,3.925607867625e-06
4.000000000000e-04,4.373339143769e-06
4.000000000000e-04,7.436502378331e-07
4.000000000000e-04,1.669775952959e-06
8.000000000000e-04,1.709528139996e-06
1.200000000000e-03,1.290689701805e-06
5.200000000000e-03,3.781907672551e-05
8.000000000000e-04,1.310503923540e-06
4.000000000000e-04,9.846362460991e-07
4.000000000000e-04,4.013064050449e-08
4.000000000000e-04,3.354143110339e-07
4.640000000000e-02,9.869231120841e-04
4.000000000000e-04,1.305682052796e-06
4.000000000000e-04,1.862118754374e-06
4.000000000000e-04,1.671709446616e-07
8.000000000000e-04,5.660082869938e-06
8.000000000000e-04,1.530760851162e-06
2.800000000000e-03,1.143385023358e-05
4.000000000000e-04,1.174873006046e-07
4.000000000000e-04,9.324417411449e-08
4.000000000000e-04,1.358932125053e-06
8.000000000000e-04,2.716816139061e-06
8.000000000000e-04,2.152953110750e-06
4.000000000000e-04,1.820217199202e-07
4.000000000000e-04,9.331054637588e-07
4.000000000000e-04,1.302457441993e-06
1.200000000000e-03,7.076985390482e-06
8.000000000000e-04,9.484396218415e-07
4.000000000000e-04,1.244143596684e-06
4.000000000000e-04,2.632715945595e-06
4.000000000000e-04,6.051603849142e-07
1.400000000000e-02,1.262762797781e-04
4.000000000000e-04,1.207814035558e-06
4.000000000000e-04,1.995783103687e-07
1.600000000000e-03,1.013236541439e-05
4.000000000000e-04,6.080638067360e-07
8.000000000000e-04,1.856503648597e-06
4.000000000000e-04,2.297168029657e-07
4.000000000000e-04,1.877532662744e-07
4.000000000000e-04,1.979037616696e-06
3.200000000000e-03,1.468872697997e-05
8.000000000000e-04,3.104549607287e-06
1.600000000000e-03,6.495141010880e-06
4.000000000000e-04,1.608823020044e-07
1.200000000000e-03,5.299049461278e-06
4.000000000000e-04,2.525110377851e-06
4.000000000000e-04,8.094113848793e-07
4.000000000000e-04,2.341057267246e-06
4.000000000000e-04,1.238949258064e-06
4.000000000000e-04,2.730478542551e-07
4.000000000000e-04,3.695763872341e-07
3.200000000000e-03,2.578944378680e-05
1.200000000000e-03,2.815287687094e-06
8.000000000000e-04,2.048555873753e-06
4.000000000000e-04,2.369877666650e-07
8.000000000000e-04,3.593850248102e-06
4.000000000000e-04,1.565154874491e-07
8.000000000000e-04,6.127543116798e-06
4.000000000000e-04,2.007502124905e-07
4.000000000000e-04,2.676952467232e-06
4.000000000000e-04,7.473495136915e-07
4.000000000000e-04,8.088806962675e-07
4.000000000000e-04,2.083279532033e-06
4.000000000000e-04,2.464131170415e-06
2.400000000000e-03,1.353935597721e-05
4.000000000000e-04,5.870923860660e-07
4.000000000000e-04,1.356654076139e-07
1.200000000000e-03,9.172705657527e-06
8.000000000000e-04,1.819281186046e-06
1.200000000000e-03,3.961589498932e-06
8.000000000000e-04,9.274228444775e-07
8.400000000000e-03,7.564324497183e-05
1.000000000000e-02,7.145233900186e-05
4.000000000000e-04,3.342781359109e-06
1.480000000000e-02,1.076426037276e-04
8.000000000000e-04,2.121678126765e-06
4.000000000000e-04,4.707133382450e-07
4.000000000000e-04,9.203855292816e-08
8.000000000000e-04,4.909191327497e-06
4.000000000000e-04,2.018160988041e-07
8.000000000000e-04,1.707558227694e-06
4.000000000000e-04,1.113746588390e-07
2.000000000000e-03,8.776279174464e-06
4.000000000000e-04,1.156448113535e-06
4.000000000000e-04,9.454178514909e-07
8.000000000000e-04,4.893155903772e-06
4.000000000000e-04,3.281219503737e-07
1.200000000000e-03,8.521135044444e-06
4.000000000000e-04,2.753327785105e-07
2.000000000000e-03,1.003320675253e-05
7.200000000000e-03,4.256075728743e-05
1.200000000000e-03,5.589040196788e-06
4.000000000000e-04,4.371706947219e-07
4.000000000000e-04,2.376136510653e-06
1.200000000000e-03,2.621546247183e-06
4.000000000000e-04,2.604361301644e-06
4.000000000000e-04,3.643767977558e-07
4.000000000000e-04,3.704550464958e-07
4.000000000000e-04,1.375217828061e-06
4.000000000000e-04,1.450927319621e-06
4.000000000000e-03,4.216945846396e-05
4.000000000000e-04,1.834057764354e-06
4.000000000000e-04,1.418766465242e-06
4.000000000000e-04,5.126355772493e-07
4.000000000000e-04,1.379440686438e-06
4.000000000000e-04,2.126708448539e-07
8.000000000000e-04,4.518759847221e-06
4.000000000000e-04,2.686129827667e-06
4.000000000000e-04,1.417714503002e-06
4.000000000000e-04,1.375306972423e-06
4.000000000000e-04,2.262183104322e-06
2.000000000000e-03,2.838042968348e-05
4.000000000000e-04,1.787170569612e-06
1.200000000000e-03,2.445187215029e-06
4.000000000000e-04,5.083379376988e-07
4.000000000000e-04,1.016686569773e-06
4.000000000000e-04,3.190653600968e-06
4.000000000000e-04,9.817871146635e-07
4.000000000000e-04,4.384489184480e-07
1.040000000000e-02,1.087750359254e-04
2.000000000000e-03,1.046353304391e-05
8.000000000000e-04,9.592284984148e-07
1.600000000000e-03,5.998445967544e-06
4.000000000000e-04,1.935811810441e-08
4.000000000000e-04,3.491952845249e-07
2.400000000000e-03,1.003626950918e-05
8.000000000000e-04,4.704237343361e-06
1.200000000000e-03,3.691259215790e-06
4.000000000000e-04,2.796360345684e-06
8.000000000000e-04,2.431755268762e-06
2.800000000000e-03,1.258247334548e-05
4.000000000000e-04,9.947841342000e-07
3.600000000000e-03,1.298430914404e-05
4.000000000000e-04,1.451614572642e-06
8.000000000000e-04,3.182435525414e-06
7.280000000000e-02,1.259767882821e-03
4.000000000000e-04,3.330114440947e-06
8.000000000000e-04,1.818490352469e-06
4.000000000000e-04,2.239007914447e-06
4.400000000000e-03,2.703342098695e-05
8.000000000000e-04,1.500053149690e-06
8.000000000000e-04,2.733536305915e-06
8.000000000000e-04,8.559884108070e-06
2.800000000000e-03,1.418352118902e-05
4.000000000000e-04,8.069422025241e-08
1.200000000000e-03,4.290025210739e-06
1.200000000000e-03,5.090049241445e-06
4.000000000000e-04,1.466378732221e-06
8.000000000000e-04,1.204699276238e-06
4.000000000000e-04,9.509483653917e-08
2.000000000000e-03,1.026981185346e-05
4.000000000000e-04,1.461713292784e-06
2.000000000000e-03,1.429538124199e-05
2.000000000000e-03,1.967939642499e-05
4.000000000000e-04,4.588302878469e-07
8.000000000000e-04,3.405823102780e-06
2.800000000000e-03,1.260516684172e-05
4.000000000000e-04,3.101907237167e-07
1.200000000000e-03,1.121136133724e-06
4.000000000000e-04,2.311208118037e-06
8.000000000000e-04,7.724525644430e-07
4.000000000000e-04,5.476891312028e-07
4.000000000000e-04,1.329223250348e-06
8.000000000000e-04,7.266074011025e-06
6.000000000000e-03,5.719243909435e-05
4.000000000000e-04,1.738309580751e-07
1.600000000000e-03,9.970506870590e-06
4.000000000000e-04,5.078523595799e-07
4.000000000000e-04,1.807182014141e-08
4.000000000000e-04,1.390638205447e-06
1.200000000000e-03,5.456970022558e-06
4.000000000000e-04,1.020139666874e-06
8.000000000000e-04,1.624001996629e-06
1.200000000000e-03,1.523357771544e-06
2.400000000000e-03,1.195839379264e-05
4.000000000000e-04,4.279228534880e-07
4.000000000000e-04,1.716775808388e-06
4.000000000000e-04,2.354691979978e-07
4.000000000000e-04,1.217469417605e-07
8.000000000000e-04,4.901877762771e-06
4.000000000000e-04,4.055253226694e-06
8.000000000000e-04,1.997440042990e-06
1.816000000000e-01,4.651762934494e-03
1.200000000000e-03,4.397393710198e-06
8.000000000000e-04,4.890902741710e-06
4.000000000000e-04,2.413330444310e-06
1.480000000000e-02,1.628810721087e-04
1.200000000000e-03,5.770140806383e-06
1.200000000000e-03,4.949552281866e-06
4.000000000000e-04,1.741472349693e-06
2.800000000000e-03,2.317596980686e-05
1.200000000000e-03,5.329197608666e-06
4.000000000000e-04,2.410440290219e-07
4.000000000000e-04,1.808721524383e-06
4.000000000000e-04,5.915148055622e-07
5.200000000000e-03,5.707299736943e-05
4.000000000000e-04,2.910965667948e-06
4.000000000000e-04,4.613157455355e-08
2.840000000000e-02,3.514946804466e-04
4.000000000000e-04,4.164648059291e-07
4.000000000000e-04,1.029455687013e-06
8.000000000000e-04,3.318310779747e-06
4.000000000000e-04,7.459051832459e-09
4.000000000000e-04,4.067959784599e-07
8.000000000000e-04,5.193014607183e-06
1.600000000000e-03,1.200430898623e-05
4.920000000000e-02,7.553609182993e-04
4.000000000000e-04,5.244867457885e-08
4.000000000000e-04,1.235921832393e-06
4.000000000000e-04,2.920704090357e-07
4.000000000000e-04,1.598097657059e-06
4.000000000000e-04,1.042641856431e-06
4.000000000000e-04,7.099318677900e-07
8.000000000000e-04,4.477418298595e-06
4.000000000000e-04,1.757357995382e-07
2.000000000000e-03,3.825514010291e-06
8.000000000000e-04,1.012559850858e-06
4.040000000000e-02,5.541789529738e-04
4.000000000000e-04,1.765330319322e-06
8.000000000000e-04,4.342351159274e-06
8.000000000000e-04,7.565777681489e-07
8.000000000000e-04,4.020453831382e-06
4.000000000000e-04,7.949902572049e-07
4.000000000000e-04,1.352358605106e-06
4.000000000000e-04,8.580646554403e-08
8.000000000000e-04,8.400900632516e-07
4.000000000000e-04,9.779027950340e-07
4.000000000000e-04,6.746284314444e-07
4.000000000000e-04,1.129041506010e-06
8.400000000000e-03,9.599850416469e-05
8.000000000000e-04,4.784066195028e-06
4.000000000000e-04,2.200969812810e-06
6.000000000000e-03,4.878415096661e-05
4.000000000000e-04,4.379317215892e-07
4.000000000000e-04,2.288816274144e-06
4.000000000000e-04,1.198811374047e-06
8.000000000000e-04,6.556070480290e-07
4.000000000000e-04,1.548476396314e-06
4.000000000000e-04,3.410758377515e-07
4.000000000000e-04,7.574524275161e-07
4.000000000000e-04,9.999759248101e-07
4.000000000000e-04,2.703942689381e-06
4.000000000000e-04,3.543851218081e-07
8.000000000000e-04,2.155391963509e-06
4.000000000000e-04,1.232066467591e-07
4.000000000000e-04,7.947505360495e-07
4.000000000000e-04,2.214290296199e-07
8.000000000000e-04,2.720175843516e-06
1.200000000000e-03,7.813898447360e-06
4.000000000000e-04,9.332979720137e-07
1.600000000000e-03,1.436755801009e-05
4.000000000000e-04,5.930511887728e-07
4.000000000000e-04,1.880222343190e-06
4.000000000000e-04,7.884957034442e-07
4.000000000000e-04,8.396765186722e-07
8.000000000000e-04,2.842727177992e-06
4.000000000000e-04,1.326282095856e-06
4.000000000000e-04,1.370759571734e-06
4.000000000000e-04,2.223688163946e-06
4.000000000000e-04,3.798703405493e-06
1.200000000000e-03,1.149747811311e-06
8.000000000000e-04,4.872308149312e-06
4.000000000000e-03,1.396467013879e-05
1.200000000000e-03,2.147487395147e-06
1.600000000000e-03,8.923210536603e-06
1.200000000000e-03,3.880290180577e-06
4.000000000000e-04,3.261212164498e-06
4.000000000000e-04,6.499357815355e-07
4.000000000000e-04,1.929104152215e-06
2.400000000000e-03,1.961060740847e-05
4.000000000000e-04,9.279755848027e-07
2.000000000000e-03,5.911192348360e-06
4.000000000000e-04,8.708821686287e-07
4.000000000000e-04,8.341183796248e-07
4.000000000000e-04,1.461712910436e-07
1.880000000000e-02,2.161025286481e-04
2.000000000000e-03,9.356981929995e-06
2.000000000000e-03,9.470412922130e-06
4.000000000000e-04,6.399131512592e-07
4.000000000000e-04,7.060250593803e-07
4.000000000000e-04,1.114087434468e-06
4.000000000000e-04,5.926284955240e-07
4.000000000000e-04,6.920342162205e-08
4.000000000000e-04,2.151564805344e-06
4.000000000000e-04,1.107935719674e-06
4.000000000000e-04,1.844189604501e-06
2.000000000000e-03,7.424941088373e-06
4.000000000000e-04,7.851719483125e-07
4.000000000000e-04,1.489661013167e-06
4.000000000000e-04,1.655819955623e-06
4.000000000000e-04,5.215648444715e-08
4.000000000000e-04,2.801192947068e-06
4.000000000000e-04,2.214815824314e-06
4.000000000000e-04,3.204436574720e-06
9.200000000000e-03,8.323113631256e-05
1.200000000000e-03,2.254544639496e-06
4.000000000000e-04,2.606510260762e-07
4.000000000000e-04,3.676331581186e-07
4.000000000000e-04,1.171990911369e-06
4.000000000000e-04,2.507508944317e-06
4.000000000000e-04,2.847727982364e-06
1.600000000000e-03,3.735189299713e-06
8.000000000000e-04,3.296755614689e-06
4.000000000000e-04,4.156162880883e-07
8.000000000000e-04,3.191651221730e-06
8.000000000000e-04,4.879078374017e-06
4.000000000000e-04,2.326583732806e-07
8.000000000000e-04,1.703824522665e-06
4.000000000000e-04,3.492071674763e-07
8.000000000000e-04,6.727164831346e-06
4.000000000000e-04,1.068295850695e-06
8.000000000000e-04,3.026485454881e-06
4.000000000000e-04,9.034836555838e-07
4.000000000000e-04,1.742813007615e-06
4.000000000000e-04,1.275620669602e-06
8.000000000000e-04,4.318788709300e-06
4.000000000000e-04,2.544393773903e-06
4.000000000000e-04,2.602095764931e-06
2.400000000000e-03,1.161203884828e-05
4.000000000000e-04,5.802008026607e-07
4.000000000000e-04,6.272577858644e-08
4.000000000000e-04,1.550554139545e-06
4.000000000000e-03,3.637033256613e-05
4.000000000000e-04,2.488821318023e-06
2.800000000000e-03,1.093649168826e-05
4.000000000000e-04,1.359372799250e-06
4.000000000000e-04,1.552290003171e-06
1.200000000000e-03,9.082757290567e-06
8.000000000000e-04,2.710557384579e-06
4.000000000000e-04,5.109783447876e-06
4.000000000000e-04,7.939732828417e-07
4.000000000000e-04,8.562804095692e-08
4.000000000000e-04,1.582408376979e-06
4.000000000000e-04,2.876770750267e-06
4.800000000000e-03,4.376955186140e-05
4.000000000000e-04,1.118396640442e-06
4.000000000000e-04,1.800268032977e-07
1.200000000000e-03,1.006910702124e-05
4.000000000000e-03,2.794502897486e-05
2.800000000000e-03,3.231981386321e-05
1.200000000000e-03,2.810396004453e-06
4.000000000000e-04,1.756095086514e-06
2.000000000000e-03,8.035783817794e-06
8.000000000000e-04,7.465953361379e-06
1.200000000000e-03,8.346002479087e-06
4.000000000000e-04,5.016072337715e-08
1.200000000000e-03,3.634143836796e-06
4.000000000000e-04,8.108544583985e-07
8.000000000000e-04,1.447921275916e-06
4.000000000000e-04,2.384992350068e-06
8.000000000000e-04,7.632739184661e-06
4.000000000000e-04,9.376527423902e-07
4.000000000000e-04,8.894954593699e-07
4.000000000000e-04,2.323956602586e-06
4.000000000000e-04,2.242639304676e-07
4.000000000000e-04,1.495960298972e-07
4.000000000000e-04,1.375667166713e-07
8.000000000000e-04,1.332148866257e-06
4.000000000000e-04,8.015273623629e-07
4.000000000000e-04,1.306719677564e-06
4.000000000000e-04,3.887916514956e-07
4.000000000000e-04,2.356718317499e-06
8.000000000000e-04,3.080124907602e-06
4.000000000000e-04,2.348699982034e-06
4.000000000000e-04,2.490936854478e-06
8.000000000000e-04,3.455300011051e-06
4.000000000000e-04,6.568824784098e-07
8.000000000000e-04,1.278664144741e-06
4.000000000000e-04,4.711031147388e-07
8.800000000000e-03,1.040427813996e-04
3.200000000000e-03,2.624149119587e-05
4.000000000000e-04,2.339286156797e-06
5.840000000000e-02,1.146881321162e-03
5.600000000000e-03,1.047157525179e-04
1.320000000000e-02,2.420180277135e-04
1.200000000000e-03,7.798375315823e-06
7.240000000000e-02,1.835514874596e-03
7.720000000000e-02,1.609653159870e-03
2.560000000000e-02,1.744316356481e-04
8.000000000000e-04,6.001831368252e-06
8.000000000000e-04,3.123619823649e-06
1.600000000000e-03,1.971884052587e-05
1.720000000000e-02,1.933673364955e-04
2.280000000000e-02,3.910280668527e-04
1.600000000000e-03,9.094434954269e-06
4.000000000000e-04,5.562822782851e-08
2.200000000000e-02,1.721495496667e-04
1.200000000000e-03,3.758783708180e-06
4.000000000000e-04,3.625694440249e-07
2.780000000000e-01,1.094621859652e-02
8.000000000000e-04,6.299789668393e-06
4.000000000000e-04,1.465958041794e-06
4.000000000000e-04,2.301246972473e-06
4.000000000000e-04,2.642525306291e-06
4.000000000000e-04,8.223073535577e-07
4.000000000000e-04,1.237367590569e-06
5.200000000000e-03,3.901441575406e-05
2.400000000000e-03,1.497426985669e-05
4.000000000000e-04,1.726700275225e-08
4.000000000000e-04,2.360267652730e-07
4.000000000000e-04,5.227760182874e-08
4.000000000000e-04,2.664662106473e-06
2.800000000000e-03,2.114287243555e-05
4.000000000000e-04,2.923767866410e-07
1.200000000000e-03,5.620491846361e-06
3.600000000000e-03,4.023421883210e-05
1.600000000000e-03,1.001670330228e-05
8.000000000000e-04,7.593870947806e-06
8.000000000000e-04,1.930153281425e-06
8.000000000000e-04,1.377857236625e-06
4.000000000000e-04,4.736424408284e-07
4.000000000000e-04,1.047842056480e-06
4.000000000000e-04,1.312959294482e-06
4.000000000000e-04,1.122199407648e-06
8.000000000000e-04,2.178339951659e-06
8.000000000000e-03,7.940458999116e-05
4.000000000000e-04,4.716119964540e-06
4.000000000000e-04,7.753562836936e-07
8.000000000000e-04,2.260649861376e-06
6.800000000000e-03,3.401849704965e-05
8.000000000000e-04,5.729650304632e-07
4.000000000000e-04,8.185368139796e-07
4.000000000000e-04,2.169423775627e-06
1.200000000000e-03,4.704234190676e-06
4.000000000000e-04,2.229098048897e-07
8.000000000000e-04,6.177238156583e-06
1.600000000000e-03,2.008823547466e-06
4.000000000000e-04,4.091240961446e-06
8.000000000000e-04,4.324428008738e-06
4.000000000000e-04,1.453961578394e-07
1.160000000000e-02,1.216658829381e-04
1.200000000000e-03,5.474696428247e-06
1.600000000000e-03,9.982996894750e-06
4.000000000000e-04,8.642318191060e-07
2.000000000000e-03,2.534478422409e-05
4.000000000000e-04,4.074788659525e-06
4.000000000000e-04,1.793326658081e-06
8.000000000000e-04,9.677109467771e-07
4.000000000000e-04,4.042002308836e-07
4.000000000000e-04,2.633454968675e-06
4.000000000000e-04,6.418531542902e-07
4.000000000000e-04,1.666600124316e-07
4.000000000000e-04,2.095448247447e-06
1.200000000000e-03,1.880929197166e-06
4.000000000000e-04,2.563125052470e-06
8.000000000000e-04,1.497508615191e-06
4.000000000000e-04,1.539360564345e-06
1.600000000000e-03,8.091146341588e-06
8.000000000000e-04,7.494653450879e-07
4.000000000000e-04,2.338249243134e-06
8.000000000000e-04,6.711411752441e-06
7.840000000000e-02,1.951155356627e-03
4.000000000000e-04,7.966346339992e-07
8.000000000000e-04,2.957629508879e-06
4.000000000000e-04,4.545743093903e-07
2.000000000000e-03,1.589782158397e-05
8.000000000000e-04,5.906098327673e-06
2.000000000000e-03,8.828880733360e-06
4.000000000000e-04,1.413674378451e-06
4.000000000000e-04,2.137650370650e-06
3.600000000000e-03,2.666502192840e-05
4.000000000000e-04,1.977609022717e-06
8.000000000000e-04,6.107420843208e-06
4.000000000000e-04,8.473311917737e-07
4.000000000000e-04,1.226977894201e-06
3.600000000000e-03,3.242609367059e-05
4.000000000000e-04,4.064779134471e-07
4.000000000000e-04,1.160666743442e-06
4.000000000000e-04,1.098283448059e-08
4.000000000000e-04,6.457902361991e-07
4.000000000000e-04,8.253734897613e-07
6.400000000000e-03,7.210149172599e-05
4.000000000000e-04,1.054858945628e-07
4.000000000000e-04,2.372491531527e-06
4.000000000000e-04,3.738935656322e-06
4.000000000000e-04,3.010068640998e-06
4.000000000000e-04,1.075148254518e-06
4.000000000000e-04,7.259585619752e-07
4.000000000000e-04,1.607042478267e-07
4.000000000000e-04,1.875111216515e-06
4.000000000000e-04,3.186445198965e-06
8.000000000000e-04,3.236483980040e-06
4.000000000000e-04,1.518201945756e-07
8.000000000000e-04,4.695289890157e-06
4.000000000000e-04,9.263319043370e-07
4.000000000000e-04,2.898648923908e-06
4.000000000000e-04,3.721089114150e-06
4.000000000000e-04,1.285031283843e-06
4.000000000000e-04,4.108583683586e-06
3.200000000000e-03,2.489591048451e-05
4.000000000000e-04,2.236792057222e-06
8.000000000000e-04,8.217539510435e-06
8.000000000000e-04,3.424503197356e-06
1.200000000000e-03,3.468002000718e-06
1.200000000000e-03,9.033398258183e-06
4.000000000000e-04,2.663791951845e-07
4.000000000000e-04,1.680825400016e-06
4.000000000000e-04,9.979046832915e-07
8.000000000000e-04,3.463374943623e-06
8.000000000000e-04,6.323243849795e-06
4.000000000000e-04,1.077351072956e-06
8.000000000000e-04,5.313345085209e-06
4.000000000000e-04,1.655032983368e-06
2.400000000000e-03,1.368717615219e-05
3.200000000000e-03,4.372302724063e-05
4.000000000000e-04,2.728292028135e-06
4.000000000000e-04,1.133599808245e-06
4.000000000000e-04,1.011085902710e-06
9.200000000000e-03,5.976917597895e-05
1.200000000000e-03,1.405869099884e-05
4.000000000000e-04,4.221213179467e-07
4.000000000000e-04,1.162203358090e-06
5.000000000000e-02,8.763233252137e-04
4.000000000000e-04,3.777577296578e-07
4.000000000000e-04,6.987355760435e-06
4.000000000000e-04,6.146282331882e-07
4.000000000000e-04,1.960982647161e-06
8.000000000000e-04,2.637712705650e-06
8.000000000000e-04,1.512267382451e-06
8.000000000000e-04,2.111978118029e-06
1.200000000000e-03,1.136389560631e-05
2.000000000000e-03,1.483582898095e-05
8.000000000000e-03,5.174829239472e-05
4.000000000000e-04,2.320621837999e-06
1.200000000000e-03,7.346574119953e-06
4.000000000000e-04,1.851475330371e-07
4.000000000000e-04,1.870979516352e-06
4.000000000000e-04,4.837685510952e-07
3.560000000000e-02,4.084353113649e-04
4.000000000000e-04,2.831244527675e-06
4.000000000000e-04,4.780655718794e-06
1.200000000000e-03,5.695911445235e-06
4.000000000000e-04,1.366176647908e-06
2.000000000000e-03,1.761458728779e-05
4.000000000000e-04,8.124612011378e-07
4.000000000000e-04,2.214223835748e-06
4.000000000000e-04,6.155194345304e-07
2.400000000000e-03,1.226626314777e-05
3.200000000000e-03,3.270864096405e-05
4.000000000000e-04,5.058154151547e-08
4.000000000000e-04,1.613783584485e-06
4.000000000000e-04,2.631854675514e-06
4.000000000000e-04,1.141683001290e-07
4.000000000000e-04,3.722479236737e-07
4.000000000000e-04,8.252560539325e-07
4.000000000000e-04,8.085835865879e-07
1.200000000000e-03,2.189469351575e-06
4.400000000000e-03,5.755789429483e-05
4.000000000000e-04,5.328266893926e-07
3.600000000000e-03,2.026206874805e-05
1.200000000000e-03,1.890579416127e-05
1.600000000000e-03,1.079249670375e-05
8.000000000000e-04,1.960048066661e-06
2.000000000000e-03,1.838942709803e-05
4.000000000000e-04,1.484350500214e-06
4.000000000000e-04,2.021713920105e-06
2.000000000000e-03,1.043153044436e-05
4.000000000000e-04,1.182308195585e-06
2.000000000000e-03,9.677263345707e-06
4.000000000000e-04,1.590792102929e-06
4.000000000000e-04,3.870256708194e-09
1.200000000000e-03,6.886701715962e-06
4.000000000000e-04,3.084763785654e-06
4.400000000000e-03,5.151976788694e-05
4.000000000000e-04,7.954284695304e-07
4.000000000000e-04,2.143511429191e-08
8.000000000000e-04,2.082537205312e-06
4.000000000000e-04,5.567306617615e-07
4.000000000000e-04,1.925839701317e-06
8.000000000000e-04,3.920522805506e-06
4.000000000000e-04,5.188055172586e-08
4.000000000000e-04,1.448393974484e-06
4.000000000000e-04,1.664430758357e-06
8.000000000000e-04,4.291028576544e-06
4.000000000000e-04,1.224515217196e-07
4.000000000000e-04,6.628998125165e-07
4.000000000000e-04,1.125344989617e-06
4.000000000000e-04,8.859733470889e-07
4.000000000000e-04,6.471582609773e-07
2.000000000000e-03,1.244619118797e-05
2.400000000000e-03,3.179580929605e-05
2.000000000000e-03,7.829617510927e-06
4.000000000000e-04,1.253330685442e-06
4.000000000000e-04,2.132745383101e-06
4.000000000000e-04,2.679434887512e-06
4.000000000000e-04,8.441829342695e-06
8.000000000000e-04,3.831438665259e-06
1.600000000000e-03,5.245242784017e-06
4.000000000000e-04,1.130580777741e-06
4.000000000000e-04,2.880005202796e-06
8.000000000000e-04,9.745143488516e-07
4.000000000000e-04,3.696421434279e-07
1.600000000000e-03,1.410957450205e-05
4.000000000000e-04,1.520547565211e-06
4.000000000000e-04,1.957465883567e-06
4.000000000000e-04,6.624801121754e-07
2.000000000000e-03,1.055852267208e-05
1.040000000000e-02,7.752804705314e-05
3.200000000000e-03,2.371144794780e-05
4.000000000000e-04,6.211736766316e-07
4.000000000000e-04,4.736915666633e-07
4.000000000000e-04,4.171735251611e-07
1.200000000000e-03,6.075909159410e-06
1.200000000000e-03,4.337429485349e-06
4.000000000000e-04,5.609945121646e-07
4.000000000000e-04,2.371645992021e-06
4.000000000000e-04,1.674130599652e-06
4.000000000000e-04,2.393055114099e-07
4.000000000000e-04,1.753849904186e-07
4.000000000000e-04,2.125214329447e-07
4.400000000000e-03,4.237457503590e-05
4.000000000000e-04,4.717556732528e-06
3.600000000000e-03,2.734933578714e-05
1.600000000000e-03,6.755656791031e-06
4.000000000000e-04,8.678902511841e-07
4.000000000000e-04,1.446771637208e-06
4.000000000000e-04,1.408830549521e-07
1.268000000000e-01,2.081780935042e-03
4.000000000000e-04,6.821071124130e-07
1.200000000000e-03,1.443762623048e-05
1.600000000000e-03,8.369055217127e-06
4.000000000000e-04,6.542340388903e-07
1.440000000000e-02,1.881381361945e-04
4.000000000000e-04,3.726501773522e-06
2.800000000000e-03,1.120484804340e-05
8.000000000000e-04,5.778459155883e-06
8.000000000000e-04,4.431482623231e-06
4.000000000000e-04,5.688843745000e-07
4.000000000000e-04,1.522386853946e-06
4.000000000000e-04,4.228686729408e-06
4.000000000000e-04,1.952420108294e-07
4.000000000000e-04,9.043739375968e-07
4.000000000000e-04,1.431032670875e-07
4.000000000000e-03,3.420222989647e-05
4.000000000000e-04,2.542665004834e-06
4.000000000000e-04,4.960418741765e-06
2.000000000000e-03,1.145402729190e-05
4.000000000000e-04,8.905919228304e-08
4.000000000000e-04,2.662060802345e-06
1.200000000000e-03,8.705123715537e-06
1.600000000000e-03,7.035743517861e-06
8.000000000000e-04,6.286122284543e-06
4.000000000000e-04,1.537480446450e-06
1.200000000000e-03,5.026289064108e-06
1.600000000000e-03,1.188009974602e-05
1.600000000000e-03,4.056287289990e-06
4.000000000000e-04,1.269732350249e-07
4.000000000000e-04,9.906731095661e-08
1.200000000000e-03,3.916541786604e-06
4.400000000000e-03,3.189562924876e-05
4.000000000000e-04,1.660948787746e-06
4.000000000000e-04,2.531224794733e-06
4.000000000000e-04,1.053212282275e-06
2.400000000000e-03,2.046988352185e-05
2.000000000000e-03,1.820644040675e-05
2.000000000000e-03,1.880202026268e-05
2.000000000000e-03,1.354047278817e-05
8.000000000000e-04,6.598519164661e-06
4.400000000000e-03,3.882629527111e-05
4.000000000000e-04,2.861571704955e-07
4.000000000000e-04,3.290310023723e-06
3.200000000000e-03,8.594314269567e-06
4.000000000000e-04,4.609632487331e-06
4.000000000000e-04,4.328326830387e-07
8.000000000000e-04,3.737516162838e-06
4.000000000000e-04,2.527036212506e-07
4.000000000000e-04,6.490591528905e-07
8.000000000000e-04,7.164705608089e-07
8.000000000000e-04,4.244365102931e-06
4.000000000000e-04,1.727115259075e-06
4.000000000000e-04,2.486728991760e-06
4.000000000000e-04,2.947486866006e-06
8.000000000000e-04,1.495869932907e-06
2.400000000000e-03,2.328558608260e-05
1.200000000000e-03,1.093939342705e-06
4.000000000000e-04,5.745440326648e-07
4.000000000000e-04,2.183118855067e-06
4.000000000000e-04,8.675376722418e-08
4.000000000000e-04,2.611294076166e-06
4.000000000000e-04,2.019464275524e-07
4.000000000000e-04,4.952812628487e-07
1.200000000000e-03,3.008201457012e-06
4.000000000000e-04,8.554606940477e-07
2.000000000000e-03,1.795979102182e-05
4.000000000000e-04,4.929142811283e-07
8.000000000000e-04,1.492509166362e-06
4.000000000000e-04,1.466557121935e-06
8.000000000000e-04,8.633622195080e-07
4.000000000000e-04,1.336811924183e-06
4.000000000000e-04,1.829571739479e-06
8.000000000000e-04,1.758512859881e-06
8.000000000000e-04,5.150913002639e-06
1.600000000000e-03,8.662233675225e-06
8.000000000000e-04,4.971453840814e-06
8.000000000000e-04,6.237584081661e-07
3.200000000000e-03,1.841626581123e-05
4.000000000000e-04,9.832798119989e-07
1.600000000000e-03,1.212396121540e-05
8.000000000000e-04,4.154744624630e-06
8.000000000000e-03,7.306508546748e-05
4.000000000000e-04,2.174488378668e-06
8.000000000000e-04,2.059499292101e-06
4.000000000000e-04,7.476496719928e-07
2.400000000000e-03,1.499266565267e-05
4.000000000000e-04,1.052746646300e-07
8.000000000000e-04,4.704554011565e-06
8.000000000000e-04,5.521873344979e-06
4.000000000000e-04,7.862142003926e-07
4.000000000000e-04,6.455331975533e-07
1.200000000000e-03,1.011124224644e-05
4.000000000000e-04,3.913518086190e-06
4.000000000000e-04,7.613275831565e-07
4.000000000000e-04,5.405494302615e-07
4.000000000000e-04,3.885890347359e-06
4.000000000000e-04,3.993451542556e-07
5.200000000000e-03,7.287889503145e-05
4.000000000000e-04,6.214472766512e-07
4.000000000000e-04,2.464514576717e-06
2.400000000000e-03,1.121014430874e-05
8.000000000000e-04,2.200768557451e-06
4.000000000000e-04,3.315364658428e-06
1.600000000000e-03,6.688901560257e-06
8.000000000000e-04,3.752131864011e-06
1.000000000000e-02,6.121347362661e-05
4.000000000000e-04,1.697399954745e-06
4.000000000000e-04,2.572190417183e-06
4.000000000000e-04,1.031320945913e-06
8.000000000000e-04,2.158252114222e-06
4.000000000000e-04,4.584234705365e-07
4.000000000000e-04,1.928399762247e-06
4.000000000000e-04,3.120132872373e-07
4.000000000000e-04,2.504123580171e-07
4.000000000000e-04,6.477487309836e-07
1.760000000000e-02,2.529500601769e-04
4.800000000000e-03,1.730321543826e-05
1.240000000000e-02,1.449853659052e-04
4.000000000000e-04,2.168769416195e-06
4.000000000000e-04,1.482503904077e-06
1.080000000000e-02,1.308708682784e-04
3.600000000000e-03,4.090223751298e-05
4.000000000000e-04,2.181890641539e-06
8.000000000000e-04,5.817810783910e-06
4.000000000000e-04,2.777642613823e-06
1.600000000000e-03,7.996313315618e-06
2.400000000000e-03,1.303141224988e-05
3.400000000000e-02,5.938730514721e-04
1.200000000000e-03,8.883641119407e-06
8.000000000000e-04,4.623605114405e-06
2.400000000000e-03,1.618173670602e-05
4.000000000000e-04,2.815704293195e-06
8.000000000000e-04,9.435933950785e-07
8.000000000000e-04,2.340610531258e-06
4.000000000000e-04,3.790720220157e-07
4.000000000000e-04,3.912567338925e-06
2.000000000000e-03,1.467766069007e-05
4.000000000000e-04,3.786877701301e-07
4.000000000000e-04,3.395656565825e-06
1.200000000000e-03,2.438459602612e-06
8.000000000000e-04,1.375130999839e-06
2.800000000000e-03,2.499163122904e-05
4.000000000000e-04,8.441944362334e-07
4.000000000000e-04,5.589399952699e-07
2.800000000000e-03,1.981052471737e-05
8.000000000000e-04,2.337123475432e-06
8.000000000000e-04,8.853693733123e-07
4.000000000000e-04,1.072759360309e-07
4.000000000000e-04,4.305484292895e-06
5.600000000000e-03,4.733947790043e-05
4.000000000000e-04,1.638458669298e-06
1.600000000000e-03,1.103387747431e-05
4.000000000000e-04,1.182950804328e-07
6.000000000000e-03,6.126474309898e-05
4.000000000000e-04,2.931812098090e-06
4.000000000000e-04,1.506729245825e-06
4.000000000000e-04,4.074926623636e-07
8.000000000000e-04,3.277172436748e-06
4.000000000000e-04,1.720776933578e-06
4.000000000000e-04,2.816361711332e-06
4.000000000000e-04,1.482535228138e-06
4.000000000000e-04,4.582749942230e-07
4.000000000000e-04,2.074612832636e-06
1.200000000000e-03,3.943678640685e-06
2.800000000000e-03,1.266661359443e-05
4.000000000000e-04,1.096896718435e-06
1.040000000000e-02,8.656496690084e-05
4.000000000000e-04,1.798034518229e-06
1.600000000000e-03,7.201945612765e-06
4.000000000000e-04,1.206819564191e-07
8.000000000000e-04,3.112815658361e-07
6.000000000000e-03,6.531598030312e-05
8.000000000000e-04,3.957236910149e-06
4.000000000000e-04,4.827911099232e-06
4.000000000000e-04,5.294640984789e-07
4.000000000000e-04,7.191612465424e-07
4.000000000000e-03,1.745334272232e-05
8.000000000000e-04,8.600567363671e-07
3.200000000000e-03,3.549620468117e-05
8.000000000000e-04,9.501578651565e-07
2.800000000000e-03,2.062820340469e-05
4.000000000000e-04,2.112023188879e-06
1.800000000000e-02,1.921354414707e-04
4.000000000000e-04,7.156865411652e-07
1.200000000000e-03,1.089973739344e-05
4.000000000000e-04,1.538584421686e-06
4.000000000000e-04,4.581449947787e-08
1.600000000000e-03,6.355308396458e-06
4.000000000000e-04,2.714035335240e-06
4.000000000000e-04,3.857972112778e-06
4.000000000000e-04,3.691260347780e-07
8.000000000000e-04,3.158084728330e-06
4.000000000000e-04,2.854731405439e-07
4.000000000000e-04,4.538499872733e-07
4.000000000000e-04,8.207101383172e-07
4.000000000000e-04,1.477616056077e-06
4.000000000000e-04,6.454282808333e-07
4.000000000000e-04,1.297261220108e-06
4.000000000000e-04,1.525325382785e-06
8.000000000000e-04,4.076795114334e-06
1.120000000000e-02,1.738594563666e-04
4.000000000000e-04,1.049612879181e-07
4.000000000000e-04,1.211098577764e-06
4.000000000000e-04,1.502900298589e-06
2.000000000000e-03,2.192819060537e-05
4.000000000000e-04,9.570391874818e-07
4.000000000000e-04,1.576832284172e-07
4.000000000000e-04,3.750410189476e-06
4.000000000000e-04,1.362860342582e-06
4.000000000000e-04,2.366421508414e-06
4.000000000000e-04,8.556945948569e-07
6.400000000000e-03,3.893007149221e-05
4.000000000000e-04,4.544591321583e-06
1.400000000000e-02,1.582076631228e-04
4.000000000000e-04,6.027073736059e-08
4.000000000000e-04,5.390985693354e-09
1.000000000000e-02,6.296687369017e-05
4.000000000000e-04,2.693502192303e-06
3.200000000000e-03,2.376468673384e-05
4.000000000000e-04,5.609540996814e-07
2.800000000000e-03,1.877946761692e-05
4.000000000000e-04,1.220041530264e-06
4.000000000000e-04,6.576265203830e-07
2.400000000000e-03,1.747750733388e-05
2.800000000000e-03,2.136851478119e-05
1.600000000000e-03,9.573958442770e-06
1.200000000000e-03,1.605425235152e-06
1.200000000000e-03,5.173509938064e-06
8.320000000000e-02,1.474239825486e-03
4.000000000000e-04,1.671384683051e-06
8.000000000000e-04,3.572072806197e-06
4.000000000000e-04,3.622366994814e-06
4.000000000000e-04,1.011129204786e-07
3.200000000000e-03,2.712197218311e-05
4.000000000000e-04,9.469831707468e-07
4.000000000000e-04,5.695359513583e-07
4.000000000000e-04,2.448595287246e-07
4.000000000000e-04,1.718846708933e-06
4.000000000000e-04,5.173165781293e-07
4.000000000000e-04,9.561375317093e-07
4.000000000000e-04,2.826958570578e-06
4.000000000000e-04,1.054539079890e-06
4.000000000000e-04,1.925541151284e-06
9.200000000000e-03,1.005985711752e-04
2.000000000000e-03,1.372134068069e-05
3.600000000000e-03,1.587733325132e-05
4.000000000000e-04,5.471181161527e-07
4.000000000000e-04,1.004835332881e-06
4.000000000000e-04,4.197156291942e-07
4.000000000000e-04,2.582473373247e-06
4.000000000000e-04,9.421207185292e-07
4.000000000000e-04,1.846304321291e-06
8.000000000000e-04,2.426698177516e-06
4.000000000000e-04,2.819154191064e-07
8.000000000000e-04,4.735434931872e-06
8.000000000000e-04,1.405004589526e-06
4.000000000000e-03,3.712551761254e-05
8.000000000000e-04,2.159930556193e-06
2.000000000000e-03,1.594095266065e-05
2.400000000000e-03,3.245067823335e-05
1.200000000000e-03,4.541319109927e-06
8.000000000000e-04,3.358758633060e-06
8.800000000000e-03,8.173659971744e-05
8.000000000000e-04,5.482581918478e-06
2.000000000000e-03,1.526217837493e-05
1.200000000000e-03,8.394694197064e-06
4.000000000000e-04,2.239575055082e-07
3.200000000000e-03,2.027918770432e-05
1.200000000000e-03,6.278115888667e-06
8.000000000000e-04,1.364578090261e-06
4.000000000000e-04,2.697834883337e-06
4.000000000000e-04,2.006734880358e-06
4.000000000000e-04,2.866508067617e-06
8.000000000000e-04,8.914612997305e-07
8.000000000000e-04,1.516297583940e-06
4.000000000000e-04,1.312660511059e-06
2.400000000000e-03,2.187343286374e-05
4.000000000000e-04,1.028538655279e-06
1.600000000000e-03,1.152468861366e-05
2.400000000000e-03,1.549347104703e-05
4.000000000000e-04,1.434994698084e-07
4.000000000000e-04,6.449287388650e-08
4.000000000000e-04,4.015428258796e-07
1.600000000000e-03,1.713911977656e-05
4.000000000000e-04,1.898556009929e-07
4.000000000000e-04,1.316573113126e-07
4.000000000000e-04,3.892544474553e-06
1.600000000000e-03,5.313980950913e-06
8.000000000000e-04,4.048219583683e-06
4.000000000000e-04,1.681896361345e-06
4.000000000000e-04,1.338625492784e-06
4.000000000000e-04,3.951360066934e-06
8.000000000000e-04,1.245337267683e-06
4.000000000000e-04,3.480148648664e-07
4.000000000000e-04,3.914661130067e-07
4.000000000000e-04,4.710779109407e-07
2.000000000000e-03,6.141051751515e-06
4.000000000000e-04,2.768880630973e-06
1.600000000000e-03,6.782237758271e-06
8.000000000000e-04,1.520641949282e-06
4.000000000000e-04,1.518872221138e-06
1.200000000000e-03,3.456030199485e-06
4.000000000000e-04,3.486305977588e-07
4.000000000000e-04,4.212681826715e-06
4.000000000000e-04,3.574607297838e-07
8.000000000000e-04,5.175147956984e-06
4.000000000000e-04,2.102271098085e-06
4.000000000000e-04,1.074423005122e-07
4.000000000000e-04,1.653546303662e-06
8.000000000000e-04,1.018664744520e-06
4.000000000000e-04,2.249015383116e-06
1.600000000000e-03,8.990499366408e-06
4.000000000000e-04,6.165073915446e-07
4.000000000000e-04,6.638454933472e-09
4.000000000000e-04,8.084620462327e-07
4.000000000000e-04,1.624749263046e-06
4.000000000000e-04,1.088741881468e-07
4.000000000000e-03,5.101621828916e-05
1.200000000000e-03,2.906800191085e-06
6.000000000000e-03,7.593725956917e-05
3.200000000000e-03,1.169127166884e-05
2.800000000000e-03,1.734935446844e-05
2.800000000000e-03,2.568032621770e-05
4.000000000000e-04,1.651254088533e-06
4.000000000000e-04,7.034363802919e-07
8.000000000000e-04,3.029131273621e-06
1.200000000000e-03,6.595448923624e-06
4.000000000000e-04,1.541112370781e-06
4.000000000000e-04,1.045231710306e-06
2.400000000000e-03,2.319918509968e-05
4.000000000000e-04,2.969641507858e-06
4.000000000000e-04,7.750412409535e-07
4.000000000000e-04,1.317937845982e-06
4.000000000000e-04,3.320706981817e-07
4.000000000000e-04,3.212003782609e-06
4.000000000000e-04,3.821457170815e-07
2.800000000000e-03,2.989342163005e-05
1.800000000000e-02,1.763939072527e-04
4.000000000000e-04,1.835313986534e-07
2.000000000000e-03,8.904392474721e-06
8.000000000000e-04,1.038863318910e-06
4.000000000000e-04,3.176694842426e-06
8.000000000000e-03,7.017164834289e-05
4.000000000000e-04,7.245721312801e-07
4.000000000000e-04,1.859894626696e-08
2.200000000000e-02,3.788362075379e-04
3.204000000000e-01,5.755477204395e-03
4.000000000000e-04,2.886370749548e-06
2.400000000000e-03,9.733274334120e-06
1.200000000000e-03,5.120392781085e-06
3.600000000000e-03,4.503051050294e-05
4.000000000000e-04,5.572151231297e-07
4.000000000000e-04,1.434822040426e-06
1.600000000000e-03,1.040705578562e-05
8.000000000000e-04,1.983619293918e-06
4.000000000000e-04,1.050263975711e-06
4.000000000000e-04,2.252497498627e-06
4.000000000000e-04,2.432609941863e-06
4.000000000000e-04,7.009097498564e-07
4.000000000000e-04,1.145932201077e-06
1.200000000000e-03,4.441848157152e-06
4.000000000000e-04,8.918144492868e-07
4.000000000000e-04,5.983495724825e-07
4.000000000000e-04,2.944492764073e-06
4.000000000000e-04,2.725778313417e-06
4.000000000000e-04,1.336927753965e-07
2.000000000000e-03,1.405390061781e-05
1.200000000000e-03,2.473254215907e-06
1.200000000000e-03,6.554107716447e-06
1.200000000000e-03,2.552723754605e-06
4.000000000000e-04,1.512887277658e-07
4.000000000000e-04,3.171422794864e-07
1.600000000000e-03,1.226177399846e-05
4.000000000000e-04,1.345990771265e-06
4.000000000000e-04,4.899831253457e-07
8.000000000000e-04,6.665287804223e-06
4.000000000000e-04,9.968421842053e-07
2.800000000000e-03,4.126992019923e-05
4.000000000000e-04,1.352806930863e-06
4.000000000000e-04,3.542968311873e-06
8.000000000000e-04,5.069860308384e-06
4.000000000000e-04,1.057275529499e-06
8.000000000000e-04,1.528039324323e-06
8.000000000000e-04,1.793704626578e-06
3.200000000000e-03,2.140107062502e-05
8.000000000000e-04,6.762309089340e-08
4.000000000000e-04,7.745658972453e-07
3.200000000000e-03,2.100309344789e-05
4.000000000000e-04,1.287950152727e-06
4.000000000000e-04,2.864731833069e-06
4.000000000000e-04,2.198693391796e-06
4.000000000000e-04,6.599053470959e-07
4.000000000000e-04,8.540677888941e-07
2.000000000000e-03,1.348536041541e-05
1.200000000000e-03,8.257475964472e-06
4.000000000000e-04,1.620560267525e-06
4.000000000000e-04,6.064253112798e-07
4.000000000000e-04,5.575251100948e-07
1.200000000000e-03,2.217038611485e-06
2.400000000000e-03,3.437774458596e-05
9.360000000000e-02,1.453562057133e-03
4.000000000000e-04,2.373900183547e-06
2.000000000000e-03,1.537957278336e-05
4.000000000000e-04,2.736818094949e-06
4.000000000000e-04,5.363346551504e-07
4.000000000000e-04,1.023668739788e-06
1.200000000000e-03,2.605928134852e-06
8.000000000000e-04,4.812295216033e-06
4.000000000000e-04,2.676952371703e-06
4.000000000000e-04,8.654750384965e-08
2.000000000000e-03,1.721471464898e-05
4.000000000000e-04,2.064364367883e-07
8.000000000000e-04,1.917316284941e-06
2.400000000000e-03,8.930721735912e-06
4.000000000000e-04,1.219209940607e-07
2.800000000000e-03,3.047178825746e-05
4.000000000000e-04,4.524143449258e-06
4.000000000000e-04,4.563715957154e-06
3.200000000000e-03,1.193019160698e-05
2.400000000000e-03,1.315744534467e-05
1.600000000000e-03,1.787155013702e-05
4.000000000000e-04,1.500946882985e-06
4.000000000000e-04,9.361005109490e-07
4.000000000000e-04,7.966679249997e-07
5.560000000000e-02,1.187633431492e-03
4.000000000000e-04,2.416244901395e-06
4.000000000000e-04,1.253407027386e-07
4.000000000000e-04,1.446723687010e-06
8.000000000000e-04,3.942994250275e-06
4.000000000000e-04,6.452187507876e-08
4.000000000000e-04,2.463075418858e-07
4.000000000000e-04,1.760251779301e-06
4.000000000000e-04,1.345429580637e-06
4.000000000000e-04,1.931159343971e-07
4.000000000000e-04,1.134565204701e-06
4.000000000000e-04,2.848441340703e-08
4.000000000000e-04,4.674786444426e-07
4.000000000000e-04,1.388809820532e-06
4.000000000000e-04,2.323948581384e-06
4.000000000000e-04,9.845826409423e-07
4.000000000000e-04,7.963001540102e-07
8.000000000000e-04,1.651646879099e-06
4.000000000000e-04,1.473015708618e-06
8.000000000000e-04,2.109740757217e-06
1.200000000000e-03,1.072116318558e-05
1.600000000000e-03,1.249759863558e-05
4.000000000000e-04,4.464947574740e-07
4.000000000000e-04,1.984114633256e-08
8.000000000000e-04,7.118536949310e-07
4.000000000000e-04,8.101942962286e-07
4.000000000000e-04,1.511923958156e-06
4.000000000000e-04,1.498064107416e-06
4.000000000000e-04,1.033657890180e-06
4.000000000000e-04,1.674602414883e-06
3.200000000000e-03,2.846854487130e-05
4.000000000000e-04,4.168755994375e-07
1.600000000000e-03,1.155996952643e-05
4.000000000000e-04,1.124880035215e-06
4.000000000000e-04,6.162224704757e-06
4.000000000000e-04,1.477857069379e-08
4.000000000000e-04,1.492639450160e-06
4.000000000000e-04,1.441886584987e-06
1.200000000000e-03,9.353372178719e-06
4.000000000000e-04,1.648250402033e-07
4.000000000000e-04,8.074581196909e-08
5.320000000000e-02,6.098221909924e-04
4.000000000000e-04,1.398964321451e-06
4.000000000000e-04,1.018091113658e-08
1.020000000000e-01,1.897689502767e-03
4.000000000000e-04,4.097080855801e-06
4.000000000000e-04,1.893013801850e-07
1.600000000000e-03,1.158600313325e-05
1.200000000000e-03,6.358779025274e-06
4.000000000000e-04,6.087540060613e-07
4.000000000000e-04,9.302241445969e-07
4.000000000000e-04,2.118408328207e-06
2.000000000000e-03,8.988604759898e-06
4.000000000000e-04,2.027577833567e-07
8.000000000000e-04,2.278968003425e-06
4.000000000000e-04,4.337797013174e-06
7.200000000000e-03,6.312227630313e-05
4.000000000000e-04,2.229962563703e-06
1.200000000000e-03,3.419576809209e-06
4.000000000000e-04,5.659531625305e-07
4.000000000000e-04,2.378310041552e-06
4.000000000000e-04,4.365440369687e-07
4.000000000000e-04,1.720624400374e-06
1.180000000000e-01,2.400328639453e-03
4.000000000000e-04,1.935853738556e-06
4.000000000000e-04,9.790037119601e-07
1.200000000000e-03,5.806649185219e-06
1.600000000000e-03,2.254824616439e-05
1.868000000000e-01,7.040694658133e-03
1.200000000000e-03,5.065720258372e-06
4.000000000000e-04,1.090439785937e-06
4.000000000000e-04,5.143366092819e-07
4.000000000000e-04,1.735137304105e-06
1.600000000000e-03,7.654310895032e-06
4.000000000000e-04,4.526730351351e-07
2.800000000000e-03,1.912708872600e-05
8.000000000000e-04,8.131955448377e-06
8.000000000000e-04,3.300033718150e-06
2.400000000000e-03,1.457721848707e-05
4.000000000000e-04,6.213436299284e-08
4.000000000000e-04,1.190004771023e-06
4.000000000000e-04,2.509829646671e-06
8.000000000000e-04,3.321439793058e-06
4.000000000000e-04,2.050180602883e-06
4.000000000000e-04,7.539705579607e-07
4.000000000000e-04,3.540273272449e-07
4.000000000000e-04,1.572010801838e-06
4.000000000000e-04,3.643093739819e-07
1.200000000000e-03,6.415104546881e-06
1.200000000000e-03,5.455358389515e-06
4.000000000000e-04,9.583483996292e-07
1.200000000000e-03,7.160175900324e-06
4.000000000000e-04,5.344937924251e-07
8.000000000000e-04,3.177604053040e-06
4.000000000000e-04,2.515909895797e-06
8.000000000000e-04,2.561963283244e-06
4.000000000000e-04,5.141005074825e-08
1.200000000000e-03,1.869535569539e-05
4.000000000000e-04,1.580183418834e-06
3.200000000000e-03,1.570780312345e-05
8.000000000000e-04,1.246349059419e-06
4.000000000000e-04,2.741260133531e-06
4.000000000000e-04,1.502217573672e-06
4.000000000000e-04,1.651235079191e-06
1.200000000000e-03,1.184764098943e-05
4.000000000000e-04,6.205463786494e-07
4.000000000000e-04,8.101187239026e-07
8.000000000000e-04,3.342104042624e-06
4.000000000000e-04,3.630081263116e-06
1.200000000000e-03,2.504226849933e-06
4.000000000000e-04,2.547950443810e-06
4.000000000000e-04,1.387990569563e-06
4.000000000000e-04,1.534845939549e-06
8.000000000000e-04,9.934311517557e-07
4.000000000000e-04,9.582623160790e-07
8.000000000000e-04,2.314100124252e-06
4.000000000000e-04,3.942000659357e-06
2.800000000000e-03,2.093957095913e-05
1.200000000000e-03,7.322504300191e-06
4.000000000000e-04,1.966280537897e-07
1.600000000000e-03,1.097628640032e-05
4.000000000000e-04,6.561316379590e-07
1.200000000000e-03,3.285778890016e-06
8.000000000000e-04,2.387252590886e-06
8.000000000000e-04,1.913437688239e-06
4.000000000000e-04,1.196443235905e-06
4.000000000000e-04,5.087974876237e-07
8.000000000000e-04,1.400168572645e-06
4.000000000000e-04,3.188268766195e-06
4.000000000000e-04,3.491148416886e-06
4.000000000000e-04,1.879614317249e-06
1.200000000000e-03,1.202521008575e-05
4.000000000000e-04,3.717455020203e-06
4.400000000000e-03,3.390694446295e-05
4.000000000000e-04,1.207478606046e-06
8.000000000000e-04,1.799500091254e-06
2.400000000000e-03,2.954559677178e-05
8.000000000000e-04,1.553945510097e-06
8.000000000000e-04,2.745119378106e-06
4.000000000000e-04,2.081413431509e-06
4.000000000000e-04,1.180493788451e-06
8.000000000000e-04,2.544942615977e-06
4.000000000000e-04,3.958116739731e-06
4.000000000000e-04,4.144648016990e-06
4.000000000000e-04,1.108075337190e-06
2.000000000000e-03,9.928115430639e-06
1.160000000000e-01,2.005388734946e-03
4.000000000000e-04,1.454957885899e-06
4.000000000000e-04,2.995989909814e-07
8.000000000000e-04,4.501299890762e-06
1.600000000000e-03,1.298121131508e-05
4.000000000000e-04,8.494327919899e-07
1.600000000000e-03,1.540765786645e-05
4.000000000000e-04,4.118012191242e-06
4.000000000000e-04,1.969555776311e-07
4.000000000000e-04,7.130663785527e-07
4.000000000000e-04,1.459928445231e-06
4.000000000000e-04,9.068802746467e-08
4.000000000000e-04,8.860956810075e-09
6.000000000000e-03,4.623634105328e-05
4.000000000000e-04,1.223558890475e-06
1.600000000000e-03,1.386637867214e-05
2.800000000000e-03,2.215423702258e-05
8.000000000000e-04,3.576412679809e-06
4.000000000000e-04,1.153123995987e-07
4.000000000000e-04,4.387019618135e-07
4.000000000000e-04,3.843678145909e-06
4.000000000000e-04,1.314312485804e-07
8.000000000000e-04,6.802020936179e-06
2.800000000000e-03,1.744779738115e-05
2.640000000000e-02,4.140186731757e-04
8.000000000000e-04,1.618079332020e-06
2.000000000000e-03,1.191372621880e-05
1.600000000000e-03,1.044681499904e-05
4.000000000000e-04,6.477821794373e-08
4.000000000000e-04,6.133041948427e-07
2.000000000000e-03,1.528952587791e-05
4.000000000000e-04,1.486309191394e-06
8.000000000000e-04,3.743462286745e-06
2.000000000000e-03,8.416144102095e-06
4.000000000000e-04,6.782478886938e-07
4.000000000000e-04,2.581467088262e-07
4.000000000000e-04,1.294876474092e-06
4.000000000000e-04,4.407928819105e-07
4.000000000000e-04,3.801960188006e-07
8.000000000000e-04,2.624470132027e-06
8.000000000000e-04,4.418753690056e-06
3.600000000000e-03,2.133329629626e-05
4.000000000000e-04,2.800144376711e-06
6.400000000000e-03,6.876238650963e-05
8.000000000000e-04,5.788955302322e-07
4.000000000000e-04,1.281936987967e-07
1.200000000000e-03,2.478120648582e-06
4.800000000000e-03,5.129778422553e-05
4.000000000000e-04,3.735304246467e-06
4.000000000000e-04,2.079780319607e-08
2.000000000000e-03,1.415867140975e-05
8.000000000000e-04,6.204854202098e-06
4.000000000000e-04,3.877743223549e-06
1.200000000000e-03,1.120054909515e-05
4.000000000000e-04,1.055422785209e-07
8.000000000000e-04,2.523339788782e-06
4.000000000000e-04,1.027895842571e-06
4.000000000000e-04,5.063945600605e-07
4.000000000000e-04,1.311306053361e-06
8.000000000000e-04,1.283687944184e-06
4.000000000000e-04,6.457397002427e-07
1.600000000000e-03,1.042071473052e-05
4.000000000000e-04,8.467142947644e-07
1.600000000000e-03,9.823720471390e-06
4.000000000000e-04,8.009728356539e-07
4.000000000000e-04,2.825347669794e-06
8.400000000000e-03,6.760776585733e-05
4.000000000000e-04,3.399929907720e-06
8.000000000000e-04,1.322938038810e-06
1.200000000000e-03,6.262992550299e-06
4.000000000000e-04,3.000448796952e-06
4.000000000000e-04,9.983648200766e-07
4.000000000000e-04,1.283402313323e-06
4.000000000000e-04,1.609165803243e-06
4.000000000000e-04,6.782714222914e-07
4.000000000000e-04,1.452186899639e-06
4.000000000000e-04,2.119856360780e-07
2.000000000000e-03,1.611276181074e-05
8.000000000000e-04,3.163824205293e-06
4.000000000000e-04,4.602007811551e-06
4.000000000000e-04,1.550354580589e-06
4.000000000000e-04,2.381532780745e-06
8.000000000000e-04,9.529045809688e-06
4.400000000000e-03,2.411779323903e-05
4.000000000000e-04,5.161725809197e-06
4.000000000000e-04,8.743617841909e-07
2.400000000000e-03,1.711187065287e-05
4.000000000000e-04,1.269336606429e-06
4.000000000000e-04,3.111707603845e-06
4.000000000000e-04,7.750655759934e-07
3.600000000000e-03,2.616064609152e-05
1.200000000000e-03,3.408891069588e-06
8.000000000000e-04,3.716315022618e-06
4.000000000000e-04,8.669815219798e-07
4.000000000000e-04,2.062868497293e-07
4.000000000000e-04,8.218284379841e-07
4.000000000000e-04,1.413664015304e-07
2.520000000000e-02,2.736078954336e-04
4.000000000000e-04,1.118795558005e-06
1.600000000000e-03,5.229250850100e-06
4.000000000000e-04,5.860255936256e-07
1.840000000000e-02,3.182772429009e-04
8.000000000000e-04,6.240713310058e-06
4.000000000000e-04,3.141438313827e-07
2.000000000000e-03,7.599359052098e-06
4.000000000000e-04,1.238047702548e-06
1.200000000000e-03,1.056391061737e-05
4.000000000000e-04,5.425246716897e-07
4.000000000000e-04,4.225188266288e-07
4.000000000000e-04,7.013619487745e-07
2.000000000000e-03,7.168830110261e-06
2.000000000000e-03,1.261764645520e-05
4.400000000000e-03,4.654190720193e-05
2.400000000000e-03,1.481882264435e-05
4.000000000000e-04,1.978047173650e-06
2.000000000000e-03,9.080761656128e-06
4.000000000000e-04,3.676016989139e-06
4.000000000000e-04,3.939004624339e-07
4.000000000000e-04,4.757127281353e-07
4.000000000000e-04,5.832663873994e-08
4.000000000000e-04,7.694514779769e-07
1.200000000000e-03,3.887613703750e-06
4.000000000000e-04,3.861824009399e-07
4.000000000000e-04,3.204681521083e-07
1.200000000000e-03,4.738847923441e-06
8.000000000000e-04,7.783518361960e-06
2.800000000000e-03,2.436130151118e-05
1.200000000000e-03,6.949808165794e-06
4.000000000000e-04,2.428410637999e-06
4.000000000000e-04,1.693601675524e-07
1.200000000000e-03,4.110951710320e-06
4.000000000000e-04,2.152044055569e-07
2.520000000000e-02,2.842807600404e-04
4.000000000000e-04,2.119078308434e-06
8.000000000000e-04,2.176733100730e-06
4.000000000000e-04,5.625552462000e-07
8.000000000000e-04,5.970440389416e-06
4.000000000000e-04,1.398841444933e-06
4.000000000000e-04,7.051198485486e-07
4.000000000000e-04,1.713674184909e-06
4.000000000000e-04,5.461242223407e-06
4.000000000000e-04,1.545373949432e-06
4.000000000000e-04,1.767758587369e-06
4.000000000000e-04,3.403336704004e-06
3.200000000000e-03,1.946689174939e-05
1.600000000000e-03,6.633650485540e-06
4.000000000000e-04,4.397134523445e-07
8.000000000000e-04,2.397196138268e-06
4.000000000000e-04,7.042220387011e-07
4.000000000000e-04,2.226023729438e-07
3.600000000000e-03,1.931487553204e-05
4.000000000000e-04,2.670140628872e-06
4.000000000000e-04,1.242512375532e-06
4.000000000000e-04,1.048048429424e-06
5.200000000000e-03,4.791102222509e-05
4.000000000000e-04,8.657344163187e-07
4.000000000000e-04,6.308183972256e-07
4.000000000000e-04,6.161400657785e-07
6.400000000000e-03,5.505313993663e-05
4.000000000000e-04,2.956669605670e-06
4.000000000000e-04,9.774185079919e-07
4.000000000000e-04,2.101143745876e-06
8.000000000000e-04,5.647414571164e-06
4.000000000000e-04,5.711752578546e-07
4.000000000000e-04,7.277918689196e-07
4.000000000000e-04,7.399473234443e-07
4.000000000000e-04,2.410081400909e-06
1.200000000000e-03,1.628746371947e-06
4.000000000000e-04,1.749275387286e-07
4.000000000000e-04,3.168555226990e-06
4.000000000000e-04,4.133931785906e-08
4.000000000000e-04,1.201675041189e-07
8.000000000000e-04,2.881723429619e-06
4.000000000000e-04,2.717819362907e-06
4.000000000000e-04,1.636405181930e-07
2.800000000000e-03,2.406253780127e-05
8.000000000000e-04,1.533999291863e-06
4.000000000000e-04,1.361925635732e-06
4.000000000000e-04,1.914856054731e-07
4.000000000000e-04,4.426267922052e-06
4.000000000000e-04,3.898751871440e-07
8.000000000000e-04,6.284944139786e-07
4.000000000000e-04,1.104543194982e-06
4.000000000000e-04,4.184484447973e-07
4.000000000000e-04,1.474839584380e-07
2.000000000000e-03,1.045781137912e-05
4.000000000000e-04,1.650715471834e-06
4.000000000000e-04,1.414131016596e-06
8.000000000000e-04,4.617974460532e-06
8.000000000000e-04,2.609311238045e-06
2.000000000000e-03,7.493462937766e-06
1.200000000000e-03,3.125909380294e-06
4.000000000000e-04,1.794636620772e-06
2.000000000000e-03,1.347962016435e-05
2.800000000000e-03,2.298065783805e-05
8.000000000000e-04,6.644396338929e-06
1.600000000000e-03,9.052007491504e-06
3.200000000000e-03,1.882855335847e-05
2.000000000000e-03,1.248732082546e-05
4.000000000000e-04,1.038203233700e-06
4.000000000000e-04,2.304744952040e-06
4.000000000000e-04,6.771763770690e-07
4.000000000000e-04,5.736293045675e-08
2.800000000000e-03,1.298398866498e-05
3.200000000000e-03,1.484578396180e-05
8.000000000000e-04,7.461419934987e-06
3.200000000000e-03,1.898337397467e-05
4.000000000000e-04,2.295527241882e-06
4.000000000000e-04,6.854531609814e-07
4.000000000000e-04,7.726599611324e-07
4.000000000000e-04,1.695576964942e-06
8.000000000000e-04,1.997286589904e-06
4.000000000000e-04,3.122747801862e-07
2.400000000000e-03,8.237253754978e-06
4.000000000000e-04,1.758774090914e-06
3.200000000000e-03,2.116890487132e-05
8.000000000000e-04,2.183928740140e-06
8.000000000000e-04,6.136025747809e-06
4.000000000000e-04,8.980814940334e-07
8.000000000000e-04,4.252469364170e-06
4.000000000000e-04,8.545605144615e-07
4.000000000000e-04,1.779105887912e-06
4.000000000000e-04,8.351654389500e-07
3.600000000000e-03,3.264926164044e-05
4.000000000000e-04,1.263591424011e-06
4.000000000000e-04,3.285800841281e-06
4.000000000000e-04,2.260776687783e-06
4.000000000000e-03,5.032072285976e-05
1.520000000000e-02,1.760773320656e-04
2.000000000000e-03,1.709145456665e-05
8.000000000000e-04,4.040307980935e-06
4.000000000000e-04,4.011996265276e-07
4.000000000000e-04,8.516142371171e-07
3.600000000000e-03,3.968223546987e-05
4.000000000000e-04,2.205363090834e-07
1.200000000000e-03,5.223812348306e-06
1.200000000000e-03,4.260935113142e-06
4.000000000000e-04,1.120510576669e-06
4.000000000000e-04,1.919095782603e-06
4.000000000000e-04,1.433655111118e-06
4.000000000000e-04,2.622816841475e-06
4.000000000000e-04,2.105158091639e-08
4.000000000000e-04,6.459235845930e-07
8.000000000000e-04,6.709006507324e-06
4.000000000000e-04,1.271321688210e-06
8.000000000000e-04,1.787876875753e-06
4.000000000000e-04,2.119430924470e-06
2.560000000000e-02,2.752813667661e-04
4.000000000000e-04,5.894794630598e-07
4.000000000000e-04,1.531085850865e-06
4.000000000000e-04,3.020855737654e-07
4.000000000000e-04,2.199885757800e-07
4.000000000000e-04,2.424514468647e-06
4.000000000000e-04,1.415552771066e-07
3.600000000000e-03,2.991993194150e-05
8.000000000000e-04,1.458649470668e-06
2.400000000000e-03,2.372795547189e-05
2.800000000000e-03,1.041202003688e-05
4.000000000000e-04,5.730874193647e-07
2.000000000000e-03,1.049844609046e-05
8.000000000000e-04,3.433994288606e-06
4.000000000000e-04,4.672669135369e-07
4.000000000000e-04,1.048393019976e-06
1.320000000000e-02,1.285179149308e-04
4.000000000000e-04,8.330931997441e-07
8.000000000000e-04,2.287115187332e-06
1.600000000000e-03,7.316869888633e-06
4.000000000000e-04,1.911718130963e-06
8.000000000000e-04,2.680567901646e-06
1.600000000000e-03,4.618336719448e-06
8.000000000000e-04,1.373304895899e-06
4.000000000000e-04,2.184241580035e-06
2.000000000000e-03,8.129445651378e-06
1.240000000000e-02,1.510323258766e-04
1.200000000000e-03,4.156903514655e-06
4.000000000000e-04,1.832926041169e-06
7.960000000000e-02,1.609315457571e-03
4.000000000000e-04,2.613980202182e-06
8.000000000000e-04,3.679251901799e-06
1.600000000000e-03,4.584394945742e-06
4.000000000000e-04,1.420900889918e-06
8.000000000000e-04,2.155564767639e-06
8.000000000000e-04,4.775373123348e-06
4.000000000000e-04,2.430455600700e-06
4.000000000000e-04,5.968033155274e-06
4.000000000000e-04,1.335721312447e-06
2.520000000000e-02,3.574349101295e-04
4.000000000000e-04,3.287910019580e-07
4.000000000000e-04,6.802095254713e-07
8.000000000000e-04,2.062118053410e-06
3.200000000000e-03,2.026968663376e-05
1.200000000000e-03,2.435554476153e-06
4.000000000000e-04,1.108055703893e-08
4.000000000000e-04,2.223145506820e-06
4.000000000000e-04,1.332728381670e-06
4.000000000000e-04,3.448620594068e-07
4.000000000000e-04,2.610604994682e-08
2.400000000000e-03,2.184740681096e-05
4.000000000000e-04,3.567018165274e-07
1.200000000000e-03,3.248174154560e-06
1.760000000000e-02,1.535478781240e-04
4.000000000000e-04,2.179030584076e-07
4.000000000000e-04,1.676890426555e-06
4.000000000000e-04,3.568207208349e-07
4.000000000000e-04,4.946884514110e-08
8.000000000000e-04,9.729533933974e-06
8.000000000000e-04,6.614008874461e-06
8.000000000000e-04,1.409868188833e-06
4.000000000000e-04,1.556132044543e-06
4.000000000000e-04,3.728229966987e-06
4.000000000000e-04,1.335169658872e-07
4.000000000000e-04,4.109536950500e-06
4.000000000000e-04,1.159324068339e-06
4.000000000000e-04,1.517499878930e-07
4.000000000000e-04,9.649924110426e-07
2.400000000000e-03,8.090456832723e-06
4.000000000000e-04,1.548188751093e-06
4.000000000000e-04,4.087624443068e-08
8.000000000000e-04,6.936739115489e-06
4.000000000000e-04,2.192708328441e-07
4.000000000000e-04,6.601059799820e-08
4.000000000000e-04,1.999369061764e-06
8.000000000000e-04,4.660866069370e-06
4.000000000000e-04,1.062605761590e-06
4.000000000000e-04,2.273390316359e-06
4.000000000000e-04,2.716047543670e-06
4.000000000000e-04,1.437646368693e-06
4.000000000000e-04,3.613311227158e-07
2.800000000000e-03,1.697321821235e-05
4.000000000000e-04,1.685144187403e-06
4.000000000000e-04,1.016654034031e-06
3.200000000000e-03,3.922245808499e-05
4.000000000000e-04,6.163555868451e-07
8.000000000000e-04,2.263895189577e-06
4.000000000000e-04,2.858701033657e-06
4.000000000000e-04,7.538376004298e-07
8.000000000000e-04,5.773605709409e-07
4.000000000000e-04,2.976089810345e-06
4.000000000000e-04,2.435667765455e-07
8.000000000000e-04,3.152299461320e-06
5.200000000000e-03,4.193913305248e-05
2.400000000000e-03,1.565436280461e-05
4.000000000000e-04,3.937502703672e-06
4.400000000000e-03,3.116432220515e-05
4.000000000000e-04,1.163542957522e-06
4.000000000000e-04,5.197206439562e-06
4.000000000000e-04,2.483057355581e-06
4.000000000000e-04,5.941089328752e-07
1.200000000000e-03,6.610582101269e-06
1.200000000000e-03,6.472274944434e-06
8.000000000000e-04,3.556396970768e-06
4.000000000000e-04,1.014666679201e-06
4.000000000000e-04,1.491616783236e-06
4.000000000000e-04,3.590046867249e-06
4.000000000000e-04,1.619450233297e-06
1.600000000000e-03,8.359339101950e-06
8.000000000000e-04,1.041396798484e-06
8.000000000000e-04,7.170157689053e-06
1.600000000000e-03,3.638490571261e-06
4.000000000000e-04,3.092160701029e-06
1.600000000000e-03,7.912894372407e-06
4.000000000000e-04,3.320736929268e-06
1.200000000000e-03,4.150074903510e-06
4.000000000000e-04,2.341415291949e-06
1.200000000000e-03,3.283400889918e-06
4.000000000000e-04,4.026939290174e-07
4.000000000000e-04,1.047851460395e-06
4.000000000000e-04,1.870000009424e-06
3.880000000000e-02,7.153346983928e-04
4.000000000000e-04,7.549476528195e-07
4.000000000000e-04,7.761678746551e-07
8.000000000000e-04,1.319361379570e-06
4.000000000000e-04,2.685029923168e-07
1.600000000000e-03,1.245624490920e-05
4.000000000000e-04,2.644254753933e-07
2.000000000000e-03,1.239245378221e-05
4.000000000000e-04,3.700135100719e-07
8.000000000000e-04,4.630480757535e-06
8.000000000000e-04,2.062565925145e-06
4.000000000000e-04,8.533989279693e-07
4.000000000000e-04,3.351511261268e-06
4.000000000000e-04,1.083798821055e-06
4.000000000000e-04,5.442834984157e-07
4.000000000000e-04,1.659510313948e-06
8.000000000000e-04,5.321888791114e-06
4.800000000000e-03,5.299285741581e-05
1.200000000000e-03,1.218892250358e-05
4.000000000000e-04,5.114985786047e-07
6.800000000000e-03,4.863929531814e-05
4.000000000000e-04,3.111224704376e-07
1.200000000000e-03,7.763660517205e-06
4.000000000000e-04,9.984042892151e-07
4.000000000000e-04,4.016605280518e-07
4.000000000000e-04,2.674244678577e-07
1.200000000000e-03,5.498255139230e-06
4.000000000000e-04,1.757500766747e-06
4.000000000000e-04,4.705239526911e-08
1.600000000000e-03,6.188899063163e-06
4.000000000000e-04,8.371813048560e-07
4.000000000000e-04,1.506763474540e-06
4.000000000000e-04,1.178968412273e-06
4.000000000000e-03,2.939666298014e-05
1.200000000000e-03,5.069995752052e-06
2.800000000000e-03,1.193165610506e-05
8.000000000000e-04,1.923340976929e-06
1.200000000000e-03,2.878636263367e-06
1.200000000000e-03,4.546548498377e-06
4.000000000000e-04,2.408326504472e-06
8.000000000000e-04,3.800404923477e-06
4.000000000000e-04,1.616414429048e-06
4.000000000000e-04,3.680684312032e-06
2.400000000000e-03,8.862620094144e-06
2.400000000000e-03,8.280627465221e-06
8.000000000000e-04,3.893361194580e-06
4.000000000000e-04,4.535843862535e-07
4.000000000000e-04,1.762319586672e-06
2.400000000000e-03,1.271073164155e-05
4.000000000000e-04,1.353845226236e-06
2.400000000000e-03,1.672731807988e-05
4.000000000000e-04,5.794560493302e-08
8.000000000000e-04,1.598129301685e-06
4.000000000000e-04,1.995946216085e-06
1.200000000000e-03,5.263713673279e-06
4.000000000000e-04,8.213408728517e-07
1.200000000000e-03,8.131852663575e-06
8.000000000000e-04,4.748690169291e-06
4.000000000000e-04,3.010711553653e-06
4.000000000000e-04,3.206566232356e-06
3.200000000000e-03,1.461005339306e-05
5.600000000000e-03,3.375111971366e-05
4.000000000000e-04,2.006074906766e-06
4.000000000000e-04,7.360528869865e-07
4.000000000000e-04,1.440316824170e-06
1.200000000000e-03,4.518837302932e-06
1.200000000000e-03,7.220493648387e-06
1.160000000000e-02,1.410917152843e-04
4.000000000000e-04,2.034346300694e-06
1.120000000000e-02,1.727474067905e-04
4.000000000000e-04,1.133101999840e-06
4.400000000000e-03,3.157680699765e-05
4.000000000000e-04,1.937812336151e-06
1.600000000000e-03,5.332313470366e-06
4.000000000000e-04,9.514603535155e-07
1.200000000000e-03,1.385589010547e-05
6.400000000000e-03,5.282292619317e-05
1.480000000000e-02,2.120791940152e-04
4.000000000000e-04,3.741028757586e-07
4.000000000000e-04,1.328503911046e-06
2.000000000000e-03,5.737424875434e-06
4.000000000000e-04,1.565797142246e-06
4.000000000000e-04,8.558805371230e-08
4.000000000000e-04,6.338160329275e-07
4.000000000000e-04,4.357769206504e-06
4.000000000000e-04,3.291740388198e-06
8.000000000000e-03,6.858129600909e-05
1.040000000000e-02,1.144227926189e-04
8.000000000000e-04,5.393654849529e-06
4.000000000000e-04,2.674551082725e-08
1.040000000000e-02,9.342170307600e-05
4.000000000000e-03,3.702729939420e-05
4.000000000000e-04,1.343102655215e-06
4.000000000000e-04,3.817905953128e-06
4.000000000000e-04,1.047428229361e-07
4.000000000000e-04,4.921227305046e-07
1.200000000000e-03,8.312410064687e-06
4.000000000000e-04,4.234631268867e-07
4.000000000000e-04,7.225254228346e-07
5.200000000000e-03,3.486791327554e-05
4.000000000000e-04,2.890077035404e-06
4.000000000000e-04,3.055029817292e-06
4.000000000000e-04,2.295262413924e-06
4.000000000000e-03,3.493196498359e-05
4.000000000000e-04,1.050340860471e-06
4.400000000000e-03,3.367010435767e-05
2.000000000000e-03,1.200161138649e-05
4.000000000000e-04,7.746105999693e-07
4.000000000000e-04,1.092076070338e-06
4.000000000000e-04,3.751533436765e-06
8.000000000000e-04,1.706232591160e-06
4.000000000000e-04,3.912985036355e-07
4.000000000000e-04,1.303814926151e-06
8.000000000000e-04,1.534941281084e-06
2.000000000000e-03,9.837316803045e-06
8.000000000000e-04,8.570027791352e-06
2.400000000000e-03,5.593157667595e-06
8.000000000000e-04,1.953108683636e-06
4.000000000000e-04,1.025339331106e-06
4.000000000000e-04,4.719499975698e-07
4.000000000000e-04,6.622915549905e-08
2.000000000000e-03,1.547901299286e-05
9.200000000000e-03,6.998124965451e-05
4.000000000000e-04,6.368377790343e-08
8.000000000000e-04,3.267300035561e-06
8.000000000000e-04,6.681630013074e-06
4.000000000000e-04,8.489766273911e-07
4.000000000000e-04,2.611146390156e-06
4.000000000000e-04,6.562975861581e-07
8.000000000000e-04,1.518694300525e-06
4.000000000000e-04,3.055117788429e-07
4.000000000000e-04,5.073279459293e-07
2.944000000000e-01,7.026917047654e-03
4.000000000000e-04,2.955123081710e-06
4.000000000000e-04,9.360320016250e-07
1.480000000000e-02,1.572815202218e-04
4.000000000000e-04,6.745781991688e-07
4.000000000000e-04,3.253877973834e-06
2.800000000000e-03,1.577179389665e-05
4.000000000000e-04,1.244849716693e-06
2.800000000000e-03,1.564563740877e-05
4.000000000000e-04,1.883859763142e-06
4.000000000000e-04,1.006344301663e-06
8.000000000000e-04,3.523633505188e-06
8.000000000000e-04,7.125154916119e-06
4.000000000000e-04,3.457472937548e-07
4.000000000000e-04,7.033924282852e-07
4.000000000000e-04,5.967421355203e-07
4.000000000000e-04,1.043709471633e-06
8.000000000000e-04,5.952784413520e-06
5.200000000000e-03,3.657472372888e-05
2.800000000000e-03,1.659683264896e-05
1.200000000000e-03,4.638772488298e-06
1.600000000000e-03,8.976348716427e-06
8.000000000000e-04,5.684159409785e-07
4.000000000000e-04,9.730085597952e-07
4.000000000000e-04,1.401359744495e-06
8.000000000000e-04,3.231797603763e-06
4.000000000000e-04,2.571371157238e-06
8.000000000000e-04,1.108163605185e-06
4.000000000000e-04,7.164101582079e-07
4.000000000000e-04,7.971596444924e-07
1.200000000000e-03,2.151792506877e-06
4.000000000000e-04,4.345318434649e-07
4.000000000000e-04,1.036050496261e-06
4.000000000000e-04,9.601184565184e-07
4.400000000000e-03,2.624431086223e-05
4.000000000000e-04,1.708478212151e-06
4.000000000000e-04,6.453105519016e-07
4.000000000000e-04,1.432536495312e-08
4.000000000000e-04,1.823959297538e-06
4.000000000000e-04,2.932946569150e-07
8.000000000000e-04,1.866976983966e-06
4.000000000000e-04,8.281667972959e-07
1.200000000000e-03,5.781171805433e-06
2.000000000000e-03,9.264668807806e-06
4.000000000000e-04,1.963404193907e-06
1.200000000000e-03,9.385881873677e-06
4.000000000000e-04,3.419448336291e-06
4.000000000000e-04,1.441462076251e-06
4.400000000000e-03,2.467515411777e-05
1.200000000000e-03,6.902922121752e-06
2.000000000000e-03,6.758266126995e-06
1.200000000000e-03,5.455320929668e-07
4.000000000000e-04,2.900643473124e-06
4.000000000000e-04,7.009463699908e-07
1.600000000000e-03,8.382363258589e-06
4.000000000000e-04,1.056698371683e-06
4.000000000000e-03,3.679362281750e-05
4.800000000000e-03,4.174616054191e-05
4.000000000000e-04,5.221717497665e-06
2.400000000000e-03,8.006687431307e-06
4.000000000000e-04,1.929537047555e-06
4.000000000000e-04,2.267067493328e-06
4.000000000000e-04,2.649548364405e-07
4.000000000000e-04,1.788117295794e-06
4.000000000000e-04,2.966307881718e-06
8.000000000000e-04,3.237998772944e-06
9.600000000000e-03,1.231205551690e-04
4.000000000000e-04,9.705806633965e-07
8.000000000000e-04,6.658975070670e-06
4.000000000000e-04,1.145363191938e-06
8.000000000000e-03,6.625762347741e-05
4.800000000000e-03,3.768816220315e-05
4.000000000000e-04,3.706775885005e-07
4.000000000000e-04,8.966366089647e-07
6.400000000000e-03,4.428836019690e-05
4.000000000000e-04,3.525135785900e-06
4.000000000000e-04,1.086664682617e-06
4.000000000000e-04,9.893720271161e-07
8.000000000000e-04,1.171012701953e-06
4.000000000000e-04,1.056275036069e-06
4.000000000000e-04,3.526070500973e-06
4.000000000000e-04,3.132889726649e-07
4.000000000000e-04,3.722376798035e-07
4.000000000000e-04,1.039522464822e-06
3.600000000000e-03,3.284866013896e-05
4.000000000000e-04,9.374125100122e-07
4.000000000000e-04,5.989357224430e-07
1.200000000000e-03,4.044228616475e-06
4.000000000000e-04,3.206057814243e-07
1.000000000000e-02,1.106568477929e-04
4.000000000000e-04,6.187143032307e-07
8.000000000000e-04,2.870312358057e-06
4.000000000000e-04,8.970925820102e-07
4.000000000000e-04,4.178505183799e-07
1.200000000000e-02,1.241233760274e-04
4.000000000000e-04,2.348344057646e-07
4.000000000000e-04,1.545645362504e-06
4.000000000000e-04,1.325028598289e-06
8.000000000000e-04,3.360011059595e-06
4.000000000000e-04,1.833412733137e-06
4.000000000000e-04,3.574783419004e-06
4.000000000000e-04,1.428118713568e-06
8.000000000000e-04,4.957130514175e-06
4.000000000000e-04,6.267488821406e-07
4.000000000000e-04,6.552390893131e-07
3.600000000000e-03,2.344347705643e-05
1.200000000000e-03,3.128793209060e-06
4.000000000000e-04,3.257466116100e-07
4.000000000000e-04,3.931814105444e-06
7.200000000000e-03,6.178631066433e-05
1.200000000000e-03,7.156324499350e-06
4.000000000000e-04,1.886348102908e-07
8.000000000000e-04,7.613794852965e-06
2.000000000000e-03,1.796509851999e-05
4.000000000000e-04,5.913711317395e-06
1.600000000000e-03,1.222791624447e-05
4.000000000000e-04,7.803847309169e-07
4.000000000000e-04,5.989016289958e-07
1.200000000000e-03,5.827427592579e-06
4.000000000000e-04,1.150252286791e-07
4.000000000000e-04,2.990770007944e-06
4.000000000000e-04,1.207446991789e-06
4.000000000000e-04,4.220991188910e-07
5.600000000000e-03,2.715825094437e-05
4.000000000000e-04,2.003269164067e-07
8.000000000000e-04,7.048254124642e-07
4.000000000000e-04,3.162194571540e-06
4.000000000000e-04,2.737761869450e-06
8.000000000000e-04,5.820500299241e-06
8.000000000000e-04,4.443489064200e-06
4.000000000000e-04,8.126505380277e-07
4.000000000000e-04,2.451231261038e-06
4.000000000000e-03,3.918071651549e-05
2.800000000000e-03,3.942673448953e-05
4.000000000000e-04,9.555175146445e-07
4.000000000000e-04,1.609889448757e-06
8.000000000000e-04,2.965122548281e-06
6.000000000000e-03,2.396974177360e-05
8.000000000000e-04,2.679536405633e-06
4.000000000000e-04,3.692416021473e-06
4.000000000000e-04,5.261544094994e-07
4.000000000000e-04,4.629141424904e-07
4.000000000000e-04,4.184547087785e-08
4.000000000000e-04,2.686594956728e-07
4.000000000000e-04,1.605907761399e-06
4.000000000000e-04,7.094838285226e-07
4.000000000000e-04,4.094375973486e-07
4.000000000000e-04,2.680043307488e-07
4.000000000000e-04,3.567766550814e-07
4.000000000000e-04,3.625279361657e-06
4.000000000000e-04,4.872965226066e-07
4.000000000000e-04,6.961364720989e-06
1.200000000000e-03,2.126320900355e-06
8.000000000000e-04,2.326094044731e-06
4.000000000000e-04,1.665510185623e-06
4.000000000000e-04,6.069579036901e-07
4.000000000000e-04,2.285561964369e-06
4.000000000000e-04,1.761480467944e-06
4.000000000000e-04,5.901567287402e-07
1.600000000000e-03,8.252364888137e-06
1.200000000000e-03,8.522951166973e-06
4.000000000000e-04,7.202855068348e-07
4.800000000000e-03,3.893322815643e-05
4.000000000000e-04,7.143367435565e-07
4.000000000000e-04,4.647171352314e-06
4.000000000000e-04,2.859588106539e-06
1.600000000000e-03,7.903713263156e-06
4.000000000000e-04,6.072387221675e-07
4.000000000000e-04,1.022358963749e-08
8.000000000000e-04,1.457154084177e-07
2.120000000000e-02,2.846457361492e-04
2.440000000000e-02,2.547460008859e-04
3.440000000000e-02,5.736182831618e-04
4.000000000000e-04,1.368204212682e-06
4.000000000000e-04,1.372019791766e-06
4.000000000000e-04,9.272589495827e-07
4.000000000000e-04,1.872977536227e-06
1.600000000000e-03,1.737520718964e-05
2.400000000000e-02,2.681733967975e-04
4.000000000000e-04,2.834049330596e-06
8.000000000000e-04,1.279702827877e-06
8.000000000000e-04,5.051396699717e-06
8.000000000000e-04,2.682339052793e-06
1.600000000000e-03,7.031419533267e-06
4.000000000000e-04,1.754526180543e-06
4.000000000000e-04,4.190008271852e-07
4.000000000000e-04,5.010602803946e-07
1.200000000000e-03,4.457940241106e-06
1.200000000000e-03,5.733494222785e-06
4.000000000000e-04,2.280321598636e-07
4.000000000000e-04,1.623355915297e-06
4.000000000000e-04,8.105739158999e-07
7.600000000000e-03,8.026023558069e-05
1.600000000000e-03,7.867315773839e-06
4.000000000000e-04,4.734632448603e-07
2.000000000000e-03,1.149998895828e-05
4.000000000000e-04,3.366326416722e-07
8.000000000000e-04,3.120210234976e-06
8.000000000000e-04,2.992678575767e-06
4.000000000000e-04,3.454331502319e-08
1.480000000000e-02,1.206288574565e-04
4.000000000000e-04,4.262924878172e-07
8.000000000000e-04,2.698194162076e-06
4.000000000000e-04,1.899385680510e-06
4.000000000000e-04,3.268308890914e-06
1.600000000000e-03,1.236220718735e-05
4.000000000000e-04,2.333779605837e-06
4.000000000000e-04,2.335826920566e-06
8.000000000000e-04,7.630669978123e-07
8.000000000000e-04,7.995319461515e-07
8.000000000000e-04,4.975187917441e-06
4.000000000000e-04,1.985288096700e-06
4.000000000000e-04,2.299392842603e-06
4.000000000000e-04,1.080716354231e-06
8.000000000000e-04,3.531573529432e-06
1.200000000000e-03,7.277155456110e-06
1.200000000000e-03,5.391341952212e-06
4.000000000000e-04,9.978232639649e-07
8.000000000000e-04,7.268892910706e-06
6.400000000000e-03,2.732544387403e-05
4.000000000000e-04,4.879832328878e-06
4.000000000000e-04,3.787671626315e-06
4.000000000000e-04,3.020460227895e-06
4.000000000000e-04,2.231054427075e-06
4.000000000000e-04,3.049742875371e-06
4.000000000000e-03,4.208969278166e-05
8.000000000000e-04,7.784137863848e-07
4.000000000000e-04,3.263577018282e-06
4.000000000000e-04,8.979812996079e-07
2.800000000000e-03,1.688796446248e-05
4.000000000000e-04,1.363518910205e-06
4.000000000000e-04,4.502127151707e-07
4.000000000000e-03,4.964376161537e-05
4.000000000000e-04,2.711218529449e-06
1.200000000000e-03,5.575532581738e-06
4.000000000000e-04,1.184927833772e-06
4.000000000000e-04,1.056029693502e-06
4.000000000000e-04,4.027227379458e-07
9.200000000000e-03,7.760585036482e-05
4.000000000000e-04,1.375985832929e-06
4.000000000000e-04,3.894400329199e-07
4.000000000000e-04,1.473026006018e-06
6.000000000000e-03,5.263593251892e-05
4.680000000000e-02,7.003898550239e-04
4.000000000000e-04,2.462446505937e-07
8.000000000000e-04,1.982438019989e-06
8.000000000000e-04,3.022158432630e-07
2.800000000000e-03,1.827138551957e-05
4.000000000000e-04,9.502534814413e-07
4.000000000000e-04,3.725728297831e-07
4.000000000000e-04,2.761624730157e-06
4.000000000000e-04,9.721654377029e-07
4.000000000000e-04,2.123518685842e-06
2.800000000000e-03,2.065677977106e-05
1.200000000000e-03,1.098302349143e-05
1.600000000000e-03,1.072166533234e-05
8.000000000000e-04,3.768067676366e-06
4.000000000000e-04,3.725587323605e-06
8.000000000000e-04,1.122540651347e-06
4.000000000000e-04,1.330558369092e-06
4.000000000000e-04,1.891702987891e-06
8.000000000000e-04,2.649341217086e-06
4.000000000000e-04,4.692311360757e-07
4.000000000000e-04,8.011158879738e-07
4.000000000000e-04,1.561841127860e-06
4.000000000000e-04,2.631456276902e-06
4.000000000000e-04,1.931552407260e-06
4.000000000000e-04,2.158705272439e-08
4.000000000000e-04,1.877375315586e-07
8.000000000000e-04,6.906671591721e-06
4.000000000000e-04,7.300686020723e-07
1.200000000000e-03,2.175937608473e-06
4.000000000000e-04,1.083961498302e-06
8.000000000000e-04,2.471591956877e-06
2.400000000000e-03,1.891603352982e-05
4.000000000000e-04,1.457210526661e-06
1.600000000000e-03,8.003915853072e-06
4.000000000000e-04,2.790815200012e-06
4.000000000000e-04,3.235836861878e-06
4.000000000000e-04,7.958868018441e-08
4.000000000000e-04,1.063582262806e-06
4.000000000000e-04,3.317150775860e-07
4.000000000000e-04,2.720598293020e-06
4.000000000000e-04,4.072045091624e-07
4.000000000000e-04,3.718532910415e-07
4.000000000000e-04,4.732116198236e-06
8.000000000000e-04,2.506378036286e-06
4.000000000000e-04,1.777994155366e-07
4.000000000000e-04,2.698619850595e-06
4.000000000000e-04,1.312934472427e-06
4.000000000000e-04,4.165973652834e-06
4.000000000000e-04,1.007414698315e-06
8.000000000000e-04,2.129169425281e-06
8.000000000000e-04,1.533915468164e-06
4.000000000000e-04,1.894993987475e-06
4.000000000000e-04,2.212937971162e-06
1.200000000000e-03,6.024755242920e-06
8.000000000000e-04,2.020894094078e-06
4.000000000000e-04,1.023188497241e-06
4.000000000000e-04,2.204937649676e-06
8.000000000000e-04,5.724316069018e-06
4.000000000000e-04,3.545442880241e-06
4.000000000000e-04,1.865445609003e-06
4.000000000000e-04,3.727996226369e-07
8.000000000000e-04,8.104407834618e-06
3.200000000000e-03,2.071943556930e-05
8.000000000000e-04,1.447289359168e-06
1.844000000000e-01,3.844438409266e-03
4.000000000000e-04,2.146177639004e-06
4.000000000000e-04,4.038568651577e-06
4.000000000000e-04,5.003601521099e-08
1.200000000000e-03,5.702407166949e-06
1.200000000000e-03,8.499997109770e-06
4.000000000000e-04,2.077275238432e-06
8.000000000000e-04,7.853270991347e-06
4.000000000000e-04,4.062439459934e-06
2.400000000000e-03,2.218307014391e-05
4.000000000000e-04,3.842966021387e-06
4.000000000000e-04,3.217870236870e-07
2.800000000000e-03,2.020129132366e-05
8.000000000000e-04,5.117512865962e-06
8.000000000000e-03,8.396435156351e-05
4.000000000000e-04,1.519218140795e-06
4.000000000000e-04,1.092532807238e-06
4.000000000000e-04,1.585289714029e-06
1.200000000000e-03,3.299056645137e-06
1.200000000000e-03,4.195655933927e-06
1.200000000000e-03,4.917216852458e-06
4.000000000000e-04,1.058485883920e-06
4.000000000000e-04,1.961454781222e-06
6.400000000000e-03,5.742234495576e-05
4.000000000000e-04,3.621873922563e-07
2.000000000000e-03,1.504464347138e-05
4.000000000000e-04,1.042112951636e-06
4.000000000000e-04,1.187316964118e-06
4.000000000000e-04,3.530404999362e-07
8.000000000000e-04,5.392631921667e-06
4.000000000000e-04,4.028382566288e-06
2.000000000000e-03,1.602225464087e-05
4.000000000000e-04,2.732537602114e-07
4.000000000000e-04,5.955268215460e-07
1.200000000000e-03,1.355849468932e-05
4.000000000000e-04,1.820101866059e-06
4.000000000000e-04,8.140382498167e-07
4.000000000000e-04,1.472482347287e-06
4.000000000000e-04,9.668050726743e-07
4.000000000000e-04,4.671708145231e-07
1.600000000000e-03,1.383768310222e-05
4.000000000000e-04,5.801970600189e-07
2.000000000000e-03,2.298263300242e-06
4.000000000000e-04,3.909711872349e-07
4.000000000000e-04,3.653861798341e-07
4.000000000000e-04,1.957870701553e-06
8.000000000000e-04,6.912598436882e-06
1.200000000000e-03,4.097471974407e-06
4.000000000000e-04,1.749172317988e-07
8.000000000000e-04,7.496253452212e-06
4.000000000000e-04,1.453306811558e-06
4.000000000000e-04,1.424491811800e-06
1.400000000000e-02,1.322228416093e-04
4.000000000000e-04,4.621159246596e-07
3.200000000000e-03,4.456428672181e-05
4.000000000000e-04,1.932268476218e-06
8.000000000000e-04,1.825084742847e-06
8.000000000000e-04,5.253822121827e-06
4.000000000000e-04,9.868342104806e-07
1.040000000000e-02,1.374385721479e-04
1.600000000000e-03,4.249141211696e-06
4.000000000000e-04,1.857578326340e-06
4.000000000000e-04,2.138219904530e-06
4.000000000000e-04,3.182867550422e-07
4.000000000000e-04,2.028749989484e-06
4.000000000000e-04,1.077210398968e-07
4.000000000000e-04,3.006253323076e-06
2.800000000000e-03,1.597753991762e-05
4.000000000000e-04,3.029979252962e-06
4.000000000000e-04,5.400935740818e-08
4.000000000000e-04,2.298281065405e-06
4.000000000000e-04,1.491859048169e-06
4.000000000000e-04,1.970055641710e-06
1.200000000000e-03,3.088146818822e-06
8.000000000000e-04,5.275223034217e-06
4.000000000000e-04,3.569288248342e-06
4.000000000000e-04,3.004370300333e-06
8.000000000000e-04,1.961044054764e-06
8.000000000000e-04,3.035037754425e-07
4.000000000000e-04,1.248436668023e-06
8.800000000000e-03,7.688546279122e-05
8.000000000000e-04,2.739787733783e-06
3.200000000000e-03,2.575153462366e-05
6.480000000000e-02,8.744746346571e-04
4.000000000000e-04,6.438463928670e-08
8.000000000000e-03,1.181571874705e-04
3.600000000000e-03,3.071702979004e-05
4.000000000000e-04,8.962811819457e-07
8.000000000000e-04,2.483032074242e-06
8.000000000000e-04,7.685577818174e-07
4.000000000000e-04,7.354271849646e-07
4.000000000000e-04,2.649462884825e-06
2.800000000000e-03,2.126676372236e-05
4.000000000000e-04,1.386319156393e-06
4.000000000000e-04,6.295642226450e-07
1.600000000000e-03,1.551911198151e-05
4.000000000000e-04,2.822949741369e-07
8.000000000000e-04,1.067782386699e-06
1.200000000000e-03,2.549253851716e-06
2.400000000000e-03,1.866599982211e-05
4.000000000000e-04,9.036291736148e-07
4.000000000000e-04,5.528403160334e-07
8.000000000000e-04,3.646332183607e-06
4.000000000000e-04,9.307800612016e-07
2.000000000000e-02,2.453698694205e-04
4.000000000000e-04,3.506869733359e-07
4.000000000000e-04,3.770849683277e-06
4.000000000000e-04,2.144396762244e-07
4.000000000000e-04,2.429661060522e-06
4.000000000000e-04,3.403094442198e-06
4.000000000000e-04,1.631406271595e-06
1.200000000000e-03,1.686827037516e-05
4.000000000000e-04,6.096752663723e-07
4.000000000000e-04,1.654635874053e-07
2.000000000000e-03,1.234357057073e-05
4.000000000000e-04,5.668518860586e-07
4.000000000000e-04,1.453183106997e-07
4.000000000000e-04,1.721164487418e-06
4.000000000000e-04,1.164562580117e-06
4.000000000000e-04,3.915860523585e-06
5.200000000000e-03,2.990255349163e-05
4.000000000000e-04,4.368707807815e-07
4.000000000000e-04,1.192960698926e-06
4.000000000000e-04,1.873136647419e-06
4.000000000000e-04,1.165075204728e-06
1.600000000000e-03,1.149926128231e-05
1.600000000000e-02,2.018209684291e-04
4.000000000000e-04,1.860064289009e-06
1.200000000000e-03,4.938921934233e-06
4.000000000000e-04,3.289243788419e-07
4.000000000000e-04,4.710867004225e-07
4.000000000000e-04,3.941356768737e-08
3.200000000000e-03,2.771472671609e-05
1.200000000000e-03,3.805649044313e-06
4.000000000000e-04,4.641940176621e-06
1.240000000000e-01,2.135847000601e-03
4.000000000000e-04,2.187795049606e-06
4.000000000000e-04,3.009596316158e-06
8.000000000000e-04,1.705110750542e-06
2.000000000000e-03,1.252423883188e-05
3.200000000000e-03,2.461722571999e-05
8.000000000000e-04,9.640586299959e-06
4.000000000000e-04,1.074796565678e-06
4.000000000000e-04,1.258784539020e-06
6.840000000000e-02,1.590723370061e-03
4.000000000000e-04,2.641664681092e-06
3.200000000000e-03,1.695047616522e-05
4.000000000000e-04,3.072144842538e-06
4.000000000000e-04,2.827257711005e-06
4.000000000000e-04,1.436019455267e-07
1.200000000000e-03,2.123763019498e-06
2.800000000000e-03,2.390773880516e-05
4.000000000000e-04,1.339915507999e-06
1.240000000000e-02,1.119950467771e-04
4.000000000000e-04,5.501741652369e-06
4.000000000000e-04,5.461055103700e-07
4.000000000000e-04,7.586670734344e-07
8.000000000000e-04,6.622282049628e-06
4.000000000000e-04,2.201477383875e-06
4.000000000000e-04,7.066809011814e-08
4.000000000000e-04,1.215296920369e-06
4.000000000000e-04,7.038063862540e-07
2.400000000000e-03,1.132734025185e-05
8.000000000000e-04,2.236978430201e-06
4.000000000000e-04,1.854260066410e-06
8.000000000000e-04,3.203511886274e-06
4.000000000000e-04,6.021664547006e-07
4.000000000000e-04,3.367528152366e-07
4.000000000000e-04,2.917184911303e-07
4.000000000000e-04,1.854654105636e-06
4.000000000000e-04,9.674097194588e-07
4.000000000000e-04,2.573219000072e-06
4.720000000000e-02,5.800315251299e-04
6.800000000000e-03,8.519660994287e-05
4.000000000000e-04,1.869319215065e-06
4.000000000000e-04,1.861490024226e-07
5.200000000000e-03,3.578131615807e-05
4.000000000000e-04,2.917937385760e-07
4.000000000000e-04,4.456452709551e-07
4.000000000000e-04,4.314028344608e-06
1.600000000000e-03,1.161314380695e-05
4.000000000000e-04,4.811778309054e-08
1.200000000000e-03,6.357513228919e-06
4.000000000000e-04,1.825861956099e-06
4.000000000000e-04,1.208855802387e-06
1.200000000000e-03,7.058853335996e-06
4.000000000000e-04,2.345347788503e-07
3.600000000000e-03,1.833637592769e-05
4.000000000000e-04,6.568836991497e-07
4.000000000000e-04,6.723530611128e-07
4.000000000000e-04,1.265594581029e-06
8.000000000000e-04,4.847447169640e-06
4.000000000000e-04,5.083829955735e-07
1.600000000000e-03,1.473199736813e-05
4.000000000000e-04,2.477978600014e-06
4.000000000000e-04,1.401354779992e-06
4.000000000000e-04,8.083453438754e-08
4.000000000000e-04,1.515180081776e-06
1.200000000000e-03,1.727546291706e-06
4.000000000000e-04,1.976332548307e-06
4.000000000000e-04,4.783967424012e-07
4.000000000000e-04,2.013834681896e-06
4.000000000000e-04,1.036551283448e-08
4.000000000000e-04,3.671887662048e-07
8.000000000000e-04,1.281749403258e-06
1.600000000000e-03,1.427502937773e-05
1.600000000000e-03,1.167102063311e-05
4.000000000000e-04,1.424318534983e-06
4.000000000000e-04,1.046723725317e-06
1.600000000000e-03,9.900708417214e-06
4.000000000000e-04,1.117446538413e-07
2.800000000000e-03,1.812612419073e-05
4.000000000000e-04,9.700633272597e-07
8.000000000000e-04,1.828879187650e-06
4.000000000000e-04,2.823228985530e-07
1.200000000000e-03,6.220893690634e-06
4.000000000000e-04,3.395065332652e-06
4.000000000000e-04,5.095896504942e-07
1.200000000000e-03,4.551488280126e-06
2.000000000000e-03,1.763448618008e-05
4.000000000000e-04,1.793318712780e-06
4.000000000000e-04,4.068815301087e-06
4.000000000000e-04,3.791046301111e-06
4.000000000000e-04,4.211856697870e-06
4.000000000000e-04,6.433724459519e-07
4.000000000000e-04,1.182172697472e-06
1.600000000000e-03,6.893565484811e-06
4.000000000000e-04,9.797504562527e-07
4.000000000000e-04,7.426620303760e-07
2.400000000000e-03,5.108835792041e-06
2.000000000000e-03,1.204843665816e-05
2.800000000000e-03,1.801509625156e-05
4.000000000000e-04,5.274659911053e-07
4.000000000000e-04,2.231063749958e-06
4.000000000000e-04,3.429564988316e-07
4.000000000000e-04,2.180319982854e-07
4.000000000000e-04,1.694594296198e-07
4.000000000000e-04,2.504728416872e-06
6.400000000000e-03,4.206144098920e-05
1.200000000000e-03,5.344999887830e-06
6.400000000000e-03,4.793475629756e-05
4.000000000000e-04,7.428728440330e-07
4.000000000000e-04,3.652550127214e-09
3.200000000000e-03,1.766420110710e-05
4.000000000000e-04,6.973007125060e-07
4.000000000000e-04,2.197650777834e-06
4.000000000000e-04,1.099027291856e-06
4.000000000000e-04,3.134589462474e-06
1.360000000000e-02,2.239234902443e-04
4.000000000000e-04,3.180543603050e-06
1.640000000000e-02,1.575626021098e-04
2.400000000000e-03,1.913474824281e-05
4.000000000000e-04,1.806759808074e-06
4.000000000000e-04,1.609180116980e-06
4.000000000000e-04,1.722385893399e-06
4.000000000000e-04,1.876372155426e-07
8.000000000000e-04,1.817242964333e-06
1.200000000000e-03,3.987759401306e-06
4.000000000000e-04,2.875669185350e-07
4.800000000000e-03,3.373475410558e-05
4.000000000000e-04,7.662522983198e-08
4.000000000000e-04,1.174267637722e-06
4.000000000000e-04,6.759370005703e-07
8.000000000000e-04,1.902811982194e-06
4.000000000000e-04,3.713921376187e-06
8.000000000000e-04,1.367097976050e-06
3.600000000000e-03,2.747109852320e-05
4.000000000000e-04,7.056593130287e-07
4.000000000000e-04,3.010059822605e-07
4.000000000000e-04,1.361444094799e-06
8.000000000000e-04,5.653201873139e-06
1.200000000000e-03,9.328838650217e-06
4.000000000000e-04,2.042366226623e-06
4.000000000000e-04,1.433964952041e-07
4.000000000000e-04,1.606353490761e-06
2.000000000000e-03,6.281141767276e-06
1.200000000000e-03,8.794339922118e-06
8.000000000000e-04,2.006298841915e-06
8.000000000000e-04,3.320315426686e-06
4.000000000000e-04,1.258469523138e-06
7.600000000000e-03,4.547924222552e-05
4.000000000000e-04,4.268335348053e-07
4.000000000000e-04,4.096097810289e-06
1.600000000000e-03,1.171059611839e-05
1.200000000000e-03,1.173295197404e-05
4.000000000000e-04,1.180678360786e-06
1.200000000000e-03,7.358222909280e-06
4.000000000000e-04,1.273451952745e-07
4.000000000000e-04,9.549976816180e-07
1.200000000000e-03,4.350266812788e-06
8.000000000000e-04,5.692294095046e-06
4.000000000000e-04,2.267809318267e-06
2.320000000000e-02,3.618558344269e-04
4.000000000000e-04,1.686761584056e-06
4.000000000000e-04,9.285240764200e-07
4.000000000000e-04,1.828473350024e-07
4.000000000000e-04,1.017960989434e-06
4.000000000000e-04,5.281543816065e-07
4.000000000000e-04,2.240701336836e-06
8.000000000000e-04,4.854714204031e-06
4.000000000000e-04,2.766103976188e-06
4.000000000000e-04,2.910018253966e-07
4.000000000000e-04,6.763424644736e-07
8.000000000000e-04,2.441676427071e-06
4.000000000000e-04,2.351495350930e-06
8.000000000000e-04,1.666954705415e-06
8.000000000000e-04,1.440154004896e-06
4.000000000000e-04,2.072911270564e-07
4.000000000000e-04,7.046483548535e-07
5.600000000000e-03,4.034136825455e-05
4.000000000000e-04,3.654299705877e-06
4.000000000000e-04,4.920608440773e-07
4.000000000000e-04,1.414659813087e-06
4.000000000000e-04,1.439181561418e-06
4.000000000000e-04,2.957106771105e-07
8.000000000000e-04,1.940014440095e-06
4.000000000000e-04,1.546174281939e-06
4.000000000000e-04,2.844664518132e-06
4.000000000000e-04,2.099978551455e-06
2.000000000000e-03,5.713158529597e-06
4.000000000000e-04,6.751126834679e-07
2.400000000000e-03,1.333504715453e-05
4.000000000000e-04,3.742425425089e-07
4.000000000000e-04,2.082493353130e-06
1.200000000000e-03,3.415831264098e-06
4.000000000000e-04,8.809275981294e-07
4.000000000000e-04,7.855069826287e-07
2.800000000000e-03,2.635690366479e-05
1.600000000000e-03,1.254032401543e-05
4.000000000000e-04,3.530495695897e-06
4.000000000000e-04,1.827014504735e-06
2.000000000000e-03,5.459533628171e-06
4.000000000000e-04,8.229813907501e-07
4.000000000000e-04,4.008150359460e-06
2.400000000000e-03,2.743673050631e-05
8.000000000000e-04,2.418666400929e-06
4.000000000000e-04,2.518083967629e-06
4.000000000000e-04,1.887593104540e-06
2.400000000000e-03,1.945522282300e-05
8.000000000000e-04,4.449684507348e-06
1.454000000000e+00,9.604954029123e-02
4.000000000000e-04,1.901542123749e-06
4.000000000000e-04,1.016276849285e-06
8.000000000000e-04,8.025401554583e-06
4.000000000000e-04,3.752573399413e-07
1.200000000000e-03,2.833984084925e-06
1.200000000000e-03,6.941276993393e-06
2.000000000000e-03,1.180952970942e-05
4.000000000000e-04,3.545394667247e-06
4.000000000000e-04,4.323576185947e-07
2.800000000000e-03,1.676953648580e-05
8.000000000000e-04,5.911389605422e-06
1.200000000000e-03,2.903598431045e-06
4.000000000000e-04,5.531399394468e-07
8.000000000000e-04,1.858297697350e-06
1.200000000000e-03,3.997250938358e-06
8.000000000000e-04,5.237825757357e-06
4.000000000000e-04,1.083904100734e-06
8.000000000000e-04,8.278906689203e-06
1.240000000000e-02,1.616903411271e-04
4.000000000000e-04,3.661707941882e-06
8.000000000000e-04,3.752562377158e-06
4.000000000000e-04,5.517750662116e-07
4.000000000000e-04,1.138249201634e-06
7.200000000000e-03,5.623616561715e-05
4.000000000000e-04,7.477808199364e-07
1.000000000000e-02,8.770417062435e-05
4.000000000000e-04,4.913115381243e-07
2.400000000000e-03,1.304388517339e-05
9.600000000000e-03,9.119906741701e-05
4.000000000000e-04,2.210350633908e-07
8.800000000000e-03,8.155877879326e-05
4.000000000000e-04,1.692961172106e-06
4.000000000000e-04,4.730883633586e-06
1.600000000000e-03,8.424832996938e-06
4.000000000000e-04,3.637668497995e-06
4.000000000000e-04,1.967732131712e-06
4.000000000000e-04,1.287028605803e-07
4.000000000000e-04,1.631064458505e-06
4.000000000000e-04,2.385407444595e-06
4.000000000000e-04,8.611989951806e-07
4.000000000000e-04,2.458972096725e-06
4.000000000000e-04,1.838945879689e-07
1.200000000000e-03,5.775429458330e-06
4.000000000000e-04,1.093672654690e-06
4.000000000000e-04,2.503474765646e-07
1.200000000000e-03,2.324204566630e-06
1.200000000000e-03,9.309521229760e-06
4.000000000000e-04,5.095740714950e-07
4.000000000000e-04,1.009141059552e-06
8.000000000000e-04,4.516868131195e-06
2.400000000000e-03,3.377070162606e-05
4.000000000000e-04,7.297317030699e-07
4.000000000000e-04,2.217121195069e-09
1.200000000000e-03,8.403052526643e-06
4.000000000000e-04,1.720562726728e-07
4.000000000000e-04,4.218552228657e-07
4.000000000000e-04,1.676782345993e-06
4.000000000000e-04,3.519123103195e-07
8.000000000000e-04,5.987707216046e-06
4.000000000000e-04,1.749760245993e-06
4.000000000000e-04,1.648995954708e-06
1.200000000000e-03,8.152896823037e-06
1.200000000000e-03,4.032392635129e-06
1.200000000000e-03,8.750583908428e-06
4.000000000000e-04,3.636435489999e-06
8.000000000000e-04,6.503575612122e-06
8.000000000000e-04,2.322118050863e-06
8.000000000000e-04,2.913526260116e-06
8.000000000000e-04,5.824221483948e-06
4.000000000000e-04,5.857918343516e-07
2.000000000000e-03,1.451956413754e-05
4.000000000000e-04,1.117491381860e-06
4.000000000000e-04,2.291662037093e-06
4.000000000000e-04,6.428201660417e-07
4.000000000000e-04,6.890602748799e-07
4.000000000000e-04,3.621984321206e-06
1.760000000000e-02,1.873928484113e-04
4.000000000000e-04,7.899006084828e-07
8.000000000000e-04,3.855507288964e-06
8.000000000000e-04,3.594001495928e-07
1.200000000000e-03,4.041517767653e-06
4.000000000000e-04,1.374531979244e-06
8.000000000000e-04,3.094929289049e-06
1.200000000000e-03,8.412139637059e-06
4.000000000000e-04,1.939212375971e-06
4.000000000000e-04,6.459561273651e-07
4.000000000000e-04,1.739321012720e-07
8.000000000000e-04,3.332611243878e-06
4.000000000000e-04,9.657470932402e-07
4.000000000000e-04,7.375353631289e-07
4.000000000000e-04,5.732950921125e-07
1.200000000000e-03,7.392509257707e-06
8.000000000000e-04,4.604591943753e-06
4.000000000000e-04,9.184523220750e-07
2.400000000000e-03,1.386778272867e-05
2.560000000000e-02,2.998097285410e-04
4.000000000000e-04,2.133919689163e-06
4.000000000000e-03,3.374085719948e-05
4.000000000000e-04,7.086924204066e-07
4.000000000000e-04,1.095524395599e-06
4.000000000000e-04,2.728797689171e-07
4.000000000000e-04,1.407162963584e-06
8.000000000000e-04,5.523208161070e-06
1.200000000000e-03,7.707047439912e-06
1.200000000000e-03,6.813604082940e-06
4.000000000000e-04,6.375464551303e-07
4.000000000000e-04,1.450154056166e-06
4.000000000000e-04,5.479683685285e-07
4.000000000000e-04,1.170402246421e-06
2.800000000000e-03,1.564632304370e-05
8.000000000000e-04,3.481038579734e-06
4.000000000000e-04,2.061644081564e-06
4.000000000000e-04,1.003645452899e-06
2.800000000000e-03,1.883765076343e-05
2.800000000000e-03,2.750584805201e-05
4.000000000000e-04,2.684210931096e-06
1.600000000000e-03,8.484474170143e-06
4.000000000000e-04,1.173496548825e-07
4.000000000000e-04,2.531223745849e-06
4.000000000000e-04,1.633889337664e-06
8.000000000000e-04,1.995383020782e-06
4.000000000000e-04,1.959849257639e-06
4.000000000000e-04,3.402101218458e-07
4.000000000000e-04,1.333455206230e-07
4.000000000000e-04,3.542914841826e-07
8.000000000000e-04,8.150636472130e-06
4.000000000000e-04,2.018135103283e-06
8.000000000000e-04,9.538781529406e-06
4.000000000000e-04,2.099612254340e-07
1.200000000000e-03,5.241619376867e-06
4.000000000000e-04,1.134472800113e-06
8.400000000000e-03,9.513334358729e-05
4.000000000000e-04,2.329475724026e-06
1.600000000000e-03,1.202695199087e-05
4.000000000000e-04,1.715321030179e-06
1.200000000000e-03,9.526117397230e-07
3.320000000000e-02,5.340361418476e-04
4.000000000000e-04,3.059891459596e-06
4.000000000000e-04,6.385419082268e-06
8.000000000000e-04,3.267191530531e-06
1.600000000000e-03,6.516646100945e-06
4.000000000000e-04,9.100127017788e-07
4.000000000000e-04,7.612325821263e-07
2.000000000000e-03,1.710201194307e-05
1.200000000000e-03,7.773088961075e-06
1.200000000000e-03,7.485124288658e-06
4.000000000000e-04,2.155090849500e-06
8.000000000000e-04,8.923580519417e-06
4.000000000000e-04,2.894333104818e-07
4.400000000000e-03,3.080209992801e-05
1.000000000000e-02,9.590177226823e-05
4.000000000000e-04,3.787348077582e-06
4.000000000000e-04,1.934763356209e-06
8.000000000000e-04,1.691341508475e-06
4.000000000000e-04,2.450484040951e-06
4.000000000000e-04,9.477642269944e-07
1.600000000000e-03,9.886413078491e-06
4.000000000000e-04,5.889934437663e-07
8.000000000000e-04,6.468069078082e-06
4.000000000000e-04,1.134500265431e-06
4.000000000000e-04,2.496614836758e-06
4.000000000000e-04,3.398990281081e-06
6.000000000000e-03,3.139123772410e-05
4.000000000000e-04,2.169091287639e-06
4.000000000000e-04,5.432850102727e-06
4.000000000000e-04,6.003902397128e-07
1.600000000000e-03,8.038942457767e-06
7.200000000000e-03,6.342862149612e-05
4.000000000000e-04,3.474940678665e-06
8.000000000000e-04,1.325016363031e-06
2.000000000000e-03,7.431061730903e-06
4.000000000000e-04,1.471613716592e-06
8.000000000000e-04,1.180790527360e-06
4.000000000000e-04,5.416961044179e-07
4.000000000000e-04,3.595344451066e-06
4.000000000000e-04,6.007140475781e-07
1.440000000000e-02,1.241902461406e-04
8.000000000000e-04,3.665083873507e-06
4.000000000000e-04,2.298499049258e-07
1.200000000000e-03,4.341078043023e-06
8.000000000000e-04,2.730192461480e-06
4.000000000000e-03,2.649069838846e-05
4.000000000000e-04,2.480365308506e-07
8.000000000000e-04,5.072447196717e-06
7.600000000000e-03,6.764351413466e-05
8.000000000000e-04,5.977430527800e-06
4.000000000000e-04,6.880613260381e-07
1.200000000000e-03,4.848576376251e-06
4.000000000000e-04,2.549846621131e-06
4.000000000000e-04,3.244133499618e-07
4.000000000000e-04,3.627984131762e-08
4.000000000000e-04,5.546114288290e-07
4.000000000000e-04,1.022103840010e-06
1.200000000000e-03,6.368812755831e-06
4.000000000000e-04,2.413638426570e-06
1.200000000000e-03,1.319436486997e-06
8.000000000000e-04,9.196650259420e-07
4.000000000000e-04,5.216638549006e-07
4.000000000000e-04,2.916763065949e-06
1.200000000000e-03,4.209250189182e-06
4.000000000000e-04,9.402874304757e-08
4.000000000000e-04,9.755064552074e-07
4.000000000000e-04,1.223938790323e-06
4.000000000000e-04,8.978256237269e-07
4.000000000000e-04,2.082247131449e-06
4.000000000000e-04,1.253420699275e-06
4.000000000000e-04,1.610429335117e-06
4.000000000000e-04,1.414639645537e-06
8.000000000000e-04,6.853555951977e-07
4.000000000000e-04,2.849554320133e-06
8.000000000000e-04,4.137314351372e-06
4.000000000000e-04,1.223655766218e-06
4.000000000000e-04,2.822666386761e-06
4.000000000000e-04,5.990559901410e-07
8.000000000000e-04,5.894764175720e-06
2.400000000000e-03,1.140959117124e-05
4.000000000000e-04,5.734008262826e-07
4.000000000000e-04,1.967103394150e-06
4.000000000000e-04,5.436866747413e-06
1.200000000000e-03,3.567355540530e-06
4.000000000000e-04,7.301206359867e-07
4.000000000000e-04,1.006058131894e-06
4.000000000000e-04,2.455914832803e-06
4.000000000000e-04,2.247215089447e-08
2.800000000000e-03,4.017425405628e-05
4.000000000000e-04,2.281958092126e-06
4.000000000000e-04,1.256305974189e-06
4.000000000000e-04,8.447592823235e-08
4.000000000000e-04,1.583388766880e-06
4.000000000000e-04,3.082321333661e-06
1.200000000000e-03,1.195613114263e-05
4.000000000000e-04,2.949150671725e-06
4.000000000000e-04,1.377979621825e-06
4.000000000000e-04,1.109625511394e-06
4.000000000000e-04,1.744153116606e-06
4.000000000000e-04,2.237889647974e-08
1.200000000000e-03,1.879782598972e-06
1.200000000000e-03,1.694657695093e-05
8.000000000000e-04,6.324470579835e-07
1.200000000000e-03,7.168013717786e-06
4.000000000000e-04,2.741296844229e-06
4.000000000000e-04,7.330981428471e-07
4.000000000000e-04,3.298867579480e-06
4.000000000000e-04,4.558331312224e-06
4.000000000000e-04,1.828415250915e-06
4.000000000000e-04,1.277587530242e-06
4.000000000000e-04,1.856635820974e-06
4.000000000000e-04,3.281899555898e-07
1.320000000000e-02,1.636177497780e-04
5.600000000000e-03,5.145192664150e-05
6.000000000000e-03,5.496404972543e-05
8.000000000000e-04,3.918259495752e-06
4.000000000000e-04,4.770267400311e-06
4.000000000000e-04,2.973705709868e-07
1.200000000000e-03,5.462999377012e-06
4.000000000000e-04,1.587640592827e-06
4.000000000000e-04,3.351131880336e-07
1.160000000000e-02,1.637893833694e-04
1.600000000000e-03,1.062383554786e-05
4.000000000000e-04,1.046026345050e-06
4.000000000000e-04,1.144968399756e-06
4.000000000000e-04,1.272521182565e-06
4.000000000000e-04,7.226718253300e-07
8.000000000000e-04,2.032057836262e-06
4.000000000000e-04,2.375488846995e-06
4.000000000000e-04,4.582531764810e-07
8.000000000000e-04,2.134661728966e-07
4.000000000000e-04,7.264277464894e-07
4.000000000000e-04,1.881849624877e-06
2.880000000000e-02,3.098157008687e-04
4.000000000000e-04,1.420183293573e-06
4.000000000000e-04,9.491599582596e-07
4.000000000000e-04,1.852207257636e-06
4.000000000000e-04,1.245390460302e-06
1.200000000000e-03,7.041338219075e-06
8.000000000000e-04,3.315803471208e-06
1.280000000000e-02,1.244649184240e-04
1.200000000000e-03,9.089776645796e-06
4.000000000000e-04,2.225769761535e-06
4.000000000000e-04,2.841593139941e-09
8.000000000000e-04,8.841313893980e-06
1.200000000000e-03,5.862152134624e-06
4.000000000000e-04,7.985841540567e-07
4.000000000000e-04,2.764077812345e-07
4.000000000000e-04,6.645736828351e-07
4.000000000000e-04,1.317625173385e-06
4.000000000000e-04,9.138166358968e-07
2.800000000000e-03,1.401213954029e-05
4.000000000000e-04,2.894036756976e-07
4.000000000000e-04,5.103259993046e-07
9.680000000000e-02,2.187448571823e-03
8.000000000000e-04,4.463638301680e-06
4.000000000000e-04,2.675398891214e-06
4.000000000000e-04,6.469459158156e-07
8.000000000000e-04,1.532875403535e-07
3.200000000000e-03,3.194010725906e-05
4.000000000000e-04,5.440093644982e-07
1.200000000000e-03,2.685416912631e-06
6.400000000000e-03,4.733990252749e-05
4.000000000000e-03,2.794169309497e-05
4.000000000000e-04,3.065362873023e-06
4.000000000000e-04,3.569529767422e-06
8.000000000000e-04,4.659067003257e-06
4.000000000000e-04,9.812174740271e-07
4.000000000000e-04,4.395384580726e-07
1.200000000000e-03,3.452735670600e-06
2.800000000000e-03,1.920138319497e-05
2.520000000000e-02,4.813185115889e-04
4.000000000000e-04,4.620272925357e-08
2.000000000000e-03,4.947480024776e-06
4.000000000000e-04,2.585526030583e-06
3.160000000000e-02,3.982362006374e-04
3.200000000000e-03,1.855858278481e-05
4.000000000000e-04,7.803950736504e-07
4.000000000000e-04,2.226561083231e-06
4.000000000000e-04,2.036148783591e-07
4.000000000000e-04,4.157949908021e-08
4.000000000000e-04,3.066117308116e-07
4.000000000000e-04,7.099005321456e-07
1.600000000000e-03,5.764514515098e-06
4.000000000000e-04,1.745614160390e-06
2.000000000000e-03,1.888611279369e-05
4.000000000000e-04,1.640083170829e-06
1.600000000000e-03,1.086950799351e-05
4.000000000000e-04,2.324980153981e-06
4.000000000000e-04,2.099405706595e-06
4.000000000000e-04,1.464421279499e-07
4.000000000000e-04,9.356779840667e-07
4.000000000000e-04,1.249753389758e-06
4.000000000000e-04,1.859749270123e-06
1.960000000000e-02,2.566363002266e-04
5.200000000000e-03,4.479771514749e-05
4.000000000000e-04,1.661916657839e-06
4.000000000000e-04,9.775695859263e-07
4.000000000000e-03,2.601288323109e-05
4.000000000000e-04,6.020207270250e-07
8.000000000000e-04,6.294601964798e-06
4.000000000000e-04,1.673321528727e-06
4.000000000000e-04,2.492121057303e-06
4.000000000000e-04,7.681488178703e-07
4.000000000000e-04,1.307471699785e-06
1.200000000000e-03,7.590111195660e-06
5.680000000000e-02,7.734534255825e-04
4.000000000000e-04,1.431335964701e-06
6.400000000000e-03,4.714101571667e-05
3.200000000000e-03,1.961586051074e-05
8.000000000000e-04,1.778676398307e-06
1.200000000000e-03,4.166132565474e-06
4.000000000000e-04,2.939092269852e-06
3.200000000000e-03,3.106995244294e-05
8.000000000000e-04,3.378826669280e-06
4.000000000000e-04,1.272176847269e-06
4.000000000000e-04,9.734993304475e-08
3.600000000000e-03,2.530336539614e-05
1.200000000000e-03,7.413949930877e-06
4.000000000000e-04,6.667105628192e-07
4.000000000000e-04,3.276950763806e-07
4.800000000000e-03,5.604232656871e-05
4.000000000000e-04,6.966468579777e-07
4.000000000000e-04,1.125121554078e-06
5.600000000000e-03,3.852039529497e-05
8.000000000000e-04,3.605741566675e-06
1.200000000000e-03,1.336498782347e-05
4.000000000000e-04,1.466164522220e-06
4.000000000000e-04,1.665026776809e-07
1.600000000000e-03,7.739232844039e-06
4.000000000000e-04,1.486721818358e-06
1.200000000000e-03,6.701054223695e-06
4.000000000000e-04,1.975683317608e-06
4.000000000000e-04,1.666894841765e-06
8.000000000000e-04,8.093037504100e-06
4.000000000000e-04,2.491270667811e-07
8.000000000000e-04,3.192233433775e-06
1.600000000000e-03,5.807326709271e-06
4.000000000000e-04,1.138401454628e-07
8.000000000000e-04,1.539687639087e-06
2.000000000000e-03,6.381211957752e-06
1.600000000000e-03,1.648672461673e-05
1.200000000000e-03,2.260086322192e-06
4.000000000000e-04,3.861614631905e-06
4.000000000000e-04,1.129124574209e-06
4.000000000000e-04,1.340666311146e-06
4.000000000000e-04,1.676023139104e-06
2.400000000000e-03,4.984739388028e-06
1.600000000000e-03,1.094950645010e-05
4.000000000000e-04,4.461822617994e-06
4.000000000000e-04,5.737561860345e-07
4.000000000000e-04,9.182591257487e-07
2.000000000000e-03,1.138161610260e-05
1.160000000000e-02,7.455611400484e-05
4.000000000000e-04,2.157945959508e-06
4.000000000000e-04,3.666928375312e-07
4.000000000000e-04,1.077639601740e-06
4.000000000000e-04,2.316033609064e-06
1.600000000000e-03,4.266682714748e-06
4.000000000000e-04,3.443552354360e-06
4.000000000000e-04,1.901745646490e-06
1.200000000000e-03,2.924653241031e-06
1.600000000000e-03,7.712280804713e-06
3.600000000000e-03,2.201777588155e-05
8.000000000000e-04,1.994672066275e-06
4.000000000000e-04,1.998394864775e-06
5.200000000000e-03,3.402676103997e-05
8.000000000000e-04,1.009351612812e-05
1.200000000000e-03,7.901959603313e-06
4.000000000000e-04,6.287488258989e-07
8.000000000000e-04,2.732533473891e-06
4.000000000000e-04,2.867445550517e-06
1.200000000000e-03,6.050438417644e-06
4.000000000000e-04,5.377925991448e-07
4.000000000000e-04,1.119518642388e-06
4.000000000000e-04,3.221792573904e-06
8.000000000000e-04,7.542663665173e-06
1.200000000000e-03,6.809366410946e-06
2.000000000000e-03,1.714589348489e-05
4.000000000000e-04,5.788175169353e-06
4.000000000000e-04,4.453299873784e-07
8.000000000000e-04,5.178146226309e-06
4.000000000000e-04,2.510256048019e-06
4.000000000000e-04,2.989616555853e-07
4.000000000000e-04,3.548150751371e-07
4.000000000000e-04,6.027494659835e-07
4.000000000000e-04,4.571026384943e-06
4.400000000000e-03,1.813949899929e-05
3.600000000000e-03,3.337874576976e-05
2.800000000000e-03,1.727875411651e-05
1.600000000000e-03,6.317402444007e-06
3.600000000000e-03,2.960009670994e-05
4.000000000000e-04,1.456565308327e-06
4.000000000000e-04,1.067826233784e-06
4.000000000000e-04,1.490813659392e-06
4.000000000000e-04,1.693055040675e-06
4.000000000000e-04,3.705372448921e-06
4.000000000000e-04,1.413958187796e-06
4.000000000000e-04,2.033105831468e-06
2.000000000000e-03,1.798844098829e-05
1.600000000000e-03,1.180493533142e-05
4.000000000000e-04,8.928367812340e-07
4.000000000000e-04,2.697261751502e-06
2.000000000000e-03,1.688077210421e-05
3.200000000000e-03,2.057903722230e-05
2.400000000000e-03,1.443522081162e-05
4.400000000000e-03,4.353922874158e-05
4.000000000000e-04,2.488524434346e-06
8.000000000000e-04,6.641881944167e-06
4.000000000000e-04,7.917947918934e-07
5.200000000000e-03,7.538073779782e-05
8.000000000000e-04,3.476862896879e-06
1.200000000000e-03,9.494345197264e-06
5.200000000000e-03,3.984647013225e-05
3.200000000000e-03,1.964631869773e-05
4.000000000000e-04,1.218626212718e-06
1.200000000000e-03,8.849631674488e-06
4.000000000000e-04,3.764689573221e-07
4.000000000000e-04,2.057703719530e-06
8.000000000000e-04,5.964349274147e-06
4.000000000000e-04,1.462163417065e-07
8.000000000000e-04,2.363016952001e-06
4.000000000000e-04,8.781722180266e-07
1.200000000000e-03,8.527126195355e-06
4.000000000000e-04,1.127634914811e-06
4.400000000000e-03,4.510712555483e-05
1.600000000000e-03,1.168352690188e-05
8.000000000000e-04,2.288259724950e-06
1.200000000000e-02,7.901211066376e-05
4.000000000000e-04,2.101904086121e-06
4.000000000000e-04,1.903255569684e-06
8.000000000000e-04,1.360954348323e-06
1.200000000000e-03,3.500302577194e-06
4.000000000000e-04,2.227392202385e-07
6.400000000000e-03,3.594307651934e-05
4.000000000000e-04,5.422077384724e-07
4.000000000000e-04,2.053737749360e-06
4.000000000000e-04,1.970235958061e-06
8.000000000000e-04,3.453244656445e-06
4.000000000000e-04,1.298623166013e-06
8.000000000000e-04,1.816035681272e-06
5.200000000000e-03,3.560752790643e-05
4.000000000000e-04,3.952755536229e-06
1.080000000000e-02,1.619392926854e-04
8.000000000000e-03,7.764102354897e-05
8.000000000000e-04,3.112267252953e-06
1.200000000000e-03,1.168522449090e-05
4.000000000000e-04,1.460068876483e-06
4.000000000000e-04,1.982323547509e-06
4.000000000000e-04,1.620766617841e-06
4.000000000000e-04,2.113039613768e-06
4.000000000000e-04,3.146693045769e-07
4.000000000000e-04,2.499429717499e-06
3.640000000000e-02,6.307872288559e-04
8.000000000000e-04,4.914988009862e-06
2.800000000000e-03,1.819628497627e-05
1.200000000000e-03,3.437512096927e-06
4.400000000000e-03,2.018759753662e-05
4.000000000000e-04,3.018527079852e-08
4.000000000000e-04,8.079832809834e-07
4.000000000000e-04,8.249170205319e-07
4.000000000000e-04,3.097895428985e-07
4.000000000000e-04,6.566040442085e-07
4.000000000000e-04,1.492078808397e-06
8.000000000000e-04,3.211889355014e-06
8.000000000000e-04,1.620112642652e-06
8.000000000000e-04,2.112984752824e-06
4.000000000000e-04,7.853817955580e-07
1.120000000000e-02,1.382938978636e-04
8.000000000000e-04,3.349371237552e-06
4.000000000000e-04,3.337201513236e-07
4.000000000000e-04,3.224615427413e-06
4.000000000000e-04,1.551172438068e-06
4.000000000000e-04,9.233194521314e-07
8.000000000000e-04,4.246996690354e-06
1.200000000000e-03,1.611564510710e-06
4.000000000000e-04,8.205328168366e-07
4.000000000000e-04,1.935998931098e-06
1.600000000000e-03,8.335669201789e-06
1.600000000000e-03,5.803097475812e-06
4.000000000000e-04,8.508830112240e-07
4.000000000000e-04,1.049154927018e-06
7.200000000000e-03,6.004363927239e-05
8.000000000000e-04,7.490193049762e-06
1.200000000000e-03,1.834503356390e-06
4.000000000000e-04,2.829699249386e-06
1.200000000000e-03,2.344132654744e-06
4.000000000000e-04,4.271909527910e-07
8.000000000000e-04,2.065971134876e-06
4.000000000000e-04,2.357989897594e-06
4.000000000000e-03,2.824888544649e-05
4.000000000000e-04,7.168572324490e-09
1.200000000000e-03,7.150742277195e-06
1.200000000000e-03,5.968048691976e-06
2.320000000000e-02,2.613298860424e-04
8.000000000000e-04,1.222286205394e-05
4.000000000000e-04,4.471057560131e-07
4.000000000000e-04,2.956307895082e-07
8.000000000000e-04,4.801822854568e-06
4.080000000000e-02,6.838156891993e-04
4.000000000000e-04,3.325662691809e-07
4.000000000000e-04,1.861869537707e-06
4.400000000000e-03,4.006107498698e-05
4.000000000000e-04,4.936493089223e-08
4.000000000000e-04,9.695338022500e-08
2.400000000000e-03,1.304488750716e-05
4.000000000000e-04,2.338991080384e-07
8.000000000000e-04,2.538275934485e-06
4.000000000000e-04,6.881553093870e-08
4.000000000000e-04,8.765662946664e-07
4.000000000000e-04,3.754348197357e-07
4.000000000000e-04,1.627505905359e-06
8.000000000000e-04,3.350447856568e-06
1.600000000000e-03,1.246407139544e-05
4.000000000000e-04,8.805348687704e-07
9.600000000000e-03,6.516877881477e-05
4.000000000000e-04,2.428173939291e-06
4.000000000000e-04,2.156790324140e-06
4.000000000000e-04,7.134454250841e-07
4.000000000000e-04,1.631022340511e-06
8.000000000000e-04,8.211624569238e-07
8.000000000000e-04,6.051888979438e-07
4.000000000000e-04,1.816792029479e-06
4.000000000000e-04,3.240681913504e-06
4.000000000000e-04,1.719684239411e-06
4.000000000000e-04,1.227020311206e-07
4.000000000000e-04,7.306840533564e-07
4.000000000000e-04,7.502036664651e-07
8.000000000000e-04,7.002117132146e-06
3.200000000000e-03,3.033938763760e-05
8.000000000000e-04,2.821060639633e-06
4.000000000000e-04,2.898339380148e-06
4.000000000000e-04,1.915561058416e-06
4.000000000000e-04,1.419242147521e-06
4.000000000000e-03,2.796533462668e-05
4.000000000000e-04,4.788525855319e-07
2.400000000000e-03,1.375561289797e-05
4.000000000000e-04,1.248305194397e-06
4.000000000000e-04,5.650570335348e-06
4.000000000000e-04,2.762670460370e-07
4.000000000000e-04,4.383422410515e-07
2.400000000000e-03,1.764289507945e-05
1.600000000000e-03,1.157191431214e-05
4.000000000000e-04,1.551301747212e-06
4.000000000000e-04,1.456450211339e-06
4.000000000000e-04,1.996400855679e-06
1.200000000000e-03,1.515447452903e-05
6.400000000000e-03,3.149028782393e-05
2.000000000000e-03,7.977071303033e-06
4.000000000000e-04,1.767780487887e-06
4.000000000000e-04,7.931250701680e-07
4.000000000000e-04,3.629215494365e-06
7.200000000000e-03,5.400912863891e-05
2.400000000000e-03,1.428845071205e-05
4.000000000000e-04,5.335406666815e-08
1.200000000000e-03,1.171827110728e-05
1.120000000000e-02,1.484272451994e-04
2.160000000000e-02,2.428180917898e-04
4.000000000000e-04,2.679022805916e-06
4.000000000000e-04,2.354710997718e-06
2.640000000000e-02,3.090702787467e-04
4.000000000000e-04,1.063083170049e-06
4.000000000000e-04,1.693833737605e-06
1.200000000000e-03,4.655223075015e-06
4.000000000000e-04,1.382699679600e-07
4.000000000000e-04,3.951933992675e-07
4.000000000000e-04,5.559944922228e-07
4.000000000000e-04,2.865767366672e-06
2.800000000000e-03,2.011742054427e-05
4.000000000000e-04,1.287657047392e-06
4.000000000000e-03,2.393633065209e-05
4.000000000000e-04,8.035590030942e-07
4.000000000000e-04,1.213104470777e-06
4.000000000000e-04,1.466105331312e-06
1.200000000000e-03,2.929724931656e-06
4.000000000000e-04,9.277665428533e-07
8.000000000000e-04,3.790765157701e-06
4.000000000000e-04,4.663050368226e-07
8.000000000000e-04,2.974029599774e-06
4.800000000000e-03,5.072921237111e-05
8.000000000000e-04,3.013558724702e-06
4.000000000000e-04,1.598277329855e-06
4.000000000000e-04,4.176842000852e-06
4.000000000000e-04,2.978764002981e-06
4.000000000000e-04,6.424364101715e-07
4.000000000000e-04,1.089319447565e-06
4.000000000000e-04,1.440748543975e-06
4.000000000000e-04,1.126209236645e-06
3.600000000000e-03,3.780841021840e-05
4.000000000000e-04,6.452013547541e-07
4.000000000000e-04,1.785512397131e-06
4.000000000000e-04,4.699472033021e-09
2.000000000000e-03,6.266167380832e-06
4.000000000000e-04,9.737452513289e-07
4.000000000000e-04,8.739064808492e-07
4.000000000000e-04,3.078930286049e-06
4.000000000000e-04,9.265087566911e-07
4.000000000000e-04,4.349931993684e-07
2.400000000000e-03,1.590079476690e-05
4.000000000000e-04,6.567987558233e-08
4.000000000000e-04,4.912384331662e-07
4.000000000000e-04,2.326726626982e-06
4.000000000000e-04,7.794643383946e-07
4.000000000000e-04,1.234573642276e-07
4.000000000000e-04,3.419039434893e-07
4.000000000000e-04,3.318613682026e-06
4.000000000000e-04,5.822223313347e-07
1.600000000000e-03,6.487937395053e-06
4.000000000000e-04,5.911834538133e-06
4.000000000000e-04,2.021901647525e-06
3.320000000000e-02,4.128003721172e-04
3.200000000000e-03,2.816514092913e-05
2.800000000000e-03,2.282054013191e-05
4.000000000000e-04,3.307530464337e-06
4.800000000000e-03,7.183697971168e-05
4.000000000000e-04,4.512932203189e-07
4.000000000000e-04,1.053327953106e-06
1.600000000000e-03,7.838322773443e-06
4.000000000000e-04,2.553326209446e-07
1.200000000000e-03,6.582505273450e-06
4.000000000000e-04,4.179697739104e-07
8.000000000000e-04,6.498612203037e-06
4.000000000000e-04,3.546171916508e-07
8.000000000000e-04,4.229054983701e-06
5.600000000000e-03,5.166094525459e-05
8.000000000000e-04,1.625800490689e-06
8.800000000000e-03,8.412013390507e-05
4.000000000000e-04,1.718181677832e-07
4.000000000000e-04,8.811663281454e-07
8.000000000000e-04,4.273644579018e-06
1.200000000000e-03,4.485745210132e-06
1.600000000000e-03,6.448751007477e-06
4.000000000000e-04,1.375970572768e-06
8.000000000000e-04,5.785712017967e-06
2.040000000000e-02,2.420460048319e-04
4.000000000000e-04,1.707040432506e-08
4.000000000000e-04,3.520915932005e-06
3.600000000000e-03,1.965599876682e-05
8.000000000000e-04,3.965060847926e-06
4.000000000000e-04,1.415633804811e-07
1.600000000000e-03,1.558971212894e-05
8.000000000000e-04,2.199606567905e-06
4.000000000000e-04,1.475041250876e-06
4.000000000000e-04,2.166130198980e-06
4.000000000000e-04,6.046069497256e-09
8.000000000000e-04,4.627456016510e-06
1.600000000000e-03,1.153291793029e-05
8.000000000000e-04,5.234935993674e-06
4.000000000000e-04,2.666825488481e-06
8.000000000000e-04,3.707470021858e-06
8.000000000000e-04,4.242555392536e-06
4.000000000000e-04,1.615323310748e-06
7.600000000000e-03,8.368976939804e-05
4.000000000000e-04,2.839319173052e-07
4.000000000000e-04,3.815416641287e-07
8.000000000000e-04,5.816186471825e-06
4.000000000000e-04,2.291316201593e-06
8.000000000000e-04,2.264359087942e-06
4.000000000000e-04,2.669438658159e-06
4.000000000000e-04,6.247451812151e-07
4.000000000000e-04,2.311508615559e-06
8.000000000000e-04,2.684909580475e-06
4.000000000000e-04,2.996754654893e-06
4.000000000000e-04,2.587779483452e-07
4.000000000000e-04,1.874691197433e-06
2.800000000000e-03,1.149352695052e-05
4.000000000000e-04,2.776749556136e-06
1.200000000000e-03,1.206190491285e-06
1.200000000000e-03,9.606375562349e-06
4.000000000000e-04,5.117510430334e-06
4.000000000000e-04,1.467992918004e-06
1.200000000000e-03,1.177959384050e-05
4.000000000000e-04,1.473161850803e-06
4.000000000000e-04,1.484923322422e-06
4.000000000000e-04,7.935969289340e-08
1.200000000000e-03,6.447254154357e-06
1.600000000000e-03,1.651598900156e-05
4.000000000000e-04,2.022948028325e-07
4.000000000000e-04,2.194027515993e-07
4.000000000000e-04,5.340282544545e-07
4.000000000000e-04,1.856594348217e-07
4.000000000000e-04,1.814133721033e-06
8.000000000000e-04,1.184785291169e-05
4.000000000000e-04,3.457729332194e-07
4.000000000000e-04,2.241904457106e-06
1.200000000000e-03,6.324837481277e-06
4.000000000000e-04,1.295468302998e-06
4.000000000000e-04,1.130587165865e-06
8.000000000000e-04,4.907839520036e-06
4.000000000000e-04,1.213889299059e-06
8.000000000000e-04,6.215472241701e-06
4.000000000000e-04,4.308898593826e-06
4.000000000000e-04,2.524627645430e-06
4.000000000000e-04,1.399866982973e-07
4.000000000000e-04,1.280900602819e-06
4.000000000000e-04,5.652141613160e-07
4.000000000000e-04,1.862077417045e-07
4.000000000000e-04,8.048672764411e-07
1.200000000000e-03,8.607962545317e-06
1.200000000000e-03,8.096235851776e-06
5.200000000000e-03,3.802159507330e-05
4.000000000000e-04,1.253072790423e-06
8.000000000000e-04,3.524734678979e-06
4.000000000000e-04,1.619363626285e-07
4.000000000000e-04,1.299821603913e-07
4.000000000000e-04,7.057006495832e-07
4.000000000000e-04,3.487460821993e-07
1.200000000000e-03,5.937581721577e-06
2.000000000000e-03,1.256010930996e-05
4.000000000000e-04,1.912843945042e-06
3.320000000000e-02,6.073293929760e-04
4.000000000000e-04,1.979508236778e-06
2.800000000000e-03,2.810665523761e-05
4.000000000000e-04,5.780544341169e-07
8.000000000000e-04,5.118964657433e-06
4.000000000000e-04,5.702589281828e-06
4.000000000000e-04,1.303497713650e-06
2.400000000000e-03,2.651934168889e-05
1.600000000000e-03,8.105305478941e-06
4.000000000000e-04,4.504368085161e-07
4.000000000000e-04,8.270628522951e-07
3.280000000000e-02,3.906756699674e-04
4.000000000000e-04,1.798442133884e-06
4.000000000000e-04,2.075476644501e-07
2.800000000000e-03,1.577595716450e-05
2.800000000000e-03,1.571096974916e-05
4.000000000000e-04,1.335299431695e-06
3.600000000000e-03,2.315173866129e-05
4.000000000000e-04,1.199691718542e-06
1.200000000000e-03,3.180386858030e-06
1.600000000000e-03,1.408432633340e-05
4.000000000000e-04,4.621078716837e-07
4.000000000000e-03,2.533431994800e-05
4.000000000000e-04,8.790999455812e-07
4.000000000000e-04,2.118993341051e-06
1.200000000000e-03,4.064699716964e-06
9.200000000000e-03,6.551971981148e-05
4.400000000000e-03,2.213808055842e-05
1.600000000000e-03,5.740641810909e-06
8.000000000000e-04,2.141510535702e-06
4.000000000000e-04,3.557537344394e-07
3.200000000000e-03,1.662868772168e-05
4.000000000000e-04,5.144814798514e-08
1.000000000000e-02,1.175889334224e-04
1.600000000000e-03,8.997140124723e-06
8.000000000000e-04,7.099769922260e-06
8.000000000000e-04,8.270991747920e-07
4.000000000000e-04,2.269535422723e-06
4.000000000000e-04,1.715623144012e-07
1.200000000000e-03,6.340853748441e-06
4.000000000000e-04,9.000674405442e-07
8.000000000000e-04,3.809492765192e-06
4.000000000000e-04,4.060594546334e-07
2.400000000000e-03,1.133631018176e-05
1.200000000000e-03,1.285703452201e-05
4.000000000000e-04,6.374385504902e-07
1.200000000000e-03,3.383002819290e-06
4.000000000000e-04,5.755782826440e-07
4.000000000000e-04,1.265635066585e-06
4.000000000000e-04,1.172156751166e-06
8.000000000000e-04,6.000151483769e-07
2.400000000000e-03,1.765500838864e-05
4.000000000000e-04,5.845218606816e-07
1.600000000000e-03,8.527464976343e-06
1.600000000000e-03,7.469960968759e-06
4.000000000000e-04,2.443926888990e-06
8.000000000000e-04,4.218376162313e-06
3.160000000000e-02,5.754774355128e-04
4.000000000000e-04,2.538355322883e-06
1.600000000000e-03,3.686338760861e-06
4.000000000000e-04,1.188525912156e-06
4.000000000000e-04,1.597565745020e-06
4.000000000000e-04,1.508595544181e-07
4.000000000000e-04,9.569530647957e-08
1.200000000000e-03,5.184294381788e-06
8.000000000000e-04,4.941983758491e-06
1.600000000000e-03,9.970057279607e-06
4.000000000000e-04,1.597581460656e-06
8.000000000000e-04,1.526185625283e-06
1.200000000000e-03,1.181956389619e-05
1.200000000000e-03,3.009874255859e-06
6.400000000000e-03,4.457033430974e-05
8.000000000000e-04,3.451912443428e-06
4.000000000000e-04,2.393969401374e-06
2.400000000000e-03,1.653752630485e-05
1.600000000000e-02,2.202810670214e-04
4.000000000000e-04,7.913532818664e-07
4.000000000000e-04,2.346850124431e-06
3.560000000000e-02,5.899694234573e-04
4.000000000000e-04,1.389837006213e-06
1.200000000000e-03,1.278767499836e-06
1.000000000000e-02,1.287777909545e-04
1.600000000000e-03,1.816152616994e-05
4.000000000000e-04,9.615600799837e-08
4.000000000000e-04,2.036177070476e-07
8.000000000000e-04,4.386496659120e-06
2.000000000000e-03,8.929873265879e-06
4.000000000000e-04,1.608653874743e-06
4.000000000000e-04,3.934890443000e-07
4.000000000000e-04,2.864273900944e-06
6.800000000000e-03,4.626894490349e-05
4.000000000000e-04,1.171665981307e-06
4.000000000000e-04,2.652417453314e-06
8.000000000000e-04,4.607828891241e-06
2.000000000000e-03,1.315583620662e-05
4.000000000000e-04,3.828894864696e-07
4.000000000000e-04,1.686726230210e-07
4.000000000000e-04,6.227105448875e-07
8.000000000000e-04,3.243433989561e-06
4.000000000000e-04,1.021131400374e-06
1.480000000000e-02,1.155373591240e-04
8.000000000000e-04,1.756156530028e-06
3.200000000000e-03,2.074263377896e-05
2.400000000000e-03,8.576001630054e-06
4.000000000000e-04,2.500391210573e-06
4.000000000000e-04,2.420082111552e-06
4.000000000000e-04,1.311281891975e-06
4.000000000000e-04,2.053105354589e-07
4.000000000000e-04,3.796391240063e-09
4.000000000000e-04,2.127935803188e-06
3.200000000000e-03,2.558847566918e-05
4.000000000000e-04,1.080887106097e-06
4.000000000000e-04,4.088495814467e-06
8.000000000000e-04,4.525537699430e-06
4.000000000000e-04,2.725631467000e-06
4.000000000000e-04,7.082976794605e-07
1.200000000000e-03,8.246317996907e-06
5.200000000000e-03,3.526263724819e-05
1.200000000000e-03,5.574012979738e-06
8.000000000000e-04,4.047703709004e-06
8.000000000000e-04,3.718537018685e-06
4.000000000000e-04,1.998860617001e-06
3.600000000000e-03,3.146466042766e-05
8.000000000000e-04,1.010213808361e-06
2.800000000000e-03,1.568059070450e-05
4.000000000000e-04,1.947981418280e-06
4.000000000000e-04,4.167257821588e-07
4.000000000000e-04,4.243396487826e-08
4.000000000000e-04,7.991883312231e-07
4.000000000000e-04,2.407898552952e-06
4.000000000000e-04,2.033033310464e-06
4.000000000000e-04,8.324150458532e-08
1.600000000000e-03,3.833548093578e-06
4.000000000000e-04,1.220665826050e-07
4.000000000000e-04,9.476391014608e-07
1.160000000000e-02,1.504596766859e-04
2.400000000000e-03,2.024412124917e-05
1.440000000000e-02,2.009357537746e-04
4.000000000000e-04,8.756318842715e-07
4.000000000000e-04,2.312018311468e-06
1.600000000000e-03,4.556635132007e-06
2.400000000000e-03,1.388282962050e-05
5.200000000000e-03,3.553548378484e-05
4.000000000000e-04,1.198341150412e-06
8.000000000000e-04,3.810071825315e-06
1.920000000000e-02,2.204145815712e-04
4.400000000000e-03,2.646047981972e-05
4.000000000000e-04,3.790043328495e-06
1.160000000000e-02,1.027022553905e-04
4.000000000000e-04,1.503772688956e-06
8.000000000000e-04,3.688724595220e-06
4.000000000000e-04,2.546846640850e-06
4.000000000000e-04,9.848628432715e-07
4.000000000000e-04,2.693081887240e-06
8.000000000000e-04,2.938182093613e-06
1.200000000000e-03,3.023087242550e-06
8.000000000000e-04,2.190100950831e-06
1.200000000000e-03,8.065540555834e-06
8.000000000000e-04,2.645793293235e-06
1.200000000000e-03,5.448928894061e-06
4.000000000000e-04,2.514268587634e-07
1.200000000000e-03,1.650909555336e-06
8.000000000000e-03,7.125079240027e-05
7.600000000000e-03,8.717236648362e-05
2.400000000000e-03,2.795162896399e-05
4.000000000000e-04,2.254010517272e-06
4.000000000000e-04,4.840124094820e-06
4.000000000000e-04,3.872377953975e-06
4.000000000000e-04,4.032122673205e-07
2.400000000000e-03,2.442286734142e-05
4.000000000000e-04,3.627481356405e-07
4.000000000000e-04,2.792737921750e-07
3.600000000000e-03,3.539603876005e-05
4.000000000000e-04,1.074538993542e-07
1.600000000000e-03,8.556298975349e-06
4.000000000000e-04,8.344280320144e-07
4.000000000000e-04,1.283477011379e-06
4.000000000000e-04,1.298787097111e-06
7.600000000000e-03,1.101709985038e-04
4.000000000000e-04,6.552712746474e-08
4.000000000000e-04,1.374817890070e-06
4.000000000000e-04,3.038615226638e-06
4.000000000000e-04,1.038679688263e-06
8.000000000000e-04,1.579970417055e-06
1.200000000000e-03,1.761860733304e-05
4.000000000000e-04,1.773022993041e-07
8.000000000000e-04,2.456191758899e-06
4.000000000000e-04,1.012072876790e-06
4.000000000000e-04,6.164579089251e-07
2.000000000000e-03,1.732822177130e-05
5.600000000000e-03,3.698193352424e-05
4.000000000000e-04,1.926646088467e-06
8.000000000000e-04,2.741073110637e-06
1.600000000000e-03,1.325775310393e-05
4.000000000000e-04,1.578221338859e-07
4.000000000000e-04,8.952945327335e-07
1.600000000000e-03,4.195505592432e-06
4.000000000000e-04,2.010345081229e-06
4.000000000000e-04,8.707095003597e-07
4.000000000000e-04,2.150898959952e-06
4.000000000000e-04,2.779651813711e-06
2.800000000000e-03,8.918056215137e-06
4.000000000000e-04,8.895326073621e-10
8.000000000000e-04,2.980294391989e-06
1.600000000000e-03,1.138804275594e-05
8.000000000000e-04,4.262873327421e-07
8.000000000000e-04,1.465411098488e-06
8.000000000000e-04,3.813126353785e-06
4.000000000000e-04,1.673712694492e-06
4.000000000000e-04,1.215038795164e-07
4.000000000000e-04,1.701012888315e-06
4.000000000000e-04,5.500979695007e-07
4.000000000000e-04,4.046579603291e-07
4.000000000000e-04,1.036834639550e-06
2.000000000000e-03,9.683288162458e-06
4.000000000000e-04,1.704188940368e-06
1.200000000000e-03,2.725521859567e-06
4.000000000000e-04,9.576798205871e-07
1.200000000000e-03,5.511965644777e-06
4.000000000000e-04,3.667706840569e-07
8.000000000000e-04,5.882115945863e-06
4.000000000000e-04,2.920900989411e-06
8.000000000000e-04,3.278761670362e-06
4.000000000000e-04,3.841475137766e-06
1.600000000000e-03,1.703205611481e-05
1.200000000000e-03,3.441392423567e-06
4.000000000000e-04,1.734186839824e-06
1.200000000000e-03,1.073408918710e-05
4.000000000000e-04,5.809844125319e-07
8.000000000000e-04,6.134570821516e-06
4.000000000000e-04,1.017757062646e-06
8.000000000000e-04,1.744890587236e-06
4.000000000000e-04,1.793461558589e-06
1.200000000000e-03,4.447301045007e-06
1.200000000000e-03,7.576635159788e-06
4.000000000000e-04,1.885068161814e-07
6.400000000000e-03,4.419366565575e-05
6.400000000000e-03,9.262048087597e-05
2.000000000000e-03,1.769841197900e-05
4.000000000000e-04,2.286355178200e-08
1.200000000000e-03,4.877212367043e-06
1.600000000000e-03,7.058747937553e-06
2.000000000000e-02,2.073165023597e-04
8.000000000000e-03,5.257231661467e-05
1.000000000000e-02,1.002559593306e-04
2.560000000000e-02,3.137094796627e-04
4.000000000000e-04,5.340889240392e-06
5.880000000000e-02,1.011285761543e-03
4.000000000000e-04,2.981564511067e-06
2.380000000000e-01,5.088457488467e-03
8.800000000000e-03,1.155115225944e-04
1.200000000000e-03,3.350556814015e-06
4.000000000000e-04,1.830260179883e-06
4.000000000000e-04,1.058584488122e-06
4.800000000000e-03,5.200725437805e-05
4.000000000000e-04,3.593351398736e-07
4.000000000000e-04,4.678745969759e-06
4.000000000000e-04,5.300937848623e-06
4.000000000000e-04,1.052051327630e-06
4.000000000000e-04,1.129214895017e-06
8.000000000000e-04,2.425179151392e-06
4.000000000000e-04,5.724072149217e-07
4.000000000000e-04,4.167525221719e-07
4.000000000000e-04,1.894336791914e-06
4.000000000000e-04,1.641927411906e-06
8.000000000000e-03,8.178814683400e-05
4.000000000000e-04,5.297536918490e-07
3.200000000000e-03,1.683383672112e-05
2.800000000000e-03,2.648665607907e-05
4.000000000000e-04,1.727622421989e-06
1.200000000000e-03,1.084256319825e-05
4.000000000000e-03,2.698555715620e-05
2.000000000000e-03,1.469529680941e-05
4.000000000000e-04,3.142070921618e-06
4.000000000000e-04,2.029850013963e-06
1.600000000000e-03,8.392951330237e-06
3.160000000000e-02,3.880655789511e-04
4.000000000000e-04,1.542894611218e-06
4.000000000000e-04,1.780653852381e-06
8.000000000000e-04,8.037810480732e-06
4.000000000000e-04,2.692776064904e-06
8.700000000000e-01,4.098877030137e-02
4.000000000000e-04,1.058738194247e-07
4.000000000000e-04,2.838094354496e-09
3.200000000000e-03,4.067093073767e-05
4.000000000000e-04,1.841811895401e-06
4.000000000000e-04,1.493028274198e-06
1.600000000000e-03,7.232870612239e-06
1.200000000000e-03,3.235417681703e-06
4.000000000000e-04,2.484408719757e-07
4.000000000000e-04,1.044159037460e-06
4.000000000000e-04,8.641743246448e-07
4.000000000000e-04,1.758778857767e-06
4.000000000000e-04,5.883802602807e-08
4.000000000000e-04,1.944509647313e-08
4.000000000000e-04,4.263997930004e-07
4.000000000000e-04,1.767674508302e-06
4.000000000000e-04,6.841783785549e-07
1.200000000000e-03,5.478208256365e-06
8.000000000000e-04,8.713837364309e-06
4.000000000000e-04,1.707163547071e-06
4.000000000000e-04,6.025382041982e-07
4.000000000000e-04,7.739707581940e-07
4.000000000000e-04,6.392675698196e-07
4.000000000000e-04,2.252537180171e-06
4.000000000000e-04,1.466726825094e-06
8.000000000000e-04,1.319159570569e-05
4.000000000000e-04,1.729744134977e-07
4.000000000000e-04,1.442587028042e-07
4.000000000000e-04,2.340383699795e-06
8.000000000000e-04,3.495095527519e-06
4.400000000000e-03,1.820761685985e-05
4.000000000000e-04,1.041811578047e-06
4.000000000000e-04,1.305188871687e-06
4.000000000000e-04,1.768249037668e-07
4.000000000000e-04,2.172750016098e-06
4.000000000000e-04,1.040628422534e-06
4.000000000000e-04,6.751730443961e-08
4.000000000000e-04,1.468537191156e-06
4.000000000000e-04,3.722707143159e-07
2.000000000000e-03,1.537106162253e-05
3.600000000000e-03,3.039063462268e-05
1.200000000000e-03,8.230830062797e-06
4.000000000000e-04,1.453907344294e-07
4.000000000000e-04,8.440562889732e-07
2.000000000000e-03,1.889797286996e-05
2.000000000000e-03,1.376580509249e-05
4.000000000000e-04,2.816571227805e-06
2.800000000000e-03,2.275652455708e-05
4.000000000000e-04,2.180282453335e-06
4.000000000000e-04,2.070866282466e-07
4.000000000000e-04,1.380942025480e-06
4.000000000000e-04,2.482327917471e-06
4.000000000000e-04,3.760615614677e-06
4.000000000000e-04,1.710704265812e-07
2.800000000000e-03,1.686776283755e-05
4.000000000000e-04,9.056868558864e-07
8.000000000000e-04,2.598071216447e-06
4.000000000000e-04,5.537250562070e-07
4.000000000000e-04,6.361692382391e-07
8.000000000000e-04,6.780753967476e-06
4.000000000000e-04,4.692319792663e-07
8.000000000000e-04,2.730458783914e-06
4.000000000000e-04,2.744591639968e-07
1.200000000000e-03,6.519664648529e-06
1.200000000000e-03,1.373094376585e-06
8.000000000000e-04,5.223540823482e-06
1.600000000000e-03,1.624737418977e-05
4.000000000000e-04,5.066928333207e-06
4.000000000000e-04,1.279706961297e-06
4.000000000000e-04,1.852384419079e-08
4.000000000000e-04,4.672264141373e-07
4.000000000000e-04,3.569306691518e-07
4.000000000000e-04,3.295385433586e-06
1.600000000000e-03,1.434444371662e-05
8.000000000000e-04,7.185542735071e-06
4.000000000000e-04,1.650801907250e-06
4.000000000000e-04,5.792013893728e-07
4.000000000000e-04,2.862251713382e-06
4.000000000000e-04,5.188734911648e-07
8.000000000000e-04,1.689682379561e-06
4.000000000000e-04,6.763882346779e-07
4.000000000000e-04,1.511549880136e-06
2.000000000000e-03,2.013775468743e-05
8.000000000000e-04,2.729744903721e-06
4.000000000000e-04,5.274498639511e-07
7.200000000000e-03,6.177394632475e-05
4.000000000000e-04,7.380209594446e-07
4.000000000000e-04,1.283598015247e-06
1.200000000000e-03,5.657685940523e-06
1.600000000000e-03,9.328682807429e-06
4.000000000000e-04,1.880780285971e-06
8.000000000000e-04,3.667191430989e-06
4.000000000000e-04,6.728395534270e-06
4.000000000000e-04,4.858300610192e-06
8.800000000000e-03,4.864146599320e-05
4.000000000000e-04,4.585285999026e-06
4.000000000000e-04,7.115673154266e-07
4.000000000000e-04,1.767937262284e-07
4.000000000000e-04,1.861208931525e-06
8.000000000000e-04,4.638964919997e-06
4.000000000000e-04,1.454132972206e-06
8.000000000000e-04,1.712381305005e-06
4.000000000000e-04,2.195951496955e-07
3.600000000000e-03,2.730835999438e-05
1.600000000000e-03,2.812005089337e-06
4.000000000000e-04,9.991120285188e-07
4.000000000000e-03,3.139411521695e-05
4.800000000000e-03,7.227932163304e-05
4.000000000000e-04,8.253102858002e-08
8.000000000000e-04,5.989743437678e-06
4.000000000000e-04,5.050568401476e-07
4.000000000000e-04,7.122682095503e-07
8.000000000000e-04,1.398594037495e-06
1.640000000000e-02,1.362315131456e-04
3.200000000000e-03,2.728259144356e-05
4.000000000000e-04,1.109239374595e-06
8.000000000000e-04,1.849329477923e-06
4.000000000000e-04,2.271328648734e-06
2.800000000000e-03,2.343007659868e-05
4.000000000000e-04,2.256072313561e-07
2.400000000000e-03,1.192467049876e-05
4.000000000000e-04,3.936112695615e-06
4.000000000000e-04,1.487422284194e-07
4.000000000000e-04,1.285948770193e-06
1.280000000000e-02,1.343459037891e-04
4.000000000000e-04,4.577759811895e-07
4.000000000000e-04,2.752492166462e-06
3.200000000000e-03,1.996233548897e-05
4.000000000000e-04,5.226747453238e-07
8.000000000000e-04,2.230440885514e-06
8.000000000000e-04,6.442062663173e-06
4.000000000000e-04,2.641228047839e-06
4.000000000000e-04,1.051855270527e-06
2.400000000000e-03,9.394067419879e-06
4.000000000000e-04,2.206463269596e-06
4.000000000000e-04,3.345159075902e-06
1.200000000000e-03,5.533046917500e-06
4.000000000000e-04,6.631343000826e-07
4.000000000000e-04,1.364296069730e-06
4.000000000000e-04,1.171495658059e-07
2.400000000000e-03,1.954055611620e-05
8.000000000000e-04,5.765392376801e-07
4.000000000000e-04,6.137202058476e-07
4.000000000000e-04,1.596520777601e-06
2.400000000000e-03,1.084217254651e-05
3.600000000000e-03,1.814272839183e-05
4.000000000000e-04,7.097496360383e-07
4.000000000000e-04,4.842274362819e-06
4.000000000000e-04,7.390585179092e-06
4.000000000000e-04,3.372146923824e-07
4.000000000000e-03,3.823568370148e-05
2.400000000000e-02,4.579333695393e-04
4.000000000000e-04,3.300347672629e-07
4.000000000000e-04,1.214371452926e-06
4.000000000000e-04,4.399676415971e-07
4.000000000000e-04,9.473015624210e-07
4.000000000000e-04,2.945729532003e-06
4.000000000000e-04,8.024163460785e-07
4.000000000000e-04,1.116317218150e-06
4.000000000000e-04,4.921835661707e-07
4.000000000000e-04,2.720001163190e-07
4.000000000000e-04,1.057173298061e-06
8.000000000000e-04,4.905306286482e-06
4.000000000000e-04,6.783532720295e-07
4.000000000000e-04,1.492953952056e-08
4.000000000000e-04,6.149119950576e-07
8.000000000000e-04,2.332137506503e-06
4.000000000000e-04,5.127980741688e-06
1.200000000000e-03,2.134777324609e-06
8.000000000000e-04,1.596249554416e-06
8.000000000000e-03,5.494488658060e-05
4.000000000000e-04,9.505973970482e-07
4.000000000000e-04,4.295679041602e-07
1.600000000000e-03,1.769190254553e-05
4.000000000000e-04,2.297201318239e-06
4.000000000000e-04,1.368921080776e-06
8.000000000000e-04,4.901122123693e-06
4.000000000000e-04,2.773384520767e-06
1.200000000000e-03,3.898862048419e-06
4.000000000000e-04,1.629751197889e-06
2.400000000000e-03,2.698728968495e-05
8.000000000000e-04,2.368316699871e-06
1.200000000000e-03,3.532878207910e-06
4.000000000000e-04,7.578568242123e-07
1.200000000000e-03,2.750025067333e-06
1.200000000000e-03,5.190861083401e-06
4.000000000000e-04,4.130886935608e-08
4.000000000000e-04,1.662945174133e-06
4.000000000000e-04,4.362309820230e-07
4.000000000000e-04,1.136626943562e-07
1.200000000000e-03,4.566719269935e-06
2.800000000000e-03,2.530226025932e-05
4.000000000000e-04,2.882844023506e-06
4.000000000000e-04,3.940997290032e-06
4.000000000000e-04,3.000705821771e-07
4.000000000000e-04,2.617185489153e-06
2.800000000000e-03,2.006719128021e-05
4.000000000000e-04,1.616573418977e-06
9.600000000000e-03,1.160386856311e-04
4.000000000000e-04,5.072279901247e-06
2.000000000000e-03,1.616740988342e-05
5.200000000000e-03,5.383077209991e-05
5.200000000000e-03,6.178319068747e-05
8.000000000000e-04,4.298215577073e-07
4.000000000000e-04,4.873964825376e-07
4.000000000000e-04,1.647274088526e-06
4.000000000000e-04,4.477371473836e-06
2.400000000000e-03,1.179011632288e-05
8.000000000000e-04,3.190791971319e-06
1.200000000000e-03,1.127904711427e-06
8.000000000000e-04,4.632987771476e-06
8.000000000000e-04,2.800793590932e-06
1.200000000000e-03,3.482469181330e-06
2.800000000000e-03,1.746795469031e-05
4.000000000000e-04,2.147465017333e-06
2.800000000000e-03,3.116851335541e-05
1.600000000000e-03,1.030637794756e-05
1.200000000000e-03,2.630483968528e-06
4.000000000000e-04,4.261908761329e-06
4.000000000000e-04,5.333493351676e-06
4.000000000000e-04,1.496485841468e-07
1.200000000000e-03,7.849215337184e-06
4.000000000000e-04,2.663017242988e-06
4.000000000000e-04,6.015608694159e-08
4.000000000000e-04,3.583144266261e-07
4.000000000000e-04,2.413997704720e-06
8.000000000000e-04,1.579910354983e-06
4.000000000000e-04,4.819320511961e-06
4.000000000000e-04,2.823608221209e-07
7.600000000000e-03,5.281936430976e-05
8.000000000000e-04,5.919906184075e-06
4.000000000000e-04,1.802882253612e-07
4.000000000000e-04,2.799052224451e-06
4.000000000000e-04,2.547870991875e-07
1.200000000000e-03,5.418341971782e-06
4.000000000000e-04,7.741129699919e-07
4.000000000000e-04,2.836941155513e-07
1.200000000000e-03,7.710824467107e-06
4.000000000000e-04,8.203590767955e-07
4.000000000000e-04,2.219045309789e-06
4.000000000000e-04,2.183437695306e-07
4.000000000000e-04,3.308199154068e-07
4.000000000000e-04,2.748055735995e-07
2.400000000000e-03,5.632115063002e-06
8.000000000000e-04,3.322037349632e-06
2.000000000000e-03,1.606322282671e-05
2.400000000000e-03,1.111620865613e-05
4.000000000000e-04,1.361201114873e-06
8.000000000000e-04,3.959839224400e-06
4.000000000000e-04,9.863090898194e-07
8.000000000000e-04,2.630501309798e-06
4.000000000000e-04,1.161812265052e-06
4.000000000000e-04,3.106922074282e-06
4.000000000000e-04,2.565408737294e-06
2.800000000000e-03,1.332950444358e-05
4.000000000000e-04,7.132137577241e-07
4.000000000000e-04,1.443221949955e-06
2.000000000000e-03,9.794615976005e-06
4.000000000000e-04,3.782999950781e-06
3.600000000000e-03,2.064111462168e-05
8.000000000000e-04,6.680360539710e-06
4.000000000000e-04,7.061794776234e-07
1.240000000000e-02,1.360368044746e-04
8.000000000000e-04,5.033228552748e-06
1.200000000000e-03,5.679903982541e-06
4.000000000000e-04,1.184655282167e-06
4.000000000000e-04,1.310049371940e-06
1.200000000000e-03,2.964782002225e-06
4.000000000000e-04,2.902119954866e-06
4.000000000000e-04,4.337613636974e-06
8.800000000000e-03,1.018462797750e-04
4.000000000000e-04,3.086248418993e-06
8.000000000000e-04,6.535633497084e-06
1.600000000000e-03,1.254705299945e-05
8.000000000000e-04,1.499087110224e-06
4.000000000000e-04,3.850074108477e-07
4.000000000000e-04,8.732552885899e-07
4.000000000000e-04,1.755520189688e-06
4.000000000000e-04,1.614113459423e-07
2.000000000000e-03,1.832973656884e-05
4.000000000000e-04,3.033989072107e-07
1.200000000000e-03,1.712735491218e-05
4.000000000000e-04,5.500400962309e-07
1.200000000000e-03,5.001439926242e-06
8.000000000000e-04,2.095532601026e-06
3.200000000000e-03,3.280233217639e-05
4.000000000000e-04,1.923128842879e-06
4.000000000000e-04,1.940533489489e-06
4.000000000000e-04,9.241214155680e-08
8.000000000000e-04,1.906620558992e-06
4.000000000000e-04,9.066486781242e-07
1.200000000000e-03,1.097270699577e-05
4.000000000000e-04,2.447496835478e-07
4.000000000000e-04,9.880898090503e-07
1.760000000000e-02,2.336713884348e-04
1.200000000000e-03,3.053542558155e-06
1.600000000000e-03,1.023400547315e-05
4.000000000000e-04,3.399886905999e-07
1.040000000000e-02,9.560660185746e-05
4.000000000000e-04,5.687491090412e-07
4.000000000000e-04,1.851497680682e-08
4.000000000000e-04,3.250416022847e-06
4.000000000000e-04,1.017887158363e-06
8.000000000000e-04,5.194283804384e-06
4.000000000000e-04,2.475629877982e-06
4.000000000000e-04,2.794875213497e-06
4.000000000000e-04,8.850741909397e-07
4.000000000000e-04,2.042164971311e-07
1.200000000000e-03,7.579050802248e-06
3.200000000000e-03,1.313748253027e-05
8.000000000000e-04,4.257792570840e-06
4.000000000000e-04,9.016798234347e-07
8.000000000000e-04,1.494360359666e-06
8.000000000000e-04,2.185545862983e-06
8.000000000000e-04,1.645337866934e-06
4.000000000000e-04,2.372555608552e-07
8.000000000000e-04,1.279261292771e-06
4.000000000000e-04,2.071513864564e-06
2.400000000000e-03,1.295606130816e-05
4.000000000000e-04,9.087484070016e-07
1.200000000000e-03,6.999262779211e-06
6.400000000000e-03,5.140297572021e-05
4.000000000000e-04,1.063791005538e-06
4.000000000000e-04,2.560769058992e-06
4.000000000000e-04,2.440559009414e-07
4.000000000000e-04,7.431533521413e-07
3.856000000000e-01,9.281674508563e-03
4.000000000000e-04,1.292290578886e-06
1.200000000000e-03,5.287502481230e-06
4.000000000000e-04,1.009361462999e-07
4.000000000000e-04,6.789233155054e-07
8.000000000000e-04,2.623147016532e-06
1.600000000000e-03,2.399422060405e-05
4.000000000000e-04,2.223436730749e-06
1.200000000000e-03,7.140888076135e-06
2.000000000000e-03,7.423200195559e-06
1.200000000000e-03,6.265491660884e-06
1.040000000000e-02,7.911068432811e-05
2.160000000000e-02,2.828626209331e-04
8.000000000000e-04,1.083689731980e-05
4.000000000000e-04,2.193251098842e-06
8.400000000000e-03,1.178639957452e-04
1.600000000000e-03,6.691501790866e-06
3.600000000000e-03,1.481388988423e-05
4.000000000000e-04,2.712558932570e-06
4.000000000000e-04,2.486730330446e-06
9.600000000000e-03,8.801787910909e-05
8.000000000000e-04,2.472699972066e-06
1.200000000000e-03,1.114838211395e-05
4.000000000000e-04,5.674628184707e-07
8.000000000000e-04,3.692569531967e-06
4.000000000000e-04,1.803372741138e-06
4.000000000000e-04,1.102144912853e-06
4.000000000000e-04,1.762879512910e-06
4.000000000000e-04,4.785569561164e-07
4.000000000000e-04,2.048358139577e-07
2.000000000000e-03,1.732837351082e-05
4.000000000000e-04,1.712201473282e-06
4.000000000000e-04,5.969537007671e-07
8.000000000000e-04,1.886683566958e-06
3.200000000000e-03,2.504633364048e-05
4.000000000000e-04,1.044144786654e-06
8.000000000000e-04,3.954801269690e-06
2.000000000000e-03,1.474951444826e-05
4.000000000000e-04,1.424149103211e-08
4.000000000000e-04,2.575304472424e-06
4.000000000000e-04,3.374760218658e-07
4.000000000000e-04,4.072556091904e-07
1.600000000000e-03,7.749880645522e-06
4.000000000000e-04,3.313350586429e-07
1.200000000000e-03,3.017655114674e-06
4.000000000000e-04,1.327729017930e-07
4.000000000000e-04,2.815892613554e-07
4.000000000000e-04,1.223447129850e-06
4.000000000000e-04,2.493937312831e-07
5.600000000000e-03,3.556947486134e-05
4.000000000000e-04,7.075366239940e-07
4.000000000000e-04,9.752564724752e-07
5.600000000000e-03,3.529844898585e-05
4.000000000000e-04,6.374143369218e-07
1.200000000000e-03,4.333555111850e-06
1.200000000000e-03,8.843452707131e-06
4.000000000000e-04,3.008343419583e-07
4.000000000000e-04,1.298615937581e-06
4.000000000000e-04,2.347287963252e-06
7.200000000000e-03,4.544385472445e-05
8.000000000000e-04,6.051500580101e-06
4.000000000000e-04,5.370789961333e-06
4.000000000000e-04,4.724350246861e-07
2.000000000000e-03,1.307767641869e-05
4.000000000000e-04,2.748509015042e-07
5.200000000000e-03,2.480192421586e-05
4.000000000000e-04,2.311304644691e-06
4.000000000000e-04,2.730881613023e-06
4.400000000000e-03,3.457925928721e-05
2.000000000000e-03,9.496814580624e-06
4.000000000000e-04,5.761922654332e-07
4.000000000000e-04,3.370386561542e-07
4.000000000000e-04,9.207610332252e-07
4.000000000000e-04,7.740074269663e-07
4.000000000000e-04,1.704275252118e-07
8.000000000000e-04,3.278889680088e-06
4.000000000000e-04,8.067583636267e-07
1.600000000000e-03,1.450092050361e-05
4.000000000000e-04,1.674095484282e-06
4.000000000000e-04,3.107382201704e-06
4.000000000000e-04,9.750709505350e-07
1.600000000000e-03,1.293611284946e-05
4.000000000000e-04,2.011330430162e-07
4.000000000000e-04,3.400885948296e-06
4.000000000000e-04,4.748397630103e-06
4.000000000000e-04,2.000609182811e-07
4.000000000000e-04,1.707236504005e-06
8.000000000000e-04,4.012062343331e-06
4.000000000000e-04,1.166501232297e-06
4.000000000000e-04,9.813179618767e-07
4.000000000000e-04,4.150586657099e-06
1.120000000000e-02,1.202423220606e-04
2.400000000000e-03,8.597579786537e-06
4.000000000000e-04,2.849144233290e-06
4.000000000000e-04,3.759372630892e-07
4.000000000000e-04,1.008809537936e-06
4.000000000000e-04,4.097257306740e-07
1.280000000000e-02,1.245853947552e-04
4.000000000000e-04,1.318690556595e-06
4.000000000000e-04,9.285040128743e-07
8.000000000000e-04,5.925654703152e-06
4.000000000000e-04,3.782447224358e-06
4.000000000000e-04,2.373328222678e-06
4.000000000000e-04,6.051580859705e-07
1.200000000000e-03,1.910003570872e-06
4.000000000000e-04,1.125062919207e-06
4.000000000000e-04,1.810896378851e-06
4.000000000000e-04,6.692155177717e-07
8.000000000000e-04,2.274219894598e-06
8.000000000000e-04,3.577266680489e-06
4.000000000000e-04,2.715573064109e-06
5.212000000000e-01,1.470630758474e-02
4.000000000000e-04,3.623961890017e-07
1.200000000000e-03,4.170473494514e-06
4.000000000000e-04,9.808028389747e-08
4.000000000000e-04,2.220558541874e-06
4.000000000000e-04,1.421376380293e-08
8.000000000000e-04,3.435989927799e-06
1.600000000000e-03,6.353487600942e-06
4.000000000000e-04,6.154395129233e-07
1.200000000000e-03,7.497322436397e-06
1.600000000000e-03,5.651154420277e-06
4.000000000000e-04,1.443639437346e-06
1.920000000000e-02,2.127600594504e-04
4.000000000000e-04,4.669175273092e-08
2.000000000000e-03,9.280689969924e-06
8.000000000000e-04,6.443206783793e-06
4.000000000000e-04,1.226849808539e-06
4.000000000000e-04,1.721504602079e-07
4.000000000000e-04,9.823536635054e-07
4.000000000000e-04,1.090105500965e-06
4.000000000000e-04,3.443459605630e-07
4.800000000000e-03,4.309135168970e-05
4.000000000000e-04,2.121962757901e-06
1.200000000000e-03,4.073562194744e-06
8.000000000000e-04,6.895292951743e-06
4.000000000000e-04,2.355824795383e-06
3.600000000000e-03,1.697190447858e-05
1.600000000000e-03,3.998896816342e-06
8.000000000000e-04,2.785952889128e-06
1.200000000000e-03,2.635963813836e-06
4.000000000000e-04,8.106931332199e-07
4.000000000000e-04,8.515066412292e-07
4.000000000000e-04,1.489254938584e-07
4.000000000000e-04,2.576383724123e-06
4.000000000000e-04,1.153175394989e-06
4.000000000000e-04,3.727649764923e-06
4.000000000000e-04,2.234900833710e-07
8.000000000000e-04,3.946128629109e-06
2.400000000000e-03,1.064510221823e-05
4.000000000000e-04,7.767167235320e-07
8.000000000000e-04,1.637674948299e-06
4.000000000000e-04,1.637194756807e-06
1.600000000000e-03,2.084799882226e-05
4.000000000000e-04,4.820884960350e-06
1.600000000000e-03,6.206384453068e-06
4.000000000000e-04,1.569988210407e-06
8.000000000000e-03,5.695752028258e-05
4.000000000000e-04,1.603302131304e-06
4.000000000000e-04,7.174658242264e-07
1.200000000000e-03,7.060919855177e-06
4.000000000000e-04,1.317330032549e-07
4.400000000000e-03,4.188075955999e-05
4.000000000000e-04,5.287661910125e-09
4.000000000000e-04,1.822669295164e-06
4.000000000000e-04,1.299176718539e-06
4.000000000000e-04,4.213162515071e-07
4.000000000000e-04,1.615491882665e-06
4.000000000000e-04,9.353197864101e-07
2.400000000000e-03,1.819787136113e-05
4.000000000000e-04,8.342835969441e-07
8.000000000000e-04,3.587910377079e-06
8.000000000000e-04,2.949837914032e-07
8.000000000000e-04,1.617310887883e-06
4.000000000000e-04,2.482433854623e-07
4.000000000000e-04,9.098286300474e-07
1.200000000000e-03,7.207221408210e-06
4.000000000000e-04,3.651360166897e-06
1.800000000000e-02,2.443600812090e-04
2.400000000000e-03,6.318628602119e-06
2.400000000000e-03,1.890534389755e-05
4.000000000000e-04,3.979996285920e-06
4.000000000000e-04,3.208667592325e-09
1.200000000000e-03,1.138670566021e-05
1.200000000000e-03,4.736916867709e-06
4.000000000000e-04,3.956361827429e-06
4.000000000000e-04,2.741350927551e-06
8.000000000000e-04,2.816913163231e-06
4.000000000000e-04,4.292069953216e-06
8.000000000000e-04,4.988356800551e-06
4.000000000000e-04,1.307486081294e-06
8.000000000000e-04,6.227384337810e-06
4.000000000000e-04,4.586093226243e-07
8.000000000000e-04,3.429257231564e-06
2.400000000000e-03,2.084750706825e-05
4.000000000000e-04,8.455164855892e-07
4.000000000000e-04,1.915923205421e-06
4.000000000000e-04,6.845238149648e-08
2.000000000000e-03,1.983025179541e-05
4.000000000000e-04,3.969285813566e-07
4.000000000000e-04,4.629227467729e-07
4.000000000000e-04,8.182296240509e-07
4.000000000000e-04,7.611770614470e-07
8.000000000000e-04,1.299784134134e-06
4.000000000000e-04,4.301159813190e-07
6.400000000000e-03,7.218467077700e-05
4.000000000000e-04,7.518828435392e-07
1.200000000000e-03,3.375209936496e-06
4.000000000000e-04,2.541815028100e-07
4.000000000000e-04,6.619765268058e-07
1.600000000000e-03,1.044856402010e-05
4.000000000000e-04,1.574660402073e-06
4.000000000000e-04,1.708050605928e-07
4.000000000000e-04,8.006693931014e-07
4.800000000000e-03,2.940661947959e-05
1.200000000000e-03,1.080056701050e-05
3.600000000000e-03,3.059938641688e-05
1.600000000000e-03,5.154995771282e-06
8.000000000000e-04,4.216116231647e-06
4.000000000000e-04,2.857161073074e-07
2.800000000000e-03,1.768402091314e-05
4.000000000000e-04,1.034155049134e-06
8.000000000000e-04,8.368369285254e-07
2.800000000000e-03,2.718906233142e-05
4.000000000000e-04,9.792211613897e-07
4.000000000000e-04,3.827300143291e-07
4.000000000000e-04,3.482204825385e-06
4.000000000000e-04,2.399438507723e-06
4.000000000000e-04,3.321689838474e-06
4.000000000000e-04,2.103102891777e-06
4.000000000000e-04,1.589897757640e-06
4.000000000000e-04,5.001095348409e-07
4.000000000000e-04,3.576816277131e-06
4.000000000000e-04,7.044193960647e-07
8.000000000000e-04,2.255703427359e-06
8.000000000000e-04,4.434502369806e-06
8.000000000000e-04,1.323922585706e-06
4.000000000000e-04,1.335224604884e-07
2.800000000000e-03,1.626521956366e-05
4.000000000000e-04,2.009386535127e-06
4.000000000000e-04,1.794756767530e-06
8.000000000000e-04,5.642359068268e-06
1.600000000000e-03,1.939870502854e-05
1.560000000000e-02,2.150028148637e-04
4.000000000000e-04,1.083547602337e-06
4.000000000000e-04,3.854960523006e-06
4.000000000000e-04,1.702047789691e-07
4.000000000000e-04,4.010074286092e-08
4.000000000000e-04,2.440376125174e-06
4.000000000000e-04,9.459076642622e-07
1.200000000000e-03,3.835261489385e-06
4.000000000000e-04,2.390659072942e-06
1.160000000000e-02,1.379726497649e-04
4.000000000000e-04,1.960582617002e-06
4.000000000000e-04,2.488556006734e-06
8.000000000000e-04,7.720078875221e-06
4.000000000000e-04,8.478853359000e-07
1.200000000000e-03,1.978229082595e-06
4.000000000000e-04,1.588340345144e-07
2.000000000000e-03,1.772309071441e-05
1.600000000000e-03,7.946124215186e-06
2.400000000000e-03,9.595220056617e-06
4.000000000000e-04,1.415821599306e-06
4.000000000000e-04,4.157128481444e-07
2.000000000000e-03,2.028326795942e-05
1.200000000000e-03,6.258795345352e-06
8.000000000000e-04,3.931514282756e-06
2.000000000000e-03,7.514828584026e-06
4.000000000000e-04,2.560081413815e-06
8.000000000000e-04,4.215904189642e-06
4.000000000000e-04,3.162178671946e-07
4.000000000000e-04,8.468746929854e-07
4.000000000000e-04,7.964610603438e-07
4.000000000000e-03,3.377371185031e-05
4.000000000000e-04,1.712341281886e-07
4.000000000000e-04,2.031840856781e-06
8.000000000000e-04,1.016755579905e-06
2.800000000000e-03,3.662428796997e-05
4.000000000000e-04,4.222341717880e-07
8.000000000000e-04,8.132717144211e-06
4.000000000000e-04,2.673938466706e-06
8.000000000000e-04,2.356085064353e-06
4.000000000000e-03,1.964476522658e-05
4.000000000000e-04,1.329838007497e-06
4.000000000000e-04,1.821840403590e-06
2.160000000000e-02,2.147108577711e-04
5.000000000000e-02,8.986573079086e-04
4.000000000000e-04,3.774190544951e-07
6.000000000000e-03,4.919841931425e-05
1.600000000000e-03,1.149768659353e-05
2.228000000000e-01,4.753255691111e-03
4.000000000000e-04,9.995487433894e-07
4.000000000000e-04,8.410363599048e-07
2.000000000000e-03,7.974128657499e-06
4.000000000000e-04,4.914458160112e-07
8.000000000000e-04,7.662048115270e-06
4.000000000000e-04,1.499259693727e-06
4.000000000000e-04,9.479553074624e-07
4.000000000000e-04,7.663252181000e-07
8.000000000000e-04,2.725113103295e-06
4.000000000000e-04,1.417799134814e-06
3.200000000000e-03,1.380815648234e-05
1.600000000000e-03,8.196181599999e-06
4.000000000000e-04,2.811576053357e-07
8.000000000000e-03,8.951148472803e-05
4.000000000000e-04,1.434516623486e-06
1.600000000000e-03,8.891171316103e-06
8.000000000000e-04,2.979749545709e-06
1.600000000000e-03,1.111488243161e-05
4.000000000000e-04,4.964973434885e-07
1.600000000000e-03,1.006400821721e-05
8.000000000000e-04,3.050313282029e-06
4.000000000000e-04,1.839345360262e-07
1.200000000000e-03,4.470990841858e-06
4.000000000000e-04,8.370244685325e-07
4.800000000000e-03,7.071153421351e-05
8.000000000000e-04,6.044652824429e-06
4.000000000000e-04,4.799136780994e-06
4.000000000000e-04,8.702702323398e-07
6.000000000000e-03,5.943986107234e-05
8.000000000000e-04,1.688082390479e-06
1.200000000000e-03,2.152406530455e-06
4.000000000000e-04,1.888612340656e-06
4.000000000000e-04,1.833148110269e-06
2.560000000000e-02,5.876756555483e-04
1.200000000000e-03,1.744731402960e-06
4.000000000000e-04,1.590809858667e-07
2.800000000000e-03,1.686892764459e-05
4.000000000000e-04,8.714497850029e-07
4.000000000000e-04,2.212263402073e-06
2.000000000000e-03,1.350862095280e-05
4.000000000000e-04,2.467591072257e-07
4.000000000000e-04,1.160208952576e-07
4.000000000000e-04,1.057802226340e-06
4.000000000000e-04,1.667038132215e-06
1.760000000000e-02,2.160534117080e-04
4.000000000000e-04,1.191400114691e-06
4.000000000000e-04,1.388590027608e-07
4.000000000000e-04,1.511871203529e-06
1.200000000000e-03,4.779208453600e-06
4.000000000000e-04,6.022557790758e-07
4.000000000000e-04,6.269064851603e-07
4.000000000000e-04,2.967678184838e-07
4.000000000000e-04,2.594969286108e-07
8.000000000000e-04,5.884169824000e-06
4.000000000000e-04,5.558193024524e-08
4.000000000000e-04,7.021255205592e-07
8.000000000000e-04,5.239480917579e-06
4.800000000000e-03,4.708983291373e-05
4.000000000000e-03,3.834373785267e-05
6.800000000000e-03,7.025061979129e-05
4.000000000000e-04,2.183644973350e-06
1.200000000000e-03,2.770509806249e-06
1.200000000000e-03,2.741221005322e-06
4.000000000000e-04,3.171068360736e-06
4.000000000000e-04,1.889422359072e-07
3.200000000000e-03,2.640745415421e-05
4.000000000000e-04,4.086112354141e-08
4.000000000000e-04,2.094026004786e-06
4.000000000000e-04,3.802540433724e-06
6.400000000000e-03,6.284238770321e-05
1.600000000000e-03,8.497218459697e-06
1.200000000000e-03,4.804519871794e-06
4.000000000000e-04,1.493776313350e-06
8.000000000000e-04,7.516919884904e-06
1.600000000000e-03,7.722942717256e-06
1.200000000000e-03,6.046498027175e-06
6.800000000000e-03,6.061565483578e-05
4.000000000000e-04,1.858793498213e-08
8.000000000000e-04,4.157471664018e-06
4.000000000000e-04,2.311802686383e-06
6.000000000000e-03,7.558988998888e-05
4.000000000000e-04,4.625095732360e-08
1.200000000000e-03,1.668719967147e-06
2.800000000000e-03,6.891593737987e-06
4.000000000000e-04,1.686609551398e-06
4.000000000000e-04,1.908305887351e-06
4.000000000000e-04,6.028082000023e-07
4.000000000000e-04,1.778335825686e-06
4.000000000000e-04,1.254371147912e-06
8.000000000000e-04,4.284088607041e-06
1.200000000000e-03,3.918857014621e-06
4.000000000000e-04,1.733371037226e-07
5.200000000000e-03,4.607856957229e-05
5.200000000000e-03,3.565481569358e-05
4.000000000000e-04,8.658613556903e-07
1.600000000000e-03,3.532562216777e-06
4.000000000000e-04,3.747962553150e-08
4.000000000000e-04,1.043709526462e-06
2.000000000000e-03,1.751827898524e-05
3.200000000000e-03,1.758493858995e-05
4.000000000000e-04,1.406555385392e-06
4.000000000000e-04,1.605871549168e-07
4.000000000000e-04,1.403318909782e-06
4.000000000000e-04,3.723164991486e-07
4.000000000000e-04,3.337755456077e-07
4.000000000000e-04,2.869242228148e-07
8.000000000000e-04,4.163620321049e-06
4.000000000000e-04,4.004038287129e-07
4.000000000000e-04,2.284385015428e-06
8.000000000000e-04,1.004228508574e-06
4.000000000000e-04,5.185578424495e-07
4.000000000000e-04,3.078148510309e-07
4.000000000000e-04,3.731536864418e-06
8.000000000000e-04,2.384582787722e-06
2.400000000000e-03,2.198074536811e-05
4.000000000000e-04,2.576902891672e-06
4.000000000000e-04,3.911444419738e-06
1.120000000000e-02,1.056593314161e-04
4.000000000000e-04,6.421571512690e-07
3.600000000000e-03,3.001605632310e-05
8.000000000000e-04,3.629543437207e-06
4.000000000000e-04,7.204512515694e-07
1.160000000000e-02,1.505819977586e-04
1.600000000000e-03,6.700424360672e-06
4.000000000000e-04,8.317083949148e-07
1.160000000000e-02,1.037561101612e-04
4.000000000000e-04,1.219257076499e-06
4.000000000000e-04,1.306787928438e-06
1.200000000000e-03,5.258291517870e-06
8.000000000000e-04,3.951739082183e-06
4.000000000000e-04,1.960291971425e-06
8.000000000000e-04,6.520049176563e-06
3.600000000000e-03,2.190291871133e-05
1.600000000000e-03,1.092173567957e-05
4.000000000000e-04,4.613733835706e-07
4.000000000000e-04,1.676539962612e-06
4.000000000000e-04,2.275435205937e-07
4.000000000000e-04,1.109780809454e-07
4.000000000000e-04,1.361650131496e-06
4.000000000000e-04,1.317479738279e-06
8.000000000000e-04,4.511808900554e-06
8.000000000000e-04,2.666989123201e-06
4.000000000000e-03,2.612998605762e-05
1.080000000000e-02,1.101223695323e-04
8.000000000000e-04,6.636438461387e-06
4.000000000000e-04,2.205581837922e-06
8.000000000000e-04,9.136589455255e-06
4.000000000000e-04,1.988966728192e-06
1.200000000000e-03,1.959228052159e-06
4.000000000000e-04,1.781038469608e-07
1.200000000000e-03,3.640875830737e-06
1.200000000000e-03,2.986861770749e-06
5.200000000000e-03,6.871068538014e-05
4.000000000000e-04,5.264757759949e-07
3.200000000000e-03,2.888560973274e-05
4.000000000000e-04,2.568431061529e-06
4.000000000000e-04,8.948788274872e-08
4.000000000000e-04,1.887022234067e-06
8.000000000000e-04,6.121581483522e-06
4.000000000000e-04,1.511438313306e-06
8.000000000000e-04,2.338812659153e-06
4.000000000000e-04,6.228559182889e-07
4.000000000000e-04,3.405336866768e-06
8.000000000000e-04,4.866252910361e-07
1.200000000000e-03,4.397834168078e-06
4.000000000000e-04,3.280743599019e-07
1.200000000000e-03,5.020024113731e-06
4.000000000000e-04,9.515669226786e-07
1.600000000000e-03,1.012697002703e-05
4.000000000000e-04,4.863997254594e-06
4.000000000000e-04,1.364430401075e-06
4.000000000000e-04,3.153141415541e-07
9.200000000000e-03,1.066420059329e-04
4.000000000000e-04,1.327443299124e-06
4.000000000000e-04,1.767991478327e-06
4.000000000000e-04,5.928975043870e-06
8.000000000000e-04,6.951146473115e-06
4.000000000000e-04,8.933506415734e-07
8.000000000000e-04,3.772974350975e-06
8.000000000000e-04,3.560332616395e-06
4.000000000000e-04,2.096797802235e-06
8.000000000000e-04,2.927087913997e-06
4.000000000000e-04,2.456803309158e-06
1.240000000000e-02,1.313272257725e-04
4.000000000000e-04,9.745527422139e-07
1.600000000000e-03,9.924923711209e-06
8.000000000000e-04,4.076429761123e-06
4.000000000000e-04,2.040332636569e-06
1.600000000000e-03,7.301683616537e-06
1.200000000000e-03,3.088313510981e-06
4.000000000000e-04,7.684459475179e-07
1.600000000000e-03,5.447832087677e-06
1.600000000000e-03,1.026365486269e-05
4.000000000000e-04,1.006692203363e-06
8.000000000000e-04,4.563925482973e-06
4.000000000000e-04,1.199413380071e-06
4.000000000000e-04,2.978979577105e-08
4.000000000000e-04,1.258484797288e-06
4.000000000000e-04,6.059605297527e-07
4.000000000000e-04,1.507222467682e-06
2.400000000000e-03,8.904723717636e-06
1.600000000000e-03,3.888613524240e-06
4.000000000000e-04,1.680367935376e-06
4.000000000000e-04,1.088255562250e-06
4.000000000000e-04,5.851794293283e-07
2.400000000000e-03,1.863258743588e-05
4.000000000000e-04,2.313735761492e-06
4.000000000000e-04,1.344909380023e-06
4.000000000000e-04,1.936662938205e-06
4.000000000000e-04,1.496892419903e-06
4.000000000000e-04,1.035132032940e-07
4.000000000000e-04,1.297492192477e-08
3.200000000000e-03,2.997945223634e-05
4.000000000000e-04,1.200736448090e-06
4.000000000000e-04,3.246094975444e-08
4.000000000000e-04,2.552021136714e-06
4.000000000000e-04,2.156526940128e-06
4.000000000000e-04,9.662724534543e-07
1.560000000000e-02,1.565717601180e-04
1.200000000000e-03,5.207057148424e-06
1.600000000000e-03,8.341067035726e-06
4.000000000000e-04,3.856893655878e-06
2.800000000000e-03,1.550117411183e-05
8.000000000000e-04,1.327560451041e-06
4.000000000000e-04,6.437616686163e-07
1.200000000000e-03,6.950296592885e-06
4.000000000000e-04,1.807223277126e-06
2.400000000000e-03,8.261997714049e-06
5.600000000000e-03,4.319174222110e-05
4.000000000000e-04,5.039288423211e-07
4.000000000000e-04,5.571626118983e-07
6.400000000000e-03,1.047858263094e-04
4.000000000000e-04,2.114514345894e-06
2.000000000000e-03,1.238963140261e-05
8.000000000000e-04,7.632534694226e-06
4.000000000000e-04,2.421391336913e-06
1.200000000000e-03,5.073215865957e-06
4.000000000000e-04,3.639221263543e-08
4.000000000000e-04,4.260342347024e-07
8.000000000000e-04,6.330715793537e-06
4.000000000000e-04,7.325927627477e-07
4.000000000000e-04,6.842776490205e-07
1.200000000000e-03,1.065152449410e-05
1.120000000000e-02,1.172561396064e-04
4.000000000000e-04,3.975617930665e-06
4.000000000000e-04,2.543696272750e-07
8.000000000000e-04,8.217246993527e-06
4.000000000000e-04,3.445041321826e-06
1.200000000000e-03,6.707695513070e-06
4.000000000000e-04,1.137280700370e-06
2.000000000000e-03,1.976114858416e-05
4.000000000000e-04,4.467444255652e-06
4.000000000000e-04,2.872807196833e-06
4.000000000000e-04,1.858154001925e-06
4.000000000000e-04,1.260637887028e-07
4.000000000000e-04,7.124689580133e-07
4.000000000000e-04,1.644498072458e-07
4.000000000000e-04,2.754422543458e-07
4.000000000000e-04,2.419764759833e-06
1.600000000000e-03,1.029347635314e-05
1.200000000000e-03,4.693168109190e-06
4.000000000000e-04,1.542663062111e-06
4.000000000000e-04,8.362073466259e-07
4.000000000000e-03,2.488225634900e-05
4.000000000000e-04,2.917389095010e-06
4.000000000000e-04,1.449839213741e-06
4.000000000000e-04,6.491150953800e-07
4.000000000000e-04,4.629261150027e-07
4.000000000000e-04,6.074505521322e-07
4.000000000000e-04,3.760045014437e-06
1.600000000000e-03,4.962363175882e-06
4.000000000000e-04,3.793620490224e-07
4.000000000000e-04,9.500512235536e-07
4.000000000000e-04,1.223418134429e-06
8.000000000000e-04,5.047909910241e-06
4.800000000000e-03,3.060925805457e-05
4.000000000000e-04,1.614984647188e-06
4.000000000000e-04,8.440399143921e-07
4.000000000000e-04,3.129068435068e-06
4.000000000000e-04,2.018676936249e-06
4.000000000000e-04,1.434726342855e-06
4.000000000000e-04,7.527617141379e-07
8.000000000000e-04,2.500683498079e-06
4.000000000000e-04,2.181699797551e-06
4.000000000000e-04,2.706510310319e-06
4.000000000000e-04,8.280001106220e-08
6.000000000000e-03,6.234623221376e-05
8.000000000000e-04,9.057961517934e-06
4.000000000000e-04,1.324758560352e-06
4.000000000000e-04,1.197510359553e-06
8.000000000000e-04,3.506913151499e-06
1.200000000000e-03,3.664112375687e-06
2.000000000000e-03,1.244869484880e-05
4.000000000000e-04,9.741993193173e-08
4.000000000000e-04,1.685357198987e-07
1.200000000000e-03,4.160111823390e-06
4.000000000000e-04,1.290477973745e-06
8.000000000000e-04,3.080741094304e-06
4.000000000000e-04,1.164228797001e-06
8.000000000000e-04,1.237319354657e-06
3.600000000000e-03,2.331182959067e-05
8.000000000000e-04,4.110406184312e-06
4.000000000000e-04,4.162622787121e-06
1.200000000000e-03,1.096591833740e-05
4.240000000000e-02,6.937963923883e-04
4.000000000000e-04,7.726305671506e-07
8.000000000000e-04,5.971025088183e-06
4.000000000000e-04,8.550193124877e-08
4.000000000000e-04,6.365507114800e-07
4.000000000000e-04,2.011689461324e-06
8.000000000000e-04,5.121600466962e-06
8.000000000000e-04,2.435699439199e-06
4.000000000000e-04,1.797265819657e-06
4.000000000000e-04,3.894821002783e-06
2.400000000000e-03,8.892591768480e-06
4.000000000000e-04,8.093466205299e-07
4.000000000000e-04,1.324082600757e-06
4.000000000000e-04,1.089391691578e-06
5.600000000000e-03,8.000142056936e-05
6.400000000000e-03,2.963606586166e-05
4.000000000000e-04,1.611818644589e-06
4.000000000000e-04,3.845073261544e-07
4.800000000000e-03,2.824045000804e-05
8.400000000000e-03,8.194905183383e-05
1.200000000000e-03,5.471769431571e-06
6.000000000000e-03,3.876406810811e-05
6.000000000000e-03,4.852690803546e-05
1.600000000000e-03,4.769631203850e-06
4.000000000000e-04,4.453470842517e-06
4.000000000000e-04,1.882796665528e-06
4.000000000000e-04,1.435643739591e-06
4.000000000000e-04,1.505994287299e-06
4.000000000000e-04,6.068594051232e-07
4.000000000000e-04,1.446252203972e-06
1.200000000000e-03,5.034606341958e-06
4.000000000000e-04,9.502347539426e-08
1.200000000000e-03,3.764147693877e-06
8.000000000000e-04,3.851035450212e-06
8.000000000000e-04,1.129888650805e-06
4.000000000000e-04,2.153178206622e-06
1.200000000000e-03,1.106955484500e-05
4.000000000000e-04,2.186707945702e-06
4.000000000000e-04,5.824946612422e-07
8.000000000000e-04,5.612074754650e-06
4.000000000000e-04,1.119840654215e-06
4.000000000000e-04,3.311637663704e-07
4.000000000000e-04,2.439003763690e-07
4.000000000000e-04,1.236493090507e-06
4.000000000000e-04,7.582755233905e-07
4.000000000000e-04,1.515786816218e-07
8.000000000000e-04,2.257248718597e-06
4.000000000000e-04,1.019008449328e-07
2.000000000000e-03,1.345672949952e-05
3.200000000000e-03,3.768396285793e-05
2.400000000000e-03,2.002294522671e-05
4.000000000000e-04,1.178078186423e-08
1.600000000000e-03,7.388371689510e-06
4.000000000000e-04,1.209909422933e-06
1.600000000000e-03,1.027417442260e-05
4.000000000000e-04,3.340008213422e-07
2.400000000000e-03,2.200856530188e-05
4.000000000000e-04,1.849185221168e-07
4.000000000000e-04,3.638319880521e-08
8.000000000000e-04,6.129976305146e-06
4.000000000000e-04,6.998043710874e-07
4.000000000000e-04,7.516117766604e-09
4.000000000000e-04,5.285524110199e-07
9.600000000000e-03,9.908990488071e-05
4.000000000000e-04,1.614156187705e-06
4.000000000000e-04,1.489402476924e-06
1.400000000000e-02,1.265692872883e-04
4.000000000000e-04,3.978082852941e-06
1.560000000000e-02,2.022378223474e-04
4.000000000000e-04,6.603608505340e-09
4.000000000000e-04,2.633329544444e-07
4.000000000000e-04,1.133325665529e-06
8.000000000000e-04,3.942298058574e-07
1.200000000000e-03,3.146638571776e-06
4.000000000000e-04,5.370541915182e-07
4.000000000000e-04,1.577703304412e-06
4.000000000000e-04,7.761266571734e-07
8.000000000000e-04,2.440849202635e-06
8.000000000000e-04,2.963531329686e-06
4.000000000000e-04,1.749060332315e-06
4.000000000000e-04,8.241233657820e-07
8.000000000000e-04,4.222956086431e-06
1.200000000000e-03,1.339415973159e-05
4.000000000000e-04,3.514619401203e-07
4.000000000000e-04,4.135112800586e-07
8.000000000000e-04,1.792975730484e-06
1.200000000000e-03,8.535349977077e-06
3.200000000000e-03,1.530375599512e-05
4.000000000000e-04,5.752070701871e-07
4.000000000000e-04,2.146457545079e-07
8.000000000000e-04,1.067992834012e-06
5.600000000000e-03,6.920489825370e-05
1.600000000000e-03,6.579042377278e-06
4.000000000000e-04,1.223915208016e-06
4.000000000000e-04,1.871962003681e-06
4.000000000000e-04,2.571845464652e-06
4.000000000000e-04,9.707018784995e-07
4.000000000000e-04,5.407049841242e-07
4.000000000000e-04,2.254730437018e-06
4.000000000000e-04,3.196886327534e-06
1.200000000000e-03,7.819695211259e-06
1.600000000000e-03,8.647476220617e-06
4.000000000000e-04,6.955805637398e-07
4.000000000000e-03,1.492880819882e-05
7.600000000000e-03,4.841928234124e-05
5.200000000000e-03,4.891794106530e-05
8.000000000000e-04,4.598285095128e-06
4.000000000000e-04,4.973530679258e-07
4.000000000000e-04,3.413636942985e-06
4.000000000000e-04,1.624229663134e-07
4.800000000000e-03,2.333048109284e-05
4.000000000000e-04,2.435699458179e-06
4.000000000000e-04,9.960461443815e-07
1.600000000000e-03,8.351063983053e-06
4.000000000000e-04,3.292770168906e-08
4.000000000000e-04,2.646598636173e-06
4.000000000000e-03,2.796368299010e-05
4.000000000000e-04,2.298137818234e-06
2.000000000000e-03,1.117964731401e-05
1.200000000000e-03,2.537842059631e-06
8.000000000000e-04,2.114133119823e-06
1.600000000000e-03,1.543550258356e-05
8.000000000000e-04,5.009707403373e-06
8.000000000000e-04,2.505383121293e-06
1.200000000000e-02,1.074627479008e-04
4.000000000000e-04,4.467225859017e-06
4.000000000000e-04,1.014841316486e-06
3.440000000000e-02,6.298077003095e-04
1.200000000000e-03,5.690212574968e-06
4.000000000000e-04,1.100358798775e-06
4.000000000000e-04,1.495157484178e-06
2.000000000000e-03,1.417865760760e-05
8.000000000000e-04,6.341453388244e-06
4.000000000000e-04,1.345630307671e-06
4.000000000000e-04,3.960753560409e-06
4.000000000000e-04,7.732280137462e-07
4.000000000000e-04,3.581223150852e-06
8.000000000000e-04,5.542737488162e-06
4.000000000000e-04,2.896283276818e-06
2.000000000000e-03,1.421114443548e-05
8.000000000000e-04,1.306100133217e-06
4.000000000000e-04,1.046264323093e-06
4.000000000000e-04,1.230239443878e-06
4.000000000000e-04,1.074947529386e-06
4.000000000000e-04,4.194035285493e-07
4.000000000000e-04,2.712381448087e-07
4.000000000000e-04,4.063035796865e-07
4.000000000000e-04,2.380974110627e-06
1.200000000000e-03,5.017732863682e-06
4.000000000000e-04,3.534541072863e-06
4.000000000000e-04,4.118899616393e-07
4.000000000000e-04,1.133622106635e-06
5.440000000000e-02,6.391025330689e-04
4.000000000000e-04,3.956512174606e-07
4.000000000000e-04,1.446687915642e-06
4.000000000000e-04,9.777595932815e-07
2.400000000000e-03,1.548796295661e-05
8.000000000000e-04,3.062419062702e-06
8.000000000000e-04,2.110694699882e-06
4.000000000000e-04,8.677534412866e-07
4.000000000000e-04,3.176859825911e-07
1.200000000000e-03,7.128848838634e-06
4.000000000000e-04,1.013042038064e-06
2.000000000000e-03,1.672129764926e-05
4.000000000000e-04,1.075637414296e-06
8.000000000000e-04,1.796359443875e-06
4.000000000000e-04,1.358357233622e-06
4.000000000000e-04,1.231654209504e-06
1.200000000000e-03,6.893017578200e-06
4.000000000000e-04,2.892717812355e-06
4.000000000000e-04,2.107577591277e-06
4.000000000000e-04,2.291103508576e-07
4.000000000000e-04,1.312626347860e-06
4.000000000000e-04,1.471808692296e-07
4.400000000000e-03,5.662745653124e-05
4.000000000000e-04,1.715904217772e-06
4.000000000000e-04,2.460845886253e-06
2.800000000000e-03,1.746266404426e-05
1.200000000000e-03,6.732256614183e-06
4.000000000000e-04,4.658547574382e-06
4.000000000000e-04,8.307529880847e-07
4.000000000000e-04,1.676573893063e-07
4.000000000000e-04,1.228875293828e-06
4.000000000000e-04,1.242667422106e-07
1.600000000000e-03,1.711820662938e-05
4.000000000000e-04,4.583918855688e-07
4.000000000000e-04,4.230860676177e-07
1.200000000000e-03,4.169581283030e-06
4.000000000000e-04,1.929966111300e-06
1.600000000000e-03,1.237086473300e-05
1.200000000000e-03,9.960224092191e-06
4.000000000000e-04,2.279362370593e-07
4.000000000000e-04,2.385236991841e-06
4.000000000000e-04,1.105877560750e-06
4.000000000000e-04,1.674428323775e-06
2.400000000000e-03,1.624535573796e-05
4.000000000000e-04,1.849472737223e-06
8.000000000000e-04,4.202844234656e-07
4.000000000000e-04,5.859779049425e-07
1.200000000000e-03,2.939751694941e-06
4.000000000000e-04,1.087471163360e-06
4.000000000000e-04,3.046000910560e-06
4.000000000000e-04,2.679553121451e-06
4.000000000000e-04,1.188423566995e-06
4.000000000000e-04,2.594409008890e-07
4.000000000000e-04,1.291676342794e-06
1.200000000000e-03,6.964994395569e-06
4.000000000000e-04,1.402525716673e-06
4.000000000000e-04,2.342259198638e-06
4.000000000000e-04,1.116134967478e-06
2.800000000000e-03,2.660574106278e-05
1.200000000000e-03,7.186305227208e-06
4.000000000000e-04,1.182119951560e-06
4.000000000000e-04,9.901964133691e-08
8.000000000000e-04,6.084757666613e-06
2.400000000000e-03,1.197147330714e-05
4.000000000000e-04,2.592083430522e-08
8.000000000000e-04,2.355735188648e-06
4.000000000000e-04,2.775365857159e-06
4.000000000000e-04,1.590793882405e-06
2.800000000000e-03,2.407237475493e-05
4.800000000000e-03,5.914169687926e-05
2.000000000000e-03,1.692193150733e-05
4.000000000000e-04,2.669869863998e-07
4.000000000000e-04,2.744910152279e-06
8.000000000000e-04,8.980620026773e-07
1.200000000000e-03,4.789732358060e-06
4.000000000000e-04,1.389840068901e-06
8.000000000000e-04,9.355680818304e-07
4.000000000000e-04,5.494252606880e-07
1.200000000000e-03,3.274945430188e-06
4.800000000000e-03,4.356903088734e-05
4.000000000000e-04,3.590110842215e-06
4.000000000000e-04,1.337497884646e-06
4.000000000000e-04,1.881484720593e-06
3.200000000000e-03,3.315567995612e-05
4.000000000000e-03,2.735270026028e-05
4.000000000000e-04,2.210976789559e-06
4.000000000000e-04,6.446571928192e-07
3.600000000000e-03,2.441961599126e-05
4.000000000000e-04,2.294131536786e-07
4.000000000000e-04,4.071565342287e-07
1.200000000000e-03,1.332389551661e-05
4.000000000000e-04,6.439722200351e-07
4.000000000000e-04,2.335844112615e-06
4.000000000000e-03,1.645281386940e-05
4.000000000000e-04,1.173762071561e-06
4.000000000000e-04,4.032287410706e-07
4.000000000000e-04,2.726319020799e-06
4.000000000000e-04,8.946302562614e-07
8.000000000000e-04,1.808795969138e-06
9.200000000000e-03,1.234471288277e-04
4.000000000000e-04,1.239954383893e-06
1.040000000000e-02,1.728751102874e-04
4.000000000000e-04,1.260088559878e-06
1.200000000000e-03,5.261158555535e-06
4.000000000000e-04,1.300929000376e-06
4.800000000000e-03,3.086257626575e-05
8.000000000000e-03,3.645615275236e-05
1.200000000000e-03,5.140359532562e-06
4.000000000000e-04,1.137374953728e-07
4.000000000000e-04,3.561549729813e-06
4.000000000000e-04,1.913533820415e-06
2.800000000000e-03,1.325886449504e-05
4.000000000000e-04,5.913251985624e-06
1.600000000000e-03,8.711997047922e-06
1.200000000000e-03,6.224183182688e-06
4.000000000000e-04,1.402948851103e-06
8.000000000000e-04,5.007370387334e-06
4.000000000000e-04,1.117447953929e-06
1.200000000000e-03,7.630774801229e-06
4.000000000000e-04,2.654397027443e-07
7.320000000000e-02,1.242124419062e-03
4.000000000000e-04,3.356545131675e-06
2.000000000000e-03,9.961223403633e-06
4.000000000000e-04,2.956398562123e-06
2.000000000000e-03,1.131941490627e-05
8.000000000000e-04,6.854971974261e-06
4.000000000000e-04,1.373335144175e-07
2.800000000000e-03,3.198372209145e-05
4.000000000000e-04,1.190993712835e-06
4.000000000000e-04,1.310119975588e-06
4.000000000000e-04,5.862200019476e-07
1.880000000000e-02,1.941477304518e-04
8.000000000000e-04,3.960041179084e-06
1.820000000000e-01,3.204474951171e-03
4.000000000000e-04,1.573859108276e-06
4.000000000000e-04,1.900008732856e-06
4.000000000000e-04,4.717139212454e-06
4.000000000000e-04,9.425351364997e-07
8.000000000000e-04,4.395219594815e-06
4.000000000000e-04,1.053431896868e-06
1.200000000000e-03,3.306883158233e-06
4.000000000000e-04,4.675811060815e-07
4.000000000000e-04,2.282077668421e-06
8.000000000000e-04,9.842866307767e-06
2.000000000000e-03,1.284302042305e-05
2.400000000000e-03,1.457743763514e-05
4.000000000000e-04,1.452716926439e-07
4.000000000000e-04,2.581960262208e-07
4.000000000000e-04,4.121353968198e-06
4.000000000000e-04,3.442643666609e-06
1.200000000000e-03,3.862365638673e-06
4.000000000000e-04,1.458992863066e-06
3.600000000000e-03,3.080820584115e-05
4.000000000000e-04,3.081967566480e-06
4.000000000000e-04,1.343784315425e-06
4.000000000000e-04,6.084561944948e-07
8.000000000000e-04,4.467146771446e-06
4.000000000000e-04,1.199747217688e-06
2.400000000000e-03,6.368025445725e-06
4.000000000000e-04,2.061918774761e-06
4.000000000000e-04,2.518687311055e-06
4.000000000000e-04,3.197819431846e-06
8.000000000000e-04,2.448970265302e-06
4.000000000000e-04,1.340914640486e-07
4.000000000000e-04,1.066335295934e-06
4.000000000000e-04,1.726917665386e-06
8.000000000000e-04,3.670005427826e-06
4.000000000000e-04,2.115996228422e-06
4.000000000000e-04,3.211238920627e-06
4.000000000000e-04,1.172075506086e-06
2.800000000000e-03,2.970535666503e-05
4.000000000000e-04,1.138190715543e-06
4.000000000000e-04,2.919444368115e-06
4.000000000000e-04,5.400644344187e-07
8.000000000000e-04,2.570609339835e-06
4.000000000000e-04,2.167804396140e-07
1.200000000000e-03,7.434438295036e-06
5.200000000000e-03,2.984422556988e-05
4.000000000000e-04,1.194169765025e-07
2.400000000000e-03,1.218699031575e-05
4.000000000000e-04,2.800512245637e-06
3.200000000000e-03,2.895193394745e-05
8.000000000000e-04,4.045564255982e-06
4.920000000000e-02,8.319106590887e-04
4.000000000000e-04,3.384771399329e-07
4.000000000000e-04,6.320836162758e-07
1.200000000000e-03,3.791952503078e-06
4.000000000000e-04,1.944216273292e-06
4.000000000000e-04,7.645464729563e-07
4.000000000000e-04,1.658080755731e-06
4.000000000000e-04,1.405339370285e-06
4.000000000000e-04,3.791672290727e-06
4.000000000000e-04,1.425794994566e-06
3.600000000000e-03,3.895631539544e-05
4.000000000000e-04,1.025220027238e-06
4.000000000000e-04,1.505835226900e-06
4.000000000000e-04,3.180800546567e-06
1.600000000000e-03,5.100797748347e-06
4.000000000000e-04,3.984222851210e-06
4.000000000000e-04,3.247292615208e-06
1.200000000000e-03,5.857354578730e-06
4.000000000000e-04,5.729382707720e-07
8.000000000000e-04,3.233012158076e-06
4.000000000000e-04,2.208752456305e-06
2.400000000000e-03,1.181277193794e-05
4.000000000000e-04,5.471739005181e-09
2.000000000000e-03,2.167862017619e-05
1.600000000000e-03,8.026821732292e-06
8.000000000000e-04,2.827148732270e-06
4.000000000000e-04,9.662668849002e-07
2.000000000000e-03,5.559353886981e-06
4.000000000000e-04,7.565978478143e-07
1.600000000000e-03,1.025467187314e-05
4.000000000000e-04,1.317726398116e-06
4.000000000000e-04,3.403172514145e-06
8.000000000000e-04,5.031746034076e-06
8.000000000000e-04,4.236366770939e-06
8.000000000000e-04,1.296871323778e-06
4.000000000000e-04,2.369298603942e-06
3.600000000000e-03,1.448866385651e-05
4.000000000000e-04,3.081110446684e-07
1.600000000000e-03,4.379379112862e-06
4.000000000000e-04,3.384503596803e-07
8.000000000000e-04,4.109029668571e-06
4.000000000000e-04,3.695242235554e-06
4.000000000000e-04,2.666817142558e-06
7.200000000000e-03,9.692137196621e-05
2.400000000000e-03,1.751795457921e-05
4.000000000000e-04,1.333709049211e-06
8.000000000000e-04,6.209851836540e-06
4.000000000000e-04,2.604814877431e-06
4.000000000000e-04,2.131017582593e-06
4.000000000000e-04,2.253277647917e-06
1.600000000000e-03,1.690446085008e-05
4.000000000000e-04,3.930036165420e-06
8.000000000000e-04,3.988079874317e-06
7.760000000000e-02,1.249596549716e-03
2.000000000000e-03,1.025395756802e-05
4.000000000000e-04,1.812112192850e-06
1.200000000000e-03,8.363797214751e-06
1.200000000000e-03,5.316479809711e-06
1.600000000000e-03,1.518045183934e-06
4.000000000000e-04,1.030458499635e-06
3.200000000000e-03,4.863445201674e-05
4.000000000000e-04,1.058875124521e-06
8.000000000000e-04,1.486787722166e-06
4.000000000000e-04,4.666616454323e-07
6.400000000000e-03,5.810159241833e-05
4.000000000000e-04,1.996309443920e-07
4.000000000000e-04,5.666582494567e-07
4.000000000000e-04,1.477675694395e-06
4.000000000000e-04,3.009552602209e-07
2.000000000000e-03,1.115024702207e-05
4.000000000000e-04,2.059743602648e-07
8.000000000000e-04,1.350634172888e-06
4.000000000000e-04,2.192818773533e-07
4.000000000000e-04,2.828990424914e-06
4.000000000000e-04,2.575658091360e-07
1.600000000000e-03,8.723045692706e-06
1.200000000000e-03,5.176953424858e-06
1.680000000000e-02,2.980528335129e-04
8.000000000000e-04,6.845056389625e-06
4.000000000000e-04,2.253821510908e-06
4.000000000000e-04,2.651556149549e-07
1.360000000000e-02,2.165117235165e-04
4.000000000000e-04,1.931726079069e-06
2.200000000000e-02,2.893152487361e-04
4.000000000000e-04,9.883942188002e-07
3.600000000000e-03,2.284053991161e-05
4.000000000000e-04,1.645434048579e-06
4.000000000000e-04,1.164203367670e-06
4.000000000000e-04,1.557212877375e-06
4.000000000000e-04,1.580027791693e-06
8.000000000000e-04,2.314356828585e-06
8.000000000000e-04,5.454610256355e-06
4.800000000000e-03,4.579782961447e-05
4.000000000000e-04,2.225008502904e-06
1.200000000000e-03,7.280905395834e-06
4.000000000000e-04,5.907081642985e-07
4.000000000000e-04,5.156749646486e-07
2.800000000000e-03,2.246486270476e-05
1.600000000000e-03,8.161316743159e-06
8.000000000000e-04,3.476080736314e-06
4.000000000000e-04,1.867102535431e-06
4.000000000000e-04,1.437949979779e-07
8.000000000000e-04,1.742593203877e-06
4.000000000000e-04,2.321393693542e-06
4.000000000000e-04,1.457418751227e-07
2.800000000000e-03,4.162409271038e-05
8.000000000000e-04,5.838511077170e-06
4.000000000000e-04,2.544678209965e-06
1.200000000000e-03,2.699008389839e-06
8.000000000000e-04,6.721984485516e-06
4.000000000000e-04,2.250142682307e-07
3.200000000000e-03,2.379737742952e-05
4.000000000000e-04,1.273739303220e-06
1.200000000000e-03,3.043091500995e-06
4.000000000000e-04,5.355318004390e-07
4.000000000000e-04,5.586263231406e-07
4.000000000000e-04,1.512166390766e-06
8.000000000000e-04,3.122972722939e-06
8.000000000000e-04,2.126976959856e-06
4.000000000000e-04,1.042358532894e-06
4.000000000000e-04,5.010178355620e-07
4.000000000000e-04,1.731406141144e-07
3.200000000000e-03,1.169372385664e-05
4.000000000000e-04,8.255559322215e-07
4.000000000000e-04,1.131012136254e-06
4.000000000000e-04,2.791349499072e-06
4.000000000000e-04,1.397762362310e-06
4.000000000000e-04,7.178210058325e-07
2.000000000000e-03,1.627481423411e-05
8.000000000000e-04,2.465946823715e-06
4.000000000000e-04,1.174959064310e-06
9.200000000000e-03,8.167695427702e-05
4.000000000000e-04,1.198024094810e-06
2.400000000000e-03,1.129274274361e-05
4.000000000000e-04,3.336430988332e-06
4.000000000000e-04,2.524709214441e-06
8.000000000000e-04,9.708632091452e-07
4.000000000000e-04,2.478032321614e-06
8.000000000000e-04,1.650878108814e-06
4.000000000000e-04,2.807711995046e-06
4.000000000000e-04,6.831733433370e-06
4.000000000000e-04,1.410516211394e-06
4.000000000000e-04,1.983815262287e-07
4.000000000000e-04,9.790793780710e-07
4.000000000000e-04,3.690730645220e-06
4.000000000000e-04,4.125150637196e-07
4.000000000000e-04,2.758957020494e-06
8.000000000000e-04,2.407763241158e-06
1.600000000000e-03,1.344224285674e-05
4.000000000000e-04,2.111491192389e-06
4.000000000000e-04,1.218979847304e-06
4.000000000000e-04,6.620298784884e-07
4.000000000000e-04,2.200596467869e-06
8.000000000000e-04,3.990529122480e-06
1.600000000000e-03,9.852948655188e-06
4.160000000000e-02,4.568670944661e-04
4.000000000000e-04,4.611954832453e-07
4.000000000000e-04,4.474602792987e-07
4.000000000000e-04,2.599468518725e-06
4.000000000000e-04,1.908373639885e-06
1.600000000000e-03,7.837449542295e-06
4.000000000000e-04,1.097968570949e-06
4.000000000000e-04,1.250926730368e-07
4.000000000000e-04,2.767174512759e-07
4.000000000000e-04,1.606263699106e-06
1.600000000000e-03,1.022391369633e-05
4.000000000000e-04,2.304378157532e-07
4.000000000000e-04,9.419211807058e-07
4.000000000000e-04,6.855716420967e-08
4.000000000000e-04,1.041674484274e-06
4.000000000000e-04,2.592658748775e-06
4.000000000000e-04,3.145665519496e-06
4.000000000000e-04,6.909086305845e-07
8.000000000000e-04,2.351574805970e-06
1.200000000000e-03,3.958485927140e-06
4.000000000000e-04,2.903108341027e-06
4.000000000000e-04,4.633229600426e-10
8.000000000000e-04,4.304756171831e-06
4.000000000000e-04,1.034053098812e-06
4.000000000000e-04,1.087540545825e-06
4.000000000000e-04,2.460934753536e-06
4.000000000000e-03,3.034023545630e-05
4.000000000000e-04,2.358379021295e-07
4.000000000000e-04,3.147646665191e-08
1.200000000000e-03,2.100735277934e-06
8.000000000000e-04,1.841272064457e-06
8.000000000000e-04,1.747355928592e-06
1.600000000000e-03,1.372397708156e-05
4.000000000000e-04,4.574961991434e-07
8.000000000000e-04,1.587205905875e-06
4.000000000000e-04,1.481335160840e-06
8.000000000000e-04,3.121520266882e-06
4.000000000000e-04,1.790218664943e-07
1.200000000000e-03,4.005702087454e-06
1.200000000000e-03,1.414290267136e-05
4.000000000000e-04,1.480123603418e-06
4.000000000000e-04,1.488022477707e-06
1.200000000000e-03,3.452346841017e-06
4.000000000000e-04,5.652626457343e-07
4.000000000000e-04,1.376725432093e-06
4.000000000000e-04,6.497323672960e-07
4.000000000000e-04,8.316018414732e-07
4.000000000000e-04,2.942701546106e-06
4.000000000000e-04,2.178658313005e-06
1.160000000000e-02,1.985191638092e-04
4.000000000000e-04,1.649462022014e-06
4.000000000000e-04,3.985240186611e-07
4.000000000000e-04,2.854270633374e-06
4.000000000000e-04,2.479491813103e-06
4.400000000000e-03,3.236938304792e-05
8.000000000000e-04,5.979659440949e-06
4.000000000000e-04,1.671184708682e-06
8.000000000000e-04,6.915206793901e-06
4.000000000000e-04,1.012240980122e-06
8.000000000000e-04,3.062181388865e-06
1.200000000000e-03,6.267667298931e-06
2.400000000000e-03,2.187921686825e-05
1.200000000000e-03,7.203835890583e-06
4.000000000000e-04,3.463718576395e-06
4.000000000000e-04,5.850007160639e-07
4.000000000000e-04,7.679745299088e-07
4.000000000000e-04,3.364287990136e-07
4.000000000000e-04,7.930531875617e-07
4.000000000000e-04,3.023707305180e-07
3.200000000000e-03,2.238437143553e-05
1.600000000000e-03,9.202106655365e-06
8.000000000000e-04,2.670125966276e-06
8.000000000000e-04,1.893504095049e-06
4.000000000000e-04,1.312105514242e-07
2.400000000000e-03,2.135563634948e-05
4.000000000000e-04,2.544054698030e-06
2.800000000000e-03,9.247005056274e-06
1.200000000000e-03,4.938185456378e-06
4.000000000000e-04,6.987138342258e-07
4.000000000000e-04,1.257373468297e-07
4.000000000000e-04,1.447123574446e-06
2.800000000000e-03,1.328570738720e-05
1.840000000000e-02,2.129137841992e-04
1.840000000000e-02,2.983314663302e-04
4.000000000000e-04,5.630934035846e-07
4.000000000000e-03,4.188423577729e-05
1.200000000000e-03,9.655486033712e-06
2.800000000000e-03,1.352157938343e-05
4.000000000000e-04,2.472405057855e-06
1.200000000000e-03,5.092328571917e-06
4.000000000000e-04,3.781325152580e-08
3.200000000000e-03,2.009634702189e-05
4.000000000000e-04,1.436392919182e-06
1.200000000000e-03,9.258772693656e-07
1.600000000000e-03,6.605334242873e-06
4.000000000000e-04,7.037724843702e-07
4.000000000000e-04,1.195668536562e-06
4.000000000000e-04,4.125253735863e-06
4.000000000000e-04,3.413710154797e-07
4.000000000000e-04,3.157423040822e-07
4.000000000000e-04,1.762424231275e-06
4.000000000000e-04,7.642105320491e-07
6.400000000000e-03,4.347061979862e-05
4.000000000000e-04,1.685100221834e-06
4.000000000000e-04,1.724343579499e-06
4.000000000000e-04,2.619020637165e-06
7.600000000000e-03,7.819116428217e-05
4.000000000000e-04,8.150323577920e-08
1.600000000000e-03,1.218715789710e-05
4.000000000000e-04,7.683266295622e-07
8.000000000000e-04,1.013091387491e-06
8.000000000000e-04,2.758709454059e-06
4.000000000000e-04,5.761450107799e-07
4.000000000000e-04,2.485316810513e-07
4.000000000000e-04,2.944900328271e-06
1.200000000000e-03,5.783438230891e-06
4.000000000000e-04,3.748587923826e-07
2.400000000000e-03,1.188751256875e-05
4.000000000000e-04,3.684163254569e-06
4.000000000000e-04,2.430605145832e-06
4.000000000000e-04,3.102988311127e-06
4.000000000000e-04,4.229031577470e-06
2.000000000000e-03,1.911686028068e-05
4.000000000000e-04,2.654896407665e-06
1.600000000000e-03,2.035377349235e-05
4.000000000000e-04,1.243353218426e-06
8.000000000000e-04,2.241958824521e-06
4.000000000000e-04,2.921779749011e-07
4.200000000000e-02,5.582869643617e-04
4.000000000000e-04,8.901682043729e-07
4.000000000000e-04,6.459741009091e-07
4.000000000000e-04,6.034207790967e-07
1.200000000000e-02,1.312981321072e-04
1.600000000000e-03,1.200500306238e-05
4.000000000000e-04,3.426419061526e-06
8.000000000000e-04,4.170133158326e-06
1.600000000000e-03,1.365590820303e-05
4.000000000000e-04,2.276123611683e-06
4.000000000000e-04,6.536984800893e-08
1.000000000000e-02,8.743639783009e-05
1.600000000000e-03,9.856497875425e-06
8.000000000000e-04,7.164181794196e-06
2.800000000000e-03,1.772686706033e-05
4.000000000000e-04,2.565300247861e-06
4.000000000000e-04,3.449501406871e-06
1.100000000000e-01,2.552716775961e-03
4.000000000000e-04,7.087176698351e-07
4.000000000000e-04,2.583900427721e-07
4.000000000000e-04,7.300687360282e-07
4.000000000000e-04,1.888551315517e-06
4.000000000000e-04,4.702332679011e-06
6.400000000000e-03,4.632136247601e-05
4.000000000000e-04,9.956748310764e-07
7.600000000000e-03,9.114295485154e-05
2.800000000000e-03,2.260131408147e-05
4.000000000000e-04,3.325987153103e-07
8.000000000000e-04,4.019343383258e-06
4.000000000000e-04,1.039577434080e-06
5.200000000000e-03,4.234801175314e-05
4.000000000000e-04,3.287659807036e-08
2.000000000000e-03,1.792511666468e-05
8.000000000000e-04,2.968649709548e-06
2.400000000000e-02,5.235049387340e-04
4.000000000000e-04,2.785668059325e-07
3.200000000000e-03,2.307869690279e-05
8.000000000000e-04,7.554930707264e-06
4.000000000000e-04,6.977379649513e-07
4.000000000000e-04,1.743277772755e-06
4.000000000000e-04,1.583067635263e-06
4.000000000000e-04,1.054944599539e-06
4.000000000000e-04,2.037894779909e-06
4.000000000000e-04,7.937387954496e-07
4.000000000000e-04,3.170189754104e-06
1.200000000000e-03,5.305684542578e-06
4.000000000000e-04,3.375067835022e-06
2.400000000000e-03,1.170341140546e-05
4.000000000000e-04,1.728260403704e-06
4.000000000000e-04,4.643677547016e-07
8.000000000000e-04,9.389179285400e-06
1.200000000000e-03,4.281170605972e-06
8.000000000000e-04,6.173500950818e-06
8.000000000000e-04,1.487193864124e-06
4.000000000000e-04,2.675733474288e-06
1.200000000000e-03,7.035714504418e-06
1.200000000000e-03,4.476505196393e-06
4.000000000000e-04,9.701024784853e-07
8.000000000000e-04,6.998936681956e-07
4.000000000000e-04,2.025650761211e-06
8.000000000000e-04,3.872254496077e-06
6.000000000000e-03,3.277560628889e-05
4.000000000000e-04,5.658705342457e-07
8.000000000000e-04,2.986083275846e-06
4.000000000000e-04,1.570987259094e-06
4.000000000000e-04,1.010707020979e-06
1.200000000000e-03,6.516512096748e-06
4.000000000000e-04,1.003083919627e-06
8.000000000000e-04,2.638692151951e-06
8.000000000000e-04,1.495734920969e-06
4.000000000000e-04,2.911962235761e-07
1.600000000000e-03,6.885871173804e-06
8.000000000000e-04,2.612713447707e-06
4.000000000000e-04,7.484173513811e-07
1.200000000000e-03,1.938092860231e-06
4.000000000000e-04,5.270568932415e-07
4.000000000000e-04,6.684090450207e-07
2.800000000000e-03,2.005829607234e-05
4.000000000000e-04,1.065465488854e-06
1.200000000000e-03,3.710246658298e-06
8.000000000000e-04,1.454605553855e-06
8.000000000000e-04,1.459514232790e-06
4.000000000000e-04,3.572061964163e-07
4.000000000000e-04,2.781120524877e-07
1.200000000000e-03,2.438025114992e-06
4.000000000000e-04,1.213801423102e-06
4.000000000000e-04,6.214321482216e-07
4.000000000000e-04,2.039301025330e-06
8.000000000000e-04,2.164710002479e-06
4.000000000000e-04,1.182180567812e-06
4.000000000000e-04,1.220748398298e-06
8.000000000000e-04,5.314356818107e-06
4.000000000000e-04,1.032906878299e-06
1.200000000000e-03,2.176025123424e-06
6.000000000000e-03,6.293824876561e-05
4.000000000000e-04,1.222852525504e-06
4.000000000000e-04,4.334570520136e-06
4.000000000000e-04,2.696539563980e-06
4.000000000000e-03,4.860140920815e-05
1.200000000000e-03,8.360020938344e-06
4.000000000000e-04,6.261126482135e-07
1.600000000000e-03,7.530654698085e-06
1.200000000000e-03,8.822649564505e-06
2.000000000000e-03,5.857306562248e-06
1.280000000000e-02,1.296682226293e-04
4.000000000000e-04,7.875506971674e-07
2.400000000000e-03,1.056845413437e-05
8.000000000000e-04,2.467811370715e-06
4.000000000000e-04,3.076300519912e-08
5.600000000000e-03,4.508444433584e-05
8.000000000000e-04,2.817087407830e-06
8.000000000000e-04,2.494227976359e-06
8.000000000000e-04,3.541702958235e-06
4.000000000000e-04,4.982661606223e-07
4.800000000000e-03,2.892976289721e-05
4.000000000000e-04,2.423750090572e-08
4.000000000000e-04,2.792019630106e-07
8.000000000000e-04,9.725307924767e-06
1.200000000000e-03,4.470744306999e-06
4.000000000000e-04,8.409209059506e-07
8.000000000000e-04,1.452346478776e-06
1.600000000000e-03,6.670037129962e-06
4.000000000000e-04,1.199053092198e-06
4.000000000000e-04,3.945507210118e-07
4.000000000000e-04,3.103892418737e-06
1.600000000000e-03,4.201893502924e-06
4.000000000000e-04,2.354621816100e-07
4.000000000000e-04,2.922622386790e-06
4.000000000000e-04,3.471293544437e-06
8.000000000000e-04,4.313672484275e-06
8.000000000000e-04,4.313287101550e-06
8.000000000000e-04,3.843445188085e-07
1.600000000000e-03,1.060994364863e-05
4.000000000000e-04,3.214571093727e-06
4.000000000000e-04,3.142361328223e-06
8.000000000000e-04,2.608170337016e-06
4.560000000000e-02,8.732779815365e-04
4.000000000000e-04,1.704536760852e-06
1.200000000000e-03,1.014697950372e-05
4.000000000000e-04,2.367150804570e-06
8.000000000000e-04,1.829855915306e-06
4.000000000000e-04,9.144872083979e-08
4.000000000000e-04,6.595956687813e-06
4.000000000000e-04,5.539942874169e-07
4.000000000000e-04,1.188467262663e-06
4.000000000000e-04,1.727092838789e-07
1.200000000000e-03,1.486018150499e-05
4.000000000000e-04,3.502170133731e-07
2.400000000000e-03,4.885636971050e-06
1.920000000000e-02,3.214637441025e-04
4.000000000000e-03,2.769273131242e-05
3.600000000000e-03,1.569009948213e-05
4.000000000000e-04,1.506129026241e-06
1.600000000000e-03,8.086814270700e-06
4.000000000000e-04,2.340300838363e-06
4.000000000000e-04,1.597448205682e-06
4.000000000000e-04,1.558470837565e-07
4.000000000000e-04,6.352324970919e-07
1.200000000000e-03,1.245507294770e-05
4.000000000000e-04,9.230534482440e-07
4.000000000000e-04,1.822041865885e-06
1.600000000000e-03,9.942646908835e-06
4.000000000000e-04,9.640190015571e-07
4.000000000000e-04,8.177307605760e-07
4.000000000000e-04,1.790541245938e-06
4.000000000000e-04,1.945554525536e-06
1.200000000000e-03,7.446082255556e-06
3.600000000000e-03,2.544560851063e-05
4.000000000000e-04,1.187588977118e-06
8.000000000000e-04,5.180555805134e-07
4.000000000000e-04,4.286893192240e-06
4.000000000000e-04,6.178835208269e-07
4.000000000000e-04,1.741126484245e-06
4.000000000000e-04,1.166104923327e-08
4.000000000000e-04,6.773066695472e-07
4.000000000000e-04,1.402229926042e-06
8.000000000000e-04,4.505358536951e-06
4.000000000000e-04,2.082977602117e-07
4.000000000000e-04,1.906979366574e-06
4.000000000000e-04,1.192444389846e-06
1.120000000000e-02,1.080462530536e-04
7.200000000000e-03,6.362571898035e-05
8.000000000000e-04,1.113633947556e-06
2.800000000000e-03,3.602416288435e-05
1.720000000000e-02,1.830743701744e-04
4.000000000000e-04,1.521967802510e-06
4.000000000000e-04,1.395169411272e-06
4.000000000000e-04,2.527482689331e-06
4.000000000000e-04,1.293822268318e-06
2.000000000000e-03,8.866447991418e-06
1.600000000000e-03,1.294455962895e-05
4.000000000000e-04,1.423690997863e-06
1.600000000000e-02,1.901154863249e-04
1.200000000000e-03,3.280889703647e-06
1.200000000000e-03,2.830337421248e-06
8.000000000000e-04,2.857611528391e-06
4.000000000000e-04,1.450189460710e-06
4.000000000000e-04,3.257248695522e-07
4.000000000000e-04,7.890561258426e-07
8.000000000000e-04,3.178373191830e-06
4.000000000000e-04,1.888756426435e-06
1.600000000000e-03,5.139678528487e-06
1.600000000000e-03,9.505808152552e-06
8.000000000000e-04,4.548916851492e-07
1.120000000000e-02,2.514269311752e-04
4.000000000000e-04,1.605344739363e-07
4.000000000000e-04,1.524044399367e-07
4.000000000000e-04,5.519120122077e-07
4.000000000000e-04,8.732114821411e-07
4.000000000000e-04,4.126780958475e-07
2.400000000000e-03,1.913857166677e-05
8.000000000000e-04,2.421417433665e-06
4.000000000000e-04,1.511145940265e-06
8.000000000000e-04,1.022746404312e-06
8.800000000000e-03,6.036966025738e-05
3.600000000000e-03,2.399734974815e-05
4.000000000000e-04,8.048411385176e-08
4.000000000000e-04,1.425612482671e-06
4.000000000000e-04,1.503594212225e-07
8.000000000000e-04,2.367359816132e-06
4.000000000000e-04,3.446109444143e-06
4.000000000000e-04,7.488862597643e-07
8.000000000000e-04,4.564361314809e-06
4.000000000000e-04,8.605023259507e-07
1.200000000000e-03,4.801027008398e-06
8.000000000000e-04,1.114914652770e-06
1.200000000000e-03,1.381048123312e-06
4.000000000000e-04,1.715949407247e-06
4.000000000000e-04,7.252229772898e-07
1.200000000000e-03,7.461733524309e-06
2.160000000000e-02,2.425849045613e-04
4.000000000000e-04,1.866334038352e-06
4.000000000000e-04,3.569705860128e-07
1.200000000000e-03,2.705915121203e-06
1.200000000000e-03,5.948353361214e-06
8.000000000000e-03,9.170360457859e-05
4.000000000000e-04,1.832026328010e-07
5.600000000000e-03,2.685361968945e-05
4.000000000000e-04,7.420721308975e-07
2.160000000000e-02,3.331776808348e-04
4.000000000000e-04,2.150102734507e-06
8.000000000000e-03,7.274164294062e-05
4.000000000000e-03,2.064274747818e-05
1.200000000000e-03,6.333777097873e-06
1.200000000000e-03,1.066573101815e-05
5.600000000000e-03,1.774197003511e-05
6.400000000000e-03,7.580143066016e-05
4.000000000000e-04,4.271856704453e-08
8.000000000000e-04,2.594915044375e-06
4.000000000000e-04,2.211980994583e-06
4.000000000000e-04,4.352861932239e-07
4.000000000000e-04,1.846543337305e-06
8.000000000000e-04,4.545903326247e-06
4.000000000000e-04,2.428855907016e-06
4.000000000000e-04,5.952950814575e-07
2.400000000000e-03,1.599228935386e-05
5.200000000000e-03,5.103759296252e-05
8.000000000000e-04,1.635554776095e-06
4.000000000000e-04,3.663190048859e-07
4.000000000000e-04,2.624400398801e-07
1.840000000000e-02,2.598388450796e-04
4.000000000000e-04,5.164623808733e-07
8.000000000000e-04,1.728658149890e-06
4.000000000000e-04,1.014248816821e-07
4.000000000000e-04,4.074981914203e-07
1.200000000000e-03,3.804003896748e-06
4.000000000000e-04,2.243515125209e-06
8.000000000000e-04,4.824728485542e-06
1.200000000000e-03,2.596364228548e-06
4.000000000000e-04,4.637395559137e-06
4.000000000000e-04,7.434967795790e-07
4.000000000000e-04,1.050928658874e-06
8.000000000000e-04,3.513857284322e-06
8.000000000000e-04,1.725079132037e-06
8.000000000000e-04,2.747873139864e-06
8.000000000000e-04,1.569424475560e-06
8.000000000000e-04,7.317256572852e-07
1.200000000000e-03,7.518146492659e-06
8.000000000000e-04,1.484023578120e-06
8.000000000000e-04,2.345613461259e-06
4.000000000000e-04,4.521593189277e-07
4.000000000000e-04,5.935983775179e-07
4.000000000000e-04,2.082380493655e-06
1.200000000000e-03,9.016185611801e-06
2.400000000000e-03,1.238916908855e-05
2.800000000000e-03,1.430231258271e-05
4.000000000000e-04,4.082096223325e-06
4.000000000000e-04,7.476684858803e-07
4.000000000000e-04,1.034915196747e-06
2.800000000000e-03,2.085389529523e-05
4.000000000000e-04,6.572675732829e-07
1.600000000000e-03,1.528242981679e-05
1.200000000000e-03,3.060339110013e-06
4.000000000000e-04,1.805192694163e-06
4.000000000000e-04,1.296263555298e-06
4.000000000000e-04,7.269570943140e-07
1.160000000000e-02,9.777031584498e-05
1.200000000000e-03,6.954270586581e-06
4.000000000000e-04,4.078825688862e-06
4.000000000000e-04,8.638466201370e-07
8.000000000000e-04,3.181473271583e-06
4.000000000000e-04,4.502246810197e-07
8.000000000000e-04,5.633212319225e-06
4.000000000000e-04,2.633673648530e-06
1.200000000000e-03,3.103751859702e-06
4.000000000000e-04,6.611407089756e-07
4.000000000000e-04,4.236222551476e-07
8.000000000000e-04,1.679166044647e-07
4.000000000000e-04,9.696459299614e-08
4.000000000000e-04,1.988352354764e-07
4.000000000000e-04,5.756863247805e-07
1.200000000000e-03,1.254084720856e-06
4.000000000000e-04,3.655718631373e-07
4.000000000000e-04,2.896291233850e-06
1.600000000000e-03,5.280891695104e-06
1.200000000000e-03,5.359261877366e-06
4.000000000000e-04,4.187301152258e-07
4.000000000000e-04,1.705471040959e-06
8.000000000000e-04,3.339382875227e-06
4.000000000000e-04,1.205373046032e-06
4.000000000000e-04,2.993490307032e-06
4.000000000000e-04,1.550120290796e-06
4.000000000000e-04,1.343211893617e-06
8.000000000000e-04,1.352410622240e-06
4.000000000000e-04,2.106935047268e-06
4.000000000000e-04,2.414627072004e-07
4.000000000000e-04,3.006519079573e-06
2.000000000000e-03,1.050352928166e-05
4.000000000000e-04,1.834272971535e-06
4.000000000000e-04,8.398617062576e-07
8.000000000000e-04,5.417428024377e-06
8.000000000000e-04,8.038759623904e-07
2.400000000000e-03,1.662039434052e-05
4.000000000000e-04,4.683543680074e-07
4.000000000000e-04,3.322743588005e-06
5.200000000000e-03,6.523104339430e-05
4.000000000000e-04,8.593470411806e-07
1.200000000000e-03,5.647453036654e-06
4.000000000000e-04,2.716199545196e-07
1.200000000000e-03,4.263838446144e-06
4.000000000000e-04,6.293714997904e-07
4.000000000000e-04,2.181194306617e-06
4.000000000000e-04,2.311170749333e-07
1.200000000000e-03,6.728465034887e-06
4.000000000000e-04,2.183706850463e-06
8.000000000000e-04,1.886082141380e-06
3.200000000000e-03,1.768107513241e-05
2.200000000000e-02,3.477219890789e-04
4.000000000000e-04,1.392125918068e-06
4.000000000000e-04,1.549347333555e-06
8.000000000000e-04,4.232212327717e-06
4.000000000000e-04,2.994442900089e-07
1.200000000000e-03,8.808314892436e-06
4.000000000000e-04,4.483655600225e-07
8.000000000000e-04,7.514155320086e-06
4.000000000000e-04,4.190734425642e-07
4.000000000000e-04,5.029327838660e-06
4.000000000000e-04,8.366619757608e-07
4.000000000000e-04,1.371602481851e-06
4.000000000000e-04,8.819525537342e-07
4.000000000000e-04,3.330834912220e-06
4.000000000000e-04,1.936276022501e-06
4.000000000000e-04,1.039241771810e-06
1.200000000000e-03,8.006084929308e-06
4.000000000000e-04,3.067284357687e-07
4.000000000000e-04,2.502108643979e-07
4.000000000000e-04,8.537244726100e-07
5.960000000000e-02,9.408694747645e-04
2.800000000000e-03,1.496663698514e-05
4.000000000000e-04,4.402027220424e-07
4.000000000000e-04,1.189067756651e-06
6.400000000000e-03,4.431994683520e-05
4.000000000000e-04,4.083506991840e-06
4.000000000000e-04,1.562198334862e-06
3.200000000000e-03,2.718592015867e-05
1.200000000000e-03,4.303341453183e-06
4.000000000000e-04,6.173656229646e-07
4.000000000000e-04,1.973975041773e-07
1.200000000000e-03,2.558930559119e-06
4.000000000000e-04,9.116626715470e-08
1.520000000000e-02,1.895208358933e-04
1.520000000000e-02,1.414862287756e-04
4.000000000000e-04,1.116239725906e-06
4.000000000000e-04,8.994975670078e-07
4.000000000000e-04,3.031744663265e-07
1.200000000000e-03,3.939134537650e-06
8.000000000000e-04,2.583033768010e-06
8.000000000000e-04,3.279831921480e-06
4.000000000000e-04,6.823055296991e-07
4.000000000000e-04,1.733807416248e-06
4.000000000000e-04,3.092072227317e-06
4.000000000000e-04,7.676749073561e-07
1.200000000000e-03,2.573530688465e-06
2.000000000000e-03,9.030132968554e-06
8.000000000000e-04,5.994835727916e-06
8.000000000000e-04,2.419664345773e-06
4.000000000000e-04,5.397379756072e-07
4.000000000000e-04,3.445005139154e-06
4.000000000000e-04,3.111575930243e-06
4.000000000000e-04,8.939366031188e-07
4.000000000000e-04,6.934169628073e-08
4.880000000000e-02,7.029291577419e-04
4.000000000000e-04,1.736778949931e-06
1.880000000000e-02,1.988502336137e-04
4.000000000000e-04,4.330424158174e-06
4.000000000000e-04,1.012980056250e-06
4.400000000000e-03,4.719525482203e-05
8.000000000000e-04,4.951799702160e-06
4.000000000000e-04,1.635394515866e-06
2.000000000000e-03,1.357127934974e-05
4.000000000000e-04,1.618124622114e-06
4.000000000000e-04,5.222864561578e-07
3.600000000000e-03,3.126779804468e-05
4.000000000000e-04,7.908738749147e-07
4.000000000000e-04,2.473196405032e-06
7.200000000000e-02,1.896956770140e-03
4.000000000000e-04,1.138513705943e-07
4.000000000000e-04,5.506376006877e-07
4.000000000000e-04,1.438410372346e-06
4.000000000000e-04,5.098872148743e-06
4.000000000000e-04,6.681217575207e-08
8.000000000000e-04,5.490915766116e-06
1.600000000000e-03,2.749135861981e-05
5.200000000000e-02,8.285702163972e-04
4.000000000000e-04,1.034986915442e-06
4.000000000000e-04,5.690268584840e-07
4.000000000000e-04,2.064837841727e-06
4.000000000000e-04,1.289803294574e-06
4.000000000000e-04,3.125586493499e-06
1.600000000000e-03,7.361431471914e-06
8.000000000000e-04,1.897584832014e-06
4.000000000000e-04,3.117413428950e-06
4.000000000000e-04,7.733216887905e-07
8.000000000000e-04,3.702308656613e-06
9.200000000000e-03,1.078652469153e-04
8.000000000000e-04,1.987433610914e-06
4.000000000000e-04,1.361130956073e-07
4.000000000000e-04,4.004783553046e-06
8.000000000000e-04,2.773743731608e-06
4.000000000000e-04,1.375181489847e-06
4.000000000000e-04,2.074625014864e-06
5.600000000000e-03,4.970650339041e-05
4.000000000000e-04,3.572888152418e-06
1.200000000000e-03,2.294047954569e-06
4.000000000000e-04,2.160438827690e-06
4.000000000000e-04,4.992870862025e-07
4.000000000000e-04,6.796042640505e-06
8.000000000000e-03,6.851537797286e-05
4.000000000000e-04,2.999362529019e-06
4.000000000000e-04,1.789170517711e-06
4.000000000000e-04,4.706356010260e-07
4.000000000000e-04,2.229763294454e-06
1.200000000000e-03,1.511396175987e-06
4.000000000000e-04,1.819751461645e-06
4.000000000000e-04,1.023250563115e-06
4.000000000000e-04,2.251267028840e-08
4.000000000000e-04,1.959276215229e-06
4.000000000000e-04,2.725610081002e-07
4.000000000000e-04,1.668566704019e-06
2.800000000000e-03,2.477936688292e-05
4.000000000000e-04,2.194711154926e-07
8.000000000000e-04,4.604209291503e-06
4.000000000000e-04,3.130062137484e-06
4.000000000000e-04,2.072771454096e-06
2.000000000000e-03,4.886436910014e-06
4.000000000000e-04,3.382483077707e-06
1.600000000000e-03,8.436107562247e-06
1.200000000000e-03,3.948576093907e-06
2.280000000000e-02,2.368928979589e-04
3.200000000000e-03,1.657455535426e-05
8.000000000000e-04,4.885364109329e-06
4.000000000000e-04,1.987363465550e-06
8.000000000000e-04,2.022219614224e-06
4.000000000000e-04,2.461978609899e-06
8.000000000000e-04,3.392510263158e-06
1.040000000000e-02,1.255370291587e-04
4.000000000000e-04,1.772881324280e-06
8.000000000000e-04,1.813688086692e-06
4.000000000000e-04,1.404408519294e-07
4.000000000000e-04,1.994202286939e-06
4.000000000000e-04,6.631987434525e-07
4.000000000000e-04,3.552360786780e-08
4.000000000000e-04,4.678610537782e-07
1.600000000000e-03,1.679137207568e-05
4.000000000000e-04,9.458194771045e-07
8.000000000000e-04,2.300479446464e-06
6.800000000000e-03,7.059397126007e-05
1.600000000000e-03,5.540079811932e-06
4.000000000000e-04,1.198121247868e-06
4.000000000000e-04,1.122589733318e-06
4.000000000000e-04,9.091820459368e-07
2.000000000000e-03,1.028801779369e-05
2.000000000000e-03,1.024905070816e-05
1.600000000000e-03,7.760650604644e-06
8.000000000000e-04,1.694572207168e-06
2.000000000000e-03,8.001754250913e-06
8.000000000000e-04,6.031707641362e-07
4.000000000000e-04,3.936581157082e-09
8.000000000000e-04,3.146771224989e-06
1.600000000000e-03,9.011141191439e-06
8.000000000000e-04,1.973196620479e-06
4.000000000000e-04,6.952253386448e-07
4.000000000000e-04,9.305370663037e-07
8.800000000000e-03,9.265872369126e-05
1.200000000000e-03,6.896929385420e-06
4.000000000000e-03,2.984890505430e-05
4.000000000000e-04,4.000237801462e-06
4.000000000000e-04,1.865141500324e-07
1.200000000000e-03,4.148130076584e-06
4.000000000000e-04,9.919730020363e-07
4.000000000000e-04,8.850119565306e-08
4.000000000000e-04,8.078792359775e-08
1.600000000000e-03,9.756343427087e-06
4.000000000000e-04,2.374630817871e-06
1.200000000000e-03,6.088829527335e-06
4.000000000000e-04,2.459747718419e-06
7.200000000000e-03,7.820047697903e-05
1.200000000000e-03,4.539167275679e-06
4.000000000000e-04,1.562321626079e-06
4.000000000000e-04,1.265729644676e-06
4.000000000000e-04,7.824602575405e-07
4.000000000000e-04,2.147966763389e-06
4.000000000000e-04,6.364284329773e-07
8.000000000000e-04,2.502292171512e-06
2.400000000000e-03,1.625677402647e-05
4.000000000000e-04,1.683121538783e-06
2.400000000000e-03,2.657158276685e-05
4.000000000000e-04,1.139493910932e-06
4.000000000000e-04,5.195233414152e-07
4.000000000000e-04,7.013384725337e-07
4.000000000000e-04,3.760458328593e-07
4.000000000000e-04,9.905595722750e-07
8.000000000000e-04,8.686014426814e-07
4.000000000000e-04,7.149092927353e-07
1.600000000000e-03,1.733979742075e-05
8.000000000000e-04,3.198636266479e-06
8.000000000000e-04,5.491811881670e-06
4.000000000000e-04,3.096492929576e-07
4.000000000000e-03,2.003097640463e-05
4.000000000000e-04,1.760956462855e-06
1.200000000000e-03,3.882527732545e-06
4.000000000000e-04,9.696878405357e-08
2.000000000000e-03,1.235845796435e-05
2.400000000000e-03,1.463299017938e-05
8.000000000000e-04,5.679412556963e-06
4.000000000000e-04,7.614335228112e-07
4.000000000000e-04,6.857827599852e-07
8.000000000000e-04,4.023263712208e-06
2.800000000000e-03,1.586992242235e-05
1.600000000000e-03,1.644044994994e-06
4.000000000000e-04,3.742863603945e-07
1.200000000000e-03,9.690062011656e-06
2.800000000000e-02,3.767551571748e-04
1.440000000000e-02,2.264058951907e-04
4.000000000000e-04,7.610168163580e-06
4.000000000000e-04,8.220471625622e-07
4.000000000000e-04,3.186151490206e-07
2.800000000000e-03,1.124497634358e-05
4.000000000000e-04,2.248879307438e-06
4.000000000000e-04,8.896560313017e-07
4.000000000000e-04,4.851636539050e-06
4.000000000000e-04,9.659390075261e-08
4.000000000000e-04,4.213125814532e-07
4.000000000000e-04,3.357134293351e-08
2.000000000000e-03,1.208993287909e-05
2.720000000000e-02,3.745317918112e-04
2.400000000000e-03,2.287112776143e-05
4.000000000000e-04,2.203765053084e-07
4.000000000000e-04,1.914847366927e-07
3.600000000000e-03,2.845263951263e-05
4.000000000000e-04,1.603016907742e-07
8.000000000000e-04,1.640178488063e-06
4.000000000000e-03,2.839365038666e-05
4.000000000000e-04,1.530486154385e-06
4.000000000000e-04,1.912952536798e-06
4.000000000000e-04,2.106130457572e-06
4.000000000000e-04,3.434467041305e-07
4.000000000000e-04,4.105274231279e-07
4.000000000000e-04,5.724940660000e-08
1.600000000000e-03,7.877651893148e-06
4.000000000000e-04,1.189798640506e-06
2.800000000000e-03,3.559712040271e-05
4.000000000000e-04,1.646125105731e-06
2.360000000000e-02,2.782961534671e-04
1.600000000000e-03,5.814928742205e-06
4.000000000000e-04,3.035722354771e-06
4.000000000000e-04,9.964987765270e-08
8.000000000000e-04,1.547399136905e-06
4.000000000000e-04,7.343596431878e-07
3.600000000000e-03,1.480171308906e-05
1.200000000000e-03,7.980885817121e-06
4.000000000000e-04,2.246855786270e-06
3.200000000000e-03,1.133610822434e-05
4.000000000000e-04,3.419682895566e-07
1.600000000000e-03,1.752404536278e-05
4.000000000000e-04,1.601640464930e-06
2.000000000000e-03,6.534036508243e-06
1.600000000000e-03,1.536834642539e-05
4.000000000000e-04,1.489276453204e-07
4.000000000000e-04,1.281569383210e-06
4.000000000000e-04,2.472451193869e-06
4.000000000000e-04,1.673103563280e-06
4.000000000000e-04,1.931960511206e-06
4.000000000000e-04,8.517113828795e-07
4.000000000000e-04,1.835290076835e-07
4.000000000000e-04,2.929788956446e-07
4.000000000000e-04,3.004625370250e-07
4.000000000000e-04,4.757741551225e-07
4.000000000000e-04,4.772447053328e-06
8.000000000000e-03,7.840384099794e-05
4.000000000000e-04,8.954428754809e-07
4.000000000000e-04,2.639722668811e-06
8.400000000000e-03,7.407900233404e-05
4.000000000000e-04,1.599698878256e-06
4.000000000000e-04,1.181592413431e-07
8.000000000000e-04,5.641112696313e-06
4.000000000000e-04,1.067765633811e-06
4.000000000000e-04,1.048205990757e-06
4.000000000000e-04,3.380062568970e-06
4.000000000000e-04,3.551073143541e-07
4.000000000000e-04,2.036336536900e-06
2.000000000000e-03,9.062931850189e-06
8.000000000000e-04,5.887587853952e-06
8.000000000000e-04,3.411394019238e-06
4.000000000000e-04,6.940272239010e-07
1.200000000000e-03,4.190100223420e-06
4.000000000000e-04,1.513139845014e-06
8.000000000000e-04,2.956836585194e-06
4.000000000000e-04,1.777914129763e-06
8.000000000000e-04,3.106221616557e-06
4.000000000000e-04,7.078791307271e-07
4.000000000000e-04,1.885059544605e-06
5.600000000000e-03,4.247943187484e-05
8.000000000000e-04,3.181288109762e-06
1.200000000000e-03,1.207591169326e-06
4.000000000000e-04,1.391753039145e-06
1.600000000000e-03,9.345426134973e-06
4.000000000000e-04,1.325813603420e-06
4.000000000000e-04,3.433161963127e-06
2.400000000000e-03,1.321403549992e-05
1.200000000000e-03,1.796794677526e-06
4.000000000000e-04,5.491040651257e-07
4.000000000000e-04,1.234114200011e-09
4.000000000000e-04,1.588897871146e-06
4.000000000000e-04,5.683886202000e-07
4.000000000000e-04,2.362391954630e-07
1.600000000000e-03,5.433958967462e-06
1.200000000000e-03,7.637234423897e-06
4.000000000000e-04,7.543750167273e-07
4.000000000000e-04,1.905061514587e-06
4.000000000000e-04,1.885195436084e-06
1.200000000000e-03,7.290156967080e-06
1.600000000000e-03,2.507707861607e-06
4.000000000000e-04,1.540092660940e-07
4.000000000000e-04,9.055214059050e-07
4.000000000000e-04,1.689836673088e-06
2.000000000000e-03,1.366665326340e-05
4.000000000000e-04,5.717650559373e-07
4.000000000000e-04,1.512549178910e-06
4.000000000000e-04,7.851473397629e-07
4.000000000000e-04,4.503080410308e-06
8.000000000000e-04,1.987924888978e-06
1.600000000000e-03,6.765042535789e-06
4.000000000000e-04,1.367550269975e-06
1.200000000000e-03,6.899718920113e-06
3.200000000000e-03,1.150356251948e-05
4.000000000000e-04,1.933663641619e-06
2.400000000000e-03,2.150489951623e-05
6.000000000000e-03,7.341820400320e-05
8.000000000000e-04,6.038743891092e-06
8.000000000000e-04,2.448983821681e-06
4.000000000000e-04,2.360765604379e-07
1.200000000000e-03,1.137961441638e-05
8.000000000000e-04,5.585829849831e-06
4.000000000000e-04,2.511962416509e-06
8.000000000000e-04,2.387120617237e-06
8.000000000000e-04,7.157637978511e-07
4.000000000000e-04,1.102700878952e-06
3.200000000000e-03,1.458938668120e-05
4.000000000000e-04,1.066374156819e-06
4.000000000000e-04,2.148189556099e-06
4.000000000000e-04,3.529831175457e-07
4.000000000000e-04,9.311240098343e-08
4.000000000000e-04,3.186804290294e-06
4.000000000000e-04,5.772841992886e-07
4.000000000000e-04,4.951204829817e-06
8.000000000000e-04,2.348852717759e-06
4.000000000000e-04,5.201954841500e-07
8.400000000000e-03,1.198161868114e-04
4.000000000000e-04,8.321513744296e-07
4.000000000000e-04,1.707267215098e-07
3.600000000000e-03,2.514062450401e-05
8.000000000000e-04,5.066650979976e-06
4.000000000000e-04,5.264970575016e-07
4.000000000000e-04,1.701411642581e-07
4.000000000000e-04,6.206729743879e-07
3.600000000000e-03,1.782316600046e-05
4.000000000000e-04,2.242270555296e-06
4.000000000000e-04,3.609558154855e-07
3.600000000000e-03,2.047864819280e-05
8.000000000000e-04,3.303739982368e-06
8.000000000000e-04,3.091122504598e-06
4.000000000000e-04,7.855958506508e-07
6.400000000000e-03,5.543143033962e-05
4.000000000000e-04,2.041835727928e-06
4.000000000000e-04,3.407667942025e-06
4.000000000000e-04,1.807830818902e-07
6.400000000000e-03,4.055755834784e-05
4.000000000000e-04,1.011641167989e-06
4.000000000000e-04,2.240368322484e-06
4.000000000000e-04,1.429528439570e-06
4.000000000000e-04,1.119904424431e-06
4.000000000000e-04,2.510366929891e-06
8.000000000000e-04,2.762531765201e-06
4.000000000000e-04,2.182770307702e-06
8.000000000000e-04,1.501146181818e-06
8.000000000000e-04,3.872615728339e-07
4.000000000000e-04,1.123220371222e-06
8.000000000000e-04,4.160068086469e-06
8.000000000000e-04,1.995409883058e-06
4.000000000000e-04,3.629479531780e-07
8.000000000000e-04,6.726026848302e-06
1.480000000000e-02,1.896149832125e-04
4.000000000000e-04,6.099760561070e-07
8.000000000000e-04,9.299995515848e-07
2.000000000000e-03,1.493454885996e-05
1.600000000000e-03,9.921780425253e-06
4.000000000000e-04,5.883096419677e-07
4.000000000000e-04,1.358060339023e-06
1.200000000000e-03,1.047891558521e-05
2.000000000000e-03,5.624641140925e-06
8.000000000000e-04,8.282142469786e-07
4.000000000000e-04,1.791135946082e-07
4.000000000000e-04,1.759031737159e-07
4.000000000000e-04,3.686837076338e-07
4.000000000000e-04,5.998255484131e-06
4.000000000000e-04,2.052346985774e-07
4.000000000000e-04,9.011083366180e-07
4.000000000000e-04,4.530842607623e-07
4.000000000000e-04,5.428743159742e-07
4.000000000000e-04,1.633312511236e-06
7.600000000000e-03,6.207739196133e-05
4.000000000000e-04,8.238040649340e-07
4.000000000000e-04,2.241385025266e-06
4.000000000000e-04,1.275958456045e-06
1.200000000000e-03,3.300166376525e-06
4.000000000000e-04,1.254763911804e-06
3.600000000000e-03,3.506170636330e-05
4.000000000000e-04,5.187351733032e-07
4.000000000000e-04,2.711034425716e-07
8.400000000000e-03,7.578411056657e-05
8.000000000000e-04,1.470460170911e-06
4.000000000000e-04,1.300535034915e-06
3.200000000000e-03,1.490698146208e-05
4.000000000000e-04,2.967420186329e-06
4.000000000000e-04,3.704539172785e-07
4.000000000000e-04,1.559073346583e-06
4.000000000000e-04,8.649749308916e-07
4.000000000000e-04,2.464725724169e-06
4.000000000000e-04,3.751177799137e-06
8.000000000000e-04,5.815849601847e-06
4.000000000000e-04,6.453454674259e-07
8.000000000000e-04,1.287293177632e-06
8.840000000000e-02,1.724064096775e-03
4.000000000000e-04,1.711533499532e-06
4.000000000000e-04,1.371824346159e-06
8.000000000000e-04,4.724120432906e-06
4.000000000000e-04,1.231367296212e-06
2.400000000000e-03,1.394099524706e-05
1.240000000000e-02,1.921941916610e-04
4.000000000000e-04,1.157995094429e-06
4.000000000000e-04,9.613486037348e-07
2.400000000000e-03,1.472606590242e-05
2.000000000000e-03,9.522783541461e-06
4.000000000000e-04,3.150185022418e-06
4.000000000000e-04,1.318699052321e-06
4.000000000000e-04,1.829281264701e-06
4.000000000000e-04,2.411785206217e-06
4.000000000000e-04,2.626483676531e-06
4.000000000000e-04,3.053685008581e-06
1.200000000000e-03,5.067923813677e-06
8.000000000000e-04,2.313491332136e-06
4.000000000000e-03,3.767352568852e-05
4.000000000000e-04,1.054128830035e-07
4.000000000000e-04,2.241310081100e-06
2.800000000000e-03,1.215294055435e-05
3.600000000000e-03,2.955704994053e-05
8.400000000000e-03,9.061801045313e-05
2.800000000000e-03,1.732514185642e-05
4.000000000000e-04,2.032166004508e-07
4.000000000000e-04,5.886192993445e-07
3.200000000000e-03,1.176913653326e-05
2.400000000000e-03,1.428155092316e-05
6.400000000000e-03,3.986504062136e-05
4.000000000000e-04,1.776034657828e-06
4.000000000000e-04,2.749115531829e-06
4.000000000000e-04,2.280754518267e-07
8.000000000000e-04,2.373296599198e-06
8.000000000000e-04,3.573686341052e-06
4.000000000000e-04,1.168345314016e-06
1.200000000000e-03,6.737012609582e-06
4.000000000000e-04,4.444997470645e-06
4.000000000000e-04,3.891252469396e-07
4.000000000000e-04,6.464888208461e-07
4.000000000000e-04,1.948424715428e-06
1.600000000000e-03,1.298326220824e-05
4.000000000000e-04,6.726219105570e-07
4.000000000000e-04,4.510617349553e-06
2.000000000000e-03,1.658543611299e-05
4.000000000000e-04,1.193991888578e-06
4.000000000000e-04,8.824028549841e-07
4.000000000000e-04,5.121679781502e-07
8.000000000000e-04,2.473800425569e-06
4.000000000000e-04,1.451580174385e-06
4.000000000000e-04,1.356108293503e-07
4.000000000000e-04,8.725588689402e-07
4.000000000000e-04,5.724692325989e-07
4.000000000000e-04,1.541117533261e-06
2.000000000000e-03,1.993249460890e-05
4.000000000000e-04,1.473640904995e-08
4.000000000000e-04,2.083191608808e-06
4.000000000000e-04,5.624348766177e-07
1.240000000000e-02,1.302918269143e-04
8.000000000000e-04,1.718529068236e-06
4.000000000000e-04,4.824218641049e-07
4.000000000000e-04,2.581652558263e-06
8.000000000000e-04,9.369379681989e-06
4.000000000000e-04,9.479851972630e-07
4.000000000000e-04,3.757677147546e-06
4.000000000000e-04,1.001795194139e-06
4.000000000000e-03,2.056763373623e-05
8.000000000000e-04,2.566653647035e-06
4.000000000000e-04,3.765400514515e-06
4.000000000000e-04,1.788368710305e-07
1.600000000000e-03,2.762923717812e-06
4.000000000000e-04,8.599392429191e-08
8.000000000000e-04,4.107931599410e-06
4.000000000000e-04,4.569474743500e-07
2.000000000000e-03,1.631677137235e-05
1.600000000000e-03,1.833168090325e-05
4.000000000000e-04,1.257466491095e-06
4.000000000000e-04,9.654507603832e-07
1.200000000000e-03,3.208300063977e-06
4.000000000000e-04,1.588542022910e-06
4.000000000000e-04,1.093032589931e-06
4.000000000000e-04,5.941595465302e-07
4.000000000000e-04,1.845456575416e-07
8.000000000000e-04,6.067089610286e-07
4.000000000000e-04,4.777341587988e-07
3.200000000000e-03,3.552054286300e-05
8.000000000000e-04,3.275507615059e-06
4.000000000000e-04,1.226288352530e-06
8.000000000000e-04,2.697923594115e-06
4.000000000000e-04,2.248294623750e-07
8.000000000000e-04,7.109726565368e-06
8.000000000000e-04,2.740572177620e-06
4.000000000000e-04,5.502064460666e-07
2.000000000000e-03,2.294489615718e-05
1.200000000000e-03,8.962173183437e-06
3.200000000000e-03,1.898367781056e-05
4.000000000000e-04,1.378416309491e-06
4.000000000000e-04,1.349410921858e-06
4.000000000000e-04,2.430291607172e-06
4.000000000000e-04,2.420749722563e-06
4.000000000000e-04,2.309861502563e-06
2.400000000000e-03,1.085680936676e-05
4.000000000000e-04,1.865180650417e-06
4.000000000000e-04,8.309459741434e-07
1.200000000000e-03,2.239158117437e-06
4.000000000000e-04,8.516101101511e-07
1.600000000000e-03,9.684699959139e-06
4.000000000000e-04,8.952518053918e-07
4.000000000000e-04,2.149090909318e-06
4.000000000000e-03,1.843885265812e-05
1.320000000000e-02,1.368663836599e-04
4.800000000000e-03,3.640824454157e-05
2.000000000000e-03,9.838725156797e-06
4.000000000000e-04,6.196460359465e-08
4.000000000000e-04,4.778204529070e-07
4.000000000000e-04,4.589906282009e-06
1.200000000000e-03,7.481702830731e-06
4.000000000000e-04,7.316554376133e-07
8.000000000000e-04,3.360689516186e-06
4.000000000000e-04,1.685936580453e-09
4.000000000000e-04,1.343929570094e-06
2.000000000000e-03,1.121153850461e-05
4.000000000000e-04,1.519045185232e-06
4.000000000000e-04,3.950146528512e-07
8.000000000000e-04,3.720509593412e-06
4.000000000000e-04,1.444791633002e-06
1.200000000000e-03,4.825210860744e-06
3.640000000000e-02,5.711202674538e-04
4.000000000000e-04,3.856023549660e-06
2.000000000000e-03,1.033578391566e-05
4.000000000000e-04,9.413445695324e-08
1.200000000000e-03,1.540889424917e-06
4.000000000000e-04,5.903107158082e-06
3.200000000000e-03,2.273894854340e-05
1.600000000000e-03,1.329914164473e-05
7.600000000000e-03,9.052763013381e-05
1.200000000000e-03,3.961533280531e-06
4.000000000000e-04,2.389300582588e-06
1.200000000000e-03,2.005214521253e-06
4.000000000000e-04,3.229900222709e-06
4.000000000000e-04,6.881852869526e-08
4.000000000000e-04,3.642904265638e-06
2.000000000000e-03,6.428298621935e-06
4.000000000000e-04,1.506610761329e-06
4.000000000000e-04,2.316480816314e-06
4.000000000000e-04,6.468098590385e-08
4.000000000000e-04,4.334020881651e-06
8.000000000000e-04,4.348340911886e-06
4.000000000000e-04,1.136701427517e-07
1.600000000000e-03,8.450711328970e-06
4.000000000000e-04,2.187067979144e-06
4.000000000000e-04,2.354248768386e-06
8.000000000000e-04,5.432104792416e-06
5.720000000000e-02,7.127250725358e-04
4.000000000000e-04,6.397319866625e-08
4.000000000000e-04,6.283733558637e-07
1.600000000000e-03,1.088638209357e-05
4.000000000000e-04,1.269972238100e-06
4.000000000000e-04,3.302544008224e-06
4.000000000000e-04,2.237840334424e-06
8.000000000000e-04,3.851948073870e-06
2.000000000000e-03,1.585387368763e-05
4.000000000000e-04,4.267722882404e-07
4.000000000000e-04,1.783562228217e-06
4.400000000000e-03,3.822389326589e-05
3.600000000000e-03,3.330788321247e-05
4.000000000000e-04,1.287889742697e-06
4.000000000000e-04,1.521909991928e-06
4.000000000000e-04,1.428595449009e-06
4.000000000000e-04,7.848146043994e-06
8.760000000000e-02,1.971685818337e-03
8.000000000000e-04,2.797203103337e-06
4.000000000000e-04,1.310760148257e-07
4.000000000000e-04,7.824609429844e-07
4.000000000000e-04,8.599382834641e-07
8.000000000000e-04,2.943550601964e-06
4.000000000000e-04,1.123756982677e-06
4.000000000000e-04,2.327531834783e-06
4.000000000000e-04,1.105556425595e-06
7.200000000000e-03,8.001444848350e-05
4.000000000000e-04,8.569787020545e-07
4.000000000000e-04,1.199427466353e-06
1.600000000000e-03,1.531708094407e-05
4.000000000000e-04,1.414903776788e-06
1.600000000000e-03,7.640321769902e-06
4.000000000000e-04,7.377981181579e-07
4.000000000000e-04,9.216380550693e-07
1.320000000000e-02,2.255583970336e-04
1.600000000000e-03,7.841260121909e-06
4.000000000000e-04,3.521159906899e-07
4.000000000000e-04,1.280985624417e-06
3.600000000000e-03,2.494381858643e-05
1.600000000000e-03,5.481074036532e-06
8.000000000000e-04,2.496129781751e-06
4.000000000000e-04,1.750273628355e-06
4.000000000000e-04,3.179176788999e-06
4.000000000000e-04,1.283424035975e-06
4.000000000000e-04,9.101433869754e-07
4.000000000000e-04,5.705576335812e-07
2.800000000000e-02,4.938486128779e-04
3.080000000000e-02,5.446088849209e-04
4.000000000000e-04,2.785088133311e-07
4.000000000000e-04,2.515276629328e-06
4.000000000000e-04,2.297534781156e-06
4.000000000000e-04,4.954079118153e-06
8.000000000000e-04,9.542799088308e-06
4.000000000000e-04,8.284790551922e-07
8.000000000000e-04,3.339023192410e-06
1.200000000000e-03,9.387178996279e-06
4.000000000000e-04,2.751405438731e-06
8.400000000000e-03,8.025758724180e-05
4.000000000000e-04,2.567851260096e-07
8.000000000000e-04,3.565475614050e-06
4.000000000000e-04,5.213788118409e-07
4.000000000000e-04,2.130370724680e-06
8.000000000000e-04,1.444194489426e-06
7.600000000000e-03,5.490014329317e-05
4.000000000000e-04,1.719161773344e-06
4.000000000000e-04,2.033958535890e-06
4.000000000000e-04,1.105569043246e-06
1.400000000000e-02,1.492619202599e-04
3.684000000000e-01,1.395539531782e-02
4.000000000000e-04,1.181186729534e-06
4.000000000000e-04,1.612919412873e-08
4.000000000000e-04,1.537578933080e-07
1.200000000000e-03,3.080814121411e-06
4.000000000000e-04,6.149314603697e-07
8.000000000000e-04,4.709345412736e-06
4.000000000000e-04,1.187526016268e-06
4.000000000000e-04,4.140988012942e-06
4.000000000000e-04,1.814000318240e-07
4.000000000000e-04,1.421809488313e-06
8.000000000000e-04,1.871981119587e-06
8.000000000000e-04,5.073316948549e-06
4.000000000000e-04,3.136773778822e-06
1.600000000000e-03,1.547125365682e-05
4.000000000000e-04,6.709117377530e-07
8.000000000000e-04,4.581863746870e-07
4.000000000000e-04,1.444395244514e-06
2.000000000000e-03,1.184640436303e-05
4.000000000000e-04,4.332356083551e-06
4.000000000000e-04,7.435085313829e-07
4.000000000000e-04,9.912449879977e-07
4.080000000000e-02,6.253680494350e-04
4.000000000000e-04,2.448456534650e-07
4.000000000000e-04,2.077097693895e-06
4.000000000000e-04,3.295399012748e-07
4.000000000000e-04,6.899536164402e-07
4.000000000000e-04,1.853384052938e-06
4.000000000000e-04,6.245470671121e-07
4.000000000000e-04,2.552113551960e-06
4.000000000000e-04,6.996513564210e-07
4.000000000000e-04,1.841810792880e-06
8.000000000000e-04,5.785024330809e-07
4.000000000000e-04,9.297094882168e-07
8.000000000000e-04,3.078367663591e-06
1.600000000000e-03,7.723999753816e-06
4.000000000000e-04,7.113137742828e-07
4.800000000000e-03,4.405067394555e-05
2.000000000000e-03,1.025674019436e-05
1.400000000000e-02,1.953767792771e-04
4.000000000000e-04,2.914569982350e-06
4.000000000000e-04,3.612570623590e-08
1.600000000000e-03,8.069851882866e-06
4.000000000000e-04,1.149338565919e-07
4.000000000000e-04,1.447177904359e-06
1.600000000000e-03,8.645337241309e-06
4.000000000000e-04,1.161074611232e-06
4.000000000000e-04,1.547708785463e-06
4.000000000000e-04,8.096554048785e-07
1.200000000000e-03,2.209073865851e-06
4.000000000000e-04,9.248888242884e-07
4.000000000000e-04,1.313287212129e-06
5.600000000000e-03,7.987858156618e-05
4.000000000000e-04,1.864281779318e-09
4.000000000000e-04,9.260519905437e-07
1.200000000000e-03,4.329834567061e-06
4.000000000000e-04,1.765563218667e-06
4.000000000000e-04,6.300447369971e-07
8.000000000000e-04,2.822587877089e-06
8.000000000000e-04,3.328270235609e-06
4.000000000000e-04,1.746837027406e-07
4.000000000000e-04,2.601567011654e-06
4.000000000000e-04,6.633391298646e-07
8.000000000000e-04,2.850945118971e-06
1.200000000000e-03,1.337566821404e-05
4.000000000000e-04,8.729250141114e-07
1.200000000000e-03,6.578063353481e-06
4.000000000000e-04,2.210994435440e-06
1.200000000000e-03,1.640246136736e-05
4.000000000000e-04,1.369951082878e-06
4.400000000000e-03,4.216763414938e-05
8.000000000000e-04,2.851187442621e-06
4.000000000000e-04,1.716357034392e-07
1.200000000000e-03,1.164755350131e-05
4.000000000000e-04,1.694512912424e-06
4.000000000000e-04,4.612400590959e-07
4.000000000000e-04,1.408619391783e-06
4.000000000000e-04,1.673077382157e-06
4.000000000000e-04,1.843884568604e-06
4.000000000000e-04,2.082630694331e-06
4.000000000000e-04,5.834894061216e-07
4.000000000000e-04,2.671294673537e-06
1.600000000000e-03,4.217875625268e-06
8.000000000000e-04,5.811602833606e-06
4.000000000000e-04,1.010034904593e-06
4.000000000000e-04,3.778802204673e-07
4.000000000000e-04,2.745458664545e-07
4.000000000000e-04,1.037613708126e-06
4.000000000000e-04,8.266315326384e-07
1.200000000000e-03,6.684537015096e-06
4.000000000000e-04,1.293413882720e-06
8.000000000000e-04,2.381232786489e-06
3.200000000000e-03,2.602046495677e-05
4.000000000000e-04,4.575613733549e-07
4.000000000000e-04,3.740351152110e-06
1.200000000000e-03,2.519841767604e-06
4.000000000000e-04,7.363808646275e-07
8.000000000000e-04,6.206993036246e-06
4.000000000000e-04,2.194136902052e-06
1.200000000000e-03,1.052110643730e-05
4.000000000000e-04,2.510247472741e-06
8.000000000000e-04,4.972809543744e-06
4.000000000000e-04,2.797330677147e-06
4.000000000000e-04,1.068168138640e-06
4.000000000000e-04,7.510689417275e-07
4.000000000000e-04,8.603786038187e-07
2.800000000000e-03,2.107566057717e-05
1.600000000000e-03,7.828081772265e-06
4.000000000000e-04,1.986351519354e-06
4.000000000000e-04,1.129216376113e-06
4.000000000000e-04,3.556587213918e-06
4.000000000000e-04,5.220782783352e-07
4.000000000000e-04,1.003508746868e-06
8.000000000000e-04,2.628508822615e-06
4.000000000000e-04,6.675339783279e-07
2.000000000000e-03,1.906433154288e-05
4.000000000000e-04,2.830875193387e-07
9.200000000000e-03,1.022331872839e-04
1.200000000000e-03,9.474498069563e-06
4.000000000000e-04,3.773539047541e-06
4.000000000000e-04,9.360379363764e-07
1.560000000000e-02,1.698668131042e-04
4.000000000000e-04,2.921021289429e-06
2.000000000000e-03,1.675692465207e-05
4.000000000000e-04,3.003357666723e-06
4.000000000000e-04,3.717900649967e-06
4.000000000000e-04,8.149995193279e-07
4.000000000000e-04,2.940303625281e-06
8.000000000000e-04,1.516313014707e-06
4.000000000000e-03,1.499093159309e-05
4.000000000000e-04,1.275466095793e-06
4.000000000000e-04,1.152144455266e-06
4.000000000000e-04,1.423830785852e-06
8.000000000000e-04,1.394383832243e-06
4.000000000000e-04,3.467956569969e-07
4.000000000000e-04,1.128535512290e-06
8.000000000000e-04,2.385189560019e-06
4.000000000000e-04,4.749538687668e-07
4.000000000000e-04,1.060965022289e-07
4.000000000000e-04,2.521225145362e-07
2.800000000000e-03,2.540090127101e-05
4.000000000000e-04,1.288190401470e-06
8.000000000000e-04,2.320342680769e-06
2.800000000000e-03,2.197977995751e-05
4.000000000000e-04,3.718739991833e-07
4.000000000000e-04,3.141379008360e-06
1.200000000000e-03,4.312916356053e-06
4.000000000000e-04,3.980434825678e-06
8.000000000000e-03,1.092428862479e-04
4.400000000000e-03,3.587158667158e-05
4.000000000000e-04,1.068441711312e-06
4.000000000000e-04,2.309038033424e-06
7.200000000000e-03,6.708601975758e-05
4.000000000000e-04,5.486361105870e-08
4.000000000000e-04,5.259059311913e-07
4.000000000000e-04,2.266593347746e-06
4.000000000000e-04,3.547925090756e-06
2.000000000000e-03,8.736289963958e-06
3.600000000000e-03,3.182728483260e-05
2.400000000000e-03,3.261431940796e-05
1.200000000000e-03,9.324464368039e-06
8.000000000000e-04,1.405592200452e-06
1.200000000000e-03,1.234402436185e-05
6.800000000000e-03,4.443974806754e-05
2.000000000000e-03,7.246059504706e-06
4.000000000000e-04,4.316267189587e-06
8.000000000000e-04,6.554629412326e-06
4.000000000000e-04,2.901634273605e-06
4.000000000000e-04,3.845240084094e-07
4.000000000000e-04,9.582602916772e-07
4.000000000000e-03,3.276602869193e-05
4.000000000000e-04,9.441930071856e-07
2.400000000000e-03,2.112074976400e-05
4.000000000000e-04,7.373634444773e-07
4.000000000000e-04,2.790666499013e-07
4.000000000000e-04,3.752958828968e-06
4.000000000000e-04,2.062377207816e-06
4.000000000000e-04,1.644973587323e-06
4.000000000000e-04,1.079898195483e-06
3.200000000000e-03,2.698638236174e-05
8.000000000000e-04,3.674916862558e-06
2.400000000000e-03,6.032771121243e-06
4.000000000000e-04,5.604097113596e-07
4.000000000000e-04,1.794529991088e-07
4.640000000000e-02,1.098144244622e-03
2.000000000000e-03,8.303712777468e-06
4.000000000000e-04,3.627443197888e-07
3.560000000000e-02,4.630171643716e-04
4.000000000000e-04,1.888367272535e-06
1.200000000000e-03,6.693830632256e-06
1.200000000000e-03,6.917386424050e-06
2.800000000000e-03,2.034819785460e-05
4.000000000000e-04,2.322982187332e-06
8.000000000000e-04,7.648165565322e-06
2.640000000000e-02,4.933930994275e-04
1.600000000000e-03,5.266996735407e-06
4.000000000000e-04,3.916238145138e-06
4.000000000000e-04,8.425203633306e-07
2.800000000000e-03,1.246570087739e-05
8.000000000000e-04,4.209684024614e-06
4.000000000000e-04,3.773089473374e-07
4.000000000000e-04,3.117258065058e-08
8.000000000000e-04,9.322221421756e-06
4.000000000000e-04,2.920332858777e-07
4.000000000000e-04,3.943496220543e-06
4.000000000000e-04,3.630293595408e-06
1.600000000000e-03,7.352265531384e-06
1.880000000000e-02,1.805248016412e-04
8.000000000000e-04,5.057696056691e-06
4.000000000000e-04,6.833590030808e-07
8.000000000000e-04,4.289240047473e-06
4.000000000000e-04,2.777989238933e-06
4.000000000000e-04,1.101336192052e-06
2.800000000000e-03,3.222448371645e-05
1.640000000000e-02,2.070475494762e-04
2.800000000000e-03,1.194800210379e-05
2.400000000000e-03,1.252298377569e-05
8.000000000000e-04,6.866804970141e-06
4.000000000000e-04,1.029379894874e-06
4.000000000000e-04,1.624598084915e-06
4.000000000000e-04,3.399375758578e-06
2.000000000000e-03,8.178039158045e-06
4.000000000000e-04,1.054522792553e-06
2.000000000000e-03,1.533438605604e-05
4.000000000000e-04,9.737916210230e-07
2.800000000000e-03,1.101034918402e-05
6.800000000000e-03,5.280982058375e-05
8.000000000000e-04,7.179775698346e-06
4.000000000000e-04,1.348016825962e-06
4.000000000000e-04,1.050203319748e-06
4.000000000000e-04,1.739912510419e-06
4.000000000000e-04,5.289507820168e-07
8.000000000000e-04,1.470122389436e-06
2.000000000000e-03,7.631255018068e-06
4.000000000000e-04,2.338426368463e-06
4.000000000000e-04,7.998162972367e-08
3.200000000000e-03,2.642538552856e-05
2.000000000000e-03,1.524818065257e-05
4.000000000000e-04,2.534888495016e-06
4.000000000000e-04,1.116565458898e-06
1.200000000000e-03,2.186953690088e-06
4.000000000000e-04,1.508417393770e-07
4.000000000000e-04,1.828905438853e-07
4.000000000000e-04,2.626284727854e-06
4.000000000000e-04,1.164684849672e-06
1.200000000000e-03,6.344780124136e-06
1.600000000000e-03,6.076453607681e-06
2.000000000000e-03,1.953210892719e-05
4.000000000000e-04,4.297254666094e-06
4.000000000000e-04,4.342994720857e-08
4.000000000000e-04,1.690141524508e-07
4.000000000000e-04,2.432393576370e-07
1.200000000000e-03,4.361291658017e-06
2.800000000000e-03,6.061400596346e-06
7.640000000000e-02,1.792380731722e-03
4.000000000000e-04,1.520702987690e-06
1.200000000000e-03,1.002780385621e-05
4.000000000000e-04,8.222512662638e-07
4.000000000000e-04,2.273169971914e-07
4.000000000000e-04,8.487509535046e-08
4.000000000000e-04,2.031500181704e-07
4.000000000000e-04,2.458583452187e-06
4.000000000000e-04,6.739645050761e-07
1.600000000000e-03,1.655850327748e-05
4.000000000000e-04,1.744356243387e-06
4.000000000000e-04,3.751831698993e-07
4.000000000000e-04,1.214864982061e-06
4.000000000000e-04,5.413989549473e-07
4.000000000000e-04,1.927971847858e-06
4.840000000000e-02,7.352820905505e-04
4.000000000000e-04,1.392065001332e-06
4.000000000000e-04,7.111232757375e-08
8.000000000000e-04,1.736767690152e-06
4.000000000000e-04,1.093982124815e-06
4.000000000000e-04,5.507375612792e-06
1.200000000000e-03,1.261186336604e-05
2.400000000000e-03,1.364107548994e-05
4.000000000000e-04,2.795639532289e-07
8.000000000000e-04,7.027365444897e-06
4.000000000000e-04,8.335091463630e-07
4.400000000000e-03,3.056852843053e-05
4.000000000000e-04,1.264092674191e-06
4.000000000000e-04,2.162065599089e-06
8.000000000000e-04,3.207410679083e-06
4.000000000000e-04,2.806123596528e-06
4.000000000000e-04,3.992198574039e-08
4.000000000000e-04,1.165081547383e-06
4.000000000000e-04,3.289557270902e-06
1.200000000000e-03,3.172938042735e-06
4.000000000000e-04,8.346041371235e-07
2.800000000000e-03,1.268528522611e-05
7.200000000000e-03,7.361509990362e-05
1.200000000000e-03,3.495391231181e-06
1.600000000000e-03,1.123136339722e-05
1.600000000000e-03,7.623766784266e-06
8.000000000000e-04,2.945515840509e-06
4.000000000000e-04,4.964015945792e-07
4.000000000000e-04,1.035644866092e-06
8.000000000000e-04,1.344758378219e-07
4.000000000000e-04,4.898138498618e-07
8.000000000000e-04,2.074795324194e-06
2.000000000000e-03,1.352161646183e-05
3.200000000000e-03,1.716072026298e-05
2.000000000000e-03,9.476610628353e-06
4.000000000000e-04,2.398381630488e-07
2.800000000000e-03,2.282558755271e-05
8.000000000000e-04,2.034275880086e-06
4.000000000000e-04,1.682308609498e-06
4.840000000000e-02,1.268090775551e-03
4.000000000000e-04,1.884993904140e-07
4.000000000000e-04,2.173250576483e-06
4.000000000000e-04,6.604303948142e-07
8.000000000000e-04,2.038760776913e-06
4.000000000000e-04,2.417476154591e-07
8.000000000000e-04,5.770032112646e-06
8.800000000000e-03,1.191409633263e-04
4.000000000000e-04,2.505785508117e-06
8.000000000000e-04,1.542495160954e-06
4.000000000000e-04,6.186563515515e-07
4.000000000000e-04,9.001117579118e-08
4.000000000000e-04,1.452825401760e-06
4.000000000000e-04,1.101609386692e-06
4.000000000000e-04,2.144573346948e-06
4.000000000000e-04,8.130785638859e-07
4.000000000000e-04,2.002916012840e-06
8.000000000000e-04,6.177547936757e-06
8.000000000000e-04,1.832804938955e-06
4.000000000000e-04,2.911525142731e-07
4.000000000000e-04,3.384491330018e-06
1.200000000000e-03,6.084021933596e-06
4.000000000000e-04,3.225915007737e-07
4.000000000000e-04,5.435073821184e-07
4.000000000000e-04,7.957497552049e-07
4.000000000000e-04,1.950838475632e-06
4.000000000000e-04,5.303569535523e-07
8.000000000000e-04,1.204103436154e-06
2.480000000000e-02,6.073344853218e-04
8.000000000000e-04,3.330700101833e-06
2.800000000000e-03,1.915313548759e-05
4.000000000000e-04,7.282152458071e-07
4.400000000000e-03,4.353282463246e-05
4.000000000000e-04,2.143969018433e-06
1.200000000000e-03,5.068333279843e-06
1.600000000000e-03,7.725292059806e-06
1.200000000000e-03,6.418495328164e-06
8.800000000000e-03,7.174687846636e-05
4.000000000000e-04,8.388649931296e-07
1.200000000000e-03,9.064853808126e-06
2.800000000000e-03,2.025446720400e-05
4.000000000000e-04,1.048025734341e-07
4.000000000000e-04,9.208794380092e-07
1.360000000000e-02,2.136585347788e-04
1.200000000000e-03,4.465449557505e-06
4.000000000000e-04,1.741634482682e-06
4.000000000000e-04,1.427565051926e-06
1.200000000000e-03,8.972901866165e-06
4.000000000000e-04,9.235808799795e-08
4.000000000000e-04,4.395212289624e-06
4.000000000000e-04,1.571525277487e-06
8.000000000000e-04,4.120607797796e-06
4.000000000000e-04,2.477252426504e-07
4.000000000000e-04,9.529232211045e-07
1.600000000000e-03,1.086765001723e-05
1.640000000000e-02,2.486128441660e-04
4.000000000000e-04,1.399610043541e-06
4.000000000000e-04,3.662010874849e-06
4.000000000000e-04,1.033707008069e-06
8.000000000000e-04,6.225626056157e-07
4.000000000000e-04,3.593412140748e-07
1.200000000000e-03,1.642780192806e-06
4.000000000000e-04,1.561373930208e-07
4.000000000000e-04,4.212443624328e-07
4.000000000000e-04,1.242228706585e-06
4.000000000000e-04,3.322118538566e-06
4.000000000000e-04,2.277376240649e-06
1.200000000000e-03,1.968989345365e-06
9.200000000000e-03,1.013076018056e-04
4.000000000000e-04,3.393096305841e-06
2.000000000000e-03,1.432998285164e-05
4.000000000000e-04,8.140218411861e-07
4.000000000000e-04,8.937861686567e-07
4.000000000000e-04,2.955646140662e-06
4.000000000000e-04,1.942194745809e-06
4.000000000000e-04,8.537683075271e-08
4.000000000000e-04,4.036998196366e-09
4.000000000000e-04,9.686697837809e-08
4.000000000000e-04,3.178190611332e-06
4.000000000000e-04,9.838864448903e-07
4.000000000000e-04,1.835472591864e-06
4.000000000000e-04,8.024576629655e-07
4.000000000000e-04,4.699525958581e-07
4.000000000000e-04,2.860715510336e-07
4.000000000000e-04,2.300104442813e-07
3.600000000000e-03,3.435791644602e-05
4.000000000000e-04,3.455093012286e-06
4.000000000000e-04,1.735443852058e-06
4.000000000000e-04,8.727950833123e-07
4.000000000000e-04,2.256799480671e-06
4.000000000000e-04,2.412465885309e-06
4.000000000000e-04,4.212062290560e-06
1.600000000000e-03,1.073744374667e-05
4.000000000000e-04,6.864950057571e-07
4.000000000000e-04,9.670008295989e-07
2.400000000000e-03,3.412993102305e-05
4.000000000000e-04,3.660581054518e-07
4.000000000000e-04,5.455580545834e-07
4.000000000000e-04,9.964713373378e-09
7.200000000000e-03,1.004550610696e-04
4.400000000000e-03,6.116709657168e-05
2.400000000000e-03,2.554805393854e-05
1.600000000000e-03,1.310916793939e-05
8.000000000000e-04,6.566504935352e-06
1.200000000000e-03,4.714051863687e-06
4.000000000000e-04,1.358090482030e-06
1.200000000000e-03,8.624323192623e-06
2.000000000000e-03,1.236732584886e-05
4.000000000000e-04,1.392584013978e-06
8.000000000000e-04,2.830574201610e-06
4.000000000000e-04,5.095391229733e-06
4.000000000000e-04,1.683898863407e-06
4.000000000000e-04,1.259530013628e-07
8.000000000000e-04,3.424576219076e-06
8.000000000000e-04,6.219659745854e-06
4.000000000000e-04,2.485514573153e-06
4.000000000000e-04,4.617439279505e-06
4.000000000000e-04,2.339038728716e-06
4.000000000000e-04,8.631571120139e-07
4.000000000000e-04,7.693592869748e-07
1.600000000000e-03,1.327936223922e-05
4.000000000000e-04,1.554956060418e-07
4.000000000000e-04,4.857931323357e-07
4.000000000000e-04,6.407553614179e-07
4.000000000000e-04,2.623054058448e-06
8.000000000000e-04,4.779800539191e-06
2.000000000000e-03,1.618168675674e-05
2.400000000000e-03,1.717859116169e-05
1.000000000000e-02,1.201842440385e-04
1.200000000000e-03,4.851045620294e-06
8.000000000000e-04,5.478954098124e-06
1.580000000000e-01,2.973319169269e-03
4.000000000000e-04,2.079004955784e-06
4.000000000000e-04,1.134779494549e-07
8.000000000000e-04,2.589948278487e-06
4.000000000000e-04,7.032420487452e-06
2.364000000000e-01,5.383144932985e-03
8.000000000000e-04,6.428579938170e-06
2.800000000000e-03,2.240723168229e-05
2.892000000000e-01,9.297794025510e-03
4.000000000000e-04,4.573177501617e-07
4.000000000000e-04,2.169778365074e-07
4.000000000000e-04,7.893211280902e-07
4.000000000000e-04,1.678935361943e-06
5.920000000000e-02,2.044285946601e-03
4.000000000000e-04,8.220015651650e-09
2.400000000000e-02,4.082164463608e-04
4.400000000000e-02,8.932165559445e-04
1.280000000000e-02,1.049645946751e-04
4.000000000000e-04,4.426921521900e-07
4.000000000000e-04,3.821587400169e-06
9.200000000000e-03,7.041027999820e-05
4.000000000000e-04,7.952571086165e-07
8.000000000000e-04,4.936797995202e-06
8.000000000000e-04,3.256269601667e-06
4.000000000000e-04,2.954784454507e-06
4.000000000000e-04,4.727240272899e-06
2.800000000000e-03,1.297102794263e-05
4.000000000000e-04,1.081598544304e-07
4.000000000000e-04,1.929311802653e-07
6.000000000000e-03,3.539511167100e-05
4.000000000000e-04,1.746042525703e-06
4.000000000000e-04,6.096418771907e-07
4.000000000000e-04,7.688121015473e-08
1.480000000000e-02,1.453269351183e-04
1.600000000000e-03,9.433587025332e-06
4.000000000000e-04,2.318713398870e-07
4.000000000000e-04,2.335371559447e-06
4.000000000000e-04,1.954687175190e-08
4.000000000000e-04,8.187424623533e-08
4.000000000000e-04,1.426285073779e-06
4.000000000000e-04,1.223169359038e-07
1.200000000000e-03,1.075681207558e-05
4.000000000000e-04,8.399263757841e-07
4.000000000000e-04,6.062143462090e-07
9.200000000000e-03,5.732088840350e-05
4.000000000000e-04,1.484868720008e-06
4.000000000000e-04,2.050565599022e-06
1.200000000000e-03,7.644681553511e-06
8.000000000000e-04,4.298532558639e-06
1.200000000000e-03,6.943263386942e-06
4.000000000000e-04,1.098155018463e-06
8.000000000000e-04,1.445748668449e-07
8.000000000000e-04,9.332790130558e-07
8.000000000000e-04,4.298410490955e-06
1.600000000000e-03,7.521991752401e-06
4.000000000000e-04,4.866813759967e-07
1.200000000000e-03,5.104669229680e-06
4.000000000000e-04,6.801280973145e-07
4.000000000000e-04,1.656718669729e-06
8.000000000000e-04,4.069906549024e-06
4.000000000000e-04,2.435031567316e-06
4.000000000000e-04,3.415756546961e-07
8.000000000000e-04,6.475282122492e-06
4.000000000000e-04,1.690649760096e-06
4.000000000000e-04,2.802415189743e-07
4.000000000000e-04,9.266203856541e-07
7.600000000000e-03,7.832012108478e-05
4.000000000000e-04,1.772664497636e-07
4.000000000000e-04,9.877975495092e-07
1.280000000000e-02,1.452191666831e-04
2.800000000000e-03,1.700615306521e-05
4.000000000000e-04,5.801287539380e-07
4.000000000000e-04,1.213003875201e-06
4.000000000000e-04,3.403221555129e-07
1.600000000000e-03,1.139313680365e-05
4.000000000000e-02,8.011690364150e-04
4.000000000000e-04,7.840481720585e-07
4.000000000000e-04,1.853669813163e-06
4.000000000000e-04,1.794050490330e-06
4.000000000000e-04,1.840736199040e-06
4.000000000000e-04,5.321609483669e-08
4.000000000000e-04,8.912479650017e-07
4.000000000000e-04,8.290126078890e-07
4.000000000000e-04,9.756309203092e-07
4.000000000000e-04,7.608347903138e-07
1.200000000000e-03,1.924891004847e-06
4.000000000000e-04,1.447989765398e-06
4.000000000000e-04,7.621136308314e-07
4.000000000000e-04,7.938509952128e-07
6.400000000000e-03,4.709819622674e-05
8.000000000000e-04,1.826810415428e-06
4.000000000000e-04,1.608601422264e-06
8.000000000000e-04,1.222484894995e-06
4.000000000000e-04,2.217506492516e-07
8.000000000000e-04,4.774959055801e-06
1.600000000000e-03,1.353458735936e-05
4.000000000000e-03,2.095353434266e-05
4.000000000000e-04,3.773881415766e-07
4.000000000000e-04,2.095849502806e-07
1.200000000000e-03,5.211978874576e-06
4.000000000000e-04,1.125785813398e-06
5.600000000000e-03,2.490724560886e-05
8.000000000000e-04,2.698732869896e-06
2.000000000000e-03,1.029853673380e-05
4.000000000000e-04,3.336739240229e-07
4.000000000000e-04,2.725769937359e-06
8.000000000000e-04,8.053610753926e-06
2.800000000000e-03,1.775907261490e-05
4.000000000000e-04,3.963365310998e-07
4.000000000000e-04,1.523840802063e-08
5.200000000000e-03,3.425161365950e-05
4.000000000000e-04,2.765763521007e-06
8.000000000000e-04,2.936382622722e-06
4.000000000000e-04,1.144758888881e-06
1.200000000000e-03,8.570086910069e-06
4.000000000000e-04,5.424435778804e-07
4.000000000000e-04,7.434473237687e-07
4.000000000000e-04,8.599908666632e-07
4.000000000000e-04,6.479390399195e-07
4.000000000000e-04,1.427341021331e-07
4.400000000000e-03,4.370963317088e-05
4.000000000000e-04,7.230873085462e-07
8.000000000000e-04,3.838816573422e-06
4.000000000000e-04,1.400289551338e-06
2.000000000000e-03,1.886753967827e-05
4.000000000000e-04,2.131975259390e-06
2.400000000000e-03,1.955027939243e-05
4.000000000000e-04,3.623566808214e-06
4.000000000000e-04,2.202335804342e-06
4.000000000000e-04,1.274445474971e-06
4.000000000000e-04,3.386477165043e-08
8.000000000000e-04,7.269279878515e-06
4.000000000000e-04,5.516402427352e-08
4.000000000000e-04,1.588123999450e-06
4.000000000000e-04,2.561457268212e-06
4.000000000000e-04,2.913046301928e-07
4.000000000000e-04,1.042100112383e-06
4.000000000000e-04,5.272340368383e-07
4.000000000000e-04,5.349185435552e-07
4.000000000000e-04,2.072342078938e-06
4.000000000000e-04,2.303965038262e-06
4.000000000000e-04,2.671826229972e-06
4.000000000000e-04,9.956548200660e-07
4.000000000000e-04,1.681434228372e-06
1.200000000000e-03,4.790645624669e-06
1.200000000000e-03,5.599499801177e-06
4.000000000000e-04,9.463893067113e-07
4.000000000000e-04,6.969159410171e-07
1.400000000000e-02,1.488655948755e-04
4.000000000000e-04,1.305982100927e-06
2.000000000000e-03,8.187322245801e-06
2.000000000000e-03,1.212379124941e-05
4.000000000000e-04,4.020520487186e-06
4.400000000000e-03,3.410645338367e-05
4.000000000000e-04,1.112040579123e-06
4.000000000000e-04,5.531746880235e-07
2.000000000000e-03,7.628225276983e-06
4.000000000000e-04,2.837280353122e-07
2.000000000000e-03,2.191436531701e-05
4.000000000000e-04,1.685935992294e-06
2.400000000000e-03,1.903824138027e-05
8.000000000000e-04,1.797282051887e-06
4.000000000000e-04,2.617019813038e-07
4.000000000000e-04,4.552747683919e-07
1.200000000000e-03,6.521236819711e-06
4.000000000000e-04,2.509063860689e-06
2.800000000000e-03,1.194889118493e-05
1.600000000000e-03,6.259230515459e-06
8.000000000000e-04,9.875778029643e-06
1.200000000000e-03,6.755172715792e-06
4.000000000000e-04,9.793762389153e-07
4.000000000000e-04,9.046260379767e-07
4.000000000000e-04,2.641218772570e-07
4.000000000000e-04,1.204563384624e-06
4.000000000000e-04,1.662307868738e-06
3.080000000000e-02,3.770692567665e-04
8.000000000000e-04,5.207186956111e-06
4.000000000000e-04,1.740868377453e-06
8.000000000000e-04,3.408026124406e-06
4.000000000000e-04,3.238803495612e-07
8.000000000000e-04,5.417976633573e-06
4.000000000000e-04,3.366073856179e-08
4.000000000000e-04,4.497169150541e-07
4.000000000000e-04,1.429588391588e-07
4.000000000000e-04,3.440443337436e-07
4.000000000000e-04,1.229396518056e-06
4.000000000000e-04,5.372694283914e-07
8.000000000000e-04,1.775225910867e-06
4.000000000000e-04,1.178855940726e-06
1.600000000000e-03,1.838689175047e-05
4.000000000000e-04,2.285674852027e-06
4.000000000000e-04,1.763457659429e-06
1.200000000000e-03,3.526768224656e-06
4.000000000000e-04,9.247542263317e-07
1.200000000000e-03,1.233652011581e-05
8.000000000000e-04,3.085701125732e-07
4.000000000000e-04,1.961170843048e-06
4.000000000000e-04,9.966657675339e-07
4.000000000000e-04,2.089330530152e-06
4.000000000000e-04,3.292097497620e-06
8.000000000000e-04,4.297040234999e-06
4.000000000000e-04,4.563891504052e-07
4.000000000000e-04,3.857573696705e-07
8.000000000000e-04,3.527827809192e-06
4.000000000000e-04,1.400546933927e-07
1.200000000000e-03,4.758105800690e-06
4.000000000000e-04,1.155755827004e-06
1.200000000000e-03,4.756203001273e-06
4.000000000000e-04,3.017979566882e-07
8.000000000000e-04,1.036727550340e-06
1.200000000000e-03,6.369904005769e-06
2.800000000000e-03,1.248622235029e-05
4.000000000000e-04,2.265930308865e-06
2.000000000000e-03,5.135109858631e-06
4.000000000000e-04,1.733509051844e-06
8.000000000000e-04,1.273414212231e-06
1.200000000000e-03,9.349302973097e-06
8.000000000000e-04,1.538845559430e-06
4.000000000000e-04,3.495025785756e-07
4.000000000000e-04,2.196044766699e-06
2.800000000000e-03,1.294648243363e-05
4.000000000000e-04,5.392063600253e-07
4.000000000000e-04,9.325141343365e-07
4.000000000000e-04,1.329818949845e-06
1.200000000000e-03,3.774604540102e-06
4.000000000000e-04,2.286437796970e-06
1.600000000000e-03,6.979199463042e-06
4.000000000000e-04,1.244241153235e-06
2.400000000000e-03,1.467683470025e-05
8.000000000000e-04,2.556108761354e-06
8.000000000000e-04,6.236307154994e-06
8.000000000000e-04,2.109351205768e-06
4.000000000000e-04,6.447590812951e-07
4.000000000000e-04,1.285138077581e-06
4.000000000000e-04,1.745852589526e-07
8.000000000000e-04,6.718664743241e-06
4.000000000000e-04,1.138493364803e-06
4.000000000000e-04,6.572313562706e-07
2.000000000000e-03,1.781567697290e-05
4.000000000000e-04,1.367327863447e-06
4.000000000000e-04,3.538244410497e-07
4.000000000000e-04,1.737282634405e-06
4.000000000000e-04,5.398535282756e-07
4.000000000000e-04,2.416985992363e-06
4.000000000000e-04,7.414143531507e-07
8.000000000000e-04,3.684862660429e-06
8.000000000000e-04,1.839786646783e-06
8.000000000000e-04,5.759983705504e-06
4.000000000000e-04,5.351770359507e-07
1.200000000000e-03,4.284827035945e-06
2.400000000000e-03,1.520248081986e-05
4.000000000000e-04,1.785289950707e-06
8.000000000000e-04,5.358826603999e-07
1.600000000000e-03,1.313785932334e-05
4.000000000000e-04,1.183498806254e-07
4.000000000000e-04,1.906564808383e-06
4.000000000000e-04,6.287970346743e-07
4.000000000000e-04,2.104195460044e-06
6.400000000000e-03,7.083243868945e-05
4.000000000000e-04,2.233632938095e-06
4.000000000000e-04,9.060042737541e-07
3.200000000000e-03,2.721863789016e-05
4.000000000000e-04,3.593714581467e-06
4.000000000000e-04,2.486527541662e-06
4.000000000000e-04,9.819863752392e-07
4.000000000000e-04,1.642490946293e-06
8.400000000000e-03,6.817239953080e-05
8.000000000000e-04,3.355874764681e-06
4.000000000000e-04,4.006263785964e-06
4.000000000000e-04,6.652421700302e-07
1.600000000000e-03,2.526897125366e-06
4.000000000000e-04,2.040765895063e-07
4.000000000000e-04,9.576593689185e-07
8.000000000000e-04,2.242842525115e-06
1.400000000000e-02,1.539568239008e-04
4.000000000000e-04,3.768844749357e-07
3.200000000000e-03,1.221170565046e-05
4.000000000000e-04,7.034614880603e-07
4.000000000000e-04,7.348455629104e-08
1.200000000000e-03,6.071594595943e-06
4.000000000000e-04,1.675892808190e-07
8.000000000000e-04,3.483713137237e-06
8.000000000000e-04,3.877855246048e-06
2.000000000000e-03,9.527600079752e-06
4.000000000000e-04,1.475832409869e-06
2.400000000000e-03,2.169673164022e-05
4.000000000000e-04,9.848464223974e-07
4.000000000000e-04,1.319880146033e-07
4.400000000000e-03,5.297606069644e-05
1.040000000000e-02,6.828112282726e-05
4.000000000000e-04,1.430894131120e-06
2.000000000000e-03,9.601645624697e-06
4.000000000000e-04,5.865643730519e-07
1.697200000000e+00,6.053307234120e-02
8.000000000000e-04,7.925521584481e-07
1.200000000000e-03,2.272834058445e-06
4.000000000000e-04,5.276874947700e-07
4.000000000000e-04,2.311436217433e-07
8.000000000000e-04,3.108381361751e-06
8.000000000000e-04,7.489754909014e-06
1.200000000000e-03,2.649202791383e-06
8.000000000000e-04,2.844073281260e-06
4.000000000000e-04,3.293452142209e-07
1.200000000000e-03,3.597639619376e-06
4.000000000000e-04,3.125806269258e-07
4.000000000000e-04,2.941015727818e-06
4.000000000000e-04,2.550913885900e-06
1.600000000000e-03,6.503689318828e-06
1.200000000000e-03,7.113035379194e-06
4.000000000000e-04,1.657629952044e-06
4.000000000000e-04,6.533112497565e-07
1.200000000000e-03,4.912135338552e-06
1.200000000000e-02,9.432308791186e-05
8.000000000000e-04,8.487434392775e-06
4.000000000000e-04,1.285814024566e-06
1.600000000000e-03,1.027011108267e-05
4.000000000000e-04,4.762367711396e-06
4.000000000000e-04,1.550409935390e-06
5.600000000000e-03,6.293672168980e-05
8.000000000000e-04,1.779135266222e-06
4.000000000000e-04,1.763670609228e-07
4.000000000000e-04,2.565894621875e-07
4.000000000000e-04,1.131573446644e-06
4.000000000000e-04,1.901502942971e-06
4.000000000000e-04,2.445243898636e-06
4.000000000000e-04,1.265398533471e-06
8.000000000000e-04,7.042498108467e-06
6.400000000000e-03,5.748067402455e-05
8.000000000000e-04,1.607531776273e-06
4.000000000000e-04,2.665319923755e-06
4.000000000000e-04,6.937279226791e-07
4.000000000000e-04,4.689974605301e-07
8.000000000000e-04,3.188819271031e-07
4.000000000000e-04,3.113441661587e-06
4.000000000000e-04,3.128636463770e-07
2.560000000000e-02,5.578683383627e-04
4.000000000000e-04,1.618200896269e-07
4.000000000000e-04,2.839049750071e-07
1.200000000000e-03,1.073690630196e-05
4.000000000000e-04,6.008212365717e-07
8.000000000000e-04,5.086769020567e-06
4.000000000000e-04,5.879937309888e-07
4.000000000000e-04,1.347368864468e-06
4.000000000000e-04,8.655195015857e-07
4.000000000000e-04,8.924909802678e-07
4.000000000000e-04,8.469196823708e-07
4.000000000000e-04,5.404207461509e-07
1.080000000000e-02,1.003883435671e-04
8.000000000000e-04,3.873829108303e-06
4.000000000000e-04,4.565574859228e-06
4.000000000000e-04,7.008315877474e-07
4.000000000000e-04,2.083560346078e-06
4.000000000000e-04,7.361960304909e-07
4.000000000000e-04,1.078149379410e-06
4.000000000000e-04,7.941716666881e-07
4.000000000000e-04,4.711391072828e-07
8.000000000000e-04,3.080031709407e-06
4.000000000000e-04,1.597303972687e-06
8.000000000000e-04,4.534639884147e-06
4.000000000000e-04,3.398796538827e-08
1.600000000000e-03,1.536330564917e-06
1.200000000000e-03,6.338507106770e-06
2.400000000000e-03,1.217217137549e-05
4.000000000000e-04,3.844933109279e-07
2.400000000000e-03,1.381432333558e-05
4.000000000000e-04,5.004280464537e-07
1.200000000000e-03,3.071910817607e-06
4.000000000000e-04,2.705938443780e-06
4.000000000000e-04,1.333732276400e-06
2.400000000000e-03,1.396719187698e-05
4.000000000000e-04,4.230580375897e-06
8.000000000000e-04,9.660820361275e-07
4.000000000000e-04,1.879550347089e-06
3.200000000000e-03,2.965492593936e-05
4.000000000000e-04,3.576903647980e-06
8.800000000000e-03,6.316148616707e-05
4.000000000000e-04,8.259284264288e-07
4.000000000000e-04,1.139602216522e-06
4.000000000000e-04,4.730812060466e-07
4.000000000000e-04,1.527529022303e-06
1.160000000000e-02,1.220622886079e-04
4.000000000000e-04,8.122161842612e-07
4.000000000000e-04,1.103957598072e-07
4.000000000000e-04,1.367262053623e-06
1.200000000000e-03,7.160322311621e-06
4.000000000000e-04,2.814863827240e-06
2.800000000000e-03,1.253756775109e-05
4.000000000000e-04,3.965193340381e-07
8.000000000000e-04,4.141842169178e-07
8.000000000000e-04,4.353122438340e-06
8.000000000000e-04,3.644389206675e-06
4.000000000000e-04,4.076230389469e-06
1.200000000000e-03,5.372374580694e-06
4.000000000000e-04,1.162326445553e-07
8.000000000000e-04,2.822681275162e-06
1.600000000000e-03,8.119511989207e-06
4.000000000000e-04,2.037668348553e-06
1.680000000000e-02,2.429961085474e-04
3.600000000000e-03,2.152498789099e-05
1.200000000000e-03,8.809155839175e-06
1.600000000000e-03,9.276577479193e-06
4.000000000000e-04,8.871341447214e-07
8.000000000000e-04,6.089335454334e-06
8.000000000000e-04,1.139601075039e-06
7.600000000000e-03,5.241034389358e-05
4.000000000000e-04,1.306664543807e-06
4.000000000000e-04,1.273725026223e-06
1.160000000000e-02,1.308051727991e-04
4.000000000000e-04,2.431956985197e-06
4.000000000000e-04,3.495302519537e-07
4.000000000000e-04,4.010979581556e-07
4.000000000000e-04,5.471337159744e-07
8.000000000000e-04,8.668785604160e-07
8.000000000000e-04,2.114299624692e-06
4.000000000000e-04,1.000708615100e-06
4.000000000000e-04,6.156960911164e-07
8.000000000000e-04,3.379936870536e-06
4.000000000000e-04,1.266558618006e-06
4.000000000000e-04,1.202652876063e-06
8.000000000000e-04,2.004731254058e-06
4.000000000000e-04,1.684994414601e-06
4.000000000000e-04,6.270716888205e-07
4.000000000000e-04,2.396225471524e-06
4.000000000000e-04,3.317678527954e-06
4.000000000000e-04,2.887536358281e-06
4.000000000000e-04,1.594639868134e-06
4.000000000000e-04,4.754511877790e-06
2.400000000000e-03,6.575688725909e-06
1.200000000000e-03,6.687466636831e-06
1.200000000000e-03,8.237488484371e-06
4.000000000000e-04,2.714240760517e-06
4.000000000000e-04,3.091035458267e-06
4.800000000000e-03,2.829323268684e-05
4.000000000000e-04,4.244201013956e-07
1.200000000000e-03,1.184441639619e-05
4.000000000000e-04,2.277511723639e-06
8.000000000000e-04,2.072037576631e-06
4.000000000000e-04,4.783133628594e-08
2.800000000000e-03,2.210859743052e-05
7.600000000000e-03,6.799059650598e-05
4.000000000000e-04,4.662463145067e-07
8.000000000000e-03,5.291116737462e-05
4.000000000000e-04,2.621622183386e-07
1.200000000000e-03,3.819120922829e-06
1.200000000000e-03,5.593615390104e-06
4.000000000000e-04,1.380202013161e-06
4.000000000000e-04,1.360065787483e-06
1.200000000000e-03,4.259114279228e-06
4.000000000000e-04,4.157931513127e-07
4.000000000000e-04,4.573207677429e-06
4.000000000000e-04,7.929265888552e-07
4.000000000000e-04,3.562080324872e-06
4.000000000000e-04,2.958063244598e-06
4.000000000000e-04,2.778881245857e-07
4.000000000000e-04,1.937066724624e-06
1.600000000000e-03,2.248744381431e-06
2.400000000000e-03,9.489600931810e-06
4.000000000000e-04,1.394881639842e-07
1.200000000000e-03,7.654441630899e-06
4.000000000000e-04,9.837063326027e-07
4.000000000000e-04,2.071655913705e-06
4.800000000000e-03,3.668966476477e-05
4.000000000000e-04,1.541558653543e-06
4.000000000000e-04,4.330256204056e-07
2.400000000000e-03,1.047512175604e-05
1.200000000000e-03,2.296940429643e-06
4.000000000000e-04,4.122959170226e-06
4.000000000000e-04,6.960903510493e-07
1.200000000000e-03,6.495629776293e-06
4.000000000000e-04,2.733182661978e-06
8.000000000000e-04,3.855711719303e-06
4.000000000000e-04,1.741095673669e-06
4.000000000000e-04,1.255692026306e-07
8.000000000000e-04,3.581441547090e-06
4.000000000000e-04,2.810570445597e-06
2.400000000000e-03,1.584180569241e-05
4.000000000000e-04,1.192237947288e-06
8.000000000000e-03,4.583334200044e-05
4.000000000000e-04,1.506743685964e-06
8.000000000000e-04,2.417673460881e-06
4.000000000000e-04,4.659513836228e-08
5.600000000000e-03,7.618693707035e-05
2.000000000000e-03,4.815690288168e-06
4.000000000000e-04,1.376407602705e-06
1.600000000000e-03,1.467794012207e-05
4.000000000000e-04,3.247169881597e-07
4.000000000000e-04,5.444769342725e-06
3.200000000000e-03,2.136935367541e-05
4.000000000000e-04,1.436427032892e-06
8.000000000000e-04,5.504235662613e-06
4.000000000000e-04,1.791859258123e-06
4.000000000000e-04,2.378987008883e-06
4.000000000000e-04,3.815587393199e-06
4.000000000000e-04,1.842079355079e-06
4.000000000000e-04,6.403736267509e-07
4.000000000000e-04,5.216121597641e-07
8.000000000000e-04,7.080276965021e-06
8.000000000000e-04,2.281486340852e-06
5.600000000000e-03,3.911808864321e-05
4.400000000000e-03,7.974382581241e-05
1.080000000000e-02,1.273282145444e-04
3.200000000000e-03,3.645578298587e-05
4.000000000000e-04,7.733515814655e-07
4.000000000000e-04,1.021953565603e-06
1.200000000000e-03,6.760961542348e-06
4.000000000000e-04,2.724307618868e-07
4.000000000000e-04,6.187203018068e-08
2.800000000000e-03,1.312113028943e-05
4.000000000000e-04,1.621813333236e-06
8.000000000000e-04,9.802371936742e-07
4.000000000000e-04,2.925595875265e-06
4.000000000000e-04,4.085982960645e-07
4.000000000000e-04,1.932546929639e-06
7.600000000000e-03,7.465964393684e-05
4.000000000000e-04,2.145068198979e-06
3.560000000000e-02,5.465218272242e-04
4.000000000000e-04,1.958255461015e-06
4.000000000000e-04,2.930496094217e-07
4.000000000000e-04,4.021603454764e-07
1.600000000000e-03,1.432634158430e-05
4.000000000000e-04,1.031748119189e-06
8.000000000000e-04,9.940548785408e-07
4.000000000000e-04,2.437986077273e-06
2.400000000000e-03,1.244056791625e-05
4.000000000000e-04,1.473729422372e-07
4.800000000000e-03,4.647089797222e-05
8.000000000000e-04,1.806250773439e-06
1.200000000000e-03,2.556171067358e-06
4.000000000000e-04,1.721178430265e-06
8.000000000000e-04,4.491242933189e-06
4.000000000000e-04,3.208320709032e-07
4.000000000000e-04,2.389356332443e-06
4.000000000000e-04,9.255576971876e-07
4.000000000000e-04,3.525988482349e-08
4.000000000000e-04,2.213082057642e-06
1.200000000000e-03,2.879054283454e-06
1.200000000000e-03,4.611046653953e-06
7.120000000000e-02,1.528711991442e-03
4.000000000000e-04,6.982507558031e-07
4.000000000000e-04,2.393904060509e-07
4.000000000000e-04,5.514526053242e-07
8.000000000000e-04,1.790958430910e-06
4.000000000000e-04,3.984651692385e-07
4.000000000000e-04,1.225118887565e-06
4.000000000000e-04,4.493622926586e-07
1.200000000000e-03,8.043182082602e-06
1.600000000000e-03,1.160637442797e-05
8.000000000000e-04,1.358181673073e-06
8.000000000000e-04,4.633344507420e-06
4.000000000000e-04,7.363902641475e-07
1.200000000000e-03,4.840391402096e-06
4.000000000000e-04,1.097228685618e-06
4.000000000000e-04,4.451635376670e-07
4.000000000000e-04,3.185314409619e-08
3.600000000000e-03,2.607937655098e-05
1.600000000000e-03,8.270044144053e-06
4.000000000000e-04,3.726442224547e-07
4.000000000000e-04,4.054866291516e-07
4.000000000000e-04,5.701139361706e-07
4.000000000000e-04,1.441435456363e-07
1.200000000000e-03,7.337803713522e-06
1.600000000000e-03,7.223799403249e-06
1.200000000000e-03,3.749346710611e-06
4.000000000000e-04,2.730191354492e-06
1.200000000000e-03,9.678393529456e-06
1.200000000000e-03,4.139216974111e-06
1.600000000000e-03,4.673385574155e-06
8.800000000000e-03,7.468682454858e-05
4.000000000000e-04,8.705004798726e-07
8.000000000000e-04,5.777722281514e-06
2.800000000000e-03,1.479578242522e-05
4.000000000000e-04,1.310517197590e-06
1.280000000000e-02,1.055318623080e-04
4.000000000000e-04,4.784505054365e-06
4.000000000000e-04,1.801592556364e-06
4.400000000000e-03,3.639183158183e-05
4.000000000000e-04,1.014544595098e-06
4.000000000000e-04,1.717827326645e-06
4.000000000000e-04,2.047103743684e-06
4.000000000000e-04,8.897425580750e-07
1.200000000000e-03,6.208951105729e-06
6.072000000000e-01,1.725141936387e-02
4.000000000000e-04,5.121047445379e-07
4.000000000000e-04,9.347297504118e-07
8.000000000000e-04,1.205856638258e-06
1.200000000000e-02,9.577240334635e-05
4.000000000000e-04,2.085160535349e-06
4.000000000000e-04,7.916127451305e-08
4.000000000000e-04,1.313998856087e-06
4.000000000000e-04,4.379593726336e-06
1.600000000000e-03,4.873116259700e-06
4.000000000000e-04,2.808218018835e-06
4.000000000000e-04,1.563080257813e-06
4.000000000000e-04,2.817858323319e-06
4.000000000000e-04,1.026986128383e-06
2.000000000000e-03,1.316711895200e-05
4.000000000000e-04,3.565983296463e-07
5.600000000000e-03,6.602289828990e-05
4.000000000000e-04,1.890815814631e-06
4.000000000000e-04,9.559488346866e-07
4.000000000000e-04,1.367646527841e-07
4.000000000000e-03,2.526128190603e-05
4.000000000000e-04,6.590750913877e-07
4.000000000000e-04,1.154553495852e-07
4.000000000000e-04,1.730136243582e-06
8.000000000000e-04,4.609980268694e-06
4.000000000000e-04,1.734745769786e-08
1.200000000000e-03,5.911791083517e-06
8.000000000000e-04,3.651255334990e-06
4.000000000000e-04,2.395295602566e-06
4.000000000000e-04,5.053997546492e-07
7.600000000000e-03,6.598631738647e-05
4.000000000000e-04,1.645975555649e-07
4.000000000000e-04,3.388115782648e-06
4.000000000000e-04,1.405665525796e-06
4.000000000000e-04,1.300183628788e-06
4.000000000000e-04,3.762998153228e-06
4.000000000000e-04,1.563548195369e-06
1.200000000000e-03,6.780345683022e-06
4.000000000000e-04,3.943530563332e-06
4.000000000000e-04,7.925884413762e-07
1.360000000000e-02,9.875423795607e-05
4.000000000000e-04,1.474785770759e-06
2.000000000000e-03,1.599461611439e-05
8.000000000000e-04,2.608998641740e-06
4.000000000000e-04,1.512345564029e-07
4.000000000000e-04,1.353621302243e-06
4.000000000000e-04,4.696970865270e-07
8.000000000000e-04,1.782252875335e-06
4.000000000000e-04,3.283249812618e-07
4.000000000000e-04,3.458674419834e-06
1.600000000000e-03,9.242638638665e-06
4.000000000000e-04,8.982652383800e-08
8.800000000000e-03,1.241722727164e-04
4.000000000000e-04,4.568436484757e-07
4.000000000000e-04,8.982437412178e-07
2.400000000000e-03,2.180821652335e-05
4.000000000000e-04,1.531953749074e-06
8.000000000000e-04,3.497453577420e-06
1.600000000000e-03,5.468146473679e-06
1.200000000000e-03,6.687129908167e-06
5.600000000000e-03,6.475029416050e-05
4.000000000000e-04,1.767316996982e-06
4.000000000000e-04,6.036427831094e-08
1.200000000000e-03,8.194484436619e-06
4.000000000000e-04,4.656101956833e-06
1.200000000000e-03,4.932040017882e-06
4.000000000000e-04,1.249065507479e-06
4.000000000000e-04,1.050519749225e-06
4.000000000000e-04,3.453040394806e-07
4.000000000000e-04,5.035826631781e-07
8.000000000000e-04,5.183541839159e-07
4.000000000000e-04,6.290223439775e-07
2.000000000000e-03,1.318448421518e-05
4.000000000000e-04,1.295737900585e-06
4.000000000000e-04,1.249203113004e-06
4.000000000000e-04,5.002818894278e-06
4.000000000000e-03,2.060505329016e-05
2.800000000000e-03,1.840469177570e-05
4.000000000000e-04,1.350837079754e-06
4.000000000000e-04,2.018688381731e-06
2.800000000000e-03,1.187360652930e-05
4.000000000000e-04,6.200247062179e-08
1.200000000000e-03,1.645697643494e-06
8.000000000000e-04,4.356050375771e-06
4.000000000000e-04,2.428831341491e-06
4.000000000000e-04,3.922211156147e-06
4.000000000000e-04,2.555839314035e-06
8.000000000000e-04,6.265136463959e-06
4.000000000000e-04,1.104814990408e-06
2.800000000000e-03,1.249704223930e-05
1.200000000000e-03,7.795487964067e-06
4.800000000000e-03,3.687860672365e-05
4.000000000000e-04,1.263749075850e-08
4.000000000000e-04,4.394880181886e-06
1.440000000000e-02,1.261578082774e-04
4.000000000000e-04,9.315589007963e-11
4.000000000000e-04,1.609721921514e-07
4.000000000000e-04,1.706345844328e-06
4.000000000000e-04,3.346897960384e-07
4.000000000000e-04,1.127852796554e-07
4.000000000000e-04,2.443835659977e-06
4.000000000000e-04,5.473511836837e-07
4.000000000000e-04,2.738757800914e-07
4.000000000000e-04,8.457881572118e-07
4.000000000000e-04,4.077208945552e-09
1.200000000000e-03,6.261309373937e-06
1.600000000000e-03,4.974962109766e-06
1.600000000000e-03,8.216927631619e-06
4.000000000000e-04,4.231700583320e-06
4.000000000000e-04,2.342030381816e-06
4.000000000000e-04,9.337492716303e-07
4.000000000000e-04,1.259216105757e-06
4.000000000000e-04,1.531950619977e-06
1.200000000000e-03,3.916691443833e-06
4.000000000000e-04,2.396420440512e-06
4.000000000000e-04,4.183736710572e-06
4.000000000000e-04,2.431157875804e-06
2.800000000000e-03,1.030192475143e-05
4.000000000000e-04,3.381067414718e-06
4.000000000000e-04,1.770058854649e-07
4.000000000000e-04,6.309530233056e-07
4.000000000000e-04,2.495278131591e-07
3.200000000000e-03,1.253447392917e-05
1.200000000000e-03,5.529213325221e-06
1.200000000000e-03,1.025038650225e-05
2.000000000000e-03,2.893818044795e-05
4.000000000000e-04,1.784779870279e-06
8.000000000000e-04,1.995934071500e-06
4.000000000000e-04,2.309223697455e-07
4.000000000000e-04,7.559885762327e-07
4.000000000000e-04,1.743178713978e-06
1.200000000000e-03,9.116670595726e-06
4.000000000000e-04,3.233402384325e-06
2.000000000000e-03,1.494795531894e-05
8.000000000000e-04,1.236509137359e-06
4.000000000000e-04,7.296581660177e-07
4.000000000000e-04,3.377095698938e-08
2.000000000000e-03,7.430834461883e-06
2.400000000000e-03,1.186177924875e-05
4.000000000000e-04,7.732244554014e-07
1.600000000000e-03,6.468607307693e-06
1.200000000000e-03,6.108960990467e-06
8.000000000000e-04,4.797772038366e-06
1.600000000000e-03,9.813423903870e-06
4.000000000000e-04,3.259297620438e-07
4.000000000000e-04,1.804141101846e-06
2.800000000000e-03,1.020957291915e-05
8.000000000000e-04,3.331234636227e-06
4.000000000000e-04,2.360381059093e-06
8.000000000000e-04,1.558745143573e-06
4.000000000000e-04,1.714165804036e-06
4.000000000000e-04,3.214111397680e-07
6.400000000000e-03,3.870750596653e-05
4.000000000000e-04,1.230606081633e-06
8.000000000000e-04,2.622427481748e-06
4.000000000000e-04,2.502927451807e-06
4.000000000000e-04,7.392764924828e-07
4.000000000000e-04,7.874604406079e-07
4.000000000000e-04,1.720701133738e-06
4.000000000000e-04,1.361100734756e-07
1.200000000000e-03,6.664670653437e-06
8.000000000000e-04,5.003744781623e-06
2.000000000000e-03,2.868546851127e-05
3.196000000000e-01,8.989698572235e-03
4.000000000000e-04,2.201531552525e-07
4.000000000000e-04,1.228605319823e-07
4.000000000000e-04,5.182942857385e-09
2.000000000000e-03,9.296210224543e-06
4.400000000000e-03,6.733634928228e-05
7.600000000000e-03,4.617638251213e-05
4.000000000000e-04,1.240658605676e-06
4.000000000000e-04,6.684914668536e-07
8.000000000000e-04,5.450253733417e-07
4.000000000000e-04,7.424292753666e-07
1.200000000000e-03,2.216150308201e-06
4.000000000000e-04,5.321942731242e-07
1.600000000000e-03,1.143600103368e-05
4.000000000000e-04,1.850359706415e-06
4.000000000000e-04,1.968925047861e-06
4.000000000000e-04,3.442977068972e-07
4.000000000000e-04,1.464127395792e-07
4.000000000000e-04,3.974437630446e-06
4.000000000000e-04,1.241132152663e-06
4.000000000000e-04,8.535363587475e-07
8.000000000000e-04,2.230754531572e-07
4.000000000000e-04,1.068042960381e-06
4.000000000000e-04,8.709925160545e-08
4.000000000000e-04,1.171249403168e-06
4.000000000000e-04,2.401863631761e-06
4.000000000000e-04,7.043934110371e-07
1.200000000000e-03,1.313148426641e-05
4.000000000000e-04,6.217375581945e-07
4.000000000000e-04,9.065050732368e-08
4.000000000000e-04,2.668603842073e-06
4.000000000000e-04,1.774030331988e-07
1.600000000000e-03,1.014351026053e-05
8.000000000000e-04,8.388975491703e-06
1.600000000000e-03,7.656735368020e-06
1.200000000000e-03,4.602159298094e-06
4.000000000000e-04,1.841611555497e-06
8.000000000000e-04,9.122614932219e-06
1.200000000000e-03,2.742831745518e-06
4.000000000000e-04,3.564241374259e-06
4.000000000000e-04,1.093010463741e-06
4.000000000000e-04,3.245909841205e-06
9.600000000000e-03,9.431156229379e-05
4.000000000000e-04,3.146429979463e-06
4.000000000000e-04,2.672865070547e-06
4.000000000000e-04,3.431154945345e-06
4.000000000000e-04,1.913150515292e-06
4.000000000000e-04,8.746920774864e-07
4.000000000000e-04,2.650556901024e-07
4.000000000000e-04,2.224329439482e-07
4.000000000000e-04,4.742747774006e-06
1.600000000000e-03,3.427783360140e-06
2.000000000000e-03,1.447145743663e-05
4.000000000000e-04,2.365330772087e-06
1.600000000000e-03,4.285741526010e-06
4.000000000000e-04,2.234249550353e-07
8.000000000000e-04,2.141243631178e-06
8.000000000000e-04,8.247059288747e-06
1.600000000000e-03,1.161981827895e-05
1.200000000000e-03,8.845180583990e-06
4.000000000000e-04,1.366714145804e-06
1.200000000000e-03,4.813120689097e-06
4.000000000000e-04,2.484178208636e-06
3.200000000000e-03,2.198748891840e-05
4.000000000000e-04,5.319650615840e-07
4.000000000000e-04,1.052830196634e-07
7.200000000000e-03,9.058404680728e-05
1.200000000000e-03,2.743431667593e-06
8.000000000000e-04,2.460668134555e-06
8.000000000000e-04,5.789003294795e-06
4.000000000000e-04,4.590255936546e-07
1.600000000000e-03,2.024350947799e-05
4.000000000000e-04,2.104239093516e-08
8.000000000000e-04,8.138493133331e-06
4.000000000000e-04,1.656631580410e-06
2.800000000000e-03,3.207089964313e-05
1.600000000000e-03,1.051972648722e-05
4.000000000000e-04,2.426937760902e-06
4.000000000000e-04,4.477900471648e-07
4.000000000000e-04,3.577803418053e-06
4.000000000000e-04,2.720928673790e-06
4.000000000000e-04,1.736164920740e-06
2.000000000000e-03,1.043663719353e-05
2.000000000000e-03,1.105236762682e-05
4.000000000000e-04,1.080896952788e-06
9.200000000000e-03,1.087110865140e-04
8.000000000000e-04,1.840533084589e-06
4.000000000000e-04,1.182939112421e-06
4.000000000000e-04,2.007162293398e-06
6.240000000000e-02,1.458256860184e-03
4.000000000000e-04,4.867470313307e-06
8.000000000000e-04,1.166845877662e-06
8.000000000000e-04,3.588044819146e-06
4.000000000000e-04,3.266155737161e-06
4.000000000000e-04,8.722759133819e-07
3.200000000000e-03,2.095057803547e-05
8.000000000000e-04,1.286457610971e-06
1.160000000000e-02,1.108374205844e-04
4.000000000000e-04,2.029467139667e-07
8.000000000000e-04,2.794007076584e-06
1.040000000000e-02,1.402119818379e-04
4.000000000000e-04,6.559227572943e-08
8.000000000000e-04,2.866596224270e-06
4.000000000000e-04,8.234589356170e-08
1.200000000000e-03,1.154583511453e-05
2.800000000000e-03,1.761434033114e-05
4.000000000000e-04,1.023358856952e-06
4.000000000000e-04,1.991526698632e-06
4.000000000000e-04,2.319212143690e-06
4.000000000000e-04,3.629087473114e-07
4.000000000000e-04,1.489461144022e-06
8.000000000000e-04,3.329383807079e-06
1.200000000000e-03,2.388428344145e-06
4.000000000000e-04,3.926671515466e-07
4.000000000000e-04,2.385611107531e-06
4.000000000000e-04,4.053707404125e-07
1.200000000000e-03,1.015397903718e-05
4.000000000000e-04,3.436907297982e-06
4.000000000000e-04,4.845192411682e-06
8.000000000000e-04,2.496596137225e-06
1.600000000000e-03,7.756226103803e-06
8.000000000000e-04,3.992465928646e-06
3.600000000000e-03,2.272862255209e-05
4.000000000000e-04,2.159931007149e-06
1.200000000000e-03,1.222279378993e-05
4.000000000000e-04,6.212074245571e-07
4.000000000000e-04,1.673411577882e-06
4.000000000000e-04,2.665417197878e-06
4.000000000000e-04,1.167169058728e-07
1.440000000000e-02,1.572102654040e-04
4.000000000000e-04,1.939543012052e-06
4.000000000000e-04,5.362061433080e-08
4.000000000000e-04,6.896956725914e-07
4.000000000000e-04,9.382072018830e-07
8.000000000000e-04,3.365830663442e-06
4.000000000000e-04,2.502165845036e-06
8.000000000000e-04,1.253004680260e-06
4.000000000000e-04,1.321752309330e-07
8.000000000000e-04,2.317546576989e-06
4.000000000000e-04,1.350207586311e-06
4.000000000000e-04,5.005750973289e-06
4.000000000000e-04,1.760206595919e-07
4.000000000000e-04,1.786176537732e-06
8.000000000000e-04,3.569525157021e-06
1.200000000000e-03,1.848547565915e-06
8.000000000000e-04,5.279202840018e-06
4.000000000000e-04,4.387528559232e-06
4.000000000000e-04,1.914918751728e-06
4.000000000000e-04,3.232140191013e-06
4.000000000000e-04,1.134721345291e-07
4.000000000000e-04,2.073030343123e-06
2.000000000000e-03,1.121650490039e-05
4.000000000000e-04,2.890510084758e-07
4.000000000000e-04,5.564506731526e-07
4.000000000000e-04,1.286714922248e-06
4.000000000000e-04,3.943870419042e-06
4.000000000000e-04,3.058752493166e-07
4.000000000000e-04,7.652176665324e-07
4.000000000000e-04,1.938388604993e-06
4.000000000000e-04,5.787916147070e-07
4.000000000000e-04,2.527510625577e-06
4.000000000000e-04,1.002026755079e-06
4.000000000000e-04,5.552913630970e-07
4.000000000000e-04,7.934683676643e-07
8.000000000000e-04,1.986774160573e-06
4.000000000000e-04,1.511316023003e-06
4.000000000000e-04,1.433551013077e-06
4.000000000000e-04,6.526100403200e-07
4.000000000000e-04,1.475924375443e-06
4.000000000000e-04,2.152754932062e-07
4.000000000000e-04,3.151961483495e-06
4.000000000000e-04,1.313568472680e-06
4.000000000000e-04,8.484698549980e-07
4.000000000000e-04,3.360534056030e-07
1.600000000000e-03,1.445121943949e-05
4.400000000000e-03,2.913666229846e-05
4.000000000000e-04,1.514253304690e-06
4.000000000000e-04,1.740656568816e-06
4.000000000000e-04,1.052989408865e-06
4.000000000000e-04,3.636920861904e-07
4.000000000000e-04,2.463443734863e-06
4.000000000000e-04,2.593563634829e-07
4.000000000000e-04,1.068842392585e-06
4.000000000000e-04,8.570046371024e-08
8.000000000000e-04,2.011988388035e-06
4.000000000000e-04,1.573150129339e-06
4.000000000000e-04,9.307292147154e-07
8.000000000000e-04,2.964654083549e-06
4.000000000000e-04,4.267056925648e-07
5.200000000000e-03,3.932239283554e-05
4.000000000000e-04,4.098109061893e-06
4.000000000000e-04,8.646134004040e-07
4.000000000000e-04,6.209053974937e-08
1.200000000000e-03,9.020548548239e-06
4.000000000000e-04,1.373142837582e-06
4.000000000000e-04,1.348972971531e-06
1.600000000000e-03,1.125117829955e-05
4.000000000000e-04,9.132157565426e-07
4.000000000000e-04,3.117035655572e-07
4.000000000000e-04,3.548912476142e-07
2.400000000000e-03,1.484154514153e-05
4.000000000000e-04,8.680353979623e-07
8.000000000000e-04,5.569808799832e-06
8.000000000000e-04,2.092525740694e-06
3.200000000000e-03,1.026293246260e-05
3.600000000000e-03,2.439489315277e-05
8.000000000000e-04,1.240312495773e-06
1.200000000000e-03,5.254440323545e-06
8.000000000000e-04,4.312368853202e-06
1.600000000000e-03,9.884287832834e-06
8.000000000000e-04,1.556355579612e-06
4.000000000000e-04,1.065625672556e-06
4.000000000000e-04,3.545256224283e-07
4.000000000000e-04,1.061187385114e-07
3.600000000000e-03,2.399020079232e-05
5.200000000000e-03,3.118372193556e-05
4.000000000000e-04,1.055892789647e-06
4.000000000000e-04,1.552150650902e-06
4.000000000000e-04,2.066322465936e-07
4.000000000000e-04,2.647699978752e-06
1.200000000000e-03,1.222697711761e-05
8.000000000000e-04,3.829708961592e-06
3.200000000000e-03,2.974499258564e-05
4.000000000000e-04,1.107548729243e-06
4.000000000000e-04,3.004685836557e-06
4.000000000000e-04,3.407659235959e-06
1.200000000000e-03,3.338323225302e-06
2.080000000000e-02,2.442383956376e-04
2.800000000000e-03,2.542113108885e-05
4.000000000000e-04,3.310306698474e-06
4.000000000000e-04,9.712611012692e-07
4.000000000000e-04,7.356623333844e-07
8.000000000000e-04,4.635552882316e-06
4.000000000000e-04,2.018554966243e-07
4.000000000000e-04,5.970039958438e-07
4.000000000000e-04,2.288541366913e-06
4.000000000000e-04,1.132039754089e-06
8.000000000000e-04,9.069476596752e-06
4.000000000000e-04,1.788728576617e-06
4.000000000000e-04,4.139313787443e-06
4.000000000000e-04,3.917602367771e-06
4.400000000000e-03,3.840697295237e-05
8.000000000000e-04,1.317129856311e-06
4.000000000000e-04,2.515244076048e-06
9.200000000000e-03,8.276230469465e-05
4.000000000000e-04,1.348272996645e-06
4.000000000000e-04,4.316064946677e-07
4.000000000000e-04,3.172215778193e-06
4.000000000000e-04,1.635469141608e-06
5.200000000000e-03,4.728171200578e-05
4.000000000000e-04,9.392236955670e-07
4.000000000000e-04,1.086366981518e-06
1.200000000000e-03,3.311959439454e-06
4.000000000000e-04,4.091604637699e-06
8.000000000000e-04,5.022341040879e-06
4.000000000000e-04,1.809565602533e-06
4.000000000000e-04,1.344701257135e-06
4.000000000000e-04,1.666808712881e-06
4.000000000000e-04,4.725973569520e-07
3.600000000000e-03,3.112190238458e-05
4.000000000000e-04,1.332642141722e-06
3.600000000000e-03,2.533121441097e-05
8.000000000000e-04,2.826239170437e-06
4.000000000000e-04,2.234665688669e-06
4.000000000000e-04,1.232644950695e-06
4.000000000000e-04,3.258431824883e-08
2.000000000000e-03,1.203513848748e-05
1.600000000000e-03,1.542525766975e-05
4.000000000000e-04,2.325213864008e-06
4.000000000000e-04,3.388392846023e-06
4.000000000000e-04,2.116478885936e-06
4.000000000000e-04,3.048124009241e-07
4.000000000000e-04,1.465224852815e-06
8.000000000000e-04,4.764817442279e-06
4.000000000000e-04,1.139663169232e-06
4.000000000000e-03,2.250765477354e-05
1.200000000000e-03,5.477036244123e-06
3.600000000000e-03,3.350311633256e-05
4.000000000000e-04,4.833321322091e-06
4.000000000000e-04,2.255247160402e-08
1.200000000000e-03,4.538137439531e-06
4.000000000000e-04,1.658837727942e-08
4.000000000000e-04,2.552867474766e-06
6.800000000000e-03,8.841025559916e-05
2.800000000000e-03,1.570038389839e-05
4.000000000000e-04,1.437140289293e-06
8.400000000000e-03,7.005694778893e-05
1.400000000000e-02,1.224484731727e-04
4.000000000000e-04,9.307498361282e-07
1.200000000000e-03,4.919277753399e-06
8.000000000000e-04,3.649494892976e-06
8.000000000000e-04,4.781736505111e-06
8.000000000000e-04,1.222768285226e-06
8.000000000000e-04,4.333353027828e-06
4.000000000000e-04,1.460441302367e-06
4.000000000000e-04,2.701863352936e-07
4.000000000000e-04,3.355631284304e-06
8.000000000000e-04,4.421225598355e-06
1.600000000000e-03,7.979075747456e-06
4.000000000000e-04,2.742478211034e-06
6.600000000000e-02,1.077732755217e-03
4.000000000000e-04,1.870844548251e-06
4.000000000000e-04,9.818487074969e-07
4.000000000000e-04,4.799867541195e-06
4.000000000000e-04,7.857438640351e-07
4.000000000000e-04,6.780524741811e-07
3.600000000000e-03,2.733157709633e-05
4.000000000000e-04,1.352270028902e-06
1.600000000000e-03,4.816986312562e-06
1.200000000000e-03,9.083218516342e-06
4.400000000000e-03,2.855934583894e-05
4.000000000000e-04,1.584949259068e-06
8.000000000000e-04,5.131244029512e-06
4.000000000000e-04,7.071567970596e-07
4.000000000000e-04,2.628580347538e-06
8.000000000000e-04,3.226789642693e-06
4.000000000000e-04,2.775685870413e-06
2.400000000000e-03,1.330736565739e-05
4.000000000000e-04,4.028788833907e-07
4.000000000000e-04,1.263557284940e-06
4.000000000000e-04,9.744035957828e-07
8.000000000000e-04,2.732317913435e-06
4.000000000000e-04,1.104751552666e-06
4.000000000000e-04,2.688013708623e-06
4.000000000000e-04,3.372283001756e-08
4.000000000000e-04,2.091422268343e-06
2.000000000000e-03,1.117200350962e-05
4.000000000000e-04,2.902908945630e-08
2.480000000000e-02,3.419479413613e-04
4.000000000000e-04,5.852828957027e-07
8.000000000000e-04,1.141445292399e-05
1.600000000000e-03,8.147522032142e-06
2.800000000000e-03,1.148160764806e-05
8.000000000000e-04,5.186499115289e-06
4.000000000000e-04,2.643332936485e-06
4.000000000000e-04,3.839399932762e-06
4.000000000000e-04,2.348057050210e-06
4.000000000000e-04,1.164012400492e-06
4.000000000000e-04,1.865785135938e-06
1.200000000000e-03,1.258590223217e-05
4.000000000000e-04,2.798877528171e-06
8.000000000000e-04,2.970725629034e-06
4.000000000000e-04,2.310124261437e-06
4.000000000000e-03,4.982467864430e-05
4.000000000000e-04,1.062875649278e-06
4.000000000000e-04,2.024632787347e-06
4.000000000000e-04,1.819141763419e-07
8.000000000000e-04,2.997348616043e-06
4.000000000000e-04,1.121920039100e-06
4.000000000000e-04,1.254541805996e-06
4.000000000000e-04,4.748537268327e-07
8.000000000000e-04,5.417793693305e-06
8.000000000000e-04,2.643549710075e-07
4.000000000000e-04,2.247550709574e-06
6.000000000000e-03,5.334597300029e-05
8.000000000000e-04,1.103726754570e-05
2.800000000000e-03,1.773670565293e-05
9.600000000000e-03,8.719752836122e-05
4.000000000000e-04,3.543924303772e-06
8.000000000000e-04,3.007733943785e-06
4.000000000000e-04,4.056618134976e-07
8.000000000000e-04,9.891288922754e-07
1.200000000000e-03,6.820787980449e-06
4.000000000000e-04,1.018305527099e-07
8.000000000000e-04,1.766625683962e-06
4.000000000000e-04,5.637321953318e-07
4.000000000000e-04,1.487493314741e-07
1.200000000000e-03,8.804571026710e-06
8.000000000000e-04,2.484829966021e-06
4.000000000000e-04,5.682522961419e-07
4.000000000000e-04,8.862380009211e-07
4.000000000000e-04,2.624749627893e-06
4.000000000000e-04,2.318871457757e-06
4.000000000000e-04,9.273029635918e-07
4.000000000000e-04,1.102931372274e-06
4.000000000000e-04,3.648619745716e-07
4.000000000000e-04,8.409118588120e-07
4.000000000000e-04,9.298653261468e-08
4.000000000000e-04,6.865188565515e-07
4.000000000000e-04,1.760556783894e-06
4.000000000000e-04,8.431196388686e-07
4.000000000000e-04,3.086506276834e-09
4.000000000000e-04,1.044819548892e-06
4.000000000000e-04,1.595683168737e-06
2.400000000000e-03,1.877097103955e-05
4.000000000000e-04,1.334951137143e-06
4.000000000000e-04,4.397753041610e-06
8.000000000000e-04,2.391247154774e-06
2.400000000000e-03,9.625200214794e-06
8.000000000000e-04,1.632133555539e-06
7.200000000000e-03,7.058255144601e-05
8.000000000000e-03,8.681327180696e-05
4.000000000000e-04,3.446542831331e-07
8.000000000000e-04,6.385044755104e-07
4.000000000000e-04,4.696284859718e-07
8.000000000000e-04,3.933123375039e-06
4.000000000000e-04,8.442847207606e-07
3.080000000000e-02,2.901318885631e-04
4.000000000000e-04,3.338971665461e-07
4.000000000000e-04,1.951183362206e-06
8.000000000000e-04,6.204087797290e-06
4.000000000000e-04,6.086348170152e-07
4.000000000000e-04,1.356619824964e-06
4.000000000000e-04,1.170283129898e-06
2.000000000000e-03,1.203983274122e-05
4.000000000000e-04,2.828623018685e-06
8.000000000000e-04,6.226704825814e-06
8.000000000000e-04,3.322136203432e-06
8.000000000000e-04,8.259162605451e-07
8.000000000000e-04,6.310786576285e-07
4.000000000000e-04,9.663391049571e-07
4.000000000000e-04,1.194888826660e-06
1.200000000000e-03,8.697211876529e-06
4.000000000000e-03,3.267265707536e-05
4.000000000000e-04,2.406646877334e-07
2.000000000000e-03,1.837747467882e-05
4.000000000000e-04,5.747154441520e-07
2.520000000000e-02,2.925209987684e-04
4.000000000000e-04,4.927125637917e-07
8.000000000000e-04,5.222828672468e-06
4.000000000000e-04,1.206639134615e-06
4.000000000000e-04,4.209791357731e-06
2.800000000000e-03,1.498945271338e-05
4.000000000000e-04,3.771574905634e-06
4.000000000000e-04,4.359509705455e-07
3.600000000000e-03,3.596837737191e-05
4.000000000000e-04,1.425858243525e-06
2.880000000000e-02,2.612794335165e-04
2.160000000000e-02,2.991687053576e-04
4.000000000000e-04,2.541653283374e-06
4.000000000000e-04,2.018407069280e-06
4.000000000000e-04,4.231346144016e-07
4.000000000000e-04,3.062003065077e-07
4.000000000000e-04,1.038495328322e-07
4.000000000000e-04,9.047856553065e-07
4.000000000000e-04,7.701880457858e-07
4.000000000000e-04,4.799654357814e-07
1.200000000000e-03,3.482909697963e-06
4.000000000000e-04,5.190333564138e-07
4.000000000000e-04,1.194026318665e-06
4.000000000000e-04,6.693478338949e-07
4.000000000000e-04,1.612689800726e-06
8.000000000000e-04,9.256589153925e-07
4.000000000000e-04,8.401905813168e-07
4.000000000000e-04,2.278660671705e-06
4.400000000000e-03,2.215763811580e-05
4.000000000000e-04,1.097842389248e-06
2.400000000000e-03,1.221743134052e-05
4.000000000000e-04,1.710131321878e-06
6.000000000000e-03,4.792518254347e-05
4.000000000000e-04,1.068103649694e-06
4.000000000000e-04,2.222392415278e-06
4.000000000000e-04,1.512209315227e-06
1.120000000000e-02,1.322028063392e-04
5.200000000000e-03,4.268052599031e-05
4.000000000000e-04,5.062119115131e-08
4.000000000000e-04,2.212312644171e-07
4.800000000000e-03,4.832797672597e-05
8.000000000000e-04,4.521588053771e-06
4.000000000000e-04,3.149343009341e-06
8.000000000000e-04,2.853776574884e-06
3.200000000000e-03,3.454755090877e-05
4.000000000000e-04,2.430616990628e-07
4.000000000000e-04,1.071588858777e-06
4.000000000000e-04,2.639818618007e-06
2.000000000000e-03,5.110328121388e-06
1.200000000000e-03,9.291523193588e-06
4.000000000000e-04,3.328133883928e-08
4.000000000000e-04,3.901698909991e-07
4.000000000000e-04,9.438628948172e-07
4.000000000000e-04,1.407937620292e-07
4.000000000000e-04,3.247793420657e-07
1.200000000000e-03,3.085850773641e-06
4.000000000000e-04,8.116510490160e-07
8.000000000000e-04,4.315525147598e-06
1.600000000000e-03,2.406212591391e-05
4.000000000000e-04,1.972827662927e-06
4.000000000000e-04,2.791285887956e-06
8.000000000000e-04,1.578037343392e-06
8.000000000000e-04,7.136760050138e-06
4.000000000000e-04,3.090210193209e-06
4.000000000000e-04,1.861855033425e-06
1.200000000000e-03,1.521215120594e-05
2.400000000000e-03,1.003937618153e-05
4.000000000000e-04,3.714623689103e-06
4.000000000000e-04,4.816622226364e-08
4.000000000000e-04,6.258893383061e-07
4.000000000000e-04,2.411643013341e-07
4.000000000000e-04,9.838194186315e-07
8.000000000000e-04,3.538703477313e-06
4.000000000000e-04,6.933088225244e-07
4.000000000000e-04,1.180438790474e-06
4.000000000000e-04,2.844519109532e-06
4.000000000000e-04,3.158437352423e-06
4.000000000000e-04,4.499237786005e-07
8.000000000000e-04,2.306924035722e-06
4.000000000000e-04,1.930334351763e-06
4.000000000000e-04,5.910339844262e-07
4.000000000000e-04,4.479783800653e-06
4.000000000000e-04,1.143080066865e-07
4.000000000000e-04,2.047057959155e-06
4.000000000000e-04,2.994023254584e-06
4.000000000000e-04,2.587855399880e-06
1.600000000000e-03,1.798857539777e-05
2.400000000000e-03,1.676334279826e-05
4.000000000000e-04,5.717664098663e-07
4.000000000000e-04,1.654466853210e-06
4.000000000000e-04,3.287881799902e-06
4.000000000000e-04,3.276420948403e-07
4.000000000000e-04,4.929686664651e-07
4.000000000000e-04,2.243946076048e-07
8.000000000000e-04,6.602674026179e-06
1.600000000000e-03,1.433434842093e-05
4.000000000000e-04,6.740211829908e-07
4.000000000000e-04,3.451228915115e-06
1.200000000000e-03,4.267844104261e-06
1.600000000000e-03,9.217611304728e-06
8.000000000000e-04,4.481222951808e-06
8.000000000000e-04,1.425695320058e-06
4.000000000000e-04,4.893210141887e-07
4.000000000000e-04,1.300773055412e-06
4.000000000000e-04,1.524958874744e-07
4.000000000000e-04,1.917454977193e-07
2.000000000000e-03,1.707293421702e-05
4.000000000000e-04,4.503993667613e-08
4.800000000000e-03,3.556582946182e-05
4.000000000000e-04,2.850647913093e-06
4.000000000000e-04,7.271805413189e-07
4.000000000000e-04,8.903780387462e-07
8.000000000000e-04,3.373170127774e-06
2.400000000000e-03,1.205595953486e-05
4.000000000000e-04,1.382612348760e-06
2.400000000000e-03,1.551020341727e-05
4.000000000000e-04,1.063314399174e-06
4.000000000000e-04,4.527492885443e-08
4.000000000000e-04,4.195161096025e-06
1.200000000000e-03,7.855051458181e-06
4.000000000000e-04,4.634132928583e-08
4.000000000000e-04,1.110580934845e-06
4.000000000000e-04,6.733468022221e-07
4.000000000000e-04,1.381090815178e-07
4.000000000000e-04,2.654187903096e-07
5.200000000000e-03,6.685544095911e-05
1.200000000000e-03,6.270573753691e-06
3.600000000000e-03,1.735602271097e-05
4.000000000000e-04,1.780224362899e-08
6.000000000000e-03,8.822060469111e-05
4.000000000000e-04,1.458400062961e-06
1.600000000000e-03,6.836189891046e-06
4.000000000000e-04,5.865380459714e-08
4.000000000000e-04,1.045518726690e-06
4.000000000000e-04,7.177630329379e-07
4.000000000000e-04,2.839228436334e-06
4.000000000000e-04,4.553394403499e-07
4.000000000000e-04,6.227700985699e-07
2.400000000000e-03,1.392562246549e-05
8.000000000000e-04,8.878424468284e-07
4.000000000000e-04,2.570825861596e-06
4.000000000000e-04,1.512608214317e-06
2.239600000000e+00,9.538951189727e-02
8.000000000000e-04,3.108274737394e-07
4.000000000000e-04,3.616480309046e-07
4.000000000000e-04,2.300568430077e-06
4.000000000000e-04,2.149106211954e-06
6.800000000000e-03,4.317614898123e-05
4.000000000000e-04,1.057564749559e-06
4.000000000000e-04,7.434035759454e-07
4.000000000000e-04,1.245826336574e-06
4.000000000000e-04,1.410762063031e-07
8.000000000000e-04,6.225897345540e-06
8.400000000000e-03,8.717601705542e-05
4.000000000000e-04,2.122237997014e-06
8.000000000000e-04,2.471538456858e-06
4.000000000000e-04,1.070544439923e-06
4.000000000000e-04,4.262259528122e-07
8.000000000000e-04,1.320375758925e-06
4.000000000000e-04,2.979753640330e-06
4.000000000000e-04,1.918124135169e-06
4.000000000000e-04,1.002643320657e-06
8.000000000000e-04,1.728370600170e-06
4.000000000000e-04,2.078539428196e-06
6.400000000000e-03,5.746774483701e-05
1.600000000000e-03,7.048998523727e-06
2.000000000000e-03,1.273479279855e-05
4.000000000000e-04,1.873607527765e-06
8.000000000000e-04,6.291743680846e-06
2.800000000000e-03,1.944218578296e-05
1.080000000000e-02,7.776266535147e-05
4.000000000000e-04,1.404297084775e-06
4.000000000000e-04,7.145053903748e-07
4.000000000000e-04,1.480224632491e-07
4.000000000000e-04,7.346837652301e-07
4.000000000000e-04,6.802869166020e-07
1.200000000000e-03,6.870530137207e-06
4.000000000000e-04,5.767615957987e-07
4.000000000000e-04,9.641974618864e-07
4.000000000000e-04,9.078820033752e-07
5.600000000000e-03,7.745786411086e-05
4.000000000000e-04,2.082930540138e-07
4.000000000000e-04,3.116191696649e-07
8.000000000000e-04,2.283629970631e-06
4.000000000000e-04,2.867141109623e-06
4.000000000000e-04,1.011338045218e-07
4.000000000000e-04,1.354029501984e-06
4.000000000000e-04,1.105882387417e-06
1.200000000000e-03,4.298973896435e-06
2.400000000000e-03,1.973086000003e-05
8.000000000000e-04,4.753453592271e-06
4.000000000000e-04,1.025259927690e-06
4.000000000000e-04,4.146433795802e-07
8.000000000000e-04,4.341891702586e-06
8.000000000000e-04,7.799526884375e-06
4.000000000000e-04,1.491444114920e-06
4.000000000000e-04,3.567075081796e-06
4.000000000000e-03,3.123390828613e-05
8.000000000000e-04,1.097528443894e-06
8.000000000000e-04,3.032791046390e-06
4.800000000000e-03,5.311423002695e-05
4.000000000000e-04,1.408645192746e-06
4.000000000000e-04,2.682128319611e-07
4.000000000000e-04,1.198037313208e-06
1.200000000000e-03,1.555293147244e-06
8.000000000000e-03,2.987552294307e-05
8.000000000000e-04,3.053224328668e-06
8.000000000000e-04,3.533795758753e-06
4.000000000000e-04,1.127426379638e-06
4.000000000000e-04,1.895567445724e-06
4.000000000000e-04,1.807205020834e-06
4.000000000000e-04,1.132624249138e-07
1.200000000000e-03,3.113814509547e-06
4.000000000000e-04,3.019265377958e-06
1.480000000000e-02,1.525814000311e-04
2.000000000000e-03,1.466127985240e-05
4.000000000000e-04,4.315252004867e-06
8.000000000000e-04,4.284507502415e-06
4.000000000000e-04,2.169873729526e-06
4.000000000000e-04,1.033276931391e-06
4.000000000000e-04,1.414231063025e-06
4.000000000000e-04,8.527722926112e-08
4.000000000000e-04,1.133336246235e-06
4.000000000000e-04,4.339734620947e-07
4.000000000000e-04,2.551095523596e-07
4.000000000000e-04,2.272904155364e-07
4.000000000000e-04,2.748131649822e-07
4.000000000000e-04,1.543294209192e-06
4.000000000000e-04,5.549723465243e-07
4.000000000000e-04,1.503543272817e-06
5.600000000000e-03,3.481940993188e-05
4.000000000000e-04,5.298402102813e-06
4.000000000000e-04,1.596806298764e-06
4.000000000000e-04,2.673807243006e-07
1.200000000000e-03,8.735334222181e-06
4.000000000000e-04,1.416154894251e-06
1.200000000000e-03,2.802491684228e-06
4.000000000000e-04,7.515797355707e-07
4.000000000000e-03,2.410375750950e-05
4.000000000000e-04,5.598381931274e-08
4.000000000000e-04,1.732535394469e-06
4.000000000000e-04,2.373747605081e-06
4.000000000000e-04,1.695457483339e-06
8.000000000000e-04,5.468047131552e-06
8.000000000000e-04,4.669513059745e-07
4.000000000000e-04,8.760101728877e-07
1.200000000000e-03,5.006516134640e-06
2.800000000000e-03,2.065957598153e-05
8.000000000000e-04,7.513428553102e-07
4.000000000000e-04,7.820513406551e-07
4.000000000000e-04,3.412324349977e-07
8.000000000000e-04,3.328499402237e-06
4.000000000000e-04,4.568772502376e-06
1.160000000000e-02,1.161621011622e-04
4.000000000000e-04,1.167427464957e-06
8.000000000000e-04,3.162377862626e-06
2.000000000000e-03,1.676890893637e-05
8.000000000000e-04,2.020730769133e-06
4.000000000000e-04,4.930387006123e-07
8.000000000000e-04,2.856122921789e-06
4.000000000000e-04,3.317051126327e-07
4.800000000000e-03,4.691408547878e-05
4.000000000000e-04,2.153265316926e-07
1.600000000000e-03,7.029285431166e-06
4.000000000000e-04,1.915625452462e-06
4.000000000000e-04,1.477732859728e-06
4.000000000000e-04,9.106997570822e-07
1.600000000000e-03,7.357040602438e-06
4.000000000000e-04,3.869725833752e-06
4.000000000000e-04,5.637692964313e-07
4.000000000000e-04,1.653159021427e-06
8.000000000000e-04,3.877338178873e-06
8.000000000000e-04,4.959762379273e-07
3.600000000000e-03,1.250189161245e-05
4.000000000000e-04,1.219862479798e-06
4.000000000000e-04,2.067654043754e-07
4.000000000000e-04,2.374130483757e-06
4.000000000000e-04,1.096756405830e-06
4.000000000000e-04,1.250791735039e-06
4.000000000000e-04,3.219190116717e-06
4.000000000000e-04,5.368280631295e-07
4.000000000000e-04,2.213543790295e-06
4.000000000000e-04,4.627335178366e-07
4.000000000000e-04,7.826713951211e-07
8.000000000000e-04,4.376727983807e-06
8.000000000000e-04,3.752858515294e-06
2.000000000000e-03,3.099749838797e-06
2.000000000000e-03,6.743000141972e-06
4.000000000000e-04,3.282204069316e-07
4.000000000000e-04,2.039612775430e-06
8.000000000000e-04,5.608634262219e-06
8.000000000000e-04,2.094484455478e-06
8.000000000000e-04,5.293497503581e-06
3.600000000000e-03,9.345495260573e-06
4.000000000000e-04,5.722514000148e-07
4.000000000000e-04,1.965713634489e-09
4.000000000000e-04,1.507963100295e-06
8.000000000000e-04,2.481816866937e-06
4.000000000000e-04,4.741201880893e-07
4.000000000000e-04,1.469812742390e-06
1.360000000000e-02,1.476703282044e-04
4.000000000000e-04,1.245541544678e-07
4.000000000000e-04,3.480815433072e-07
4.000000000000e-04,1.116745641290e-06
8.000000000000e-04,4.327730525327e-06
4.000000000000e-04,4.553185982406e-06
4.000000000000e-04,4.101469701863e-07
4.000000000000e-04,6.876991424385e-07
4.000000000000e-04,4.245504454891e-06
4.000000000000e-04,4.169035393707e-06
8.000000000000e-04,1.310546934851e-06
2.000000000000e-03,1.186816591478e-05
4.000000000000e-04,3.567255449303e-06
2.800000000000e-02,4.460015254676e-04
4.000000000000e-04,1.266664302168e-06
4.000000000000e-04,4.649311414534e-07
4.000000000000e-04,3.482681348540e-07
8.000000000000e-04,6.457001655091e-06
2.400000000000e-03,1.327045367492e-05
4.000000000000e-04,4.642560364109e-07
4.000000000000e-04,1.747545907678e-06
4.000000000000e-04,2.650188707181e-07
3.200000000000e-03,2.752169571552e-05
8.000000000000e-04,3.758596946040e-06
4.000000000000e-04,4.226318240214e-08
4.000000000000e-04,1.801405821183e-06
4.000000000000e-04,8.260132640468e-07
4.000000000000e-04,3.021667422340e-06
4.000000000000e-04,1.141559663210e-06
9.200000000000e-03,5.748169825928e-05
4.000000000000e-04,1.992297554317e-07
8.000000000000e-04,2.646680573482e-06
4.000000000000e-04,9.714221636035e-07
4.000000000000e-04,1.612170514117e-06
8.000000000000e-04,2.389708750485e-06
4.000000000000e-04,5.992484088899e-07
2.840000000000e-02,5.005665127216e-04
3.600000000000e-03,1.288872697111e-05
4.000000000000e-04,2.621824733063e-06
4.000000000000e-04,1.541440057664e-08
8.000000000000e-04,2.657176490622e-06
4.000000000000e-04,2.779357056880e-08
4.000000000000e-04,9.746809312912e-08
4.000000000000e-04,1.207309200477e-06
1.200000000000e-03,3.376799456207e-06
4.000000000000e-04,2.006020906240e-06
1.200000000000e-03,6.117009637688e-06
4.000000000000e-04,4.326764830125e-07
4.000000000000e-04,1.820269021192e-06
4.000000000000e-04,2.484819862152e-07
7.600000000000e-03,6.960157429629e-05
4.000000000000e-04,7.238913597928e-07
4.000000000000e-04,1.455592674005e-06
4.000000000000e-04,2.505612543651e-06
8.000000000000e-04,5.281409917341e-06
1.200000000000e-03,7.291544674222e-06
4.000000000000e-04,1.580055563852e-06
4.000000000000e-04,6.337326865361e-07
7.600000000000e-03,6.251974513686e-05
1.600000000000e-03,7.128088887743e-06
3.200000000000e-02,4.980788700901e-04
1.600000000000e-03,4.622664471641e-06
4.000000000000e-04,7.495990474441e-07
4.000000000000e-04,7.492252388156e-07
4.000000000000e-03,4.265747227889e-05
8.000000000000e-04,2.480221878229e-06
4.000000000000e-04,8.510688504039e-07
8.000000000000e-04,2.372374790982e-06
4.000000000000e-04,7.874843908422e-07
4.000000000000e-04,1.858212424152e-06
1.200000000000e-03,3.404663899105e-06
4.000000000000e-04,7.498450969093e-07
4.000000000000e-04,2.138403207121e-06
4.000000000000e-04,2.101623091667e-06
4.000000000000e-04,6.070083004978e-07
8.000000000000e-04,2.061955743691e-06
3.200000000000e-03,1.978080387215e-05
4.000000000000e-04,4.778530833278e-07
4.000000000000e-04,3.067252587300e-07
8.000000000000e-04,1.404824366378e-06
4.000000000000e-04,2.112742542034e-06
8.000000000000e-04,4.349887999355e-06
5.600000000000e-03,4.274312001399e-05
2.000000000000e-03,1.734871113210e-05
8.000000000000e-04,2.760197533009e-06
4.000000000000e-04,1.812435629757e-06
8.000000000000e-04,2.855515287671e-06
4.000000000000e-04,1.872092047998e-07
4.000000000000e-04,2.994799185283e-07
2.400000000000e-03,1.003199115906e-05
8.000000000000e-04,2.814665746069e-06
4.000000000000e-04,4.138978630099e-07
4.000000000000e-04,1.081458906980e-06
4.000000000000e-04,8.717611481519e-07
3.600000000000e-03,3.557871430545e-05
4.000000000000e-04,5.609512709487e-07
4.000000000000e-04,3.140660975801e-06
4.000000000000e-04,3.853638900539e-06
8.000000000000e-04,2.564155401957e-06
6.400000000000e-03,6.494792414673e-05
1.200000000000e-03,8.917727792048e-06
4.000000000000e-04,6.579134781263e-07
4.000000000000e-04,1.336197144443e-06
4.000000000000e-04,6.354872651919e-07
1.200000000000e-03,4.355815605253e-06
4.000000000000e-04,3.141034138387e-06
8.000000000000e-04,1.882805597573e-06
4.000000000000e-04,1.600055987883e-07
4.000000000000e-04,1.530808227116e-06
3.200000000000e-03,3.542943439665e-05
4.000000000000e-04,4.280733765488e-08
1.200000000000e-03,5.244213417166e-06
4.000000000000e-04,1.372179795378e-06
1.600000000000e-03,1.022682287144e-05
4.000000000000e-04,1.319417636578e-06
4.000000000000e-04,2.737762255052e-06
1.800000000000e-02,2.193691233155e-04
4.000000000000e-04,3.940011541096e-07
1.040000000000e-02,1.332940796260e-04
4.000000000000e-04,3.421226043065e-06
4.000000000000e-04,2.623714884823e-06
4.800000000000e-03,3.788035486557e-05
4.000000000000e-04,7.072180858801e-07
4.000000000000e-04,1.268171995697e-06
4.000000000000e-04,4.589412577897e-06
6.800000000000e-03,4.900838237969e-05
8.000000000000e-04,6.581493926090e-06
4.000000000000e-04,1.363947546373e-06
8.000000000000e-04,7.960621893766e-07
2.800000000000e-03,1.450282284384e-05
4.000000000000e-04,1.310078556325e-06
4.000000000000e-04,1.719039993046e-06
4.000000000000e-04,7.555829716613e-07
4.000000000000e-04,4.905301416201e-07
4.000000000000e-04,5.062283994105e-07
1.200000000000e-03,4.215658574679e-06
4.000000000000e-04,2.324937294728e-07
1.600000000000e-03,1.462771324259e-05
4.000000000000e-04,3.419351554419e-06
8.000000000000e-04,2.961193592176e-06
4.000000000000e-04,2.530379057307e-06
4.000000000000e-04,2.227514014371e-06
4.000000000000e-04,3.356380790038e-06
2.000000000000e-03,6.716650582449e-06
4.000000000000e-04,3.714620987762e-06
8.000000000000e-04,1.176288767749e-06
4.000000000000e-04,1.342553291985e-06
1.200000000000e-03,7.857686116867e-06
4.000000000000e-04,1.056138125302e-06
8.000000000000e-04,2.513211783964e-06
4.000000000000e-04,1.905138798751e-06
2.000000000000e-03,1.392759566319e-05
4.000000000000e-04,4.907652036830e-07
1.200000000000e-03,5.456557108681e-06
4.000000000000e-04,8.376688377604e-07
4.000000000000e-04,7.358770232431e-07
4.000000000000e-04,1.151490433090e-06
1.200000000000e-03,9.250705128838e-06
4.400000000000e-03,2.575327049457e-05
4.000000000000e-04,1.494066189271e-06
1.880000000000e-02,2.129739456034e-04
1.200000000000e-03,5.119446754406e-06
4.000000000000e-04,8.393251947290e-08
4.000000000000e-04,7.806916290534e-07
1.600000000000e-03,5.351016106939e-06
4.000000000000e-04,2.390223546204e-06
4.000000000000e-04,8.318883614193e-07
2.000000000000e-03,3.379945939998e-06
1.200000000000e-03,4.806560359561e-06
4.000000000000e-04,2.424240859154e-07
4.000000000000e-04,2.816886181047e-06
4.000000000000e-04,1.614752185187e-07
8.000000000000e-04,6.301846375805e-06
1.200000000000e-03,2.063070080073e-06
8.000000000000e-04,4.942518319117e-06
4.000000000000e-04,3.448798137742e-07
4.000000000000e-04,1.312822855134e-06
3.200000000000e-03,2.410564539030e-05
4.000000000000e-04,1.186940058711e-06
4.000000000000e-04,2.979992745990e-06
8.000000000000e-04,3.057898508189e-06
4.000000000000e-04,4.835550722129e-06
4.000000000000e-04,2.072551834910e-06
1.200000000000e-03,9.751888892851e-06
4.000000000000e-04,2.887946504391e-07
4.000000000000e-04,8.952187535892e-08
1.200000000000e-03,1.105246418163e-05
1.600000000000e-03,5.544805923269e-06
4.000000000000e-04,5.871325847717e-07
4.000000000000e-04,2.790843269482e-06
2.000000000000e-03,1.368279137466e-05
2.400000000000e-03,1.633537908896e-05
2.000000000000e-03,1.152716728410e-05
4.000000000000e-04,1.066769919224e-06
8.000000000000e-04,2.227462796166e-06
1.600000000000e-03,4.221460012720e-06
4.000000000000e-04,3.403410326319e-07
4.000000000000e-04,5.640439977276e-07
1.320000000000e-02,1.294691778984e-04
2.000000000000e-03,1.179779904156e-05
4.000000000000e-04,2.263297270847e-06
4.000000000000e-04,4.443527559663e-06
4.000000000000e-04,1.798852861366e-06
4.000000000000e-04,1.429109051718e-08
4.000000000000e-04,7.342087634713e-07
4.000000000000e-04,4.711424000583e-07
4.000000000000e-04,2.382634805718e-06
4.000000000000e-04,7.136174232589e-07
8.000000000000e-04,4.536573204459e-06
4.000000000000e-04,5.790199071765e-07
6.400000000000e-03,5.121983613659e-05
4.000000000000e-04,4.312170408127e-08
4.000000000000e-04,9.928043331029e-07
8.000000000000e-04,8.827850486123e-06
4.000000000000e-04,1.703856441749e-06
4.000000000000e-04,4.580651495789e-07
1.200000000000e-03,6.117706076002e-06
4.000000000000e-04,2.241362540935e-07
5.120000000000e-02,1.182233284544e-03
4.000000000000e-04,1.599652968263e-06
4.000000000000e-04,1.943091000760e-06
4.800000000000e-02,8.025890266710e-04
8.000000000000e-04,2.176055498586e-06
4.000000000000e-04,4.346183327171e-07
2.800000000000e-03,1.230322416212e-05
8.000000000000e-04,1.831282001193e-06
4.000000000000e-04,5.246206937199e-06
4.000000000000e-04,1.893468679510e-06
4.000000000000e-04,2.037530990931e-07
4.000000000000e-04,7.237395543249e-07
4.000000000000e-04,1.545791520494e-06
4.000000000000e-04,4.937699083266e-07
4.000000000000e-04,2.820733813118e-06
4.000000000000e-04,5.035488375049e-06
4.000000000000e-04,1.068591995046e-06
3.600000000000e-03,2.501986411185e-05
1.600000000000e-03,6.596356681779e-06
4.000000000000e-04,1.994394420720e-06
4.000000000000e-04,2.098150540143e-07
4.000000000000e-04,1.332326201980e-07
4.000000000000e-04,1.232458981772e-06
8.000000000000e-04,3.746014559473e-06
1.600000000000e-03,8.298521023670e-06
4.000000000000e-04,2.426754269380e-07
4.000000000000e-04,1.616800090917e-06
8.000000000000e-04,1.680299452547e-06
4.000000000000e-04,1.693013496833e-06
8.000000000000e-04,5.650749086895e-06
4.000000000000e-04,1.478755239861e-06
2.000000000000e-03,1.262138853872e-05
4.000000000000e-04,2.033151268783e-06
4.000000000000e-04,2.410981484676e-06
4.000000000000e-04,1.215090775713e-06
4.000000000000e-04,4.194024473560e-07
4.000000000000e-04,3.857959838191e-06
1.200000000000e-03,8.146973223520e-06
4.000000000000e-04,1.515635289983e-06
4.000000000000e-04,4.206780362930e-07
8.000000000000e-04,2.241950366002e-06
4.000000000000e-04,3.477168344803e-07
4.000000000000e-04,2.796360231450e-06
8.000000000000e-04,2.880845192401e-06
4.000000000000e-04,1.211358210931e-06
8.000000000000e-04,3.087008722971e-06
4.000000000000e-04,1.260571996223e-07
3.600000000000e-03,1.326607565943e-05
4.000000000000e-04,7.439206752294e-07
4.000000000000e-04,9.634706628884e-07
4.000000000000e-04,3.963902784083e-07
4.000000000000e-04,6.344213680364e-08
4.000000000000e-04,1.758898145535e-06
4.000000000000e-04,7.967569564322e-07
1.200000000000e-03,5.273727092644e-06
4.000000000000e-04,1.130809315246e-08
8.000000000000e-04,2.586443112490e-06
3.120000000000e-02,5.478545415869e-04
8.000000000000e-04,9.379730116236e-06
8.000000000000e-04,1.407029554770e-06
8.000000000000e-04,2.109184715264e-06
8.000000000000e-04,3.425470481078e-06
2.400000000000e-03,2.749957524056e-05
4.000000000000e-04,2.849194232250e-06
1.600000000000e-03,5.460311602031e-06
6.800000000000e-03,5.045308851379e-05
8.000000000000e-04,3.098186595710e-06
1.200000000000e-03,8.870173362229e-06
8.000000000000e-04,2.498703929573e-06
4.000000000000e-04,5.510720628477e-07
4.000000000000e-04,2.347150448118e-06
8.000000000000e-04,5.678221067636e-06
8.000000000000e-04,6.873045051898e-06
1.600000000000e-03,4.400580954619e-06
1.600000000000e-03,5.454985147496e-06
4.000000000000e-04,5.076073786041e-07
8.000000000000e-04,1.517158894795e-06
4.000000000000e-04,1.670740198557e-06
8.000000000000e-04,4.470027273861e-06
4.000000000000e-04,1.973124617517e-06
8.000000000000e-04,7.549993549462e-06
4.000000000000e-04,8.871833030293e-07
4.000000000000e-04,1.226634969465e-09
1.200000000000e-03,3.276968222415e-06
4.000000000000e-04,1.682860409257e-07
8.000000000000e-04,1.939681107740e-06
1.200000000000e-03,3.795777017687e-06
1.200000000000e-03,8.990538637305e-06
8.000000000000e-04,6.230506004128e-06
4.000000000000e-04,2.162915418414e-06
4.000000000000e-04,1.699309941704e-07
8.000000000000e-04,2.667701000427e-06
8.000000000000e-04,5.791739724172e-06
1.600000000000e-03,8.971105418040e-06
1.200000000000e-03,5.347159011736e-06
4.000000000000e-04,1.710661040533e-06
2.400000000000e-03,7.271907838150e-06
4.000000000000e-04,1.003091117571e-06
1.320000000000e-02,1.977359368998e-04
1.600000000000e-03,9.004326460379e-06
4.000000000000e-04,2.736011603826e-06
4.000000000000e-04,6.327115491662e-07
2.464000000000e-01,4.925238366219e-03
4.000000000000e-04,9.200285937881e-07
1.840000000000e-02,2.750629709347e-04
4.000000000000e-04,1.869957592642e-07
4.000000000000e-04,6.618948126216e-08
4.000000000000e-04,2.687983520341e-07
4.000000000000e-04,3.816798456110e-08
4.000000000000e-04,1.666419387731e-06
2.000000000000e-02,3.508408842416e-04
4.000000000000e-04,1.771666864375e-06
1.280000000000e-02,1.042411375684e-04
4.000000000000e-04,1.905359878830e-06
3.600000000000e-03,8.620171086603e-06
4.800000000000e-03,2.752300790249e-05
4.000000000000e-04,2.702880807299e-06
4.000000000000e-04,5.371165691408e-07
1.320000000000e-02,1.788786006399e-04
4.000000000000e-04,1.848665003673e-06
1.600000000000e-03,3.555870567101e-06
2.000000000000e-03,1.181149764222e-05
4.000000000000e-04,2.882130892835e-06
4.000000000000e-04,9.464954549594e-07
4.000000000000e-04,6.818157446905e-07
8.000000000000e-04,9.333350358990e-07
4.000000000000e-04,1.178074390647e-06
4.400000000000e-02,7.499394465966e-04
8.000000000000e-04,3.327305922519e-06
4.000000000000e-04,3.164414399872e-06
4.000000000000e-04,4.205547857766e-06
4.000000000000e-04,3.636186251089e-07
4.000000000000e-04,3.652459865030e-07
1.200000000000e-03,4.405181707133e-06
8.000000000000e-04,6.317877763939e-06
2.800000000000e-03,1.318257979032e-05
8.000000000000e-04,4.969404649673e-06
4.000000000000e-04,5.348280314340e-07
3.200000000000e-03,1.528788553258e-05
4.000000000000e-04,9.293104368258e-07
8.000000000000e-04,3.171244391730e-06
4.000000000000e-04,5.494257852948e-06
4.000000000000e-04,2.266453852143e-08
8.000000000000e-04,6.392666913964e-06
4.000000000000e-04,1.798862148303e-06
8.800000000000e-03,4.180764254441e-05
4.000000000000e-04,1.804553534902e-06
4.000000000000e-04,2.481021508233e-07
4.000000000000e-04,6.181161330073e-07
4.000000000000e-04,1.147982153479e-06
4.000000000000e-04,7.863184645158e-07
4.000000000000e-03,3.927175321609e-05
4.000000000000e-04,1.637929252257e-06
8.000000000000e-04,2.754996282688e-06
4.000000000000e-04,7.506609048618e-07
4.000000000000e-04,1.327613235255e-06
4.000000000000e-04,7.692837133342e-08
2.800000000000e-02,2.760478406659e-04
4.000000000000e-04,4.096743669241e-06
4.000000000000e-04,3.186015879227e-06
4.000000000000e-04,4.588360640410e-07
1.600000000000e-03,6.085254734750e-06
8.000000000000e-04,6.710372296661e-06
2.800000000000e-03,1.120179849645e-05
8.000000000000e-04,2.904456358117e-06
4.000000000000e-04,1.440526051580e-06
4.000000000000e-04,2.125755437533e-06
4.000000000000e-04,1.267253337109e-06
4.000000000000e-04,3.101038318157e-06
4.000000000000e-04,6.623052583179e-07
4.000000000000e-04,1.370328221697e-06
4.000000000000e-04,2.143815625943e-06
2.920000000000e-02,2.997814377779e-04
4.000000000000e-04,1.235496647363e-06
4.000000000000e-04,1.166401589572e-06
4.000000000000e-04,1.668631733168e-06
4.000000000000e-04,2.523762836120e-06
4.000000000000e-04,8.300617999909e-07
1.200000000000e-03,2.007247454433e-06
4.000000000000e-04,5.511217235229e-07
1.600000000000e-03,1.699533063736e-05
8.000000000000e-04,1.062430086478e-06
4.000000000000e-04,3.043271687314e-06
4.000000000000e-04,2.562035081271e-06
8.000000000000e-04,1.009716584428e-06
8.000000000000e-04,4.047715156290e-06
1.200000000000e-03,9.235071898354e-06
4.000000000000e-04,4.043985374931e-06
4.000000000000e-04,2.874231913608e-06
4.000000000000e-04,2.038421517152e-06
4.000000000000e-04,2.251817104698e-06
4.000000000000e-04,5.530876296054e-07
4.800000000000e-03,4.963053026114e-05
1.600000000000e-03,1.229054169181e-05
4.800000000000e-03,2.957279412120e-05
2.400000000000e-03,1.230688418441e-05
2.400000000000e-03,1.893456600516e-05
4.000000000000e-04,1.930135903790e-07
2.800000000000e-03,2.372594956879e-05
4.000000000000e-04,2.802517407825e-07
4.000000000000e-04,3.396041162387e-06
4.000000000000e-04,2.230137597617e-06
4.000000000000e-04,3.435913286994e-06
5.200000000000e-03,4.719482676419e-05
4.000000000000e-04,8.193981927287e-07
1.200000000000e-03,7.285718095621e-06
4.000000000000e-04,3.673167730759e-06
4.000000000000e-04,1.751238668892e-06
4.000000000000e-04,1.209299877831e-06
1.600000000000e-03,1.095215341802e-05
4.000000000000e-04,1.382628781960e-07
8.000000000000e-04,5.310519495117e-06
1.600000000000e-03,1.172111534695e-05
1.200000000000e-03,5.291349531400e-06
4.400000000000e-03,2.601651468764e-05
2.800000000000e-03,9.749943522977e-06
1.200000000000e-03,2.044940696334e-06
4.000000000000e-04,2.188459351360e-06
2.000000000000e-03,1.325549089910e-05
4.000000000000e-04,1.755325864297e-06
3.200000000000e-03,2.195584031626e-05
4.000000000000e-04,2.125556911960e-07
1.120000000000e-02,8.736744593103e-05
4.000000000000e-04,4.746871027466e-07
1.200000000000e-03,3.953566730021e-06
4.000000000000e-04,2.352626485091e-07
4.000000000000e-04,2.671247116345e-06
4.000000000000e-04,1.836541007894e-06
4.000000000000e-04,4.697210721588e-07
4.000000000000e-04,6.000919833630e-07
4.000000000000e-04,1.763604183782e-06
4.000000000000e-04,1.655857689252e-06
8.000000000000e-04,5.216299807591e-06
4.000000000000e-04,1.058632812020e-06
3.200000000000e-03,1.129840743365e-05
4.000000000000e-04,1.021400969775e-06
4.000000000000e-04,2.088929120405e-07
8.000000000000e-04,6.544120501715e-06
4.000000000000e-04,8.164854290058e-07
8.000000000000e-04,2.061059174256e-06
4.000000000000e-04,9.250136081666e-07
4.000000000000e-04,6.555171834367e-07
4.000000000000e-04,1.746029055609e-06
4.000000000000e-04,1.986521114180e-06
2.400000000000e-03,1.192908599907e-05
1.600000000000e-03,6.497950977250e-06
1.600000000000e-03,1.497657370499e-05
1.280000000000e-02,1.205738550764e-04
4.000000000000e-04,1.956886563260e-06
4.000000000000e-04,6.228729782323e-07
1.600000000000e-03,1.105268916344e-05
8.000000000000e-04,3.033079622783e-06
4.000000000000e-04,1.716515783930e-06
1.200000000000e-03,7.734005972167e-06
4.000000000000e-04,2.697213591024e-07
8.000000000000e-04,3.778450999452e-06
4.000000000000e-04,8.071082545012e-07
8.000000000000e-04,2.007164712814e-06
4.000000000000e-04,1.488620250756e-07
4.000000000000e-04,1.759188438995e-07
1.200000000000e-03,5.948805362790e-06
4.000000000000e-04,8.536073293959e-07
4.000000000000e-04,1.513891825750e-06
2.400000000000e-03,8.932088398541e-06
8.000000000000e-04,2.068651738467e-06
4.000000000000e-04,4.018794825085e-06
4.000000000000e-04,3.132626656991e-07
4.000000000000e-04,2.265108032291e-06
8.000000000000e-04,4.650289745061e-06
1.200000000000e-03,1.030431554501e-05
4.000000000000e-04,1.137521380927e-06
1.200000000000e-03,5.004558692095e-06
4.000000000000e-04,8.026408430007e-07
1.600000000000e-03,1.212482884362e-05
4.000000000000e-04,4.557320751278e-06
1.200000000000e-03,1.045813038753e-05
4.000000000000e-04,2.460180491377e-06
1.320000000000e-02,1.535298075789e-04
2.000000000000e-03,9.834312003102e-06
1.600000000000e-03,9.430050785092e-06
8.000000000000e-04,4.318604867518e-06
3.600000000000e-03,1.648366786437e-05
4.000000000000e-04,7.872311057527e-07
2.000000000000e-03,4.983990369945e-06
8.000000000000e-04,3.457107110765e-06
4.000000000000e-04,3.941966430029e-06
1.200000000000e-03,4.129650874297e-06
4.000000000000e-04,2.403811075166e-07
4.000000000000e-04,5.870396855189e-07
4.000000000000e-04,1.410618890417e-06
8.000000000000e-04,2.699103988376e-06
4.000000000000e-04,1.901259911584e-07
4.000000000000e-04,1.310792127652e-07
4.000000000000e-04,2.421540618298e-06
4.000000000000e-04,1.358163564482e-06
4.000000000000e-04,4.139009763998e-07
4.000000000000e-03,1.581218459489e-05
4.000000000000e-04,3.036544941407e-06
4.000000000000e-04,2.625538753871e-07
4.000000000000e-04,4.140780609030e-07
4.000000000000e-04,1.261048012188e-06
4.000000000000e-04,3.222171154449e-06
4.000000000000e-04,8.182297915668e-07
4.000000000000e-04,2.403591496960e-06
1.320000000000e-02,1.695540194265e-04
4.000000000000e-04,1.596302668085e-06
4.000000000000e-04,2.098973416431e-06
8.000000000000e-04,2.936096245227e-06
4.000000000000e-04,1.354660186013e-06
4.000000000000e-04,5.446186411682e-07
4.000000000000e-04,2.810720689670e-06
4.000000000000e-04,3.222242154248e-08
4.800000000000e-03,3.657856596304e-05
8.000000000000e-04,2.421233710959e-06
4.000000000000e-04,2.126146202493e-06
3.200000000000e-03,1.363694751009e-05
4.000000000000e-04,2.702355636905e-06
4.000000000000e-04,1.392070191453e-06
8.000000000000e-04,2.264194193467e-06
4.000000000000e-04,3.704842776255e-06
4.000000000000e-04,1.719492565584e-06
4.000000000000e-04,5.316650277975e-07
4.000000000000e-04,1.204171470058e-06
4.000000000000e-04,2.176792745023e-06
4.000000000000e-04,8.028788057459e-07
4.000000000000e-04,7.432160294271e-07
4.000000000000e-04,4.465663793965e-06
4.000000000000e-04,6.686794332839e-07
1.200000000000e-03,9.640238348621e-06
4.000000000000e-04,8.663233958514e-07
4.000000000000e-04,1.814526004414e-06
8.000000000000e-04,5.018184757489e-06
3.200000000000e-03,1.617733806716e-05
4.000000000000e-04,1.151307978589e-06
7.200000000000e-03,4.372079760676e-05
5.200000000000e-03,3.307747953746e-05
4.000000000000e-04,5.921797456074e-07
2.000000000000e-03,1.249922425122e-05
4.000000000000e-04,1.467660022743e-06
1.600000000000e-03,8.378106966509e-06
4.000000000000e-04,8.734830029659e-07
1.200000000000e-03,9.050124425964e-06
1.200000000000e-03,1.034496327863e-05
1.200000000000e-03,6.681034281276e-06
4.000000000000e-04,2.411697682867e-06
4.000000000000e-04,1.084311228069e-06
8.000000000000e-04,7.897675267939e-06
2.000000000000e-03,8.543158888974e-06
1.280000000000e-02,1.430717169023e-04
4.000000000000e-04,1.311248861764e-06
4.000000000000e-04,6.060632628461e-07
4.000000000000e-04,3.478438088439e-06
1.600000000000e-03,6.007419836996e-06
8.000000000000e-04,4.543221956753e-06
1.200000000000e-03,3.983622144075e-06
1.200000000000e-03,6.323809316644e-06
4.000000000000e-04,4.277013408495e-06
4.000000000000e-04,1.265169306641e-06
1.600000000000e-03,2.643328141080e-05
1.200000000000e-03,4.450788044152e-06
8.000000000000e-04,3.095819939830e-06
1.200000000000e-03,5.589704544821e-06
4.000000000000e-04,2.812971991129e-07
2.400000000000e-03,1.740117939507e-05
4.000000000000e-04,2.157786828200e-06
4.000000000000e-04,3.869003144155e-06
4.000000000000e-04,1.926797046770e-07
4.000000000000e-04,2.104108664137e-06
2.800000000000e-03,1.306693220663e-05
4.000000000000e-04,9.300652209227e-07
4.000000000000e-04,1.638782280961e-06
4.000000000000e-04,7.236038984753e-07
8.000000000000e-04,1.965358436302e-06
4.000000000000e-04,1.167598144980e-06
4.000000000000e-04,2.070172864201e-06
4.000000000000e-04,9.518022434612e-07
4.000000000000e-04,1.965739814360e-06
1.200000000000e-03,6.152449965416e-06
2.400000000000e-03,2.170964792426e-05
4.000000000000e-04,3.598830961324e-07
4.000000000000e-04,3.679703962893e-06
4.000000000000e-04,2.604635175055e-06
4.000000000000e-04,2.744539905441e-07
1.600000000000e-03,8.018831688215e-06
4.000000000000e-04,3.288503229263e-07
3.600000000000e-03,1.714887523356e-05
4.000000000000e-04,3.628637051611e-06
3.600000000000e-03,2.710435146785e-05
4.000000000000e-04,2.231177062259e-06
4.000000000000e-04,5.254728179689e-07
4.000000000000e-04,1.719526209838e-06
4.000000000000e-04,2.447780679297e-07
4.000000000000e-04,2.534184828433e-06
4.000000000000e-04,1.478430611268e-09
7.600000000000e-03,6.874913855124e-05
4.000000000000e-04,3.527496358225e-07
8.000000000000e-04,5.350325227100e-06
5.200000000000e-03,5.245984390963e-05
4.000000000000e-04,7.797290835508e-08
8.000000000000e-04,4.006442022899e-06
3.200000000000e-03,1.956372565743e-05
8.000000000000e-04,5.318820536717e-06
1.600000000000e-03,1.323815524120e-05
8.000000000000e-04,6.283907107289e-06
4.000000000000e-04,3.816345858684e-06
4.000000000000e-04,3.268542784920e-07
1.600000000000e-03,2.271885011892e-05
4.000000000000e-04,9.043727571206e-07
1.200000000000e-03,5.019376365249e-06
4.000000000000e-04,2.353299853211e-06
4.000000000000e-04,2.909498156402e-06
4.000000000000e-04,9.997786537439e-07
4.000000000000e-04,2.127156665222e-06
4.000000000000e-04,1.128986422936e-06
4.000000000000e-04,6.710531176576e-08
2.800000000000e-03,2.770635910125e-05
4.000000000000e-04,2.485551781213e-06
4.000000000000e-04,2.087403935756e-06
3.200000000000e-03,1.955089803354e-05
4.000000000000e-04,1.923501986999e-07
1.600000000000e-03,3.882106149968e-06
4.000000000000e-04,5.866467139022e-07
4.000000000000e-04,5.562717732849e-09
1.200000000000e-03,2.358913073265e-06
4.000000000000e-04,2.804257903930e-07
4.000000000000e-04,1.232472329568e-06
4.000000000000e-04,1.198689029169e-06
8.000000000000e-04,1.975084302879e-06
4.000000000000e-04,1.283743402598e-07
2.400000000000e-03,1.322062111403e-05
8.000000000000e-04,7.327082115695e-06
1.600000000000e-03,1.037787549412e-05
4.000000000000e-04,8.884058848215e-08
4.000000000000e-04,1.774181005693e-06
4.000000000000e-04,1.335913161988e-06
4.000000000000e-04,9.055979692849e-07
8.000000000000e-04,6.194746527157e-07
4.000000000000e-04,5.950609833448e-07
8.000000000000e-04,1.134384804477e-06
2.800000000000e-03,1.592345090032e-05
4.000000000000e-04,3.398971826760e-06
4.000000000000e-04,2.139864695999e-06
4.000000000000e-04,1.021854332402e-06
1.280000000000e-02,1.173585366557e-04
4.000000000000e-04,5.108789355134e-07
4.000000000000e-04,7.126187605728e-07
4.000000000000e-04,6.061286774620e-07
4.000000000000e-04,4.116574122805e-06
8.000000000000e-04,6.181663009020e-06
1.056000000000e-01,2.378205271694e-03
4.000000000000e-04,2.512968527268e-06
8.000000000000e-04,2.965281608810e-06
8.000000000000e-04,2.839387956951e-06
4.000000000000e-04,1.964778563285e-06
8.000000000000e-04,9.639379889211e-06
4.000000000000e-04,2.477788944199e-06
8.000000000000e-04,3.628310280697e-06
4.000000000000e-04,2.730290184374e-06
4.000000000000e-04,2.591092854041e-06
4.000000000000e-04,1.648553519784e-06
4.000000000000e-04,3.629189974311e-07
4.000000000000e-04,1.259417034886e-07
1.600000000000e-03,9.844412320495e-06
8.000000000000e-04,4.158759058711e-06
4.000000000000e-04,6.464270729141e-07
8.000000000000e-04,2.119152989037e-06
4.000000000000e-04,2.187675696957e-06
4.000000000000e-04,3.144659367666e-07
1.600000000000e-03,8.367240870500e-06
4.000000000000e-04,4.054079561215e-06
1.200000000000e-03,1.447140210090e-06
4.000000000000e-04,1.996257979830e-06
2.000000000000e-03,9.961031455128e-06
4.000000000000e-04,1.558053654651e-06
4.000000000000e-04,3.234099869571e-06
4.000000000000e-04,1.965929942939e-06
8.000000000000e-04,2.785899538104e-06
8.000000000000e-04,3.320196887016e-06
4.000000000000e-04,9.289765274970e-07
4.000000000000e-04,4.805103891881e-08
2.000000000000e-03,1.178849350371e-05
1.200000000000e-03,3.227035815760e-06
4.000000000000e-04,7.898248435457e-07
4.000000000000e-04,7.901435504398e-07
4.000000000000e-04,1.207099910044e-06
4.000000000000e-04,1.201779275793e-06
4.000000000000e-04,2.192367667778e-06
4.000000000000e-04,4.163871573636e-06
4.000000000000e-04,3.209306712667e-06
2.400000000000e-03,1.131224104028e-05
4.000000000000e-04,1.586337882727e-06
4.000000000000e-04,1.908625577687e-07
4.000000000000e-04,5.402512720226e-06
4.000000000000e-04,6.723423384171e-07
4.000000000000e-04,2.515631799452e-06
8.000000000000e-04,6.500712067746e-06
4.000000000000e-04,7.734958731594e-07
8.000000000000e-04,4.757717061705e-06
4.000000000000e-04,4.609249949715e-07
8.000000000000e-04,4.567643384145e-06
4.000000000000e-04,4.463016378350e-07
4.000000000000e-03,3.098275529815e-05
4.000000000000e-04,1.491631279179e-06
4.000000000000e-04,4.419638837859e-07
4.000000000000e-04,1.278519901981e-06
4.000000000000e-04,8.335301173579e-09
4.000000000000e-04,8.196725480573e-08
8.000000000000e-04,8.705838708757e-06
1.000000000000e-02,1.044716077753e-04
8.000000000000e-04,5.527151756447e-06
4.000000000000e-04,1.593221911473e-07
4.000000000000e-04,1.681052735212e-07
4.000000000000e-04,3.192171192077e-06
2.800000000000e-03,1.693045444515e-05
5.600000000000e-03,5.404962711723e-05
4.000000000000e-04,1.830209162580e-06
4.000000000000e-04,3.065537686607e-07
1.600000000000e-03,6.631968760923e-06
1.200000000000e-03,7.569687397704e-06
4.000000000000e-04,1.316327293704e-07
2.800000000000e-03,3.538256401968e-05
4.000000000000e-04,2.885091461363e-06
4.800000000000e-03,4.173507589705e-05
4.000000000000e-04,2.537346225355e-06
2.000000000000e-03,1.295415394904e-05
4.000000000000e-04,1.396200093682e-06
4.000000000000e-04,4.298945873316e-07
4.000000000000e-04,7.311946871347e-08
4.000000000000e-04,6.772439287093e-07
4.000000000000e-04,8.311313343360e-07
8.000000000000e-04,3.892708930329e-06
8.000000000000e-04,2.530071035687e-06
3.600000000000e-03,3.382462663041e-05
4.000000000000e-04,2.649383752502e-06
4.000000000000e-04,1.807518952702e-07
2.400000000000e-03,1.215687439946e-05
6.400000000000e-03,7.704227388520e-05
1.200000000000e-03,3.613109739495e-06
8.000000000000e-04,9.259882642902e-07
4.000000000000e-04,7.666927607031e-07
8.400000000000e-03,8.558637607833e-05
8.000000000000e-04,2.866023353197e-06
1.600000000000e-03,4.734083452850e-06
4.000000000000e-04,2.309966629900e-07
4.000000000000e-04,1.304862843576e-07
4.000000000000e-04,1.813309488842e-06
4.000000000000e-04,2.077879491563e-06
3.200000000000e-03,2.821160143186e-05
4.000000000000e-04,2.916053444371e-06
4.000000000000e-04,6.331099852833e-06
4.800000000000e-03,3.065079145148e-05
4.000000000000e-04,3.615002704179e-06
4.000000000000e-04,9.759083620265e-07
4.000000000000e-04,3.180305711432e-07
8.000000000000e-04,2.125613896600e-06
4.000000000000e-04,9.622623593058e-07
2.000000000000e-03,1.011731940229e-05
4.000000000000e-04,1.038655635761e-06
4.000000000000e-04,7.832669392622e-07
4.000000000000e-04,2.815993477419e-06
4.000000000000e-04,1.100426365623e-06
4.000000000000e-04,8.740324591581e-08
4.000000000000e-04,1.125544135434e-06
4.000000000000e-04,8.151497513406e-07
3.200000000000e-03,2.859158396642e-05
4.000000000000e-04,1.907955352408e-06
2.800000000000e-03,2.220444103579e-05
4.000000000000e-04,1.000234391293e-06
4.000000000000e-04,2.857714047879e-07
4.000000000000e-04,3.316307861632e-07
4.000000000000e-04,1.013683907271e-06
4.000000000000e-04,4.531455449031e-07
4.000000000000e-04,4.837639778192e-07
4.000000000000e-03,1.681163308594e-05
2.800000000000e-03,3.405713852837e-05
4.000000000000e-04,7.300629434776e-07
8.000000000000e-04,3.673598158169e-06
8.000000000000e-04,4.906498269550e-06
6.000000000000e-03,4.218941699488e-05
1.600000000000e-03,8.138546269878e-06
3.200000000000e-03,1.506814395549e-05
4.000000000000e-04,1.004159043582e-06
4.000000000000e-04,3.645600524423e-07
4.000000000000e-04,1.129491879793e-06
1.200000000000e-03,1.732772281506e-06
4.000000000000e-04,6.549727338451e-07
4.000000000000e-04,1.020462794581e-06
4.000000000000e-04,1.483210217574e-07
1.200000000000e-03,1.081231242329e-06
1.200000000000e-03,3.631459612080e-06
1.200000000000e-03,1.190639683731e-05
1.440000000000e-02,1.309931155202e-04
4.000000000000e-04,1.645065567961e-06
4.000000000000e-04,1.457818228668e-06
3.200000000000e-03,1.494940353168e-05
1.600000000000e-03,1.476975872615e-05
8.000000000000e-04,2.083334564040e-06
3.320000000000e-02,6.047940167702e-04
4.000000000000e-04,1.341802329344e-07
4.000000000000e-04,1.647903253265e-06
4.000000000000e-04,5.743716335857e-06
8.000000000000e-04,3.671789561014e-06
4.000000000000e-04,9.529235497466e-07
4.000000000000e-04,1.511203782599e-06
4.000000000000e-04,2.884697371134e-06
8.000000000000e-04,3.628786217300e-06
4.000000000000e-04,5.213083217269e-06
6.400000000000e-03,4.893752290961e-05
8.000000000000e-04,1.235132574642e-06
3.200000000000e-03,2.236123193926e-05
4.000000000000e-04,6.456119828615e-07
8.000000000000e-04,1.323491296561e-06
1.200000000000e-03,4.186052919439e-06
4.000000000000e-04,2.268024292919e-07
8.000000000000e-04,2.736962959547e-06
4.000000000000e-04,2.200819200730e-06
6.800000000000e-03,8.833447929205e-05
8.000000000000e-04,2.912318475483e-06
4.000000000000e-04,1.706832723913e-07
4.000000000000e-04,6.969655991132e-07
4.000000000000e-04,1.595171250025e-07
8.000000000000e-04,8.585243681249e-06
4.000000000000e-04,4.131503690708e-06
4.000000000000e-04,5.463156421569e-07
4.000000000000e-04,2.366763465330e-06
4.000000000000e-04,2.293095032213e-06
1.600000000000e-03,7.618650139420e-06
5.600000000000e-03,5.548783938982e-05
4.000000000000e-04,6.781705142453e-07
8.000000000000e-04,6.327373167081e-06
4.000000000000e-04,1.167138254689e-06
1.200000000000e-03,7.779791688683e-06
4.000000000000e-04,5.522102286719e-07
2.000000000000e-03,1.005611607059e-05
4.000000000000e-04,6.584169533255e-07
4.000000000000e-04,1.203940826102e-06
4.000000000000e-04,1.840437527630e-06
4.000000000000e-04,2.910773820117e-07
8.000000000000e-04,6.045960295101e-06
2.000000000000e-03,1.054807833286e-05
4.000000000000e-04,1.956845408926e-07
6.400000000000e-03,4.235405004803e-05
4.000000000000e-04,4.291263658600e-07
1.600000000000e-03,1.285303934121e-05
8.000000000000e-04,1.380503025340e-06
4.000000000000e-04,5.854907590436e-07
4.000000000000e-04,2.580341169888e-08
4.000000000000e-04,1.701165713730e-06
1.200000000000e-03,2.729857806749e-06
4.000000000000e-04,7.042891135631e-07
1.600000000000e-03,9.215926855351e-06
4.000000000000e-04,2.189824968277e-06
4.000000000000e-04,3.298405888921e-06
4.000000000000e-04,1.807320765707e-07
4.000000000000e-04,9.010150126264e-07
4.000000000000e-04,3.793588142020e-07
4.000000000000e-04,4.278889048352e-07
6.800000000000e-03,8.193099036536e-05
4.000000000000e-04,6.847346485702e-07
3.600000000000e-03,2.398347418407e-05
1.200000000000e-03,5.383188298136e-06
4.000000000000e-04,2.295098370945e-06
4.000000000000e-04,3.373091964426e-07
4.000000000000e-04,2.618792129875e-06
4.000000000000e-04,6.887217290505e-07
4.000000000000e-04,4.712411332351e-07
4.000000000000e-04,2.419315551906e-06
8.000000000000e-04,2.673341713873e-06
4.000000000000e-03,3.074920300299e-05
4.000000000000e-04,1.339906542497e-06
4.000000000000e-04,1.856391908307e-06
3.200000000000e-03,1.410058853520e-05
8.000000000000e-04,5.252497088619e-06
2.400000000000e-03,2.073468971415e-05
8.000000000000e-04,3.831306934868e-06
8.000000000000e-04,4.304937401641e-06
4.000000000000e-04,1.722325101079e-06
4.000000000000e-04,2.051361705096e-07
2.000000000000e-03,1.349477991539e-05
4.400000000000e-03,1.843655872581e-05
2.400000000000e-03,3.212117088375e-05
5.920000000000e-02,1.202483092966e-03
4.000000000000e-04,1.234236872915e-06
1.200000000000e-03,6.918459629210e-06
6.000000000000e-03,3.785285255929e-05
4.000000000000e-04,1.508374401868e-06
4.800000000000e-03,4.076526404449e-05
4.000000000000e-04,1.295547579021e-06
2.000000000000e-03,1.502779022467e-05
4.000000000000e-04,2.379207677598e-06
4.000000000000e-04,2.307795020900e-06
1.200000000000e-03,1.754504332031e-06
4.000000000000e-04,2.841435380124e-06
4.000000000000e-04,1.363250471727e-06
1.200000000000e-03,9.598898160149e-06
4.000000000000e-04,9.851397766958e-07
4.000000000000e-03,2.896941035281e-05
4.000000000000e-04,1.666039782827e-06
8.000000000000e-04,4.281900820767e-07
4.000000000000e-04,3.309536054554e-06
4.000000000000e-04,3.805376950985e-06
4.000000000000e-04,3.604917926106e-07
2.000000000000e-03,1.971359868225e-05
4.000000000000e-04,1.034135394921e-06
2.400000000000e-03,1.234595176778e-05
3.600000000000e-03,1.692566239404e-05
4.000000000000e-04,2.382167768581e-06
2.800000000000e-03,2.096985479842e-05
4.000000000000e-04,2.321113448976e-06
4.000000000000e-04,5.614892509393e-07
2.000000000000e-03,2.087576456486e-05
1.200000000000e-03,3.364118978316e-06
8.000000000000e-04,6.067812920284e-06
7.600000000000e-03,7.436235242540e-05
2.000000000000e-03,1.510812313684e-05
4.000000000000e-04,3.484702189321e-06
1.600000000000e-03,3.853969032569e-06
1.200000000000e-03,3.516346738439e-06
4.000000000000e-04,1.643932652115e-07
8.000000000000e-04,1.401677019558e-06
8.000000000000e-04,1.824821048591e-06
4.000000000000e-04,8.946143111323e-07
4.000000000000e-04,7.441583313509e-07
8.000000000000e-04,2.661152980496e-06
4.000000000000e-04,1.168535687064e-06
4.000000000000e-04,6.992250334541e-07
4.000000000000e-04,1.505150316780e-06
4.000000000000e-04,1.110179726589e-06
4.000000000000e-04,1.591380053152e-06
1.200000000000e-03,1.120891299449e-05
8.000000000000e-04,1.842554883740e-06
4.000000000000e-04,1.848996306363e-06
4.000000000000e-04,1.614384651797e-07
2.000000000000e-03,5.517512253426e-06
8.000000000000e-04,4.661589984886e-06
4.000000000000e-04,1.806905270359e-06
8.800000000000e-03,9.372621381888e-05
7.200000000000e-03,1.032832518018e-04
4.000000000000e-04,7.436693521094e-07
4.000000000000e-04,1.398051655209e-07
8.000000000000e-04,1.595139468992e-06
4.000000000000e-04,2.116376573062e-06
1.560000000000e-02,2.107898995328e-04
2.000000000000e-03,1.091343252124e-05
2.400000000000e-03,1.499851643316e-05
4.000000000000e-04,5.305604168427e-07
4.400000000000e-03,3.716057106211e-05
4.000000000000e-04,1.392741182502e-06
4.000000000000e-04,1.542345419720e-06
8.000000000000e-03,1.129113617944e-04
8.000000000000e-04,2.763360513483e-06
4.000000000000e-04,2.718906537560e-06
4.000000000000e-04,2.440956410422e-08
8.000000000000e-04,2.813506977181e-06
4.000000000000e-04,1.580292885934e-06
4.000000000000e-04,5.746259041145e-07
4.000000000000e-04,1.206093048622e-07
1.200000000000e-03,1.031377279399e-05
2.400000000000e-03,1.990802517875e-05
4.000000000000e-04,1.783549693707e-06
4.000000000000e-04,2.585887449392e-06
4.000000000000e-04,1.184554633504e-06
1.560000000000e-02,1.325544602836e-04
1.200000000000e-03,2.007748668491e-06
1.200000000000e-03,3.177765267269e-06
4.000000000000e-04,5.941588961389e-09
4.000000000000e-04,1.403886426150e-06
4.000000000000e-04,1.603399569948e-06
8.000000000000e-04,2.343099744386e-06
8.000000000000e-04,1.202226843455e-06
4.000000000000e-04,2.884065420149e-06
1.200000000000e-03,2.804220031623e-06
4.000000000000e-04,2.472363367530e-06
4.000000000000e-04,7.544971967488e-07
4.000000000000e-04,4.235923318082e-06
8.000000000000e-04,4.498282823046e-06
4.000000000000e-04,2.775798782870e-06
8.800000000000e-03,4.903337564790e-05
4.000000000000e-04,6.243100787169e-07
1.200000000000e-03,1.501161041328e-05
4.000000000000e-04,2.102951146692e-06
4.000000000000e-04,2.814413941207e-07
4.000000000000e-04,3.079135251468e-06
2.000000000000e-03,1.281061427873e-05
2.000000000000e-03,1.102875512938e-05
4.000000000000e-04,4.458688147117e-07
4.000000000000e-04,1.744816349076e-06
4.000000000000e-04,2.781893085170e-06
4.000000000000e-04,2.082588776800e-07
4.000000000000e-04,7.502485635696e-07
4.000000000000e-04,1.775101831784e-06
4.000000000000e-04,3.503113115054e-06
2.000000000000e-03,1.218816832258e-05
1.200000000000e-03,3.743261126292e-06
4.000000000000e-04,1.911807956781e-06
4.000000000000e-04,3.961695951772e-08
2.400000000000e-03,1.720121600944e-05
4.440000000000e-02,7.653676960833e-04
1.200000000000e-03,6.500018327569e-06
4.000000000000e-04,2.648451566687e-07
4.000000000000e-04,1.598437797719e-06
2.000000000000e-03,1.211126004037e-05
4.000000000000e-04,1.054363681766e-06
4.000000000000e-04,6.384631079440e-07
4.000000000000e-04,2.509749153439e-06
1.680000000000e-02,1.877611040476e-04
4.000000000000e-04,1.254425017371e-06
3.200000000000e-03,3.005454233660e-05
4.000000000000e-04,5.530999759690e-07
1.080000000000e-02,1.446279202798e-04
4.000000000000e-04,8.859732614253e-09
2.000000000000e-03,1.383310035226e-05
4.000000000000e-04,6.081800314753e-07
4.000000000000e-04,9.768604623951e-07
4.000000000000e-04,2.617955994442e-07
9.600000000000e-03,7.581132799257e-05
4.000000000000e-04,1.882401118334e-06
4.000000000000e-04,2.778612258287e-06
1.600000000000e-03,9.535083916808e-06
4.000000000000e-04,3.208406218383e-07
4.000000000000e-04,1.474190463752e-06
8.000000000000e-04,7.621684066948e-07
4.000000000000e-04,3.149126125726e-06
4.000000000000e-04,9.440264359799e-07
8.000000000000e-04,3.471099294091e-06
1.600000000000e-03,1.305515758806e-05
2.400000000000e-03,1.463802428587e-05
8.000000000000e-04,4.581319662426e-06
4.000000000000e-04,1.854416831651e-06
8.000000000000e-04,1.052169219569e-06
7.200000000000e-03,6.998178761412e-05
4.000000000000e-04,1.120713479338e-06
1.400000000000e-02,1.998527823593e-04
4.000000000000e-04,3.015804586672e-06
1.200000000000e-03,3.612759475547e-06
4.000000000000e-04,4.950137456888e-07
4.000000000000e-04,1.839045680823e-06
4.000000000000e-04,1.607601887361e-07
8.000000000000e-04,6.045297026253e-06
4.000000000000e-04,1.947050394807e-06
4.000000000000e-04,7.049308239557e-09
1.240000000000e-02,1.075255878288e-04
4.000000000000e-04,1.926451299177e-06
8.000000000000e-04,1.022388847345e-05
4.000000000000e-04,3.098310955457e-07
4.000000000000e-04,1.560460395127e-06
4.000000000000e-04,3.273785338822e-07
2.000000000000e-03,1.607858950421e-05
4.000000000000e-04,1.077844987677e-06
4.000000000000e-04,1.831564100498e-06
8.000000000000e-04,2.267709741175e-06
4.000000000000e-04,1.608296483123e-06
4.000000000000e-04,7.449748020029e-07
4.000000000000e-04,2.448649785889e-06
8.000000000000e-04,2.901602304265e-06
1.200000000000e-03,6.689405652543e-06
1.200000000000e-03,8.275346245601e-06
1.200000000000e-03,4.668138577777e-06
4.000000000000e-04,1.510309805557e-06
4.000000000000e-04,1.166894664465e-06
8.000000000000e-04,4.881479261911e-06
4.000000000000e-04,5.321060121834e-07
4.000000000000e-04,2.580731363201e-06
8.000000000000e-03,4.671241956773e-05
4.000000000000e-04,8.902781766392e-07
4.000000000000e-04,1.529095428689e-07
4.000000000000e-04,1.810888426197e-07
4.000000000000e-04,1.538939799403e-06
1.600000000000e-03,5.155983964892e-06
8.000000000000e-04,4.810762254609e-08
1.600000000000e-03,1.291595471092e-05
1.200000000000e-03,1.283064571135e-06
4.000000000000e-04,4.082465084846e-06
4.000000000000e-04,3.564092873318e-06
4.000000000000e-04,1.166428659153e-06
1.600000000000e-03,4.941303796371e-06
4.000000000000e-04,2.624610409913e-06
4.000000000000e-04,2.105575673098e-06
4.000000000000e-04,2.199645285004e-07
4.000000000000e-04,4.077059142442e-07
8.000000000000e-04,4.454142423434e-06
1.600000000000e-03,6.360034786057e-06
4.000000000000e-04,1.204372172049e-06
4.000000000000e-04,1.981178050323e-06
1.600000000000e-03,1.053972841115e-05
4.000000000000e-04,2.036478266688e-06
6.400000000000e-03,7.739541840719e-05
8.000000000000e-04,5.441919729456e-06
4.000000000000e-04,7.443883665597e-07
4.000000000000e-04,6.302191725704e-07
4.800000000000e-03,2.097220414621e-05
1.200000000000e-03,3.643827519367e-06
2.000000000000e-03,1.383035019995e-05
4.000000000000e-04,4.809419008623e-07
4.000000000000e-04,6.574355416795e-06
8.000000000000e-04,2.987220665228e-06
4.000000000000e-04,1.225816009042e-06
4.000000000000e-04,2.394711887122e-06
3.200000000000e-03,1.874696076178e-05
4.000000000000e-04,1.475996765064e-06
4.000000000000e-03,1.788316142633e-05
4.000000000000e-04,2.759650430569e-06
4.000000000000e-04,2.306077356147e-06
2.000000000000e-03,1.045306843994e-05
1.200000000000e-03,2.751842141005e-06
8.000000000000e-04,3.921835952486e-06
1.600000000000e-03,3.110060423519e-06
7.600000000000e-03,1.077470214322e-04
4.000000000000e-04,1.609673837325e-06
4.000000000000e-04,1.019994422428e-06
4.000000000000e-04,4.209969516555e-09
4.000000000000e-04,7.846736121084e-07
4.000000000000e-04,3.523285179900e-07
4.000000000000e-04,6.664497946823e-07
4.000000000000e-04,2.525752795325e-08
4.000000000000e-04,1.232576664455e-07
3.200000000000e-03,3.095415435129e-05
4.000000000000e-04,1.062313729847e-06
4.000000000000e-04,3.147868530333e-06
4.000000000000e-04,1.631637865610e-06
4.000000000000e-04,4.065257904159e-07
4.000000000000e-04,2.100080673793e-06
8.000000000000e-04,2.110311600566e-06
4.000000000000e-04,2.937703641835e-07
3.200000000000e-03,2.998220558644e-05
4.000000000000e-04,9.901841138069e-08
4.400000000000e-03,3.271444512190e-05
4.000000000000e-04,1.282228747190e-06
2.000000000000e-03,8.667497869473e-06
7.600000000000e-03,7.121235165759e-05
4.000000000000e-04,1.947255994630e-06
4.000000000000e-04,1.638051694656e-06
4.120000000000e-02,5.155538363145e-04
4.000000000000e-04,4.060405193871e-08
4.000000000000e-04,2.103253822257e-06
4.000000000000e-04,4.990825756470e-06
8.000000000000e-04,4.706099775941e-06
1.200000000000e-03,5.084462166429e-06
4.000000000000e-04,1.759528826318e-06
4.000000000000e-04,4.548903398870e-06
8.000000000000e-04,5.530947884152e-07
1.600000000000e-03,4.744456440742e-06
4.000000000000e-04,1.190064358298e-06
4.000000000000e-04,2.182938513754e-06
1.960000000000e-02,2.899627422463e-04
8.000000000000e-04,1.132164018405e-06
2.320000000000e-02,3.471091527540e-04
4.000000000000e-04,3.677357117441e-07
2.480000000000e-02,3.773750502677e-04
4.000000000000e-04,6.420023109041e-07
4.000000000000e-04,1.836471922964e-06
4.000000000000e-04,1.949878870322e-06
4.000000000000e-04,1.851278230766e-07
2.000000000000e-03,2.293482146684e-05
6.800000000000e-03,8.601746605199e-05
4.000000000000e-04,1.236915905898e-06
4.000000000000e-04,5.294994973552e-06
4.000000000000e-04,2.111792632433e-06
4.000000000000e-04,2.090148100240e-07
4.000000000000e-04,1.356244055637e-06
4.000000000000e-04,3.450061816669e-07
1.200000000000e-03,1.105445845539e-06
4.000000000000e-04,6.689637552951e-07
4.000000000000e-04,3.467479836833e-06
8.000000000000e-04,4.384267138305e-06
1.600000000000e-03,9.270370300303e-06
4.000000000000e-04,2.390070111020e-06
8.000000000000e-04,1.268896164815e-06
1.600000000000e-03,7.918810002457e-06
4.000000000000e-04,2.416850482254e-06
1.200000000000e-03,1.509993948957e-06
4.000000000000e-04,2.051380982155e-06
8.000000000000e-04,1.738716252786e-06
4.000000000000e-04,5.742228743198e-07
4.000000000000e-04,4.415952000340e-06
6.000000000000e-03,5.613865377055e-05
2.000000000000e-03,1.050143940747e-05
4.000000000000e-04,1.875415902276e-06
4.000000000000e-04,9.896459386378e-07
8.000000000000e-04,1.015127610265e-06
4.000000000000e-04,1.160667021756e-06
4.000000000000e-04,2.130667633741e-06
4.000000000000e-04,1.951192868878e-06
4.000000000000e-03,4.022480677371e-05
1.200000000000e-03,5.471162507692e-06
4.000000000000e-04,1.545036634738e-06
4.000000000000e-04,8.383381320519e-07
4.000000000000e-04,3.450165048290e-06
4.000000000000e-04,1.690591535053e-06
8.000000000000e-04,3.204051939481e-06
4.000000000000e-04,1.965051252577e-07
4.000000000000e-04,2.133702772283e-06
4.000000000000e-04,1.365602960983e-06
4.000000000000e-04,1.606470564474e-06
4.000000000000e-04,1.617018662893e-06
1.600000000000e-03,9.134926162703e-06
4.000000000000e-04,3.921522475306e-07
4.000000000000e-04,1.473731207930e-07
4.000000000000e-04,8.802130525772e-07
4.000000000000e-04,1.127274306286e-07
4.000000000000e-04,4.054896313190e-07
2.800000000000e-03,1.183914352626e-05
1.200000000000e-03,8.685201154019e-06
4.000000000000e-04,1.034844746659e-06
4.000000000000e-04,1.717073042292e-08
1.200000000000e-03,4.423056380203e-06
4.000000000000e-04,1.735402926320e-06
4.000000000000e-04,3.176787220497e-06
2.400000000000e-03,2.421506785591e-05
4.000000000000e-04,6.308333852562e-08
4.000000000000e-04,9.768054975187e-07
4.000000000000e-04,2.580547742675e-06
1.200000000000e-03,6.212053072395e-06
4.000000000000e-04,1.986921294102e-06
4.000000000000e-04,1.515979157238e-08
8.000000000000e-04,5.370655007686e-06
8.000000000000e-04,5.193201202530e-06
4.000000000000e-04,4.308902860088e-06
4.000000000000e-04,7.772563245513e-07
4.000000000000e-04,1.958013440172e-06
4.000000000000e-04,1.564766818086e-06
8.000000000000e-04,4.706844393291e-06
1.600000000000e-03,1.633125347436e-05
4.000000000000e-04,1.554697757905e-06
4.000000000000e-04,1.505311139114e-06
8.000000000000e-04,5.666269433571e-06
8.000000000000e-04,1.962749988175e-06
4.000000000000e-04,4.151944127208e-07
1.120000000000e-02,9.192189467408e-05
8.000000000000e-04,8.027316321562e-07
6.400000000000e-03,2.873335619808e-05
9.040000000000e-02,2.027737479256e-03
4.000000000000e-04,5.611582951579e-06
1.680000000000e-02,1.790900702349e-04
1.200000000000e-03,7.357307952482e-06
1.836000000000e+00,7.354152417512e-02
4.000000000000e-04,8.143145309483e-07
8.000000000000e-04,4.403255059008e-06
4.000000000000e-04,1.312574677050e-06
2.800000000000e-03,2.335219743558e-05
8.000000000000e-04,8.001694177565e-06
4.000000000000e-04,1.897761909350e-06
4.000000000000e-04,6.805293304117e-07
4.000000000000e-04,4.055028811289e-07
4.000000000000e-04,1.609597576943e-08
8.000000000000e-04,7.782380343946e-07
8.000000000000e-04,1.394923389966e-06
4.000000000000e-04,5.880653733114e-07
4.000000000000e-04,3.353182341027e-07
9.600000000000e-03,4.454248568148e-05
3.600000000000e-03,2.241591646552e-05
1.200000000000e-03,5.045389587123e-06
4.000000000000e-04,1.053985896022e-06
8.000000000000e-04,4.805039363202e-06
9.200000000000e-03,7.412816003776e-05
4.000000000000e-04,5.128348903857e-07
4.000000000000e-04,5.368581864781e-07
8.000000000000e-04,6.552503079969e-06
3.400000000000e-02,3.734220512021e-04
4.000000000000e-04,3.153712791813e-07
4.000000000000e-04,8.198926208350e-07
4.000000000000e-04,5.735068935272e-07
8.000000000000e-04,2.589986318741e-06
4.000000000000e-04,1.927082295331e-06
4.000000000000e-04,1.622265743615e-06
4.000000000000e-04,3.311553176434e-06
4.000000000000e-04,7.655265272806e-07
4.000000000000e-04,2.735905425599e-07
5.200000000000e-03,5.397097487132e-05
4.000000000000e-04,8.807364994622e-07
4.000000000000e-04,4.053366890698e-07
1.200000000000e-03,1.911493717117e-06
4.000000000000e-04,5.750026142821e-07
4.000000000000e-04,1.595203461139e-06
4.000000000000e-04,1.832503577678e-06
1.200000000000e-03,9.412184348916e-06
4.000000000000e-04,6.816067996324e-08
3.200000000000e-03,2.628944515205e-05
4.000000000000e-04,4.939559808533e-08
4.000000000000e-04,1.760599066277e-06
4.000000000000e-04,3.059638815455e-06
4.000000000000e-04,9.173749356408e-07
1.200000000000e-03,6.355092524675e-06
4.000000000000e-04,3.287114817490e-07
4.000000000000e-04,8.688379499792e-07
4.000000000000e-04,2.183546805523e-09
1.200000000000e-03,2.712428888285e-06
1.600000000000e-03,4.679839337839e-06
8.000000000000e-04,2.625915130004e-06
4.000000000000e-04,1.032028104842e-06
4.000000000000e-04,2.384281614857e-06
4.000000000000e-04,5.968144612135e-08
4.000000000000e-04,6.779147972629e-07
4.000000000000e-04,4.704973857336e-07
4.000000000000e-04,2.692363774308e-07
1.600000000000e-03,8.027032770056e-06
1.200000000000e-03,8.948278498582e-06
4.000000000000e-04,2.136826105626e-08
4.000000000000e-04,1.312456680635e-06
4.000000000000e-04,2.320288312663e-06
2.400000000000e-02,2.000838840468e-04
4.000000000000e-04,3.209101516570e-06
8.000000000000e-04,1.681509915809e-06
8.000000000000e-04,3.208261855012e-06
8.000000000000e-04,2.447098140688e-06
4.000000000000e-04,6.764898014481e-07
1.200000000000e-03,5.184640728693e-06
4.000000000000e-04,9.682102198404e-07
4.000000000000e-04,3.437140517110e-08
4.000000000000e-04,1.832565696285e-07
4.000000000000e-04,1.756661339875e-06
1.600000000000e-03,5.744891699923e-06
4.000000000000e-04,3.518822058806e-06
8.000000000000e-04,2.783542651823e-06
4.000000000000e-04,1.947622411037e-07
4.000000000000e-04,1.664575216499e-08
1.200000000000e-03,3.281419278243e-06
4.000000000000e-04,3.748537979876e-07
1.200000000000e-03,8.019363413956e-06
3.600000000000e-03,2.718361876934e-05
2.400000000000e-03,1.223543860990e-05
1.200000000000e-03,5.495119720221e-06
4.000000000000e-04,1.431433195242e-06
8.000000000000e-04,5.201148604280e-06
4.000000000000e-04,3.674172522306e-07
2.800000000000e-03,1.273940323042e-05
4.000000000000e-04,1.364665413311e-06
4.000000000000e-04,3.586349287791e-07
1.600000000000e-03,5.169670347577e-06
8.000000000000e-04,1.941095840828e-06
4.000000000000e-03,2.605765623544e-05
4.000000000000e-04,5.915218863652e-07
1.480000000000e-02,1.252878845935e-04
8.000000000000e-04,2.270357655612e-06
3.600000000000e-03,2.370509043280e-05
7.600000000000e-03,4.212679436471e-05
8.000000000000e-04,4.823450456432e-06
4.000000000000e-04,8.862916887709e-07
1.600000000000e-03,3.581278443949e-06
4.000000000000e-04,9.749740677070e-07
4.000000000000e-04,8.550961281556e-07
6.000000000000e-03,6.191381428315e-05
2.800000000000e-03,1.280669655447e-05
4.000000000000e-04,1.378353538839e-06
4.000000000000e-04,2.547455025982e-06
4.000000000000e-04,5.083232233566e-08
4.000000000000e-04,4.269222323043e-08
4.000000000000e-04,1.195372664329e-06
2.800000000000e-03,9.239261371083e-06
4.000000000000e-04,5.570662370605e-07
7.200000000000e-03,4.832399884938e-05
1.200000000000e-03,8.828573939025e-06
8.000000000000e-04,1.578718131950e-06
4.000000000000e-04,9.190018453913e-07
4.000000000000e-04,3.553107397874e-06
4.000000000000e-04,6.632301392707e-07
2.400000000000e-03,2.382633939130e-05
4.000000000000e-04,7.536876553049e-07
8.000000000000e-04,1.984664549059e-06
4.000000000000e-04,2.389554555879e-08
4.000000000000e-04,2.566053651860e-06
4.000000000000e-04,6.588452262733e-07
4.000000000000e-04,8.986683713526e-07
4.000000000000e-04,8.094699570084e-07
8.000000000000e-04,4.787718157180e-06
5.600000000000e-03,4.865227009866e-05
8.000000000000e-04,4.424829451589e-06
8.000000000000e-04,7.857183478766e-06
8.000000000000e-04,7.259920317445e-06
8.000000000000e-04,4.749839483890e-06
8.000000000000e-04,1.076747619133e-06
4.000000000000e-04,2.437191465040e-06
1.200000000000e-03,7.028767304469e-06
4.000000000000e-04,3.065661435761e-06
4.000000000000e-04,1.725204184983e-06
4.000000000000e-04,8.145769049780e-07
4.000000000000e-04,2.303232275106e-07
8.000000000000e-04,1.697572845038e-06
1.200000000000e-03,4.088868235780e-07
4.000000000000e-04,2.290815092717e-07
8.000000000000e-04,6.414754822702e-06
2.400000000000e-03,1.625190190371e-05
4.000000000000e-04,3.010309931830e-07
4.000000000000e-04,1.240110756773e-06
4.000000000000e-04,1.703823129293e-06
2.000000000000e-03,1.336372718913e-05
4.000000000000e-04,6.290712308979e-08
4.000000000000e-04,8.737425986153e-07
3.800000000000e-02,4.114436665715e-04
4.000000000000e-04,4.478057609218e-07
4.000000000000e-04,4.652826310879e-07
3.600000000000e-03,3.260539158221e-05
1.000000000000e-02,5.647806341152e-05
2.000000000000e-03,8.638588645160e-06
5.600000000000e-03,4.589421293022e-05
4.000000000000e-04,2.899285304780e-06
8.000000000000e-04,2.566340406481e-06
4.000000000000e-04,1.676296510156e-10
2.400000000000e-03,7.593140246946e-06
1.600000000000e-03,1.623580924068e-06
8.000000000000e-04,5.723783513635e-06
4.000000000000e-04,2.082557646583e-06
4.000000000000e-04,6.277926751010e-07
4.000000000000e-04,9.123794984434e-07
4.000000000000e-04,1.869994193926e-06
1.320000000000e-02,8.528595238706e-05
4.000000000000e-04,1.493052775681e-06
8.000000000000e-04,6.369923876316e-06
4.000000000000e-04,1.670695092398e-06
2.400000000000e-03,1.831877949996e-05
8.000000000000e-04,4.315574692073e-06
2.000000000000e-03,1.557862376988e-05
8.000000000000e-04,9.473533992445e-07
1.680000000000e-02,2.976495592865e-04
4.000000000000e-04,1.578768764981e-07
1.200000000000e-03,5.946346113100e-07
4.000000000000e-04,1.577767566353e-06
8.000000000000e-04,3.475801635540e-06
4.000000000000e-04,7.325838137438e-07
4.000000000000e-04,1.663000854843e-07
4.000000000000e-04,2.431998407635e-07
1.040000000000e-02,1.300319068282e-04
4.000000000000e-04,2.512006677647e-07
2.800000000000e-03,1.822741703903e-05
4.000000000000e-04,4.346746847384e-07
4.000000000000e-04,7.521742259142e-07
8.000000000000e-04,1.431116924227e-06
4.000000000000e-04,1.399875512334e-07
4.000000000000e-04,5.385056836166e-07
2.000000000000e-03,1.026054418188e-05
8.000000000000e-04,3.613560391308e-06
4.000000000000e-04,2.522529506125e-06
8.000000000000e-04,3.267990884540e-06
4.000000000000e-04,3.437644547489e-07
4.000000000000e-04,2.397059855463e-07
3.200000000000e-03,1.813259491834e-05
1.200000000000e-03,5.828113240972e-06
8.000000000000e-04,3.720920317390e-06
8.000000000000e-04,6.849840557952e-07
4.000000000000e-04,3.664018195652e-07
4.000000000000e-04,1.116635141297e-06
1.200000000000e-03,3.940842904587e-06
4.000000000000e-04,2.853122485106e-07
4.000000000000e-04,4.197306610604e-07
1.200000000000e-03,5.739772268268e-06
4.000000000000e-04,7.593027831853e-07
8.000000000000e-04,4.138173155363e-06
4.000000000000e-04,1.714248211154e-06
8.000000000000e-04,2.303777714693e-06
4.000000000000e-04,3.466282353720e-07
8.000000000000e-04,4.355667113060e-06
2.000000000000e-03,9.768899881352e-06
8.000000000000e-04,2.399257022416e-06
4.000000000000e-04,2.642805871699e-07
8.000000000000e-04,4.083668681371e-06
4.000000000000e-04,1.919041146025e-07
1.200000000000e-03,4.726082857348e-06
4.000000000000e-04,8.845525577243e-07
1.200000000000e-03,5.626426085574e-06
1.800000000000e-02,2.035379326612e-04
4.000000000000e-04,9.518920301655e-07
4.000000000000e-04,5.417888207559e-07
4.000000000000e-04,2.982269872196e-08
2.000000000000e-03,4.845620165641e-06
4.000000000000e-04,3.358976252357e-07
9.200000000000e-03,7.965478317750e-05
4.000000000000e-04,1.075616858619e-07
5.600000000000e-03,2.734469855642e-05
8.000000000000e-04,1.074811867003e-05
1.600000000000e-03,8.027035548054e-06
8.000000000000e-04,3.517136585658e-06
1.960000000000e-02,1.631226973023e-04
4.000000000000e-04,1.874838249565e-06
1.600000000000e-03,2.639891688570e-06
4.000000000000e-04,9.115502904384e-07
4.000000000000e-04,7.059404889598e-07
4.000000000000e-04,1.653156984399e-06
8.000000000000e-04,2.465928935788e-06
4.000000000000e-04,1.734719042463e-07
4.000000000000e-04,1.245824342192e-06
4.000000000000e-04,7.537418656648e-07
4.000000000000e-04,7.305563305555e-08
8.000000000000e-04,5.077450694070e-06
4.000000000000e-04,8.154562430701e-07
4.000000000000e-04,2.433446449651e-06
8.000000000000e-04,3.082017651005e-07
1.480000000000e-02,1.501077477999e-04
4.000000000000e-04,2.381983242615e-06
4.000000000000e-04,1.462135402856e-06
4.000000000000e-04,6.730295542100e-07
4.000000000000e-04,2.512910134420e-06
1.200000000000e-03,3.053828238911e-06
4.000000000000e-04,3.053466602191e-07
4.000000000000e-04,2.470971714009e-06
4.800000000000e-03,2.781389920455e-05
1.200000000000e-03,3.317609752033e-06
4.000000000000e-04,1.591935565390e-06
4.000000000000e-04,2.624667295730e-07
4.000000000000e-04,1.146435139783e-06
8.400000000000e-03,7.482924637121e-05
4.000000000000e-04,2.016315279602e-06
4.000000000000e-04,1.054456070002e-06
4.000000000000e-04,3.268292885601e-07
4.000000000000e-04,3.017066030221e-07
4.000000000000e-04,1.828018245934e-06
3.200000000000e-03,2.531930299766e-05
1.720000000000e-02,1.636507083333e-04
4.000000000000e-04,5.110838008312e-07
8.000000000000e-04,4.152616105263e-06
4.000000000000e-04,1.702529301578e-06
8.000000000000e-04,4.701988693447e-06
3.600000000000e-03,1.239634046610e-05
4.000000000000e-04,1.910853603375e-06
8.000000000000e-04,3.345758445709e-06
1.600000000000e-03,9.746549357098e-06
4.000000000000e-04,3.750410982454e-07
4.000000000000e-04,5.147022666110e-08
4.000000000000e-04,1.800222827879e-06
4.000000000000e-04,3.420320286034e-06
8.000000000000e-04,4.775071418603e-06
2.800000000000e-03,1.772116973752e-05
4.000000000000e-04,2.114232942492e-06
4.000000000000e-04,3.804783026076e-06
4.000000000000e-04,6.854887015164e-07
4.000000000000e-04,2.110149240353e-07
4.000000000000e-04,1.471822709029e-07
4.000000000000e-04,2.619215876568e-06
4.000000000000e-04,2.059983511862e-06
4.000000000000e-04,1.860840388125e-06
4.000000000000e-04,1.144034536638e-06
4.000000000000e-04,3.350962315896e-07
4.000000000000e-04,1.284314936036e-06
4.000000000000e-04,1.094056795799e-06
4.000000000000e-04,2.556141971506e-06
2.000000000000e-03,7.703028080273e-06
1.680000000000e-02,2.220382092000e-04
4.000000000000e-04,2.654072810901e-06
8.000000000000e-04,1.094133063610e-06
4.000000000000e-04,4.327307822036e-06
2.000000000000e-03,5.437219903869e-06
4.000000000000e-04,1.291404402443e-06
4.000000000000e-04,7.674889442421e-07
4.000000000000e-04,1.138192592784e-06
4.000000000000e-04,7.504932672580e-07
4.000000000000e-04,2.780637744435e-06
4.000000000000e-04,1.577429374720e-07
4.000000000000e-04,1.989898456635e-06
4.000000000000e-04,2.379312626699e-09
4.000000000000e-04,1.351794941499e-07
1.760000000000e-02,1.898464023356e-04
8.000000000000e-04,6.460660002542e-06
4.000000000000e-04,2.605010516984e-06
1.200000000000e-03,3.865392731952e-06
4.000000000000e-04,1.120843623520e-06
4.000000000000e-04,4.065259213387e-07
4.000000000000e-04,1.480199035120e-06
4.000000000000e-04,8.136540800300e-07
2.400000000000e-03,1.057574567577e-05
4.000000000000e-04,2.118803913934e-07
4.000000000000e-04,3.357752244982e-07
4.000000000000e-04,2.320414384504e-06
4.000000000000e-04,8.843662646110e-07
8.800000000000e-03,7.292936753071e-05
1.600000000000e-03,1.050955545685e-05
1.200000000000e-03,3.771205367898e-06
4.000000000000e-04,4.469835833863e-07
4.000000000000e-04,3.459288037879e-06
1.360000000000e-02,1.427656819747e-04
3.200000000000e-03,2.701400781893e-05
2.000000000000e-03,9.301306374122e-06
4.000000000000e-04,8.128866647387e-07
4.000000000000e-04,6.212598984522e-07
8.000000000000e-04,2.295182786491e-06
4.000000000000e-04,2.032442673642e-06
4.000000000000e-03,1.982838335940e-05
4.000000000000e-04,1.144667273690e-07
8.000000000000e-04,7.242698983650e-06
4.000000000000e-04,1.558850055227e-07
1.040000000000e-02,1.127761576128e-04
8.000000000000e-04,3.778349219161e-06
2.800000000000e-03,2.461134357030e-05
1.600000000000e-03,1.221019775471e-05
4.000000000000e-04,6.577048846800e-07
4.000000000000e-04,3.918934028354e-06
4.000000000000e-04,3.216045744475e-06
4.000000000000e-04,2.312419358748e-07
9.320000000000e-02,1.713992822740e-03
3.200000000000e-03,1.940230951108e-05
4.000000000000e-04,2.201680958054e-06
4.000000000000e-04,1.044494861321e-06
2.240000000000e-02,1.945972247242e-04
4.000000000000e-04,1.161923804556e-08
2.000000000000e-03,1.051788307503e-05
4.000000000000e-04,2.728136156001e-06
4.000000000000e-04,2.470385236079e-07
4.000000000000e-04,2.441740540155e-06
4.000000000000e-04,2.156406960037e-06
8.000000000000e-04,3.124703754952e-06
4.000000000000e-04,1.290199530153e-06
4.000000000000e-04,8.867178830815e-07
4.000000000000e-04,8.115716523492e-07
4.000000000000e-04,8.677529251455e-07
4.000000000000e-04,2.941370913677e-06
4.000000000000e-04,1.714943297548e-07
1.200000000000e-03,1.416851370307e-05
4.000000000000e-04,8.315895968631e-07
1.200000000000e-03,4.518360571579e-06
4.000000000000e-04,1.200319854856e-06
4.000000000000e-04,2.749824577741e-07
4.000000000000e-04,5.573323660722e-07
4.000000000000e-04,1.935459072473e-06
1.200000000000e-03,5.785238820352e-07
2.800000000000e-03,1.036241685556e-05
4.000000000000e-04,8.903897673293e-07
4.000000000000e-04,9.917288051110e-07
4.000000000000e-04,1.765652311721e-06
4.000000000000e-04,3.493792084121e-06
4.000000000000e-04,1.071235648825e-06
1.200000000000e-03,4.106473035992e-06
4.000000000000e-04,4.631391272495e-07
4.000000000000e-04,4.918749031361e-07
8.000000000000e-04,3.146960622254e-06
8.000000000000e-04,7.685612388926e-06
4.000000000000e-04,5.728307659389e-07
4.000000000000e-04,1.334927161781e-06
4.000000000000e-04,6.023821544019e-07
4.000000000000e-04,4.461301742362e-07
4.000000000000e-04,1.395107770864e-06
4.000000000000e-04,1.633183653306e-08
4.000000000000e-04,4.558673635126e-07
1.600000000000e-03,8.421257717468e-06
1.600000000000e-03,1.219503792221e-05
4.000000000000e-04,1.236641251035e-06
4.000000000000e-04,6.565443847926e-07
4.000000000000e-04,9.304552502582e-07
4.000000000000e-04,2.078741944539e-06
4.000000000000e-04,8.962483050795e-07
4.800000000000e-03,3.664954115510e-05
4.000000000000e-04,1.647437209454e-06
2.800000000000e-03,1.389161537775e-05
4.000000000000e-04,1.075461279750e-07
4.000000000000e-04,6.453271323312e-07
4.000000000000e-04,2.907623181360e-06
1.600000000000e-03,1.658796879729e-05
4.000000000000e-04,7.902190834197e-07
4.000000000000e-04,3.760068793798e-07
1.800000000000e-02,1.445790152302e-04
4.000000000000e-04,1.759642526380e-06
1.600000000000e-03,4.005713187243e-06
4.000000000000e-04,2.650545926222e-07
4.000000000000e-04,1.095176665431e-06
4.000000000000e-04,1.111530271243e-06
4.000000000000e-04,8.713446251222e-07
4.000000000000e-04,8.272099956087e-07
2.000000000000e-03,7.515743533912e-06
4.000000000000e-04,3.097532170135e-06
4.000000000000e-04,6.713580252870e-07
4.000000000000e-04,4.522598530002e-07
8.000000000000e-04,4.514813867785e-06
2.400000000000e-03,1.447328614354e-05
4.000000000000e-04,2.196977769892e-06
8.000000000000e-04,5.778420165464e-07
4.000000000000e-04,1.001110356544e-06
4.000000000000e-04,9.673342656187e-07
2.400000000000e-03,2.225817693576e-05
2.000000000000e-03,1.390533916503e-05
4.000000000000e-04,1.544492143011e-06
4.000000000000e-04,2.036366310795e-06
8.000000000000e-04,5.115705840044e-06
1.200000000000e-03,5.169992517938e-06
4.000000000000e-04,1.475180114083e-06
7.600000000000e-03,3.727776655351e-05
4.000000000000e-04,3.229639377002e-07
4.000000000000e-04,1.677999813767e-06
2.000000000000e-03,2.236713622596e-05
4.000000000000e-04,3.798102563540e-06
4.000000000000e-04,3.303689700142e-06
2.800000000000e-03,2.052882112065e-05
8.000000000000e-04,5.064535992197e-06
4.000000000000e-04,1.572277205237e-06
4.000000000000e-04,4.145084534643e-07
1.200000000000e-03,3.178248370069e-06
2.400000000000e-03,2.580393667824e-05
4.000000000000e-04,2.359153811787e-06
4.000000000000e-04,5.572385002419e-07
4.000000000000e-04,5.057037395943e-07
1.200000000000e-03,5.033392618414e-06
4.000000000000e-04,1.615699573910e-06
4.800000000000e-03,4.490495341373e-05
8.000000000000e-04,3.222251325660e-06
4.000000000000e-04,2.654985814898e-06
4.000000000000e-03,4.327336273035e-05
4.000000000000e-04,3.492585235453e-07
8.000000000000e-04,1.276459058234e-06
4.000000000000e-04,8.796201856993e-07
8.000000000000e-04,8.581342916921e-06
8.000000000000e-04,1.058920429061e-05
8.000000000000e-04,3.354198932508e-06
5.200000000000e-03,4.248920318366e-05
4.000000000000e-04,7.832862982787e-07
1.520000000000e-02,9.938191512536e-05
1.160000000000e-02,1.323464588860e-04
4.000000000000e-04,1.777627728651e-07
1.200000000000e-03,7.907391193053e-06
4.000000000000e-03,3.396563478108e-05
8.000000000000e-04,3.557092709790e-06
1.200000000000e-03,2.121622322157e-06
5.200000000000e-03,2.852166613734e-05
8.000000000000e-04,1.237135035848e-06
8.000000000000e-04,5.885580559093e-06
4.000000000000e-04,8.065268996415e-07
4.000000000000e-04,8.824312553833e-07
4.000000000000e-04,2.742727195622e-07
4.000000000000e-04,5.411399371258e-07
4.000000000000e-04,3.955696425289e-07
4.000000000000e-04,3.134923142040e-06
4.000000000000e-04,1.022890837143e-06
1.200000000000e-03,8.027822892843e-06
4.000000000000e-04,5.189368810063e-08
4.400000000000e-03,3.705669866718e-05
4.000000000000e-04,3.590882902681e-07
4.000000000000e-04,4.503937850117e-07
8.000000000000e-04,1.793770226408e-06
4.000000000000e-04,1.302020109020e-06
8.000000000000e-04,9.442151110204e-07
4.000000000000e-04,1.670579674628e-06
4.000000000000e-04,2.327110395382e-06
3.600000000000e-03,3.638596436687e-05
8.000000000000e-04,2.739984611542e-06
4.000000000000e-04,8.626497313489e-07
4.000000000000e-04,1.567790829665e-06
4.000000000000e-04,2.471243991126e-06
5.476000000000e-01,1.513048563712e-02
5.600000000000e-03,4.678663291637e-05
4.000000000000e-04,2.261038965593e-07
4.000000000000e-04,4.046958493505e-07
4.000000000000e-04,4.751198607023e-07
4.000000000000e-04,4.138408737666e-06
4.400000000000e-03,3.955336656699e-05
4.000000000000e-04,4.247060207650e-07
4.000000000000e-04,1.636273091412e-07
2.000000000000e-03,5.740261625636e-06
8.000000000000e-04,3.898588999849e-07
8.000000000000e-04,3.462864826789e-06
4.000000000000e-04,1.534401294767e-06
8.000000000000e-04,3.117961584712e-06
4.000000000000e-04,7.233432376730e-07
4.000000000000e-04,5.295567134861e-07
1.600000000000e-03,1.266491681254e-05
4.000000000000e-04,5.086921621655e-07
4.000000000000e-04,5.648521870692e-07
4.000000000000e-04,9.937465004248e-07
2.400000000000e-03,1.138774839406e-05
4.000000000000e-04,1.327348246342e-06
4.000000000000e-04,9.345757430231e-08
4.000000000000e-04,6.706992706960e-07
4.000000000000e-04,5.904298730570e-07
1.200000000000e-03,6.877462095678e-06
4.000000000000e-04,7.439058018158e-08
4.000000000000e-04,8.673287694030e-07
1.600000000000e-03,2.911693979167e-06
5.600000000000e-03,4.201361888868e-05
4.000000000000e-04,5.495773238768e-08
9.200000000000e-03,5.284170504129e-05
4.000000000000e-04,3.672691978537e-07
2.800000000000e-03,1.032806034097e-05
4.000000000000e-04,2.114522969710e-06
4.000000000000e-04,1.181343761119e-07
8.000000000000e-04,3.634901589855e-06
8.000000000000e-04,2.818541403812e-06
4.000000000000e-04,5.768802354502e-07
4.000000000000e-04,2.493630853513e-06
4.000000000000e-04,1.381094922354e-06
4.000000000000e-04,2.274211267430e-06
6.000000000000e-03,6.952784948534e-05
4.000000000000e-04,2.049908297170e-06
4.000000000000e-04,2.322790489540e-06
2.800000000000e-03,2.447190627037e-05
4.000000000000e-04,4.681480757121e-07
3.200000000000e-03,2.433597805057e-05
4.000000000000e-04,9.864956631980e-07
4.000000000000e-04,1.301419101509e-06
8.000000000000e-04,4.445377633499e-06
4.960000000000e-02,6.199036106853e-04
4.000000000000e-04,1.163250899082e-08
4.400000000000e-03,3.830722600537e-05
1.200000000000e-03,5.864793318408e-06
4.000000000000e-04,4.515603350346e-07
4.000000000000e-04,7.846115627908e-07
4.000000000000e-04,1.102737870693e-06
4.000000000000e-03,2.507220106977e-05
4.000000000000e-04,6.860344377931e-07
4.000000000000e-04,1.303313724977e-06
3.600000000000e-03,2.608565583330e-05
1.600000000000e-03,5.182328684802e-06
4.000000000000e-04,5.095375775492e-07
8.000000000000e-04,3.399972832652e-06
4.000000000000e-04,1.435284110553e-06
4.000000000000e-04,2.932513946960e-06
4.000000000000e-04,4.932385093134e-07
4.000000000000e-04,3.786055023890e-07
4.000000000000e-04,1.380025568598e-06
3.280000000000e-02,3.336860379755e-04
4.000000000000e-04,1.170383948990e-06
8.000000000000e-04,6.485103148349e-06
2.800000000000e-03,2.546886217702e-05
4.000000000000e-04,1.320670887325e-06
4.000000000000e-04,7.905678801537e-07
4.000000000000e-04,3.800915612096e-06
4.000000000000e-04,1.174656887516e-06
4.000000000000e-04,2.894873649463e-07
4.000000000000e-04,6.605540083726e-07
8.000000000000e-04,4.624974242243e-06
1.280000000000e-02,2.069681682743e-04
4.000000000000e-04,4.894694996646e-07
4.000000000000e-04,2.081323464037e-07
4.000000000000e-04,2.485488849360e-06
4.000000000000e-04,2.310787933350e-07
2.800000000000e-03,8.082962538940e-06
2.000000000000e-03,1.726507944668e-05
4.000000000000e-04,3.188616863751e-06
4.000000000000e-04,1.896163392869e-07
4.000000000000e-04,6.436497483006e-07
4.000000000000e-04,9.450561767555e-08
4.000000000000e-04,5.518228398120e-07
1.200000000000e-03,1.060027353260e-05
4.000000000000e-04,1.490821953440e-06
4.000000000000e-04,3.599796726046e-07
3.200000000000e-03,1.242178652344e-05
4.000000000000e-04,4.580161452072e-09
1.200000000000e-03,4.141316751902e-06
3.200000000000e-03,1.139548960340e-05
8.000000000000e-04,7.411320552016e-07
9.520000000000e-02,2.960221410347e-03
8.000000000000e-04,2.416779409121e-06
8.000000000000e-04,2.449511148328e-06
4.000000000000e-04,8.923693823519e-07
8.000000000000e-04,3.705464403394e-08
4.000000000000e-04,1.648184826914e-06
4.000000000000e-04,1.717382158863e-08
8.000000000000e-04,1.432817850925e-06
4.000000000000e-04,6.598159499057e-08
8.000000000000e-04,1.926324823600e-06
8.000000000000e-04,3.911201186954e-06
1.200000000000e-03,5.260266088687e-06
4.000000000000e-04,2.423848923379e-07
2.400000000000e-03,1.086183188991e-05
2.000000000000e-03,1.963484219290e-05
8.000000000000e-04,6.087829483114e-06
2.000000000000e-03,1.887845146295e-05
4.000000000000e-04,1.340866293262e-06
4.000000000000e-04,2.960016840869e-07
1.200000000000e-03,9.235936200766e-06
4.000000000000e-04,5.009056924276e-07
4.000000000000e-04,3.652715658330e-07
4.000000000000e-04,1.168248094078e-07
8.000000000000e-04,3.925516697114e-06
1.600000000000e-03,2.084747708170e-06
3.200000000000e-03,2.019467115906e-05
1.120000000000e-02,1.116286599096e-04
2.400000000000e-03,1.282491803332e-05
4.000000000000e-04,2.184007627231e-06
4.000000000000e-04,1.750843736910e-08
4.000000000000e-04,3.313949837823e-07
8.000000000000e-04,1.506667631722e-06
4.000000000000e-04,1.979226334813e-06
8.000000000000e-04,3.956685237300e-06
1.200000000000e-03,6.983224843759e-06
1.600000000000e-03,3.352915430054e-06
4.000000000000e-03,6.187432025884e-05
4.000000000000e-04,2.358423560740e-06
1.480000000000e-02,8.816455431641e-05
8.000000000000e-04,1.234337935288e-06
4.000000000000e-04,4.230652100905e-07
8.000000000000e-04,2.035695301539e-06
4.000000000000e-04,1.651926619841e-07
4.000000000000e-03,1.604237767571e-05
4.000000000000e-04,3.748980306760e-08
4.000000000000e-04,1.236634814585e-06
4.000000000000e-04,3.051479234709e-07
4.000000000000e-04,3.079528211240e-07
4.000000000000e-04,6.573004697779e-07
4.000000000000e-04,1.996506827734e-06
4.000000000000e-04,2.602942882397e-06
4.000000000000e-04,1.421117565546e-06
1.200000000000e-03,3.685810166393e-06
4.160000000000e-02,8.035326967959e-04
1.440000000000e-02,1.173747328713e-04
4.000000000000e-04,7.276235614459e-07
4.000000000000e-04,1.587412990600e-06
4.000000000000e-04,2.022958992688e-07
1.600000000000e-03,7.721221284126e-06
4.000000000000e-03,2.044355024328e-05
4.000000000000e-04,3.379239052251e-07
4.000000000000e-04,8.274717093788e-07
1.200000000000e-03,8.412197684189e-06
8.000000000000e-04,5.725618202349e-07
4.000000000000e-04,1.605638444367e-06
1.600000000000e-03,1.777705414958e-05
3.600000000000e-03,4.648710014028e-05
4.000000000000e-04,2.446195070454e-06
3.600000000000e-03,1.677990192186e-05
8.000000000000e-04,2.551868805576e-06
1.200000000000e-03,3.740743226132e-06
4.000000000000e-04,4.620940722359e-07
4.000000000000e-04,1.240408305286e-07
1.600000000000e-03,5.717391603432e-06
4.000000000000e-04,9.041492381383e-08
1.040000000000e-02,8.612690804908e-05
4.000000000000e-04,1.125493871429e-06
4.000000000000e-04,1.562800277443e-06
1.200000000000e-03,6.477520271757e-06
4.000000000000e-04,1.601948655356e-06
4.000000000000e-04,1.868551760722e-06
4.000000000000e-04,1.600856455270e-06
8.000000000000e-03,7.634196302393e-05
4.000000000000e-04,2.264729150764e-09
4.000000000000e-04,2.698242255685e-07
4.000000000000e-04,8.296213327318e-07
4.000000000000e-04,1.278736164360e-06
6.400000000000e-03,5.838424688606e-05
4.000000000000e-04,9.728430475143e-07
1.200000000000e-03,3.088377450580e-06
8.000000000000e-04,2.344063866803e-06
2.000000000000e-03,8.182942512718e-06
1.200000000000e-03,4.562151473154e-06
4.000000000000e-04,8.516744169874e-07
2.800000000000e-03,1.042245536105e-05
8.000000000000e-04,4.579912685768e-06
4.000000000000e-04,1.354441325400e-06
4.000000000000e-04,8.876463937867e-07
4.000000000000e-04,9.539539968750e-07
4.000000000000e-04,2.152561804926e-06
4.000000000000e-04,2.519454803114e-07
4.000000000000e-04,2.774886544115e-07
1.200000000000e-03,1.794303961932e-06
8.000000000000e-04,5.186553215289e-06
4.000000000000e-04,1.238434588406e-06
4.000000000000e-04,4.787016779141e-07
4.000000000000e-04,9.759559124009e-07
2.400000000000e-03,7.013910795815e-06
8.000000000000e-04,3.605629076109e-06
4.000000000000e-04,7.361579362521e-07
4.000000000000e-04,6.166633273367e-08
4.000000000000e-04,2.110305890385e-07
4.000000000000e-04,5.208843710264e-07
4.000000000000e-04,3.364203066526e-06
4.000000000000e-04,1.180410033898e-06
4.000000000000e-04,2.127182421811e-06
1.200000000000e-03,3.539390794187e-06
1.200000000000e-03,1.231574350759e-05
8.000000000000e-04,6.160072954041e-07
8.000000000000e-04,4.352645964877e-06
4.000000000000e-04,1.102070531892e-06
4.000000000000e-04,9.598315811777e-07
8.000000000000e-04,1.062167286020e-06
1.200000000000e-03,2.458316172937e-06
4.000000000000e-04,1.687577678226e-06
8.000000000000e-04,2.760001290967e-06
4.000000000000e-04,2.421702401652e-06
3.600000000000e-03,1.699681876618e-05
8.000000000000e-04,6.419579250576e-06
8.000000000000e-04,8.563531121167e-07
8.000000000000e-04,2.142430299333e-06
1.200000000000e-03,6.435363770002e-06
4.000000000000e-04,8.105200306342e-07
1.600000000000e-03,9.775736318356e-06
8.400000000000e-03,7.028572053903e-05
4.000000000000e-04,9.552688035931e-08
4.000000000000e-04,1.118522591265e-07
2.800000000000e-03,3.225280621395e-05
4.000000000000e-04,1.693204616453e-06
4.000000000000e-04,5.263352228817e-07
1.200000000000e-03,7.147049113350e-06
4.000000000000e-04,6.866099258682e-07
4.000000000000e-04,2.596850123753e-07
8.000000000000e-04,2.128711854966e-06
4.000000000000e-04,1.150074809088e-06
4.000000000000e-04,1.012291401043e-07
4.000000000000e-04,1.202034780218e-06
4.000000000000e-04,9.947149392538e-07
4.000000000000e-04,3.767856611303e-06
4.000000000000e-04,1.120358777126e-06
8.000000000000e-04,5.735086686672e-06
8.000000000000e-04,5.189169586781e-06
2.000000000000e-03,1.198280019228e-05
1.200000000000e-03,7.309340820978e-06
8.000000000000e-03,6.169735771887e-05
4.000000000000e-04,2.659205836391e-06
4.000000000000e-04,6.592933876187e-07
1.176000000000e-01,2.688858091186e-03
4.000000000000e-04,3.087205158791e-06
4.000000000000e-04,6.945827771336e-07
4.000000000000e-04,1.846961107228e-07
4.400000000000e-03,3.482345762042e-05
2.800000000000e-03,8.887976338211e-06
4.000000000000e-04,5.708167803345e-08
1.600000000000e-03,1.476731313163e-05
4.000000000000e-04,2.623530712250e-06
4.000000000000e-04,9.559981032687e-08
4.000000000000e-04,7.377150401570e-07
1.200000000000e-03,7.404127832817e-06
4.000000000000e-04,6.897509011150e-07
8.000000000000e-04,7.816538739650e-07
1.200000000000e-03,2.914440754331e-06
4.000000000000e-04,2.697561180686e-06
4.000000000000e-04,2.870167832692e-06
4.000000000000e-04,5.824097750394e-07
8.000000000000e-04,2.604301510168e-06
1.200000000000e-03,6.929308593362e-06
8.000000000000e-04,4.322102580293e-06
4.000000000000e-04,1.638283614671e-06
4.000000000000e-04,1.934695340943e-06
4.000000000000e-04,3.261712334555e-07
4.000000000000e-04,7.623730933572e-07
1.600000000000e-03,1.288461609816e-05
8.000000000000e-04,2.885778102883e-06
6.240000000000e-02,6.799844037739e-04
4.000000000000e-04,1.252971294932e-06
4.000000000000e-04,2.323172923367e-06
4.000000000000e-04,6.215063155704e-07
4.000000000000e-04,3.224341449600e-07
3.200000000000e-03,2.167524273015e-05
8.000000000000e-04,2.182006224683e-06
4.000000000000e-04,1.010751014961e-06
4.000000000000e-04,3.588853949942e-07
1.600000000000e-03,9.673599294958e-06
4.000000000000e-04,8.323120174389e-07
4.000000000000e-04,2.258612806696e-07
4.000000000000e-04,9.887534434258e-07
4.000000000000e-04,2.175077773867e-06
4.000000000000e-04,4.112582733240e-07
8.000000000000e-04,4.645676499461e-06
4.000000000000e-04,3.860710157878e-06
4.000000000000e-04,5.584862414535e-07
4.000000000000e-04,2.433036213407e-08
4.000000000000e-04,1.112918540657e-06
4.000000000000e-04,6.478123205993e-07
8.000000000000e-04,3.155355271256e-06
4.000000000000e-04,1.330762340809e-06
4.000000000000e-03,2.433668945225e-05
4.000000000000e-04,4.844419811930e-07
4.000000000000e-04,1.713866336696e-06
4.000000000000e-04,2.129675151166e-06
4.000000000000e-04,3.077689887225e-06
1.600000000000e-03,3.986938998398e-06
1.200000000000e-03,2.810351423287e-06
4.000000000000e-04,4.430711949584e-06
2.800000000000e-03,2.282279354932e-05
4.000000000000e-04,3.747374985204e-07
4.000000000000e-04,5.164795464966e-07
4.000000000000e-04,9.691363656209e-07
4.000000000000e-04,2.115755639682e-08
1.200000000000e-03,6.668823000634e-06
1.200000000000e-03,5.125270874943e-06
4.000000000000e-04,2.740875193559e-07
8.000000000000e-04,3.847700577930e-07
4.000000000000e-04,3.085491930632e-07
2.920000000000e-02,3.681905071982e-04
4.000000000000e-04,3.469229046223e-07
4.000000000000e-04,2.428491350673e-06
4.000000000000e-04,2.236015269593e-06
4.000000000000e-04,1.819961721367e-07
2.000000000000e-03,1.799213786072e-05
6.000000000000e-03,7.434557822741e-05
4.000000000000e-04,9.478353367656e-07
1.600000000000e-03,1.062755919070e-05
4.000000000000e-04,2.356346215522e-06
2.000000000000e-03,1.224925877407e-05
1.240000000000e-02,1.436654546186e-04
4.000000000000e-04,2.920668744740e-06
4.000000000000e-04,3.529508524879e-06
4.000000000000e-04,1.851882762694e-06
2.000000000000e-03,6.805903337671e-06
4.000000000000e-04,1.678298420401e-06
4.000000000000e-04,5.319721212676e-07
4.000000000000e-04,1.194026875273e-06
8.000000000000e-04,1.127500072815e-06
1.200000000000e-03,5.017762219799e-06
8.000000000000e-04,2.198955339375e-06
4.000000000000e-04,1.078902523803e-06
8.000000000000e-04,3.474526458302e-06
4.000000000000e-04,1.760009089533e-07
4.000000000000e-04,1.176902142716e-06
4.000000000000e-04,4.832485132227e-07
4.000000000000e-04,1.186904354912e-06
4.000000000000e-04,3.421043885547e-07
4.000000000000e-04,5.169867216714e-06
4.000000000000e-04,4.977602253388e-07
4.000000000000e-04,7.265730960317e-07
4.000000000000e-04,3.657509982328e-08
4.000000000000e-04,1.054645435465e-06
1.440000000000e-02,1.089098793295e-04
4.000000000000e-04,3.264123046900e-06
1.200000000000e-03,1.330864629397e-05
4.000000000000e-04,3.808264322807e-07
4.000000000000e-04,4.499668302724e-06
8.000000000000e-04,1.876876183418e-06
4.000000000000e-04,2.226100073691e-06
1.600000000000e-03,9.362869111111e-06
1.200000000000e-03,5.683971321657e-06
2.400000000000e-03,1.144934539631e-05
4.000000000000e-04,1.045668963128e-08
8.000000000000e-04,5.602560320695e-06
4.000000000000e-04,6.869565128211e-08
4.000000000000e-04,1.961592974269e-06
4.000000000000e-04,1.329603581546e-06
4.000000000000e-04,3.815595987148e-08
8.000000000000e-04,2.282211347156e-06
4.000000000000e-04,2.215429637978e-06
8.000000000000e-04,3.517791883324e-06
2.000000000000e-03,1.302953778435e-05
2.400000000000e-03,1.241838768540e-05
4.000000000000e-04,2.442584670761e-07
4.000000000000e-04,7.842569050691e-07
4.000000000000e-04,2.025135673674e-06
4.000000000000e-04,4.551409764031e-07
4.000000000000e-04,2.995319412379e-06
1.960000000000e-02,3.300433824061e-04
8.000000000000e-04,3.692281782234e-06
4.000000000000e-04,1.214299534756e-06
8.000000000000e-04,4.848763726202e-06
4.000000000000e-04,1.824961687694e-06
5.600000000000e-03,5.244813521079e-05
4.000000000000e-04,3.990674399593e-07
7.600000000000e-03,5.135859749933e-05
1.200000000000e-03,5.912452391618e-06
4.000000000000e-04,1.097066910484e-06
4.000000000000e-04,2.603599252154e-06
4.000000000000e-04,6.277208416970e-07
4.000000000000e-04,7.364201987252e-08
4.000000000000e-04,1.763156855229e-06
4.000000000000e-04,4.127128940524e-07
4.000000000000e-04,3.716121681013e-06
8.000000000000e-04,3.693095645590e-06
1.600000000000e-03,7.992169242499e-06
1.600000000000e-03,1.103633056226e-05
4.000000000000e-04,7.301815340123e-07
4.000000000000e-04,4.080339650953e-07
4.000000000000e-04,6.801145755110e-08
4.800000000000e-03,3.341682075907e-05
8.000000000000e-04,2.598695166966e-07
2.000000000000e-03,1.200987731133e-05
4.000000000000e-03,1.508550291141e-05
2.000000000000e-03,3.988195448616e-06
8.000000000000e-04,2.831998645693e-06
4.000000000000e-04,2.711342104718e-06
3.600000000000e-03,2.062052094797e-05
4.000000000000e-04,7.520601037847e-07
8.000000000000e-04,5.649769348012e-06
8.000000000000e-04,6.592883524700e-06
4.000000000000e-04,1.807069057476e-06
4.000000000000e-04,1.662984906715e-06
4.000000000000e-04,5.602870054254e-07
1.200000000000e-03,8.394837096191e-06
8.000000000000e-04,1.402700468689e-06
1.200000000000e-03,3.642518802422e-06
1.600000000000e-03,4.481054897030e-06
4.000000000000e-04,1.276832667598e-06
4.000000000000e-04,1.560945019957e-06
4.000000000000e-04,2.454848447606e-06
4.000000000000e-04,3.547454808404e-07
2.000000000000e-03,1.280471148018e-05
3.600000000000e-03,1.756867256641e-05
4.000000000000e-04,1.937170655033e-06
4.000000000000e-04,1.017775758195e-06
4.000000000000e-04,5.227655868437e-07
4.000000000000e-04,3.650250430497e-06
4.000000000000e-04,2.652991369581e-07
1.600000000000e-03,7.913900903124e-06
4.000000000000e-04,3.702946345901e-06
8.000000000000e-04,7.461581632270e-06
8.000000000000e-04,6.800537299348e-06
8.000000000000e-04,6.028226629982e-06
7.200000000000e-03,6.292126438214e-05
4.000000000000e-04,3.045338573519e-06
4.000000000000e-04,1.299620139917e-06
4.000000000000e-04,1.258708393562e-07
1.600000000000e-03,5.662045352801e-06
8.000000000000e-04,2.017137481931e-06
8.000000000000e-04,5.460231946578e-06
4.000000000000e-03,2.314986818360e-05
4.000000000000e-04,2.167612441676e-06
4.000000000000e-04,1.123686026497e-06
4.000000000000e-04,1.287858125609e-06
9.320000000000e-02,1.402270525405e-03
1.200000000000e-03,6.282238613536e-06
4.000000000000e-04,3.300178398352e-06
2.400000000000e-03,2.212904842036e-05
4.000000000000e-04,2.696401399271e-06
4.000000000000e-04,3.272080864829e-07
4.000000000000e-04,3.896157724118e-07
4.000000000000e-04,3.687579283227e-06
4.000000000000e-04,1.666806242840e-06
2.000000000000e-03,1.427409572666e-05
4.000000000000e-04,1.676594235883e-06
4.000000000000e-04,1.232220780170e-06
4.000000000000e-04,1.078046445571e-07
2.400000000000e-03,1.071747281868e-05
4.000000000000e-04,4.234877793479e-06
1.200000000000e-03,4.571866724279e-06
4.000000000000e-04,1.140046222672e-06
1.200000000000e-03,5.691344492749e-06
4.000000000000e-04,2.484911929595e-07
1.040000000000e-02,6.992775999897e-05
4.000000000000e-04,2.315793087224e-07
4.000000000000e-04,3.311419615626e-07
1.200000000000e-03,7.521605126785e-06
1.200000000000e-03,2.570588727252e-06
4.000000000000e-04,6.226652972306e-07
1.264000000000e-01,1.851267321460e-03
4.400000000000e-03,4.833062456028e-05
4.000000000000e-04,3.407137322640e-07
4.000000000000e-04,1.420533410955e-07
2.000000000000e-03,1.760731464931e-05
4.800000000000e-03,1.883366025286e-05
1.200000000000e-03,1.633862567759e-06
4.000000000000e-04,5.470286381618e-06
4.000000000000e-04,7.970388343562e-07
4.000000000000e-04,2.446405896532e-06
4.000000000000e-04,1.659153269563e-07
2.160000000000e-02,2.775510160628e-04
4.000000000000e-04,1.913960029604e-06
4.000000000000e-04,9.351566073358e-07
4.000000000000e-04,2.332802469785e-07
2.240000000000e-02,2.734855639866e-04
4.000000000000e-04,4.916711530099e-07
4.000000000000e-04,4.154940796838e-07
4.000000000000e-04,6.245335158019e-07
8.000000000000e-04,3.481957143174e-06
8.000000000000e-04,5.080024939457e-06
4.000000000000e-04,2.722116720368e-06
4.000000000000e-04,1.946503655531e-07
1.600000000000e-03,8.362856320391e-06
4.000000000000e-04,2.331720303532e-06
4.000000000000e-04,1.209361733887e-06
8.000000000000e-04,4.577891835015e-06
4.000000000000e-04,5.104084005453e-07
4.000000000000e-04,3.324576384633e-06
4.000000000000e-04,3.233661170188e-06
4.000000000000e-04,1.835232159586e-07
4.000000000000e-04,2.199750706516e-07
4.000000000000e-04,3.491138839266e-06
4.000000000000e-04,1.057673634932e-07
1.600000000000e-03,6.727880101781e-06
1.600000000000e-03,4.417953089531e-06
4.000000000000e-04,2.644315182727e-06
4.000000000000e-04,2.483479161268e-06
4.000000000000e-04,5.746831416964e-07
4.000000000000e-04,1.915890501965e-06
4.000000000000e-04,7.566705633830e-07
8.000000000000e-04,2.249936337269e-06
8.000000000000e-04,7.704203275208e-06
4.000000000000e-04,4.179553779292e-06
4.000000000000e-04,1.030924107208e-07
1.200000000000e-03,6.840378500672e-06
4.000000000000e-04,2.901097668138e-07
8.000000000000e-04,4.390491724521e-06
2.000000000000e-03,7.889605599191e-06
4.000000000000e-04,9.966933888812e-07
8.000000000000e-04,4.894149787128e-06
4.000000000000e-04,7.512944638730e-07
4.000000000000e-04,6.575109600342e-07
4.000000000000e-04,9.162185322795e-07
4.000000000000e-04,4.469213990144e-07
1.000000000000e-02,6.704076793257e-05
4.000000000000e-04,1.027958154778e-06
4.000000000000e-04,1.976300305402e-06
4.000000000000e-04,2.827336059962e-07
4.000000000000e-04,3.530573244007e-07
1.200000000000e-03,3.444936249268e-06
2.000000000000e-03,9.420098838933e-06
4.000000000000e-04,1.787882050839e-06
3.200000000000e-03,2.556599280540e-05
4.000000000000e-04,8.819255528302e-07
4.000000000000e-04,1.148954806405e-06
8.000000000000e-04,7.137416039914e-06
8.000000000000e-04,3.100521956700e-06
2.000000000000e-03,1.183989154847e-05
4.000000000000e-04,2.410125723682e-07
8.000000000000e-04,8.660712230666e-06
4.000000000000e-04,1.233425613114e-06
4.000000000000e-04,1.572229245156e-06
1.200000000000e-03,5.100321940037e-06
8.000000000000e-04,1.591285557940e-06
4.000000000000e-04,3.043397408921e-06
1.200000000000e-03,7.467582447992e-06
4.000000000000e-04,7.840276816669e-07
4.000000000000e-04,4.063456818252e-07
4.000000000000e-04,6.943978559556e-07
8.000000000000e-04,2.625766316011e-06
1.600000000000e-03,5.996711447099e-06
4.000000000000e-04,8.107060012295e-07
2.400000000000e-03,5.849024217382e-06
4.000000000000e-04,1.902595282993e-06
1.600000000000e-03,8.965113577690e-06
4.000000000000e-04,2.515900842641e-06
4.000000000000e-04,7.677769115225e-08
4.000000000000e-04,7.030820940272e-07
8.000000000000e-04,7.221353287400e-06
3.600000000000e-03,3.859442746665e-05
4.000000000000e-04,6.907126274397e-07
2.400000000000e-03,1.766263773289e-05
8.000000000000e-04,3.641135310287e-06
8.000000000000e-04,1.669437986819e-06
4.000000000000e-04,9.251937823141e-07
2.400000000000e-03,1.447827697734e-05
8.000000000000e-04,4.848346212463e-06
4.000000000000e-04,4.347623380444e-06
4.000000000000e-04,1.227594858077e-06
4.000000000000e-04,2.847207025112e-07
8.000000000000e-04,4.558393167361e-06
8.000000000000e-04,9.224074951955e-07
1.880000000000e-02,2.774913993189e-04
1.600000000000e-03,1.344583195020e-05
4.000000000000e-04,2.695776771093e-07
4.000000000000e-04,4.801341119960e-07
8.000000000000e-04,1.697451784872e-06
4.000000000000e-04,6.548618673746e-09
4.000000000000e-04,8.676893131456e-07
4.000000000000e-04,8.417798075179e-07
4.000000000000e-04,3.373617992029e-06
8.000000000000e-04,2.047885521914e-06
2.800000000000e-03,1.058166648993e-05
4.000000000000e-04,1.227308785456e-06
4.000000000000e-04,2.412047290639e-06
4.000000000000e-04,3.959124531759e-07
4.000000000000e-04,6.129223681655e-07
1.600000000000e-03,3.748031207364e-06
4.000000000000e-04,4.655926328193e-07
4.000000000000e-04,4.845336300006e-06
2.000000000000e-03,6.712781500737e-06
5.200000000000e-03,3.880667721838e-05
4.000000000000e-04,2.064311842419e-07
2.800000000000e-03,1.539952616882e-05
7.200000000000e-03,4.783832472582e-05
4.000000000000e-04,1.510621364632e-06
8.000000000000e-04,4.504262726093e-06
2.800000000000e-03,2.010678747399e-05
4.000000000000e-04,2.098245782134e-07
4.000000000000e-04,3.646771040247e-07
4.000000000000e-04,1.171187751569e-07
1.600000000000e-03,1.718536249711e-05
1.600000000000e-03,2.997744707134e-06
2.000000000000e-03,4.435588756618e-06
4.000000000000e-04,1.190721424672e-06
4.000000000000e-04,1.426445712443e-07
1.600000000000e-03,6.146148662445e-06
4.000000000000e-04,1.756400119138e-06
8.000000000000e-04,4.223593481379e-06
1.200000000000e-03,2.081447710715e-06
1.600000000000e-03,4.826622248940e-06
8.000000000000e-04,1.398521832633e-06
4.000000000000e-04,3.092672616276e-07
4.000000000000e-04,1.867141610059e-06
4.000000000000e-04,1.033534792693e-07
1.200000000000e-03,8.832815580611e-06
1.600000000000e-03,1.029259894485e-05
4.000000000000e-04,1.102551177530e-07
6.000000000000e-03,5.112491732302e-05
4.000000000000e-04,3.552253932090e-06
4.000000000000e-04,3.448371072225e-07
4.000000000000e-04,2.183704027451e-06
5.600000000000e-03,3.392552133716e-05
4.000000000000e-04,1.739540262875e-06
4.000000000000e-04,2.322324989110e-06
4.000000000000e-04,7.405137554961e-07
1.200000000000e-03,6.095898820151e-06
4.000000000000e-04,1.291594871313e-06
4.000000000000e-04,1.259048624432e-07
4.000000000000e-04,1.574328383026e-06
1.600000000000e-03,4.815412272157e-06
4.000000000000e-04,4.434531199402e-07
4.000000000000e-04,5.419537780262e-07
4.000000000000e-04,3.085247741598e-07
5.212000000000e-01,1.261105089450e-02
1.600000000000e-03,9.115186386526e-06
4.000000000000e-04,1.095367239094e-06
4.000000000000e-04,2.720395645805e-07
4.000000000000e-04,1.768652500232e-06
8.000000000000e-04,3.201454567156e-06
4.000000000000e-04,1.181770913754e-08
4.000000000000e-04,3.894953033253e-06
4.000000000000e-04,1.476282542220e-06
4.000000000000e-04,1.064904803556e-06
8.000000000000e-04,3.104755530736e-07
8.000000000000e-04,2.390853420767e-06
1.600000000000e-03,7.885500399118e-06
4.000000000000e-04,4.923009037330e-07
4.000000000000e-04,1.052651673676e-06
4.000000000000e-04,1.335927308124e-06
4.000000000000e-04,3.496988690398e-07
8.000000000000e-04,2.669904798991e-06
4.000000000000e-04,1.517416003956e-07
2.000000000000e-03,7.309331561744e-06
1.200000000000e-03,3.505609987206e-06
4.000000000000e-04,1.247215833852e-06
2.000000000000e-03,2.045414217313e-05
2.400000000000e-03,1.468957026172e-05
8.000000000000e-04,2.986124784812e-06
4.000000000000e-04,1.823781340253e-06
1.200000000000e-03,3.285701171289e-06
4.000000000000e-04,1.571248439290e-06
4.000000000000e-04,7.707121712989e-08
8.000000000000e-04,5.015077343804e-06
4.000000000000e-04,1.710825359710e-07
4.000000000000e-04,2.390558741594e-06
1.200000000000e-03,2.848357920637e-06
1.600000000000e-03,5.223785080692e-06
2.800000000000e-03,7.723491491582e-06
8.000000000000e-04,3.242654650772e-06
4.000000000000e-04,2.479593392543e-07
1.200000000000e-03,1.067117838049e-05
4.000000000000e-04,1.712348522626e-06
4.000000000000e-04,1.699568956609e-06
1.600000000000e-03,8.364402338176e-06
1.040000000000e-02,7.624029299406e-05
4.000000000000e-04,1.442440441474e-06
4.000000000000e-04,3.503134412883e-07
1.200000000000e-03,6.337245979421e-06
8.000000000000e-04,6.462278625106e-06
4.000000000000e-04,1.337873455532e-06
4.000000000000e-04,3.251925676106e-07
8.000000000000e-04,1.333778307168e-06
4.000000000000e-04,2.911683343594e-08
8.000000000000e-04,5.369831836787e-06
4.000000000000e-04,3.656350356799e-06
4.000000000000e-04,1.417591462588e-06
4.000000000000e-04,9.215223305910e-07
4.000000000000e-04,1.179375832123e-06
4.000000000000e-04,2.373748221082e-06
8.000000000000e-04,1.298817297499e-06
4.000000000000e-04,3.530603634763e-07
8.000000000000e-04,4.722534498455e-06
8.000000000000e-04,5.183819260116e-06
1.200000000000e-03,6.186236424242e-06
8.000000000000e-03,7.887357835063e-05
4.000000000000e-04,4.681930512284e-07
2.400000000000e-03,1.180177951032e-05
4.000000000000e-04,8.970147735889e-08
8.000000000000e-04,3.303852136263e-06
8.000000000000e-04,1.961011205555e-06
8.000000000000e-04,3.063550116780e-06
4.000000000000e-04,8.580400871119e-07
4.000000000000e-04,4.433707210851e-06
4.000000000000e-04,5.350130738081e-07
4.000000000000e-04,2.129512031687e-06
4.000000000000e-04,1.267598922993e-06
3.360000000000e-02,4.949459331733e-04
4.000000000000e-04,5.902544672543e-07
4.000000000000e-04,6.709910058805e-07
4.000000000000e-04,4.804799189628e-09
4.000000000000e-04,1.849850196906e-06
4.000000000000e-04,1.356845452169e-06
1.600000000000e-03,5.967841655101e-06
4.000000000000e-04,7.692864837983e-08
4.000000000000e-04,1.271388583991e-06
1.200000000000e-03,3.402399073919e-06
1.200000000000e-03,2.324918352705e-06
4.000000000000e-04,3.068181693806e-08
4.000000000000e-04,2.260661675882e-06
4.000000000000e-04,4.610640469256e-07
4.000000000000e-04,1.549203150285e-06
8.000000000000e-04,4.094274471924e-06
8.000000000000e-04,7.722413118618e-06
4.000000000000e-04,3.572901317575e-08
4.000000000000e-04,3.683747250799e-06
4.000000000000e-04,4.807071688290e-06
4.000000000000e-04,4.211128297202e-07
4.000000000000e-04,2.855649619711e-08
8.000000000000e-04,4.851990461757e-07
4.000000000000e-04,4.823313576174e-07
4.000000000000e-03,4.748188052417e-05
1.200000000000e-03,5.510424045940e-06
4.000000000000e-04,9.150796371967e-08
2.400000000000e-03,8.546066944632e-06
4.000000000000e-04,1.040057737171e-06
4.000000000000e-04,2.695158766075e-06
4.000000000000e-04,2.720612273580e-08
8.000000000000e-04,2.209672525858e-06
1.600000000000e-03,4.897080229641e-06
4.000000000000e-04,1.686286988971e-06
4.000000000000e-04,5.908498827425e-07
9.600000000000e-03,7.866673849277e-05
4.000000000000e-04,2.354542536186e-06
1.200000000000e-03,3.437819704147e-06
4.000000000000e-04,8.953505606695e-07
4.000000000000e-04,1.155422237989e-06
4.000000000000e-04,8.680869819554e-07
4.000000000000e-04,1.114334422960e-06
4.000000000000e-04,2.274792179308e-06
8.000000000000e-04,1.217749385582e-06
4.000000000000e-04,3.274275328909e-06
2.800000000000e-03,1.717619927731e-05
8.000000000000e-04,2.264662583665e-06
4.400000000000e-03,3.629819671926e-05
4.000000000000e-04,1.286616585962e-06
4.000000000000e-04,9.068743427284e-07
4.000000000000e-04,4.984647090272e-07
2.800000000000e-03,1.502218296542e-05
1.200000000000e-03,3.691549377173e-06
4.000000000000e-04,4.505238491639e-07
4.000000000000e-04,5.067164133074e-07
4.000000000000e-04,1.137681929822e-06
4.000000000000e-04,9.350292529554e-07
8.000000000000e-04,5.628738740135e-07
4.000000000000e-04,1.798889975446e-06
4.000000000000e-04,1.382353328425e-06
3.600000000000e-03,1.598189299200e-05
2.400000000000e-03,1.792069233021e-05
4.000000000000e-04,2.434075688824e-06
4.000000000000e-04,2.182371357764e-06
4.000000000000e-04,4.340979644314e-08
4.000000000000e-04,5.403325432176e-07
4.000000000000e-04,1.245631549156e-06
4.000000000000e-04,1.064466849819e-06
4.000000000000e-04,7.190851065511e-07
2.000000000000e-03,9.000767228578e-06
4.000000000000e-04,4.567778020918e-07
8.000000000000e-04,2.682984887139e-06
4.000000000000e-04,1.124671589642e-06
4.000000000000e-04,3.370855742776e-07
2.680000000000e-02,2.167470314429e-04
4.000000000000e-04,8.659815187826e-07
4.000000000000e-04,6.933229917384e-07
4.000000000000e-04,1.854901610713e-06
8.000000000000e-04,1.277597258010e-06
4.000000000000e-04,2.215404783654e-06
8.000000000000e-04,2.630558631525e-06
8.000000000000e-04,4.800030027543e-06
1.200000000000e-03,6.502237050865e-06
2.000000000000e-03,1.811231369479e-05
4.000000000000e-04,3.411719797187e-06
2.000000000000e-03,1.399027307364e-05
1.600000000000e-03,8.102765188827e-06
8.000000000000e-04,1.664665094975e-06
4.000000000000e-04,8.161573270142e-07
4.000000000000e-04,1.426164873959e-08
4.000000000000e-04,1.643014622807e-06
4.000000000000e-04,3.309018844166e-07
1.000000000000e-02,8.222933506741e-05
4.000000000000e-04,1.869298908266e-06
4.000000000000e-04,1.340524342971e-06
4.000000000000e-04,5.874979659314e-06
2.400000000000e-03,7.826879084539e-06
2.000000000000e-03,3.997636470451e-06
4.000000000000e-04,1.660009054405e-06
1.200000000000e-03,9.575256880143e-06
4.000000000000e-04,2.274680881640e-06
8.000000000000e-03,6.141891045929e-05
4.000000000000e-04,1.687627511766e-06
4.400000000000e-03,2.353273895816e-05
1.600000000000e-03,8.508921758101e-06
4.000000000000e-04,2.927598307237e-06
1.200000000000e-03,3.941425234830e-06
8.000000000000e-04,1.364948568953e-06
1.200000000000e-03,4.717463092837e-06
4.000000000000e-04,9.783359382631e-08
4.000000000000e-04,9.663416441760e-07
4.000000000000e-04,8.213050122043e-07
3.600000000000e-03,2.849665240066e-05
1.200000000000e-03,3.494199329844e-06
1.600000000000e-03,1.857349712116e-05
1.200000000000e-03,7.985819384532e-06
8.000000000000e-04,1.432559239605e-06
4.000000000000e-04,1.192735624044e-06
4.000000000000e-04,9.988529873242e-08
4.000000000000e-04,1.193492863322e-07
1.200000000000e-03,3.389792036137e-06
4.000000000000e-04,1.066334525910e-07
8.000000000000e-04,1.278123033795e-06
4.000000000000e-04,6.470225670561e-07
4.000000000000e-04,1.364675531007e-06
4.000000000000e-04,7.528232078930e-08
8.000000000000e-04,1.077297823426e-05
4.000000000000e-04,1.603550774322e-06
4.000000000000e-04,1.255546949162e-06
4.000000000000e-04,1.194845466016e-07
4.000000000000e-04,3.986394802759e-07
1.600000000000e-03,5.390333680532e-06
1.600000000000e-03,6.559990525142e-06
4.000000000000e-04,1.990515801068e-06
4.000000000000e-04,3.162071492059e-06
4.000000000000e-04,1.069673168631e-06
4.000000000000e-04,2.563375731022e-06
4.000000000000e-04,7.382535133095e-08
8.000000000000e-04,1.995551343425e-06
4.600000000000e-02,5.142492965509e-04
1.600000000000e-03,1.330038759730e-05
4.000000000000e-04,1.097391365745e-06
4.000000000000e-04,2.658761690803e-06
4.000000000000e-04,1.230335684751e-07
4.000000000000e-04,6.322673178217e-07
1.600000000000e-03,6.452852664918e-06
2.400000000000e-03,1.506248001470e-05
4.000000000000e-04,2.241868334419e-06
4.000000000000e-04,1.975192957297e-06
4.000000000000e-04,2.449285664216e-06
4.000000000000e-04,1.226823030134e-06
8.000000000000e-04,2.108578117158e-06
4.000000000000e-04,1.322244320604e-06
4.000000000000e-04,2.186011737537e-06
2.400000000000e-03,8.076204396894e-06
8.000000000000e-04,1.060816591651e-06
4.000000000000e-04,1.871281890375e-07
4.000000000000e-04,2.398400869949e-06
1.200000000000e-03,2.173136781903e-06
4.000000000000e-04,1.506125809590e-07
1.200000000000e-03,7.371455499619e-06
4.000000000000e-04,4.445962541554e-07
4.000000000000e-04,1.151611149297e-07
4.000000000000e-04,2.295549984540e-06
8.000000000000e-04,3.694826909483e-06
4.000000000000e-04,1.291500668999e-07
4.000000000000e-04,2.834311202171e-06
4.000000000000e-04,3.666183833456e-08
4.000000000000e-04,3.392777326151e-06
4.000000000000e-04,1.696447944894e-07
4.000000000000e-04,3.117198374292e-06
4.000000000000e-04,8.098383711724e-07
4.000000000000e-04,2.131622757785e-07
4.000000000000e-04,1.045914940352e-07
4.000000000000e-04,1.585729344348e-06
4.000000000000e-04,8.625242523878e-07
4.000000000000e-04,3.116146559078e-07
4.000000000000e-04,3.192420292757e-07
1.200000000000e-03,2.894288202132e-06
8.000000000000e-04,2.218446121098e-06
4.000000000000e-04,1.159984274275e-06
4.000000000000e-04,1.406151778502e-07
4.000000000000e-04,3.267027306678e-07
1.200000000000e-03,2.438682927625e-06
3.200000000000e-03,2.345515989671e-05
4.000000000000e-04,2.098462185309e-07
8.000000000000e-04,4.623785181626e-06
4.000000000000e-04,2.864415028023e-06
4.000000000000e-04,6.621125618169e-07
4.000000000000e-04,2.831954730870e-07
1.200000000000e-03,4.178252597136e-06
4.000000000000e-04,1.327567523781e-06
1.200000000000e-03,3.144184609703e-06
2.760000000000e-02,3.528924260721e-04
2.800000000000e-03,1.008032397003e-05
8.000000000000e-04,4.136658487374e-06
1.200000000000e-03,1.903738676449e-06
4.000000000000e-04,1.074732701797e-07
4.000000000000e-04,1.701142920097e-07
4.000000000000e-04,2.318574330566e-06
4.000000000000e-04,2.580042520679e-06
4.000000000000e-04,1.042015255108e-07
4.000000000000e-04,1.945752693739e-06
1.200000000000e-03,5.839958641357e-06
8.000000000000e-04,2.519989614394e-06
4.000000000000e-04,1.702151673377e-08
1.200000000000e-03,3.563785634232e-06
4.000000000000e-04,8.840878320099e-07
4.000000000000e-04,3.760614660430e-06
2.000000000000e-03,5.000691577422e-06
4.000000000000e-04,5.213030415721e-07
4.000000000000e-04,5.028119370073e-06
1.464000000000e-01,2.491559725335e-03
4.000000000000e-04,1.079165359274e-06
4.000000000000e-04,8.429665740000e-07
5.600000000000e-03,3.672422631396e-05
4.000000000000e-04,1.864390268592e-06
4.000000000000e-04,1.282581236512e-06
4.000000000000e-04,1.783725901965e-06
1.960000000000e-02,1.916947058872e-04
4.000000000000e-04,2.087774299121e-07
8.000000000000e-04,5.480163287170e-06
4.000000000000e-04,2.583251452490e-06
4.000000000000e-04,7.569139205143e-07
4.000000000000e-04,2.166661689198e-06
4.800000000000e-03,4.026783132350e-05
4.000000000000e-04,2.655218870532e-06
4.000000000000e-04,2.774698538641e-06
8.000000000000e-04,5.215345181758e-06
1.200000000000e-03,4.215296573753e-06
8.000000000000e-04,3.496899027747e-06
8.000000000000e-04,5.141180702283e-06
1.200000000000e-03,3.412685059196e-06
8.000000000000e-04,4.051568984031e-06
4.000000000000e-04,2.582415799357e-06
5.200000000000e-03,5.130985983553e-05
4.000000000000e-04,3.035176542839e-07
4.000000000000e-04,2.661478378590e-06
4.000000000000e-04,2.526658345682e-06
4.000000000000e-04,9.146566019768e-07
2.000000000000e-03,2.406650636876e-06
2.400000000000e-03,9.446938805392e-06
1.600000000000e-03,9.665908773162e-06
8.000000000000e-04,3.220782139622e-06
6.800000000000e-03,3.259701273537e-05
4.000000000000e-04,5.395124845444e-07
4.000000000000e-04,6.151702352414e-07
4.000000000000e-04,2.064387129462e-06
4.000000000000e-04,1.910942609589e-07
4.000000000000e-04,1.638256104047e-06
8.000000000000e-04,5.243099407787e-06
4.000000000000e-04,1.624607893606e-06
4.000000000000e-04,5.398238919027e-07
2.520000000000e-02,3.271498342208e-04
1.200000000000e-03,4.910843095249e-06
4.000000000000e-04,5.656726146909e-07
4.000000000000e-04,1.384294443860e-06
4.000000000000e-04,4.804868970824e-07
4.000000000000e-04,1.391476975880e-06
1.200000000000e-03,2.797696815458e-06
4.000000000000e-04,5.172950149164e-06
2.400000000000e-03,1.446309408396e-05
4.000000000000e-04,7.849852091473e-07
4.000000000000e-04,1.085266274972e-06
4.000000000000e-04,1.063333519782e-06
4.000000000000e-04,1.022866937115e-06
4.000000000000e-04,4.286848225026e-06
3.600000000000e-03,3.258131793226e-05
8.000000000000e-04,1.637124948842e-06
4.000000000000e-04,5.743926471579e-08
8.000000000000e-04,3.204191845864e-06
4.000000000000e-04,5.969864381013e-07
4.000000000000e-04,2.933230580802e-07
4.000000000000e-04,1.345044157687e-06
8.000000000000e-04,8.228124217611e-06
4.000000000000e-04,5.069699520784e-07
4.000000000000e-04,1.233082386055e-06
4.000000000000e-04,2.351752880127e-07
4.000000000000e-04,5.563853449766e-07
4.000000000000e-04,1.295305430782e-06
4.000000000000e-04,1.567824909868e-06
4.000000000000e-04,2.184262576368e-06
4.000000000000e-04,2.960585723277e-06
4.000000000000e-04,2.367309270784e-06
2.000000000000e-03,1.116269739654e-05
4.000000000000e-04,9.163303421864e-07
4.000000000000e-04,1.576239135888e-06
4.000000000000e-04,4.707019425228e-07
4.000000000000e-04,6.403523571998e-07
1.200000000000e-03,4.327478707133e-06
2.000000000000e-03,1.212298950865e-05
4.000000000000e-04,1.049339896666e-06
4.000000000000e-04,3.066104320900e-07
4.000000000000e-04,1.614329191076e-06
4.000000000000e-04,1.545928491365e-06
4.000000000000e-04,4.891590900728e-07
4.000000000000e-04,2.510546865401e-06
4.000000000000e-04,1.328533585277e-06
4.000000000000e-04,2.713471947696e-07
4.000000000000e-04,7.339763556829e-07
2.400000000000e-03,1.375163681166e-05
4.000000000000e-04,1.402281258370e-06
4.000000000000e-04,5.032320707671e-07
4.000000000000e-04,8.830688844731e-07
4.000000000000e-04,3.059382633408e-06
1.600000000000e-03,5.707541222577e-06
4.000000000000e-04,2.045115461471e-07
4.000000000000e-04,3.161673422994e-06
4.000000000000e-04,1.548355806006e-06
1.520000000000e-02,1.213627205367e-04
4.000000000000e-04,1.758683338279e-06
4.000000000000e-04,5.453481191819e-09
4.000000000000e-04,1.391009046530e-06
4.800000000000e-03,4.958716617991e-05
4.000000000000e-04,2.112151474234e-07
1.000000000000e-02,8.849256598472e-05
4.000000000000e-04,4.577329262414e-06
4.000000000000e-04,2.902246926645e-06
7.600000000000e-03,5.500004923321e-05
4.000000000000e-04,7.735171481140e-08
2.800000000000e-03,2.692688343108e-05
4.000000000000e-04,2.175425055021e-07
4.000000000000e-04,5.166226074928e-07
4.000000000000e-04,2.467922393084e-07
4.000000000000e-04,1.183250535641e-06
8.000000000000e-04,2.287059672581e-06
1.600000000000e-03,6.114832773069e-06
8.000000000000e-04,3.737460561001e-06
2.000000000000e-03,5.805175052564e-06
4.000000000000e-04,5.732024782375e-07
2.400000000000e-03,1.179578860637e-05
4.000000000000e-04,2.670744602701e-07
4.000000000000e-04,1.337489649122e-06
4.000000000000e-04,1.394079116884e-07
4.000000000000e-04,1.474220536109e-06
4.000000000000e-04,2.190523666558e-06
4.000000000000e-04,6.998613545848e-07
2.400000000000e-03,1.131810204842e-05
4.000000000000e-04,7.339512766291e-07
8.000000000000e-04,3.605233015539e-06
9.200000000000e-03,8.378161801571e-05
8.000000000000e-04,4.537260221729e-06
1.200000000000e-03,2.617902364799e-06
4.000000000000e-04,1.206130908086e-06
1.600000000000e-03,1.183785730073e-05
8.000000000000e-04,6.382414112703e-06
8.000000000000e-04,1.420932104410e-06
4.000000000000e-04,1.079092873407e-07
4.000000000000e-04,2.888848976586e-06
1.200000000000e-03,4.294459591706e-06
4.000000000000e-04,1.656813830160e-07
4.000000000000e-04,3.504480797285e-06
4.000000000000e-04,2.007024900677e-06
8.000000000000e-04,5.436913248717e-06
4.800000000000e-03,5.390850147253e-05
8.000000000000e-04,5.461205144258e-07
4.000000000000e-04,7.521593704541e-07
4.000000000000e-04,3.043501861288e-06
5.600000000000e-03,4.254886936002e-05
2.840000000000e-02,4.359073886772e-04
4.000000000000e-04,7.239651756305e-07
4.000000000000e-04,3.207351447345e-06
4.000000000000e-04,1.596903860326e-07
1.200000000000e-03,1.940061252327e-06
4.000000000000e-04,3.305705290380e-07
8.000000000000e-04,5.065133385098e-06
2.000000000000e-03,1.911220254389e-05
4.000000000000e-04,2.060078802682e-06
8.000000000000e-04,1.402993513000e-06
8.000000000000e-04,3.745296335433e-06
4.000000000000e-04,4.151511823749e-07
4.000000000000e-04,5.685207063465e-07
4.000000000000e-04,3.464735847664e-07
4.000000000000e-04,1.601370330910e-06
8.000000000000e-04,1.678040260646e-06
8.000000000000e-04,7.344130984560e-06
4.000000000000e-04,1.567128069447e-07
8.000000000000e-04,2.087902172021e-06
8.000000000000e-04,2.923931433976e-06
4.000000000000e-04,1.693236302756e-06
8.000000000000e-04,2.053161477628e-06
8.000000000000e-04,2.929649563393e-06
4.000000000000e-04,2.529647710591e-06
1.200000000000e-03,5.303825480608e-06
2.400000000000e-03,1.497049496969e-05
4.000000000000e-04,4.118966418245e-07
4.000000000000e-03,2.527503199895e-05
2.400000000000e-03,1.348146345337e-05
4.000000000000e-04,1.699370573884e-06
4.000000000000e-04,8.764771528476e-07
4.000000000000e-04,5.375867098157e-07
4.000000000000e-04,4.617504252107e-07
4.000000000000e-04,2.524025304208e-06
4.000000000000e-04,3.320770525142e-06
4.000000000000e-04,2.531956177811e-07
4.000000000000e-04,1.403424257698e-06
4.000000000000e-04,2.620204028778e-08
4.000000000000e-04,1.667224178453e-06
4.000000000000e-04,1.117146430441e-06
1.040000000000e-02,6.333961990959e-05
1.200000000000e-03,1.283246278374e-05
4.000000000000e-04,9.415765541829e-07
4.000000000000e-04,5.737482842326e-06
2.000000000000e-03,5.678224396098e-06
4.000000000000e-04,4.910303820938e-07
4.000000000000e-04,1.934835741096e-06
4.000000000000e-04,6.568427482461e-07
4.000000000000e-04,1.184234378297e-06
4.000000000000e-04,1.204937058296e-06
4.000000000000e-04,8.692577339126e-07
1.200000000000e-03,1.689074524782e-06
4.000000000000e-04,1.523373629020e-07
1.200000000000e-03,6.753407214075e-06
2.400000000000e-03,1.972415579041e-05
4.000000000000e-04,1.383079274035e-06
2.000000000000e-03,6.047482483724e-06
4.000000000000e-04,1.440291644955e-07
4.000000000000e-04,1.449767479059e-06
4.000000000000e-04,1.760547450543e-06
4.000000000000e-04,6.416061975653e-07
8.000000000000e-04,2.869248451743e-07
4.000000000000e-04,1.642009917452e-06
4.000000000000e-04,1.896779207744e-06
4.000000000000e-04,2.033050274544e-06
4.000000000000e-04,5.850016538449e-07
4.000000000000e-04,7.248768118611e-08
4.000000000000e-04,2.047129602351e-06
4.000000000000e-04,8.909067408208e-07
2.800000000000e-03,1.851079653367e-05
4.000000000000e-04,2.239075185285e-07
2.000000000000e-03,1.030818558018e-05
1.200000000000e-03,9.528174406253e-06
4.000000000000e-04,8.643789212160e-07
4.000000000000e-04,4.568577606608e-08
8.000000000000e-04,9.480327641893e-06
8.000000000000e-04,3.083927988644e-06
4.000000000000e-04,9.679394742324e-07
4.000000000000e-04,1.109259488788e-07
4.000000000000e-04,9.512475107649e-07
8.000000000000e-04,4.975058671520e-06
4.000000000000e-04,1.835175008767e-07
9.200000000000e-03,1.249341332090e-04
4.000000000000e-04,1.144221872795e-06
8.000000000000e-04,3.334932485745e-07
4.000000000000e-04,1.426354964069e-06
4.000000000000e-04,1.845138336177e-07
1.200000000000e-03,6.748738428542e-06
4.000000000000e-04,1.794077529877e-06
4.000000000000e-04,1.467137288507e-06
4.000000000000e-04,1.053157469848e-07
5.200000000000e-03,5.043900765705e-05
8.000000000000e-04,5.488656249948e-06
6.800000000000e-03,4.665325537118e-05
1.600000000000e-03,2.477589398399e-06
4.000000000000e-04,7.322103937958e-07
1.200000000000e-03,6.430246044949e-06
4.000000000000e-04,4.059790987433e-06
4.000000000000e-04,1.328076559212e-06
4.000000000000e-04,2.970559766360e-06
4.000000000000e-04,6.049398046610e-07
2.800000000000e-03,2.648509574860e-05
2.040000000000e-02,3.862242731776e-04
4.000000000000e-04,6.276577041114e-07
1.600000000000e-03,9.581156484740e-06
4.000000000000e-04,6.317423355812e-07
4.000000000000e-04,1.643834830561e-06
2.400000000000e-03,1.592642708159e-05
3.080000000000e-02,3.330598293332e-04
4.000000000000e-04,4.177132014467e-07
4.000000000000e-04,1.058935461107e-06
4.000000000000e-04,5.215677162534e-07
2.000000000000e-03,6.323980535957e-06
4.000000000000e-04,6.261154125698e-07
1.924000000000e-01,4.677942715309e-03
4.000000000000e-04,9.718728789466e-07
1.200000000000e-03,2.527374817649e-06
4.000000000000e-04,2.592880736828e-07
4.000000000000e-04,2.782498259077e-06
4.000000000000e-04,1.140976944704e-06
1.200000000000e-03,4.843262713245e-06
1.200000000000e-03,3.953200066468e-06
3.600000000000e-03,2.238259084806e-05
4.000000000000e-04,1.214233062658e-06
6.000000000000e-03,3.169465447385e-05
8.000000000000e-04,1.914936209276e-07
2.800000000000e-03,1.981346076774e-05
4.400000000000e-03,3.974965062055e-05
4.000000000000e-04,8.202768184072e-07
1.600000000000e-03,4.316249375386e-06
8.000000000000e-04,2.502650595842e-06
4.000000000000e-04,2.281287498291e-07
4.000000000000e-04,3.262658564556e-07
4.000000000000e-04,6.797651414472e-08
1.200000000000e-03,3.288932465687e-06
4.000000000000e-04,3.628682427098e-07
8.000000000000e-04,3.897517564963e-06
4.000000000000e-03,2.750804787450e-05
4.000000000000e-03,1.761786637007e-05
4.000000000000e-04,2.678680470331e-06
4.000000000000e-04,1.142939941255e-06
1.600000000000e-03,4.388894140669e-06
2.000000000000e-03,3.437909873237e-06
4.000000000000e-04,5.618166623990e-07
8.000000000000e-04,3.705824062282e-06
4.000000000000e-04,3.415150175329e-06
4.000000000000e-03,2.271403585555e-05
4.000000000000e-04,1.892518840469e-06
8.000000000000e-04,1.223553255244e-06
1.880000000000e-02,2.731536226589e-04
1.200000000000e-03,7.682233206245e-06
4.000000000000e-04,2.432894308086e-07
4.000000000000e-04,5.630284341787e-07
8.000000000000e-04,2.524978598305e-06
1.200000000000e-03,1.895475364258e-06
4.000000000000e-04,3.626903249490e-07
4.000000000000e-04,2.359863208148e-07
4.000000000000e-04,3.388078024934e-07
4.000000000000e-04,1.088190331951e-06
2.000000000000e-03,2.144784717437e-05
2.800000000000e-03,2.334586215555e-05
4.000000000000e-04,2.304393878292e-06
4.000000000000e-04,2.837149137080e-07
4.000000000000e-04,5.551535058708e-07
4.000000000000e-04,1.369517421782e-07
8.000000000000e-04,6.498726037833e-06
8.000000000000e-04,2.293122428938e-06
2.400000000000e-03,1.608762307084e-05
2.800000000000e-03,9.144276286974e-06
4.000000000000e-04,7.063234282910e-07
4.000000000000e-04,2.857049611874e-06
7.200000000000e-03,5.753552652657e-05
5.200000000000e-03,2.368847818522e-05
4.800000000000e-03,2.670752788657e-05
4.000000000000e-04,2.089210106430e-06
4.000000000000e-04,7.178745281251e-07
4.000000000000e-04,1.330052652803e-06
4.000000000000e-04,1.509347993240e-06
1.200000000000e-03,9.851750107804e-06
4.000000000000e-04,1.617978015448e-06
4.000000000000e-04,3.360271596223e-06
4.000000000000e-04,2.722980224734e-07
4.000000000000e-04,3.066114925978e-06
8.000000000000e-04,3.485916461757e-07
4.000000000000e-04,1.208836697488e-06
4.000000000000e-04,2.447296019692e-07
3.200000000000e-03,2.039649883178e-05
9.600000000000e-03,1.245749387815e-04
4.000000000000e-04,2.161702578695e-06
1.200000000000e-03,7.366916563778e-06
4.000000000000e-04,8.852250839018e-07
4.000000000000e-04,4.746472825728e-07
4.000000000000e-04,1.260901509512e-06
4.000000000000e-04,1.081832331022e-06
2.000000000000e-03,1.359584447991e-05
4.400000000000e-03,2.399642830603e-05
4.800000000000e-03,2.935997146998e-05
8.000000000000e-04,3.239641159223e-06
8.000000000000e-04,3.739010186572e-06
8.000000000000e-04,3.731279125270e-06
4.000000000000e-04,3.701722575234e-07
2.000000000000e-03,3.337002633181e-06
4.000000000000e-04,3.581944653143e-06
4.000000000000e-04,1.576876654999e-07
8.000000000000e-04,4.348114803210e-06
4.000000000000e-04,1.430165456296e-08
4.000000000000e-04,2.469605797321e-07
4.000000000000e-04,1.202276126618e-07
8.000000000000e-04,2.062567120291e-06
1.600000000000e-03,1.333421333845e-05
1.200000000000e-03,6.731687071417e-06
9.600000000000e-03,5.657362383568e-05
4.000000000000e-04,7.197135304320e-07
4.000000000000e-04,4.904254287902e-07
1.200000000000e-03,9.578556912582e-06
4.000000000000e-04,9.881697006476e-07
4.000000000000e-04,4.793648269876e-08
4.000000000000e-04,3.050326403639e-06
4.000000000000e-04,1.569793282326e-06
2.000000000000e-03,7.480366331499e-06
1.200000000000e-03,6.026747184635e-06
8.000000000000e-04,9.911384094966e-07
4.000000000000e-04,2.240161961364e-06
4.000000000000e-04,2.628221658435e-06
8.000000000000e-04,3.094040359370e-06
1.600000000000e-03,5.284643452809e-06
1.496000000000e-01,2.428226810993e-03
8.000000000000e-04,3.786666294664e-06
7.600000000000e-03,7.591519355685e-05
3.600000000000e-03,1.908204751143e-05
1.600000000000e-03,3.102379658315e-06
4.040000000000e-02,8.456199061335e-04
4.000000000000e-04,6.732753676197e-07
1.200000000000e-03,5.588084448626e-06
4.000000000000e-04,5.103830521474e-07
4.000000000000e-04,2.653429967778e-07
8.000000000000e-04,4.344338399710e-06
4.000000000000e-04,5.819763020967e-07
4.000000000000e-04,2.012073109253e-06
8.000000000000e-04,3.039277387669e-06
4.000000000000e-04,2.155022675442e-06
1.200000000000e-03,2.276154330662e-06
4.000000000000e-04,4.657085257092e-07
4.000000000000e-04,1.339156823873e-06
4.000000000000e-04,1.103224245150e-06
4.000000000000e-04,3.054257165962e-06
4.000000000000e-04,3.277294523363e-09
4.000000000000e-04,1.275671580217e-06
8.000000000000e-04,1.773357429133e-06
1.600000000000e-03,4.886436039450e-06
4.000000000000e-04,1.214772781278e-06
4.000000000000e-04,3.548321651413e-06
4.000000000000e-04,1.267005396750e-06
8.000000000000e-04,1.337799754319e-06
4.000000000000e-04,2.214835107932e-06
1.600000000000e-03,3.814418516195e-06
4.760000000000e-02,6.501759839442e-04
5.600000000000e-03,5.114794585743e-05
4.000000000000e-04,1.203325352624e-06
4.000000000000e-04,1.301325707063e-06
2.000000000000e-03,1.245044996057e-05
1.200000000000e-03,3.819024833775e-06
4.000000000000e-04,9.591508271914e-07
4.400000000000e-03,2.867940301420e-05
4.000000000000e-04,2.150148635616e-06
8.000000000000e-04,2.140964173049e-06
4.000000000000e-04,2.116353745849e-06
4.000000000000e-04,2.946181689585e-06
2.000000000000e-03,8.118412665052e-06
1.200000000000e-03,4.470226952031e-06
1.120000000000e-02,7.963537105199e-05
4.000000000000e-04,2.442694982677e-06
4.000000000000e-04,1.581277541217e-06
4.000000000000e-04,7.982199685539e-07
4.000000000000e-04,1.010152869673e-06
4.000000000000e-04,4.692287299001e-06
2.400000000000e-03,9.890209728716e-06
1.040000000000e-02,6.856107527670e-05
4.000000000000e-04,1.666702809999e-08
4.000000000000e-04,1.617991361871e-06
4.000000000000e-04,8.850890634681e-07
8.000000000000e-04,1.357182270047e-06
4.000000000000e-04,1.471289602423e-06
4.000000000000e-04,3.726156180321e-07
1.200000000000e-03,3.486413297628e-06
4.000000000000e-04,2.526551955159e-06
4.000000000000e-04,5.542883068092e-07
4.000000000000e-04,7.394518040671e-07
4.000000000000e-04,1.373034847485e-07
2.000000000000e-03,6.653412568923e-06
4.000000000000e-04,3.858568533113e-06
8.000000000000e-04,8.416129907303e-06
2.800000000000e-03,1.088360046665e-05
4.000000000000e-04,2.740349773420e-07
6.400000000000e-03,4.958544599743e-05
8.000000000000e-04,3.445408327170e-06
4.000000000000e-04,3.039139984353e-07
1.320000000000e-02,1.100913642108e-04
2.400000000000e-03,1.820426471249e-05
8.000000000000e-04,1.607581511141e-06
4.000000000000e-04,1.947960017355e-06
1.000000000000e-02,5.795500168258e-05
4.000000000000e-04,4.106790984467e-07
4.000000000000e-04,9.605624860840e-07
4.000000000000e-04,5.851400342570e-07
3.600000000000e-03,3.229051938729e-05
4.000000000000e-04,1.617883401680e-07
4.000000000000e-04,1.490073316610e-06
4.000000000000e-04,8.237369499218e-07
4.000000000000e-04,9.719153807419e-07
4.000000000000e-04,1.285124901413e-06
4.000000000000e-04,1.270420138343e-06
1.200000000000e-03,4.101981255670e-06
8.000000000000e-04,2.991933801017e-06
8.000000000000e-04,3.638348937018e-06
4.000000000000e-04,4.870922675792e-07
8.000000000000e-04,4.964443947501e-06
1.200000000000e-03,4.425297692477e-06
4.000000000000e-04,1.076361207813e-06
4.000000000000e-04,3.399822334933e-07
4.000000000000e-04,1.893066084312e-07
4.000000000000e-04,1.931479070190e-06
4.000000000000e-04,1.219798424876e-06
8.000000000000e-04,2.911491480080e-06
4.000000000000e-04,7.696535494227e-07
4.000000000000e-04,4.208605732345e-07
4.000000000000e-04,3.173193593926e-07
8.400000000000e-03,7.599860667277e-05
4.000000000000e-04,2.937233704101e-06
4.000000000000e-04,1.408688581646e-06
9.040000000000e-02,1.697668995297e-03
4.000000000000e-04,2.120418342108e-07
4.000000000000e-04,2.636764812036e-06
4.000000000000e-04,2.276221945418e-07
8.000000000000e-04,3.520967654522e-06
8.400000000000e-03,5.277467391601e-05
4.000000000000e-04,7.908510292869e-07
4.000000000000e-04,4.152350200574e-06
4.000000000000e-04,7.342369902308e-07
4.000000000000e-04,2.848433772174e-07
8.000000000000e-04,4.839027801412e-06
4.000000000000e-04,9.634160507898e-07
4.000000000000e-04,7.807903784845e-07
1.200000000000e-03,7.417776496058e-06
8.000000000000e-04,1.380276751232e-06
4.400000000000e-03,3.994001652704e-05
4.000000000000e-04,1.014129285087e-06
4.000000000000e-04,1.413327015219e-06
4.000000000000e-04,1.850705342638e-06
6.320000000000e-02,1.059426692070e-03
4.000000000000e-04,2.564504934496e-06
4.000000000000e-04,2.373496080124e-08
8.000000000000e-04,2.792176902616e-06
8.000000000000e-04,8.884765697552e-07
4.000000000000e-04,3.155840397151e-06
2.800000000000e-03,1.677602022582e-05
4.000000000000e-04,5.259791730890e-07
4.000000000000e-04,4.344811070670e-07
8.000000000000e-04,1.685361134908e-06
4.000000000000e-04,1.974067946311e-06
4.000000000000e-04,3.784970986749e-07
4.000000000000e-04,3.253142687861e-06
4.000000000000e-04,1.741199536124e-06
5.400000000000e-02,8.419037640543e-04
8.000000000000e-04,4.874734076644e-07
4.000000000000e-04,2.666009659719e-06
3.600000000000e-03,2.037183127784e-05
1.200000000000e-03,6.398943702313e-06
4.000000000000e-04,1.179676703236e-06
4.000000000000e-04,6.522933617670e-07
4.000000000000e-04,2.289435409441e-06
4.000000000000e-04,2.708974650038e-07
4.000000000000e-04,1.920874766654e-06
4.000000000000e-04,3.900892517371e-06
4.000000000000e-04,3.367656699653e-08
4.000000000000e-04,1.956572444065e-07
4.000000000000e-04,1.784849332087e-06
1.200000000000e-03,7.343194182137e-06
1.200000000000e-03,2.637862591778e-06
1.200000000000e-03,4.092283503614e-06
4.000000000000e-04,1.774572615134e-07
4.000000000000e-04,3.607001004620e-08
4.000000000000e-04,1.114123852045e-06
4.000000000000e-04,1.163197169204e-06
4.000000000000e-04,6.461415870987e-07
4.000000000000e-04,1.689015646706e-06
8.000000000000e-04,5.821659762101e-07
4.000000000000e-04,8.105256484443e-08
4.000000000000e-04,1.178898528033e-07
4.000000000000e-04,4.466602893380e-07
4.000000000000e-04,3.817819870651e-06
4.000000000000e-04,1.193775876700e-06
4.000000000000e-04,9.260005073830e-08
4.000000000000e-04,9.408226351644e-07
4.000000000000e-04,7.062687030668e-07
4.000000000000e-04,1.505329432545e-06
4.000000000000e-04,2.025190485822e-07
1.200000000000e-03,6.156336955423e-06
9.600000000000e-03,7.708188723094e-05
4.000000000000e-04,2.578830130331e-06
4.000000000000e-04,1.446826857429e-06
8.800000000000e-03,1.197719793732e-04
4.000000000000e-04,4.866225958608e-07
2.000000000000e-03,1.436976268203e-05
8.000000000000e-04,4.232695467000e-06
4.000000000000e-04,1.629190774819e-08
4.000000000000e-04,8.660433786373e-07
8.000000000000e-04,2.588524485738e-06
4.000000000000e-04,1.026707548783e-06
2.600000000000e-02,2.700541929431e-04
3.200000000000e-03,1.450549262677e-05
3.200000000000e-03,2.340790414844e-05
4.000000000000e-04,1.998184213131e-06
4.000000000000e-04,1.715713130688e-06
4.000000000000e-04,1.450044393250e-06
6.400000000000e-03,5.308661230960e-05
8.000000000000e-04,5.393628119475e-06
8.000000000000e-04,5.175206872051e-06
1.000000000000e-02,8.946751263663e-05
4.000000000000e-04,5.400189635571e-07
2.000000000000e-03,1.331795007749e-05
4.000000000000e-04,3.486809864460e-06
1.200000000000e-03,6.904510674559e-06
2.000000000000e-02,1.652424349013e-04
4.000000000000e-04,1.013179818971e-06
4.000000000000e-04,1.237403872365e-06
4.000000000000e-04,3.076953598718e-07
8.000000000000e-04,1.571673339977e-06
4.000000000000e-04,1.881755714270e-06
4.000000000000e-04,2.294040103779e-06
4.000000000000e-04,2.097455119769e-06
4.800000000000e-03,2.564448610898e-05
2.000000000000e-03,1.577628461285e-05
4.000000000000e-04,3.220612749471e-07
2.200000000000e-02,2.091801285448e-04
4.000000000000e-04,5.108651913274e-07
4.000000000000e-04,2.439064642592e-07
4.000000000000e-04,8.875944031030e-07
4.000000000000e-03,2.267647959109e-05
4.000000000000e-04,1.919553185257e-06
4.000000000000e-04,1.621040998006e-06
4.000000000000e-04,4.392755667921e-07
4.000000000000e-04,8.555416124457e-07
1.600000000000e-03,7.850548849290e-06
4.000000000000e-04,4.477001304569e-07
8.000000000000e-04,4.595663212543e-06
4.000000000000e-04,2.643926561695e-06
4.000000000000e-04,1.113937055643e-06
4.000000000000e-04,9.175111685953e-07
8.000000000000e-04,3.689947986199e-06
4.000000000000e-04,1.264629812591e-06
4.000000000000e-04,1.053741538057e-06
1.200000000000e-03,2.671199328943e-06
8.000000000000e-04,1.732197497653e-06
1.200000000000e-03,3.270337976792e-06
8.000000000000e-04,1.392616703042e-06
8.000000000000e-04,5.079388728890e-06
8.000000000000e-04,6.304245840257e-06
4.000000000000e-04,2.022001613827e-07
2.800000000000e-03,2.024482271658e-05
4.000000000000e-04,1.444102073941e-06
4.000000000000e-04,8.687659698518e-07
4.000000000000e-03,4.870572661619e-05
4.000000000000e-04,2.131929199381e-06
4.000000000000e-04,1.003869319744e-06
4.000000000000e-04,2.485561425911e-06
4.000000000000e-04,1.009350321891e-06
4.000000000000e-04,7.002545785303e-07
4.000000000000e-04,1.114955129140e-06
2.400000000000e-03,1.645127391492e-05
4.000000000000e-04,2.419812941326e-06
4.000000000000e-04,1.010587746821e-06
2.400000000000e-03,1.870366654955e-05
2.400000000000e-03,1.679189011093e-05
4.000000000000e-04,1.084429500013e-07
1.000000000000e-02,9.120086268041e-05
9.600000000000e-03,9.350740049412e-05
4.000000000000e-04,2.606914620287e-07
4.000000000000e-04,6.183781871385e-07
1.200000000000e-03,5.845367611750e-06
4.000000000000e-04,3.432388374822e-07
4.000000000000e-04,3.505060448394e-06
4.000000000000e-04,2.875025801719e-06
1.600000000000e-03,2.996586251105e-06
4.000000000000e-04,2.322114206393e-06
6.000000000000e-03,8.157350878026e-05
4.000000000000e-04,2.042448313508e-06
4.000000000000e-04,2.210394269784e-06
4.000000000000e-04,1.096120734026e-07
4.000000000000e-04,6.190435787967e-07
4.000000000000e-04,9.941628791776e-07
4.000000000000e-04,5.268738156144e-07
8.000000000000e-04,5.743259960319e-06
4.000000000000e-04,1.547994150844e-07
8.000000000000e-04,2.608006727777e-06
2.560000000000e-02,2.822465655017e-04
8.000000000000e-04,4.978564019829e-07
4.000000000000e-04,1.664936365481e-06
8.000000000000e-04,1.301351749533e-06
4.000000000000e-04,3.375714450931e-06
4.000000000000e-04,1.859978602877e-06
4.000000000000e-04,3.326157075923e-06
4.000000000000e-04,1.607732118488e-06
6.600000000000e-02,8.739182585147e-04
4.000000000000e-04,1.362333101206e-07
1.200000000000e-03,8.745669204774e-06
1.600000000000e-03,1.263255395688e-05
4.000000000000e-04,2.151152442206e-07
4.000000000000e-04,5.432720981664e-07
4.000000000000e-04,6.932278222519e-07
1.200000000000e-03,5.145715692436e-06
4.000000000000e-04,3.826666756611e-07
8.000000000000e-04,2.260018491819e-06
1.200000000000e-03,2.777567742008e-06
4.000000000000e-04,7.196308230426e-07
1.200000000000e-02,1.033409076079e-04
4.000000000000e-04,1.173015655917e-06
1.200000000000e-03,1.264377894615e-06
1.200000000000e-03,3.312728286594e-06
1.200000000000e-02,1.583656213964e-04
4.000000000000e-04,2.326227849906e-08
4.000000000000e-04,6.202642698645e-07
4.000000000000e-04,3.855041322276e-06
4.000000000000e-04,1.231463117414e-06
8.000000000000e-04,4.056499917983e-06
4.000000000000e-04,1.729412965142e-06
4.000000000000e-04,9.700566149009e-07
4.000000000000e-04,5.717236760088e-07
4.000000000000e-04,2.644769964086e-07
1.600000000000e-03,4.791418942820e-06
1.200000000000e-03,3.937421622590e-06
8.000000000000e-04,2.838186781428e-06
4.000000000000e-04,1.049749105760e-06
8.000000000000e-04,2.962188032106e-06
1.200000000000e-03,4.451450216320e-06
8.000000000000e-04,3.646683991067e-06
4.000000000000e-04,2.092482089690e-06
4.000000000000e-04,1.397113309619e-07
8.000000000000e-04,1.486261799607e-06
1.000000000000e-02,1.277912334690e-04
4.000000000000e-04,1.008675332145e-06
4.000000000000e-04,3.662220129241e-09
4.000000000000e-04,8.177605065471e-07
8.000000000000e-04,5.499522202265e-06
4.000000000000e-04,3.348089009393e-06
8.000000000000e-04,2.833984116895e-06
4.000000000000e-04,2.201273670574e-07
4.000000000000e-04,1.643654940028e-08
4.000000000000e-04,2.349153219772e-07
4.000000000000e-04,9.200377185642e-07
1.600000000000e-03,3.101255239119e-06
7.200000000000e-03,6.257902005094e-05
4.000000000000e-04,1.837561985356e-06
6.000000000000e-03,4.989906490298e-05
4.000000000000e-04,2.179922899316e-07
4.000000000000e-04,1.811226070131e-06
4.000000000000e-04,1.117132684384e-07
4.000000000000e-04,1.695888674472e-06
4.800000000000e-03,2.758728831724e-05
8.000000000000e-04,1.240531185390e-06
4.000000000000e-04,6.848461038974e-07
2.000000000000e-03,8.464767674070e-06
4.000000000000e-04,1.004567925658e-06
1.600000000000e-03,6.975811851926e-06
4.000000000000e-04,1.702827067814e-06
4.000000000000e-04,7.045016692493e-08
4.000000000000e-04,4.685613010145e-07
1.200000000000e-03,4.598518321518e-06
4.400000000000e-03,2.686598402080e-05
4.000000000000e-04,4.003465386943e-06
4.000000000000e-04,6.699166781560e-09
4.000000000000e-04,1.978369259594e-06
4.000000000000e-04,8.414889823105e-07
4.000000000000e-04,7.885643773492e-07
1.200000000000e-03,6.419208282164e-06
4.000000000000e-04,4.669442526498e-07
4.000000000000e-04,4.209016647969e-07
8.000000000000e-04,3.246872089816e-06
4.000000000000e-04,2.102177868271e-06
1.200000000000e-03,5.971039980870e-06
1.600000000000e-03,4.074318269701e-06
4.000000000000e-04,1.558638712116e-07
4.000000000000e-04,1.247848904113e-07
1.600000000000e-03,1.427135271344e-05
4.000000000000e-04,2.254250052484e-07
8.000000000000e-04,4.961260284414e-06
4.000000000000e-04,2.015448426566e-07
2.400000000000e-03,1.476933350281e-05
4.400000000000e-03,2.702252116619e-05
8.000000000000e-04,1.259329454508e-06
4.000000000000e-04,3.017784592191e-07
1.600000000000e-03,8.853417305233e-06
4.000000000000e-04,1.276217046652e-06
8.000000000000e-04,1.210746589029e-06
4.000000000000e-04,1.098641557729e-06
1.600000000000e-03,5.868603914178e-06
4.000000000000e-04,1.552133702579e-06
4.000000000000e-04,2.852201993450e-06
4.000000000000e-04,1.655717827315e-06
8.000000000000e-04,1.657339209344e-06
8.000000000000e-04,2.416612268632e-06
1.200000000000e-03,3.037812747488e-06
4.000000000000e-04,4.956461009396e-07
4.000000000000e-04,7.513422473891e-07
4.000000000000e-04,1.536454431757e-06
8.000000000000e-04,4.531720805489e-07
2.400000000000e-03,1.203263351900e-05
8.000000000000e-04,1.795785302813e-06
4.000000000000e-04,1.523927722578e-08
2.000000000000e-03,9.942823170761e-06
4.000000000000e-04,2.823457185991e-07
4.000000000000e-04,2.071248537711e-07
4.000000000000e-04,6.443035414372e-07
1.600000000000e-03,8.347194025769e-06
4.000000000000e-04,3.093575863776e-06
8.000000000000e-04,1.423799454213e-06
8.000000000000e-04,1.810976712972e-06
2.400000000000e-03,1.131205233781e-05
1.200000000000e-03,6.439972686112e-06
8.000000000000e-04,4.550216050680e-06
4.000000000000e-04,1.961078549236e-06
5.320000000000e-02,8.389866882315e-04
2.800000000000e-03,9.219196409011e-06
4.800000000000e-03,3.213200541706e-05
4.000000000000e-03,3.812942604537e-05
4.000000000000e-03,3.980255206598e-05
4.000000000000e-04,1.252989154482e-07
8.000000000000e-04,1.280682205816e-06
4.000000000000e-04,5.160842792134e-07
4.000000000000e-04,1.131084219022e-06
4.000000000000e-04,1.249173724146e-06
8.000000000000e-04,7.315927918629e-06
7.600000000000e-03,8.141182869972e-05
4.000000000000e-04,1.226595618701e-06
3.200000000000e-03,1.731655853154e-05
4.000000000000e-04,1.878006059735e-06
8.000000000000e-04,4.152415860361e-07
4.000000000000e-04,2.690708832495e-06
8.000000000000e-04,2.977431831049e-06
4.000000000000e-04,1.262929220796e-06
3.600000000000e-03,1.968336728002e-05
2.264000000000e-01,3.868616358154e-03
4.000000000000e-04,2.999046459618e-07
4.400000000000e-03,2.838877177797e-05
4.000000000000e-04,1.213302649203e-06
4.000000000000e-04,2.733945544036e-06
1.600000000000e-03,5.591886218215e-06
8.000000000000e-04,4.860787643415e-06
1.200000000000e-03,3.385797167813e-06
4.000000000000e-04,1.974473336289e-06
4.000000000000e-04,1.506381123075e-06
4.000000000000e-04,8.085665798032e-07
8.000000000000e-04,2.493430682104e-06
4.000000000000e-04,6.336625622506e-07
4.000000000000e-04,1.554428593095e-07
8.000000000000e-04,2.423582932697e-06
2.800000000000e-03,1.924410664104e-05
4.000000000000e-04,1.975288282687e-06
8.000000000000e-04,1.232221248413e-06
4.000000000000e-04,1.931692002186e-06
4.000000000000e-04,2.146212402765e-06
4.000000000000e-04,2.672768876283e-06
4.000000000000e-04,2.224427466613e-07
4.000000000000e-04,9.432670990610e-07
1.600000000000e-03,6.488699357812e-06
8.000000000000e-04,4.939422112829e-07
1.080000000000e-02,6.493451603163e-05
4.000000000000e-04,1.346880870587e-06
4.000000000000e-04,2.070436378741e-06
2.800000000000e-03,8.010697875097e-06
4.000000000000e-04,2.311837398391e-06
4.000000000000e-04,5.602579948557e-07
4.000000000000e-04,8.228990631177e-07
4.000000000000e-04,2.755862189979e-06
5.400000000000e-02,6.209788669504e-04
1.200000000000e-03,4.279927297678e-06
4.000000000000e-04,2.325492872560e-06
2.400000000000e-03,2.335581397488e-05
8.000000000000e-04,5.832033077796e-06
4.000000000000e-04,1.916459256894e-06
4.000000000000e-04,3.717189318837e-07
4.000000000000e-04,3.288814035474e-06
4.000000000000e-04,4.302738459989e-07
4.000000000000e-04,2.573887888735e-07
2.800000000000e-03,3.131384494591e-05
4.000000000000e-04,1.513671761189e-06
4.000000000000e-04,2.240931747313e-06
4.000000000000e-04,1.805276759571e-06
4.000000000000e-04,1.058120220845e-06
4.000000000000e-04,2.261639356396e-06
8.000000000000e-04,1.803163002353e-06
4.000000000000e-04,2.135643164064e-06
1.200000000000e-03,2.201245405260e-06
4.000000000000e-04,2.059048157494e-08
4.000000000000e-04,1.649427249195e-06
1.600000000000e-03,2.871733089626e-06
2.000000000000e-03,1.363813552436e-05
1.600000000000e-03,1.281227069088e-05
4.000000000000e-04,9.166892653729e-08
4.000000000000e-04,1.264272048834e-06
4.000000000000e-04,5.050795090260e-07
8.000000000000e-04,9.740137785226e-07
4.000000000000e-04,1.900345588262e-06
4.000000000000e-04,1.079717908337e-07
4.000000000000e-04,6.624337370362e-07
1.600000000000e-03,4.386666401511e-06
4.000000000000e-04,8.219628267377e-07
4.000000000000e-04,1.183240047089e-07
8.000000000000e-04,1.494661141636e-06
4.000000000000e-04,3.827246120100e-07
1.200000000000e-03,4.937879779450e-06
4.000000000000e-04,3.903384910969e-07
4.000000000000e-04,1.546083463047e-06
4.000000000000e-04,3.047828784012e-06
4.000000000000e-04,1.987725771004e-06
4.000000000000e-04,1.133473104767e-06
4.000000000000e-04,1.022550257911e-06
4.000000000000e-04,6.018567233308e-07
4.000000000000e-04,8.853530088597e-08
4.000000000000e-04,3.208924746392e-08
1.600000000000e-03,1.068774138139e-05
3.200000000000e-03,1.211321256506e-05
4.000000000000e-04,4.669449877695e-07
8.000000000000e-04,3.892558619788e-06
8.000000000000e-04,5.383899463868e-06
4.000000000000e-04,2.173690436931e-06
1.600000000000e-03,1.335054221038e-05
1.000000000000e-02,9.224935414598e-05
4.000000000000e-04,2.033408562360e-07
4.000000000000e-04,2.602558953048e-06
8.000000000000e-04,1.455977584507e-06
8.000000000000e-04,3.131829673003e-06
4.000000000000e-04,1.007396578673e-06
4.000000000000e-04,3.255900059201e-06
1.200000000000e-03,2.651842815847e-06
4.000000000000e-04,7.615203240299e-08
4.000000000000e-04,1.411914440136e-06
4.000000000000e-04,1.331140797570e-06
4.000000000000e-04,1.769196130273e-06
2.400000000000e-03,1.424954653451e-05
4.000000000000e-04,6.148230524363e-07
4.400000000000e-03,3.594339870772e-05
4.000000000000e-04,1.355301069692e-06
4.000000000000e-04,3.768911142972e-06
8.000000000000e-04,1.981602752394e-06
4.000000000000e-04,8.929629259844e-07
3.600000000000e-03,1.977474179937e-05
4.000000000000e-04,1.160676409953e-07
1.600000000000e-03,5.884429663311e-06
4.000000000000e-04,1.212290347410e-06
2.000000000000e-03,9.042288093971e-06
2.000000000000e-03,9.585842610521e-06
4.000000000000e-04,3.004527849551e-06
4.000000000000e-04,6.066946573606e-07
4.000000000000e-04,1.174002444045e-06
1.200000000000e-03,4.962327432917e-06
1.600000000000e-03,2.038578507214e-05
3.600000000000e-03,2.011026519323e-05
4.000000000000e-04,5.989447041288e-07
4.000000000000e-04,1.066368293402e-06
4.000000000000e-04,4.847534605700e-07
4.000000000000e-04,8.469185712383e-08
1.200000000000e-03,6.609236735058e-06
8.000000000000e-04,3.076507663889e-06
4.000000000000e-04,3.151845468685e-07
6.400000000000e-03,6.348120310245e-05
4.000000000000e-04,3.647008200636e-08
4.000000000000e-04,9.491237371674e-07
4.000000000000e-04,6.504764608052e-07
1.200000000000e-03,6.561971247024e-06
4.000000000000e-04,7.709282809349e-07
2.000000000000e-03,3.392935126165e-06
4.000000000000e-04,5.396147925003e-07
1.600000000000e-03,1.230875715854e-05
4.000000000000e-04,1.085565095338e-07
8.000000000000e-04,4.685448179744e-06
1.200000000000e-03,1.168336947331e-05
5.200000000000e-03,4.248069437405e-05
8.000000000000e-04,3.318752816936e-06
1.600000000000e-03,6.458770466806e-06
4.000000000000e-04,8.994513248479e-07
1.200000000000e-03,9.712807518852e-06
8.000000000000e-04,2.557439930056e-06
4.000000000000e-04,1.691629105258e-06
8.000000000000e-04,5.045223421330e-06
4.000000000000e-04,7.716803760034e-08
8.000000000000e-04,2.588418539145e-06
4.000000000000e-04,3.241335966272e-07
4.000000000000e-04,1.611552319858e-06
4.000000000000e-04,3.371860726124e-06
4.000000000000e-04,4.118973953902e-07
2.000000000000e-03,1.467022708187e-05
8.000000000000e-04,2.847863371909e-06
4.000000000000e-04,1.566080951583e-06
8.000000000000e-04,5.450931213306e-06
4.000000000000e-04,2.328559852834e-06
4.000000000000e-04,3.189936829071e-06
2.000000000000e-03,1.185690723841e-05
4.000000000000e-04,7.125919199507e-07
4.000000000000e-04,2.238920040949e-07
1.200000000000e-03,4.050121785165e-06
3.200000000000e-03,1.820272481421e-05
4.000000000000e-04,1.698545989047e-07
4.000000000000e-04,6.388872401409e-07
4.000000000000e-04,3.510436634485e-06
2.000000000000e-03,9.526506332547e-06
4.000000000000e-04,1.269344979447e-06
1.200000000000e-03,1.210492246470e-05
4.000000000000e-04,2.227564904717e-06
4.000000000000e-04,1.844570892553e-06
1.400000000000e-02,9.210776351614e-05
2.680000000000e-02,2.839245291616e-04
8.000000000000e-04,2.859373517849e-06
4.800000000000e-03,2.381449940963e-05
4.000000000000e-04,1.013525366954e-06
4.000000000000e-04,2.894987426904e-07
3.200000000000e-03,1.156360742592e-05
4.000000000000e-04,1.277140825361e-06
8.000000000000e-04,4.014059835510e-06
4.000000000000e-04,3.144169042101e-06
4.000000000000e-04,1.092918787695e-06
8.000000000000e-04,5.029416493293e-07
4.000000000000e-04,2.446136584849e-06
4.000000000000e-04,1.299105586678e-06
2.800000000000e-03,1.466898274744e-05
6.000000000000e-03,2.182627852950e-05
4.000000000000e-04,5.034910314515e-07
4.000000000000e-04,1.615922606156e-06
4.000000000000e-04,1.674357144234e-06
8.000000000000e-04,7.318602418179e-07
4.000000000000e-04,4.092153533488e-08
8.000000000000e-04,1.299479704835e-06
8.000000000000e-04,6.065888142922e-06
4.000000000000e-04,9.220495067193e-08
5.600000000000e-03,3.199887657678e-05
4.000000000000e-04,2.531233916477e-06
1.200000000000e-03,4.182174128375e-06
8.000000000000e-04,2.047434805751e-06
4.000000000000e-04,1.583962880085e-06
4.000000000000e-04,6.926598464679e-07
8.000000000000e-04,5.305335367891e-06
4.000000000000e-04,4.572570869128e-07
8.000000000000e-04,8.153576931301e-07
4.000000000000e-04,8.401727253365e-07
4.000000000000e-04,4.817575579725e-06
4.000000000000e-04,1.199462206615e-06
1.200000000000e-03,4.976163208266e-06
4.000000000000e-04,1.309333649196e-07
4.000000000000e-04,1.448343147797e-07
8.000000000000e-04,4.522993080761e-06
1.200000000000e-03,8.833951381468e-06
8.000000000000e-04,2.078150476829e-06
4.000000000000e-04,2.713521644020e-06
4.000000000000e-03,1.822230587796e-05
4.400000000000e-03,2.545108059786e-05
8.000000000000e-04,2.339770509332e-06
4.000000000000e-04,1.427524805466e-06
8.000000000000e-04,9.554902841939e-07
1.200000000000e-03,5.507039519189e-06
4.000000000000e-04,1.356722838152e-06
4.000000000000e-04,3.030625898859e-07
4.000000000000e-04,4.032848191973e-08
4.000000000000e-04,1.266252573829e-06
4.000000000000e-04,6.969063437345e-07
8.000000000000e-04,2.385688258681e-06
4.000000000000e-04,2.899973870345e-06
4.000000000000e-04,1.178261671200e-06
3.200000000000e-03,1.390595611315e-05
4.000000000000e-04,5.941425625517e-07
1.600000000000e-03,8.202586705254e-06
4.000000000000e-04,5.589284423307e-07
8.000000000000e-04,1.482510657240e-06
1.600000000000e-03,3.883755715072e-06
4.000000000000e-04,2.878742787188e-06
4.000000000000e-04,4.476888654699e-08
4.000000000000e-04,1.751026185764e-06
8.000000000000e-04,3.891904648085e-06
8.000000000000e-04,1.295012630173e-06
8.000000000000e-04,3.687125804783e-06
4.000000000000e-04,3.602557856381e-06
2.400000000000e-03,1.307963797630e-05
4.000000000000e-04,9.210873125229e-07
8.000000000000e-04,1.572934782082e-06
8.000000000000e-04,3.156007279975e-06
4.000000000000e-04,1.314454890991e-07
4.000000000000e-04,1.328435961572e-06
4.000000000000e-04,9.537689821232e-07
4.000000000000e-04,1.738736099751e-06
4.000000000000e-04,2.430064496780e-07
4.000000000000e-04,9.474415794729e-07
4.000000000000e-04,6.087929714870e-07
2.200000000000e-02,1.521970005631e-04
4.000000000000e-04,1.073802890147e-06
1.200000000000e-03,4.610038455948e-06
8.000000000000e-04,4.346612442489e-06
1.200000000000e-03,2.344766886691e-06
4.000000000000e-04,2.287612072785e-06
1.200000000000e-03,4.911940917069e-06
4.000000000000e-04,1.421685154541e-06
1.200000000000e-03,6.730559524896e-06
8.000000000000e-04,2.228419909332e-06
4.000000000000e-04,4.438083459251e-07
6.400000000000e-03,6.971243512772e-05
4.000000000000e-04,6.091925238476e-06
1.720000000000e-02,1.499212030121e-04
1.000000000000e-02,8.903236616807e-05
1.200000000000e-03,2.959715987615e-06
2.400000000000e-03,2.170250731179e-05
4.000000000000e-04,2.568237009059e-07
1.200000000000e-03,6.473669727533e-06
1.200000000000e-03,2.666200093584e-06
4.000000000000e-04,7.355516049719e-08
4.000000000000e-04,3.257539763182e-06
4.000000000000e-04,2.637037676377e-07
4.000000000000e-04,3.408193267306e-07
4.000000000000e-04,1.981266986493e-06
8.000000000000e-04,1.719919943123e-06
4.000000000000e-04,1.489844874763e-06
4.000000000000e-04,3.731577242342e-06
4.000000000000e-04,7.288572510719e-07
4.000000000000e-04,3.056615016779e-06
2.800000000000e-03,1.342349111153e-05
4.000000000000e-04,2.330099573127e-07
4.000000000000e-04,3.242537469009e-06
8.000000000000e-04,2.021422850031e-06
4.000000000000e-04,1.058840615399e-06
4.000000000000e-04,1.191584095090e-07
1.200000000000e-03,4.576745157471e-06
4.000000000000e-04,2.716005989640e-06
3.600000000000e-03,3.043119225988e-05
4.000000000000e-04,1.601126468088e-07
4.000000000000e-04,2.325877081349e-06
1.160000000000e-02,1.513036783417e-04
1.600000000000e-03,6.561806142140e-06
8.400000000000e-03,6.424418744599e-05
4.000000000000e-04,1.985152342771e-06
8.000000000000e-04,5.120920119514e-06
4.000000000000e-04,5.801159740632e-07
4.000000000000e-04,5.290556903664e-07
4.000000000000e-04,6.470722796434e-07
4.000000000000e-04,1.130444550059e-06
4.000000000000e-04,4.363418954711e-08
4.000000000000e-04,9.953933221553e-07
4.000000000000e-04,5.156748883907e-07
4.000000000000e-04,7.740199484759e-07
4.000000000000e-04,5.031582039159e-07
4.000000000000e-04,8.415926567555e-07
4.000000000000e-04,6.555708261455e-07
4.000000000000e-04,2.580775833869e-07
4.000000000000e-04,2.630038852196e-06
4.000000000000e-04,2.688653298208e-06
4.000000000000e-04,7.236715354442e-07
4.000000000000e-04,9.007343828647e-07
4.000000000000e-04,1.389221851183e-06
4.000000000000e-04,3.412283059339e-06
4.000000000000e-04,1.117184953179e-06
4.000000000000e-04,7.015602342826e-08
1.600000000000e-03,5.048596854952e-06
8.000000000000e-04,1.545029065332e-06
2.400000000000e-03,9.732693239963e-06
8.000000000000e-04,8.002492097345e-07
4.000000000000e-04,4.441445598021e-07
1.200000000000e-03,6.666909936672e-06
8.000000000000e-04,6.017805479295e-06
4.000000000000e-04,9.902568837338e-07
4.000000000000e-04,6.224357799297e-07
1.600000000000e-03,1.351447999175e-05
4.000000000000e-04,6.337552403910e-08
8.000000000000e-04,2.283846490650e-06
4.000000000000e-04,1.205815027368e-06
4.000000000000e-04,1.159596497104e-06
4.000000000000e-04,4.994896584374e-07
3.240000000000e-02,2.992596633482e-04
8.000000000000e-04,3.057149298184e-06
4.000000000000e-04,3.077820744993e-07
1.600000000000e-03,6.639022160112e-06
4.000000000000e-04,9.007336112181e-07
8.000000000000e-04,6.491169953137e-06
8.000000000000e-04,1.666543099586e-06
4.000000000000e-04,4.498961836579e-08
1.200000000000e-03,7.341378897166e-06
2.400000000000e-03,9.144641854526e-06
4.000000000000e-04,1.559140145603e-06
2.800000000000e-03,1.084454766673e-05
4.000000000000e-04,2.745992452138e-06
2.000000000000e-03,1.971066559880e-05
1.200000000000e-03,6.978932662849e-06
4.000000000000e-04,2.524088622101e-06
1.000000000000e-02,6.988168930944e-05
4.000000000000e-04,5.448288658427e-07
4.000000000000e-04,8.092873067964e-08
4.000000000000e-04,4.662226380944e-07
4.000000000000e-04,1.299115157239e-07
4.000000000000e-04,3.534590564187e-07
4.000000000000e-04,3.694563616733e-07
1.600000000000e-03,1.093328284148e-05
5.600000000000e-03,4.291063635534e-05
4.880000000000e-02,6.393171875012e-04
4.000000000000e-04,2.440657249908e-07
8.400000000000e-03,8.488168765604e-05
4.000000000000e-04,1.102768552136e-06
2.400000000000e-03,1.845699957653e-05
2.000000000000e-03,7.026670382936e-06
4.000000000000e-04,8.732672482256e-07
4.000000000000e-04,2.633204167846e-06
4.000000000000e-04,5.412638582910e-07
4.000000000000e-04,6.871039319135e-07
4.000000000000e-04,2.420589191595e-06
4.000000000000e-04,1.361862191067e-06
4.000000000000e-04,1.094127449845e-07
4.000000000000e-04,8.851423743100e-07
3.200000000000e-03,2.464438406943e-05
4.000000000000e-04,1.313067225247e-06
8.000000000000e-04,2.275946153356e-06
4.000000000000e-04,1.169811381282e-07
4.000000000000e-04,7.086260034509e-07
4.000000000000e-04,1.364650293367e-07
3.200000000000e-03,2.197675012401e-05
1.600000000000e-03,8.990047328682e-06
4.000000000000e-04,8.357042311153e-07
4.000000000000e-04,4.130975613059e-06
4.000000000000e-04,1.621397815585e-06
8.000000000000e-04,1.706747740009e-06
4.000000000000e-04,1.557320706403e-07
4.000000000000e-04,3.918451129889e-07
1.200000000000e-03,2.060746875451e-06
8.000000000000e-04,1.146306293435e-06
4.000000000000e-04,2.665803751778e-06
4.000000000000e-04,2.705798187925e-06
4.000000000000e-04,7.139466931149e-07
4.000000000000e-04,2.467733970222e-06
2.800000000000e-03,2.058902848804e-05
4.000000000000e-04,8.674834040511e-07
4.000000000000e-04,1.224186131665e-06
4.000000000000e-04,5.769778879708e-07
4.000000000000e-04,8.603721638143e-07
4.000000000000e-04,4.036540882535e-07
4.000000000000e-04,1.293149566541e-06
8.000000000000e-04,2.711307630634e-06
2.400000000000e-03,5.397066218581e-06
4.000000000000e-04,5.675276921481e-07
4.000000000000e-04,1.958377519613e-06
2.800000000000e-03,2.354180028661e-05
5.520000000000e-02,7.577488931816e-04
1.600000000000e-03,1.064715159764e-05
5.600000000000e-03,1.709463905159e-05
8.000000000000e-04,4.338267477940e-07
4.000000000000e-04,8.663448003864e-07
8.000000000000e-04,4.465552031827e-06
8.000000000000e-04,1.846971980095e-06
4.000000000000e-04,9.367776479746e-07
1.600000000000e-03,1.136828833774e-05
4.000000000000e-04,1.310642573501e-06
4.000000000000e-04,6.873421726898e-07
4.000000000000e-04,7.481935952103e-07
4.000000000000e-04,3.338593816877e-08
4.000000000000e-04,2.751263531982e-06
4.000000000000e-04,3.625472945192e-06
2.400000000000e-03,1.094342546599e-05
4.000000000000e-04,3.832686860257e-06
1.480000000000e-02,1.127661435420e-04
4.000000000000e-04,1.043660881548e-06
1.200000000000e-03,2.462306737913e-06
1.600000000000e-03,1.339151692555e-05
8.800000000000e-03,6.863075240154e-05
4.000000000000e-04,1.582022992509e-06
4.800000000000e-03,1.624037440599e-05
4.000000000000e-04,2.384665707197e-06
8.000000000000e-04,4.213143136371e-06
4.000000000000e-04,5.231889075265e-07
1.200000000000e-03,6.105461616331e-06
1.200000000000e-03,6.352637543670e-06
4.000000000000e-04,3.044359197418e-07
8.000000000000e-04,4.275043894983e-06
6.400000000000e-03,3.790392318011e-05
4.000000000000e-04,2.573120158720e-06
4.000000000000e-04,3.791459371357e-07
4.000000000000e-04,3.465535308187e-06
4.000000000000e-04,1.467246805868e-06
4.000000000000e-04,1.520241307340e-06
8.000000000000e-04,2.662164272769e-06
4.000000000000e-04,4.966547622006e-07
1.440000000000e-02,1.285231424557e-04
1.200000000000e-03,4.050861915092e-06
8.000000000000e-04,7.562098936040e-06
4.000000000000e-04,2.902383008262e-06
4.000000000000e-04,8.249009875297e-07
4.000000000000e-04,9.824029682213e-07
4.000000000000e-04,1.252269605882e-06
1.200000000000e-03,2.927782604101e-06
4.000000000000e-04,5.763959900331e-07
4.000000000000e-04,1.945201498263e-06
4.000000000000e-04,1.737107945709e-07
1.200000000000e-03,2.968802062836e-06
4.000000000000e-04,2.199828301238e-06
4.000000000000e-04,1.853610074761e-06
4.000000000000e-04,1.131962195253e-06
4.000000000000e-04,2.017787588228e-06
3.040000000000e-02,4.389166698752e-04
4.000000000000e-04,1.122484411929e-06
3.200000000000e-03,9.518716579125e-06
4.000000000000e-04,5.960070824841e-07
4.000000000000e-04,1.174984259485e-06
4.000000000000e-04,3.935018318214e-07
4.000000000000e-04,1.212902087835e-06
1.600000000000e-03,5.175810536619e-06
4.000000000000e-04,9.341188906747e-07
4.000000000000e-04,4.285842575509e-07
4.000000000000e-04,1.434623904706e-06
2.400000000000e-03,9.488509354293e-06
2.000000000000e-03,3.115537734504e-06
4.000000000000e-04,3.686787177401e-07
4.000000000000e-04,8.838432212414e-07
8.000000000000e-04,4.884506951617e-06
4.000000000000e-04,8.186043185642e-07
4.000000000000e-04,2.331897578211e-06
4.000000000000e-04,6.130516940606e-09
4.000000000000e-04,2.405603159723e-07
8.000000000000e-04,2.232153432213e-06
4.000000000000e-04,2.585831165155e-06
8.000000000000e-04,1.903790447882e-06
4.000000000000e-04,9.532339991869e-07
4.000000000000e-04,2.135109284744e-07
2.680000000000e-02,3.089435152607e-04
3.200000000000e-03,2.300797409054e-05
4.000000000000e-04,1.689464916195e-07
8.000000000000e-04,1.378233649353e-06
4.000000000000e-04,1.320333980721e-06
4.000000000000e-04,6.082878148261e-07
4.000000000000e-04,2.994272568273e-06
4.000000000000e-04,1.226268890156e-06
8.800000000000e-03,1.151698334400e-04
4.000000000000e-04,1.069323909549e-06
3.200000000000e-03,1.022408909946e-05
4.000000000000e-04,2.354529630895e-06
4.000000000000e-04,1.976199098916e-08
1.800000000000e-02,1.890102099489e-04
4.000000000000e-04,7.232167814674e-07
4.000000000000e-04,3.948928347971e-07
8.800000000000e-03,7.253710746562e-05
4.000000000000e-04,1.835430274606e-06
6.400000000000e-03,5.570886296547e-05
6.400000000000e-03,5.101759269369e-05
4.000000000000e-04,3.080578713093e-07
1.200000000000e-03,3.770995958214e-06
4.800000000000e-03,3.428885372299e-05
4.000000000000e-04,4.115129447624e-06
1.200000000000e-03,4.460666164124e-06
4.000000000000e-04,8.603114728839e-07
1.200000000000e-03,1.158560817664e-05
2.400000000000e-03,5.837266052992e-06
4.000000000000e-04,1.586746827603e-07
2.400000000000e-02,2.411198519872e-04
7.200000000000e-03,4.315146480509e-05
4.000000000000e-04,5.854167273219e-07
4.000000000000e-04,1.511428139739e-07
4.000000000000e-04,9.896970757517e-07
4.000000000000e-04,1.403781561172e-06
4.000000000000e-04,8.936119123914e-07
4.000000000000e-04,1.766965888039e-06
1.200000000000e-03,5.811285963912e-06
4.000000000000e-04,1.438791341991e-06
4.000000000000e-04,9.942508656849e-07
4.000000000000e-04,4.216492607772e-07
8.000000000000e-04,8.745431206654e-07
4.000000000000e-04,1.423501122270e-07
3.360000000000e-02,4.018653112886e-04
4.000000000000e-04,3.577218697334e-07
4.000000000000e-04,6.649506752093e-07
8.000000000000e-04,1.081568193052e-06
4.000000000000e-04,2.760906554078e-07
4.000000000000e-04,2.286638823481e-07
4.000000000000e-04,5.037293486784e-07
4.000000000000e-04,4.402029500419e-07
4.000000000000e-04,1.377893805782e-06
4.000000000000e-04,8.617331156187e-07
4.000000000000e-04,4.050625777567e-06
1.200000000000e-03,4.196418667830e-06
4.000000000000e-04,4.457451601116e-07
1.200000000000e-03,8.561243097184e-06
4.000000000000e-04,6.075764511051e-07
4.000000000000e-04,1.484180112169e-06
8.000000000000e-04,3.946561645194e-06
1.640000000000e-02,1.746114201613e-04
8.000000000000e-04,1.949361822654e-06
3.200000000000e-03,1.448826049835e-05
8.000000000000e-04,3.440348792904e-06
1.200000000000e-03,8.120659341007e-06
8.000000000000e-04,4.711668590045e-07
1.600000000000e-03,6.388536433028e-06
1.000000000000e-02,1.332798615719e-04
4.000000000000e-04,6.482743157150e-07
4.000000000000e-04,4.490538835612e-07
8.000000000000e-04,1.521494671928e-06
4.000000000000e-04,1.429171144595e-06
5.600000000000e-03,4.368329173482e-05
2.000000000000e-03,1.246170365787e-05
4.000000000000e-04,9.080110718722e-07
4.000000000000e-04,3.843218996183e-07
4.000000000000e-04,5.370208162118e-07
8.000000000000e-04,3.831398868069e-06
4.000000000000e-04,1.128503958804e-07
4.000000000000e-04,2.560307641126e-06
1.200000000000e-03,3.700139433919e-06
4.000000000000e-04,1.282652049552e-06
4.000000000000e-04,1.736749749747e-06
8.000000000000e-04,7.401932925057e-06
8.000000000000e-04,1.490352206243e-06
4.000000000000e-04,1.841265889184e-07
4.000000000000e-04,1.163272865522e-06
4.000000000000e-04,3.310776315424e-07
8.000000000000e-04,3.739423217961e-06
4.000000000000e-04,5.850199117007e-07
4.000000000000e-04,5.225278483467e-07
4.000000000000e-04,1.168907563821e-06
4.000000000000e-04,5.920221341466e-07
8.000000000000e-04,3.184168546833e-06
8.000000000000e-04,1.351801955838e-06
4.000000000000e-04,5.931636534391e-08
8.400000000000e-03,6.407873836417e-05
4.000000000000e-04,2.464586471568e-07
4.000000000000e-04,1.734027543564e-06
8.000000000000e-04,5.497850480449e-06
4.000000000000e-04,3.644500642155e-06
4.000000000000e-04,1.132847375061e-06
3.600000000000e-03,2.954105577596e-05
4.000000000000e-04,1.601047755747e-06
4.000000000000e-04,2.009659593364e-06
4.000000000000e-04,3.227394023361e-07
1.200000000000e-03,2.529155666231e-06
4.000000000000e-04,2.473398878342e-07
4.000000000000e-04,2.730033034495e-06
4.000000000000e-04,3.276350210502e-07
4.000000000000e-04,3.238606339204e-08
4.000000000000e-04,9.095933895055e-07
4.000000000000e-04,2.143499089767e-06
4.000000000000e-04,1.643113996903e-06
2.400000000000e-03,7.047043451641e-06
4.000000000000e-04,7.012880804885e-07
4.000000000000e-04,3.593157403443e-07
4.000000000000e-04,3.177345889747e-07
4.000000000000e-04,1.290787304232e-06
8.000000000000e-04,2.360143051005e-07
4.000000000000e-04,2.431063182198e-06
4.000000000000e-04,6.035678125511e-07
4.000000000000e-04,1.038324479573e-06
2.800000000000e-03,2.441769715042e-05
4.000000000000e-04,1.475671740994e-06
8.000000000000e-04,3.825329660706e-06
1.600000000000e-03,7.012468292281e-06
4.000000000000e-04,2.840927314720e-06
4.000000000000e-04,2.353772772122e-06
4.000000000000e-04,2.880055877186e-06
4.000000000000e-04,1.351123464847e-07
4.000000000000e-04,1.590642815372e-07
4.000000000000e-04,1.038958223149e-06
4.000000000000e-04,7.656925395185e-07
4.000000000000e-04,1.839857060704e-07
4.000000000000e-04,2.321058334457e-06
4.000000000000e-04,8.690263880994e-07
8.000000000000e-04,3.826879822393e-06
4.000000000000e-04,2.084012694613e-06
8.000000000000e-04,8.958562337468e-06
8.000000000000e-04,1.538075944529e-06
4.000000000000e-04,2.291760868406e-06
4.000000000000e-04,9.380607616250e-07
1.600000000000e-03,6.240509576665e-06
4.000000000000e-04,1.026186332013e-06
1.768000000000e-01,4.610910722235e-03
4.800000000000e-03,4.676061397698e-05
4.000000000000e-04,2.053052544305e-07
2.836000000000e-01,9.093715654586e-03
4.000000000000e-04,3.695714231612e-06
2.800000000000e-02,3.739639823466e-04
1.080000000000e+00,5.155194493590e-02
1.392000000000e-01,3.268437618977e-03
1.200000000000e-03,4.312849960494e-06
4.000000000000e-03,3.072947752822e-05
4.000000000000e-04,6.870797715111e-07
1.600000000000e-03,1.735948798773e-05
4.000000000000e-04,2.960611265447e-06
4.000000000000e-04,7.172188283501e-07
1.600000000000e-03,1.094147690915e-05
8.000000000000e-04,2.493084899286e-06
4.000000000000e-04,2.578277574204e-06
4.000000000000e-04,1.705872568017e-06
4.000000000000e-04,9.848071534358e-07
4.000000000000e-04,5.448365296789e-07
4.000000000000e-04,1.634732972763e-08
4.000000000000e-04,1.473692650909e-07
6.800000000000e-03,4.892384703381e-05
1.600000000000e-03,1.203300818848e-05
4.000000000000e-04,1.032871428186e-06
4.000000000000e-04,2.651307157476e-07
4.000000000000e-04,5.394023510041e-07
4.000000000000e-04,8.391145515037e-07
4.000000000000e-04,4.342926885569e-07
1.600000000000e-03,1.225776598020e-05
8.000000000000e-04,7.710189615839e-06
4.000000000000e-04,4.057830328210e-07
3.200000000000e-03,4.462720279050e-05
4.000000000000e-04,2.781508202135e-07
4.000000000000e-04,2.976075744928e-06
4.000000000000e-04,1.809001229614e-07
2.000000000000e-03,1.206632366644e-05
4.000000000000e-04,2.533384357234e-06
8.000000000000e-03,6.986472318539e-05
4.000000000000e-04,2.002351678216e-06
3.680000000000e-02,6.073606526976e-04
7.200000000000e-03,5.635500679378e-05
4.000000000000e-04,5.640286354533e-06
1.600000000000e-03,5.979185542651e-06
4.000000000000e-04,2.579690918612e-07
4.000000000000e-04,7.653209408668e-07
8.000000000000e-04,4.102580020497e-06
4.000000000000e-04,7.994544285913e-08
4.000000000000e-04,2.050704456056e-06
4.000000000000e-04,3.515836892313e-07
4.000000000000e-04,3.175685340034e-06
4.000000000000e-04,8.776588774817e-07
4.000000000000e-04,3.164813018747e-06
4.000000000000e-04,9.387645812540e-07
4.000000000000e-04,2.297590628419e-06
4.000000000000e-04,1.190226271517e-06
4.000000000000e-04,3.802262363439e-07
4.000000000000e-04,1.874177550651e-06
4.000000000000e-04,1.114263601312e-06
4.000000000000e-04,3.687766795403e-06
8.000000000000e-04,2.884907452393e-07
1.000000000000e-02,8.249230981568e-05
3.200000000000e-03,3.638593453962e-05
4.000000000000e-04,1.579658763911e-06
4.000000000000e-04,1.397084424354e-06
4.000000000000e-04,1.718576427441e-06
4.000000000000e-04,1.815635206541e-07
4.000000000000e-04,4.744676923945e-06
4.000000000000e-04,1.354600117044e-06
4.000000000000e-04,5.434641673498e-07
4.000000000000e-04,1.615751859934e-07
4.000000000000e-04,6.289177252345e-07
8.000000000000e-04,2.374233225254e-06
5.600000000000e-03,3.577725920598e-05
8.000000000000e-04,2.930066167470e-06
1.600000000000e-03,7.248002038126e-06
8.000000000000e-04,6.004852519056e-06
4.000000000000e-04,4.166798070891e-06
8.000000000000e-04,3.605223832214e-06
9.600000000000e-03,8.910240761976e-05
1.200000000000e-03,6.594619967438e-06
4.000000000000e-04,2.226199117803e-07
8.000000000000e-04,1.435305961919e-06
4.000000000000e-04,1.931395228183e-06
4.000000000000e-04,5.666812767545e-07
4.000000000000e-04,1.786057618918e-06
4.000000000000e-04,6.342544535338e-07
4.000000000000e-04,1.533538577991e-06
4.000000000000e-04,6.643602795457e-07
2.000000000000e-03,8.060453559074e-06
4.000000000000e-04,4.820089388531e-07
4.000000000000e-04,1.087746512949e-06
4.000000000000e-04,6.702987991488e-07
8.000000000000e-04,3.960730521379e-06
4.000000000000e-04,7.092606882347e-07
4.000000000000e-04,1.934745256053e-06
1.320000000000e-02,1.498893405486e-04
1.200000000000e-03,3.322993665921e-06
4.000000000000e-04,1.753111692740e-06
4.000000000000e-04,1.772150495850e-06
8.000000000000e-04,5.015325260726e-06
8.000000000000e-04,3.685627458485e-06
4.000000000000e-04,5.073823305381e-07
1.200000000000e-03,6.264822265580e-06
4.000000000000e-04,3.891811246661e-06
8.000000000000e-04,7.781021434309e-07
2.400000000000e-03,5.334772229226e-06
8.000000000000e-04,5.216701399648e-06
4.000000000000e-04,9.743406001081e-07
4.520000000000e-02,6.791481630603e-04
1.600000000000e-03,1.314410737576e-05
4.000000000000e-04,1.802671434586e-06
1.200000000000e-03,5.932857458231e-06
4.000000000000e-04,2.053353516880e-06
1.360000000000e-02,1.586849716229e-04
4.000000000000e-04,1.424993312526e-06
4.000000000000e-04,4.394185785964e-06
4.000000000000e-04,2.290650011602e-06
4.000000000000e-04,3.349417068562e-07
4.000000000000e-04,2.013492734966e-07
4.000000000000e-04,1.009606797402e-06
4.000000000000e-04,1.090995451325e-06
4.000000000000e-04,1.386511273575e-06
4.000000000000e-04,1.059673661933e-06
4.000000000000e-04,9.433025937646e-08
1.600000000000e-03,8.280239013849e-06
2.400000000000e-03,1.567570431635e-05
4.000000000000e-04,2.801833390119e-07
8.000000000000e-04,7.181376197534e-06
9.200000000000e-03,7.252223639624e-05
4.000000000000e-04,1.290979194929e-07
1.600000000000e-03,1.542382261804e-05
1.200000000000e-03,7.217164773036e-06
4.000000000000e-04,3.460994963178e-07
4.000000000000e-04,9.147433021688e-07
2.800000000000e-03,1.063216805418e-05
4.000000000000e-04,1.026936903854e-06
4.000000000000e-04,9.234183093118e-07
4.000000000000e-04,1.551789247624e-07
2.800000000000e-03,1.768423328601e-05
8.000000000000e-04,2.596565925464e-06
5.200000000000e-03,3.790050516371e-05
4.000000000000e-04,6.907404716237e-08
4.000000000000e-04,1.269096518604e-06
4.000000000000e-04,7.531537413282e-07
6.000000000000e-03,5.985742293732e-05
4.000000000000e-04,1.234317442267e-06
9.200000000000e-03,7.732078588681e-05
1.600000000000e-03,6.593262003116e-06
4.000000000000e-04,1.794242196702e-06
4.000000000000e-04,2.026057796231e-06
4.000000000000e-04,4.866867022865e-07
4.000000000000e-04,1.192975746947e-06
4.000000000000e-04,1.380017975927e-06
4.000000000000e-04,2.918530121371e-06
8.000000000000e-04,5.256895183064e-06
4.000000000000e-04,1.099751832744e-06
8.000000000000e-04,4.854905319187e-06
2.800000000000e-03,1.368128647792e-05
6.000000000000e-03,5.428823718087e-05
1.600000000000e-03,9.928825657372e-06
3.800000000000e-02,7.039755200965e-04
4.000000000000e-04,5.666232488476e-07
4.000000000000e-04,8.069265686174e-07
4.000000000000e-04,1.275482842698e-06
2.000000000000e-03,1.697232168958e-05
4.000000000000e-04,7.044824338705e-07
4.000000000000e-04,1.552531749169e-06
4.000000000000e-04,4.332067568932e-06
4.000000000000e-04,5.169260439592e-07
8.000000000000e-04,2.123878135992e-07
4.000000000000e-04,3.531173572512e-06
1.200000000000e-03,5.867761704235e-06
4.000000000000e-04,3.390248881560e-07
4.000000000000e-04,7.549868159560e-07
8.000000000000e-04,1.391240490239e-06
8.000000000000e-04,1.326495716160e-06
4.000000000000e-04,1.656682244373e-06
4.000000000000e-04,3.058924600827e-08
1.200000000000e-03,3.268681098749e-06
4.000000000000e-04,8.414571051205e-07
4.000000000000e-04,5.975160960148e-07
4.000000000000e-04,1.074669562314e-06
4.000000000000e-04,2.679585762729e-08
4.000000000000e-04,2.686447030036e-06
4.000000000000e-04,9.976469390292e-07
8.000000000000e-04,9.125763290833e-06
4.000000000000e-04,1.261113382642e-06
3.080000000000e-02,5.277597266008e-04
4.000000000000e-04,1.997223543567e-06
8.000000000000e-04,1.288945483026e-06
4.000000000000e-04,1.086169911760e-06
4.000000000000e-04,1.052040769136e-06
5.600000000000e-03,4.551583815577e-05
4.000000000000e-04,2.127997646460e-06
2.000000000000e-03,8.121574939047e-06
4.000000000000e-04,1.441429226838e-06
4.000000000000e-04,7.622920950226e-07
1.600000000000e-03,7.897675299516e-06
4.000000000000e-04,3.160272754219e-07
3.200000000000e-03,2.664127473996e-05
4.000000000000e-04,8.534353118368e-07
4.000000000000e-04,1.598214895923e-06
4.000000000000e-04,1.974446335655e-06
3.200000000000e-03,2.067568836420e-05
4.000000000000e-04,9.740164348070e-07
3.600000000000e-03,1.666320860594e-05
1.200000000000e-03,8.202776722587e-06
4.000000000000e-04,1.070708915066e-06
4.000000000000e-04,7.472518298077e-07
4.000000000000e-04,3.837422443312e-06
4.000000000000e-04,2.149888174719e-06
1.600000000000e-03,2.266186519822e-06
4.000000000000e-04,1.016485449814e-06
4.000000000000e-04,1.393596348297e-06
4.000000000000e-04,3.854358029929e-08
4.000000000000e-04,2.637972530000e-06
4.000000000000e-04,2.957780586514e-06
4.000000000000e-04,8.599846367764e-08
4.000000000000e-04,9.697312745955e-08
4.000000000000e-04,2.127355839481e-07
1.600000000000e-03,1.047049264650e-05
4.000000000000e-04,2.571672965209e-07
4.000000000000e-04,1.059011784235e-06
3.600000000000e-03,3.095307077529e-05
8.000000000000e-04,1.822298750148e-06
4.000000000000e-04,1.824001034904e-06
2.000000000000e-03,4.658113726946e-06
1.200000000000e-03,7.194966231455e-06
4.000000000000e-04,4.291919228667e-07
4.000000000000e-04,6.164732443959e-06
4.000000000000e-04,2.834196151978e-07
4.000000000000e-04,2.744389526507e-07
5.200000000000e-03,2.858885617480e-05
4.000000000000e-04,5.066619079156e-07
4.000000000000e-04,2.202247325313e-06
8.000000000000e-04,5.463280881754e-06
3.200000000000e-03,2.234634618198e-05
4.000000000000e-04,8.731988734265e-07
4.000000000000e-04,6.668147002068e-07
4.000000000000e-04,7.613085508561e-07
4.000000000000e-04,6.919010100737e-07
4.000000000000e-04,9.481669391774e-07
4.000000000000e-04,1.028796431063e-06
4.000000000000e-04,1.977359992196e-06
1.200000000000e-03,2.732859195998e-06
4.000000000000e-04,5.754090444933e-07
1.200000000000e-03,3.519042939959e-06
2.000000000000e-03,9.229301966006e-06
4.000000000000e-04,7.879841042203e-07
1.600000000000e-03,1.122723972945e-05
4.000000000000e-04,3.488171950798e-06
4.000000000000e-04,4.550907739988e-07
1.200000000000e-03,1.890493160931e-06
2.400000000000e-03,7.580237190288e-06
1.600000000000e-03,1.890654832563e-05
4.000000000000e-04,3.625512250542e-07
8.000000000000e-04,3.249186346950e-06
1.200000000000e-03,5.512254812125e-06
4.000000000000e-04,8.137645347254e-07
3.600000000000e-03,3.082650931629e-05
8.000000000000e-04,6.860353935172e-06
4.000000000000e-04,2.439016034733e-06
8.000000000000e-04,5.159833934594e-06
4.000000000000e-04,2.401373804141e-07
2.400000000000e-03,1.360812132323e-05
4.000000000000e-04,5.415504851183e-07
4.000000000000e-04,1.036517690980e-06
8.000000000000e-04,1.486886526096e-06
4.000000000000e-04,1.671889523433e-06
4.000000000000e-04,1.167884538819e-07
4.000000000000e-04,3.138658098475e-06
4.000000000000e-04,3.124318056195e-06
4.000000000000e-04,1.274636558389e-06
4.000000000000e-04,3.901961683039e-07
4.000000000000e-04,2.865969792025e-07
1.440000000000e-02,1.503190672985e-04
4.000000000000e-04,2.050815694997e-06
4.000000000000e-04,2.261702837202e-06
1.200000000000e-03,8.285274657017e-06
2.400000000000e-03,1.565414347467e-05
4.000000000000e-04,2.334925293843e-06
1.000000000000e-02,9.878540263918e-05
4.000000000000e-04,8.220492229559e-07
1.200000000000e-02,9.525252910966e-05
8.000000000000e-04,1.524227916731e-06
4.000000000000e-04,4.225525694833e-06
1.600000000000e-02,1.529073565300e-04
4.000000000000e-04,7.817087841287e-07
4.000000000000e-04,2.161390685306e-06
4.000000000000e-04,7.256528750771e-07
4.000000000000e-04,2.248814980119e-06
1.000000000000e-02,1.036227371433e-04
4.000000000000e-04,2.165925226535e-06
4.000000000000e-04,1.068897990648e-06
4.000000000000e-04,5.404869436151e-07
4.000000000000e-04,8.177077516267e-07
5.200000000000e-03,3.447767348066e-05
4.000000000000e-04,1.064618972690e-06
4.000000000000e-04,1.336447898720e-06
4.000000000000e-04,6.914617452972e-07
1.200000000000e-03,5.587477287424e-06
4.568000000000e-01,1.128077584486e-02
4.000000000000e-04,8.028935806109e-07
2.800000000000e-03,1.883871233196e-05
1.200000000000e-03,9.134823827824e-06
4.000000000000e-04,3.646378740291e-06
4.000000000000e-04,8.475793404906e-07
1.200000000000e-03,7.003676742682e-06
4.000000000000e-04,6.758696772272e-07
4.000000000000e-04,1.359092921197e-07
1.000000000000e-02,1.258922115003e-04
4.000000000000e-04,1.366854995514e-07
3.200000000000e-03,2.411296075372e-05
4.000000000000e-04,1.134411701193e-06
8.000000000000e-04,2.179121721282e-06
8.000000000000e-04,1.069179056636e-05
4.000000000000e-04,2.060853107898e-06
8.000000000000e-04,3.110273443996e-06
4.000000000000e-04,3.651220190134e-06
8.000000000000e-04,5.925867415748e-06
4.000000000000e-04,2.552395097606e-06
4.000000000000e-04,2.164691570003e-07
1.200000000000e-03,4.737033814204e-06
4.000000000000e-04,1.861242766920e-06
4.000000000000e-04,1.290880886310e-06
4.000000000000e-04,3.956759174684e-07
4.000000000000e-04,2.538233310561e-07
4.000000000000e-04,2.591963780769e-07
2.400000000000e-03,7.160670006559e-06
4.000000000000e-04,1.034472096536e-06
4.000000000000e-04,4.692911428222e-06
4.400000000000e-03,4.002382431700e-05
8.000000000000e-04,6.901352356991e-07
1.600000000000e-03,1.463374892340e-05
1.200000000000e-03,4.816189153897e-06
4.000000000000e-04,3.121702543664e-06
4.000000000000e-04,7.766882677439e-07
4.000000000000e-04,1.328659490112e-06
4.000000000000e-04,1.953151424442e-06
1.200000000000e-03,5.289727433700e-06
1.600000000000e-03,4.795109186898e-06
5.040000000000e-02,9.177365121924e-04
4.000000000000e-04,6.587893769947e-07
4.000000000000e-04,1.350517577513e-06
2.000000000000e-03,1.059594563067e-05
4.000000000000e-04,6.243420321094e-07
8.000000000000e-04,2.761282023936e-06
4.000000000000e-04,2.114218469356e-06
4.000000000000e-04,1.606710379900e-06
4.000000000000e-04,1.210928666406e-06
4.000000000000e-04,3.331429700844e-06
4.000000000000e-04,9.628008947628e-07
4.000000000000e-04,1.017453874271e-06
4.000000000000e-04,1.700234315626e-06
4.000000000000e-04,1.021875386459e-06
4.000000000000e-04,2.906805523655e-07
8.000000000000e-04,1.290060889527e-06
4.000000000000e-04,2.090961498702e-06
8.000000000000e-04,3.315382042872e-06
4.000000000000e-04,8.751361323297e-07
4.000000000000e-03,1.984001659127e-05
2.000000000000e-03,6.111565599698e-06
4.000000000000e-04,7.896554754025e-07
4.000000000000e-04,1.014755584186e-07
4.000000000000e-04,4.976245368016e-07
2.400000000000e-03,1.269695280385e-05
4.000000000000e-04,9.139740480305e-07
3.200000000000e-03,1.998678637257e-05
8.000000000000e-04,3.689496503849e-07
3.200000000000e-03,1.941614196288e-05
4.000000000000e-04,3.835451841538e-07
1.200000000000e-03,2.080065809906e-06
4.000000000000e-04,2.932976660261e-06
8.000000000000e-04,8.640755556033e-07
4.000000000000e-04,7.365953639132e-07
4.000000000000e-04,5.471778530309e-07
2.400000000000e-03,1.117812398891e-05
4.000000000000e-04,4.106105479057e-07
1.040000000000e-02,4.782798932501e-05
8.000000000000e-04,3.380551423257e-06
4.000000000000e-04,1.147583935312e-06
4.000000000000e-04,1.862953950996e-06
4.000000000000e-04,2.836959250448e-07
4.000000000000e-04,2.361993539915e-06
4.000000000000e-04,7.493916750813e-07
4.000000000000e-04,1.410557823886e-06
4.000000000000e-04,2.618438312484e-07
4.000000000000e-04,2.065768324244e-07
3.200000000000e-03,2.745598364767e-05
4.000000000000e-04,1.693411052269e-06
4.000000000000e-04,4.009989044462e-07
2.120000000000e-02,2.159748482120e-04
4.000000000000e-04,1.128968429228e-06
1.200000000000e-03,5.190397317673e-06
2.800000000000e-03,1.089703607491e-05
2.000000000000e-03,1.604149170207e-05
4.000000000000e-04,3.481952330936e-06
3.200000000000e-03,2.616430141796e-05
4.000000000000e-04,4.806776958290e-07
8.000000000000e-04,1.000250408718e-06
4.000000000000e-04,1.299512257606e-06
4.000000000000e-04,4.143555812445e-07
1.600000000000e-03,5.084194360389e-06
4.400000000000e-03,3.002382651773e-05
4.000000000000e-04,8.992527728343e-07
3.200000000000e-03,1.873353605738e-05
4.000000000000e-04,1.510831583285e-06
4.000000000000e-04,1.024402192629e-06
2.000000000000e-03,8.755485811100e-06
3.200000000000e-03,2.216454068981e-05
4.000000000000e-04,5.083419041818e-09
4.000000000000e-04,1.056157908161e-06
4.000000000000e-04,1.579632309239e-06
3.600000000000e-03,3.742771414037e-05
4.000000000000e-04,1.588893501513e-06
4.000000000000e-04,2.578895914698e-06
8.000000000000e-04,4.838139659474e-06
4.000000000000e-04,2.847192365884e-06
4.000000000000e-04,2.423819368361e-06
4.000000000000e-04,1.698920101304e-06
1.200000000000e-03,3.023824658412e-06
8.000000000000e-04,4.320131159747e-06
4.000000000000e-04,8.626736703115e-07
2.400000000000e-03,1.137999300857e-05
4.000000000000e-04,1.708494617476e-06
1.600000000000e-03,1.519750271549e-05
4.400000000000e-03,4.312863316247e-05
4.000000000000e-04,5.279882413805e-07
4.000000000000e-04,2.107129644696e-06
4.000000000000e-04,4.152779650298e-07
5.200000000000e-03,5.648819357768e-05
4.000000000000e-04,3.858294699888e-06
8.000000000000e-04,7.324309571453e-06
2.000000000000e-03,1.139416640320e-05
4.000000000000e-04,9.062200679180e-08
4.000000000000e-04,3.268077972984e-06
4.000000000000e-04,2.316074303595e-07
4.000000000000e-04,1.854609356232e-07
1.200000000000e-03,7.285878853121e-06
4.000000000000e-04,2.983255524259e-07
8.000000000000e-04,4.336927943909e-06
4.000000000000e-04,7.341589197471e-07
4.000000000000e-04,1.435128919511e-06
2.800000000000e-03,2.245917973017e-05
4.000000000000e-04,1.511651658852e-06
4.000000000000e-04,2.255875688198e-06
2.400000000000e-03,1.258155224238e-05
1.200000000000e-03,4.906736581904e-06
1.600000000000e-03,7.790395166764e-06
1.200000000000e-03,7.054076549336e-06
4.000000000000e-04,2.948170631392e-07
4.000000000000e-04,2.299511070866e-06
4.000000000000e-04,2.242539219518e-07
4.800000000000e-03,3.895064754426e-05
8.000000000000e-04,2.445209920039e-06
4.000000000000e-04,1.337063294778e-06
8.000000000000e-04,3.401965943077e-06
4.000000000000e-04,1.190824723316e-06
4.000000000000e-04,4.272546503446e-07
3.600000000000e-03,1.917516469147e-05
4.000000000000e-04,1.878689521441e-06
4.000000000000e-04,1.428915001141e-06
4.000000000000e-04,1.998750915845e-06
2.000000000000e-03,1.745129508601e-05
4.000000000000e-04,7.184431277346e-08
4.000000000000e-04,6.668645048622e-07
8.000000000000e-04,3.338104300287e-06
6.800000000000e-02,8.855500896201e-04
4.000000000000e-04,2.325742040079e-07
4.000000000000e-04,1.015771201742e-06
1.200000000000e-03,4.199420367246e-06
4.000000000000e-04,3.148881693195e-06
1.520000000000e-02,1.352652849133e-04
4.000000000000e-04,3.662163005577e-07
8.000000000000e-04,1.913738184886e-06
1.760000000000e-02,2.392907203782e-04
4.000000000000e-04,1.465874089891e-06
1.200000000000e-03,4.219117320546e-06
7.600000000000e-03,3.800030377038e-05
8.000000000000e-04,2.861879489052e-06
8.000000000000e-04,2.432907335979e-06
4.000000000000e-04,2.814862899909e-06
4.000000000000e-04,5.920601853535e-07
1.600000000000e-03,4.650063922844e-06
8.000000000000e-04,2.933174386362e-06
4.400000000000e-03,3.361668861742e-05
1.600000000000e-03,1.543744842019e-05
8.000000000000e-04,4.148179369422e-06
8.000000000000e-03,1.265022578785e-04
4.000000000000e-04,9.777055478668e-07
5.600000000000e-03,3.970530793989e-05
3.600000000000e-03,1.777247827404e-05
4.000000000000e-04,1.600668207783e-07
3.600000000000e-03,2.885168404639e-05
4.000000000000e-04,1.056167569002e-06
4.000000000000e-04,2.309504533040e-06
4.000000000000e-04,1.259802470191e-06
4.000000000000e-04,1.288350382405e-06
4.000000000000e-03,2.671347587688e-05
4.000000000000e-04,4.645977858539e-06
4.000000000000e-04,2.574730886578e-07
4.000000000000e-04,2.731194262944e-06
4.000000000000e-04,8.813545791724e-08
4.000000000000e-04,7.674027129053e-08
4.000000000000e-04,8.298809755225e-10
4.000000000000e-04,3.528847793501e-06
2.000000000000e-03,1.064940975329e-05
2.400000000000e-03,1.282905385269e-05
4.000000000000e-04,6.171553800597e-07
1.200000000000e-03,4.182228635611e-06
4.000000000000e-04,2.867614190441e-06
4.000000000000e-04,1.237607337967e-06
4.000000000000e-04,2.005137931605e-06
8.000000000000e-04,4.831877760734e-06
4.000000000000e-04,2.475009267050e-06
2.200000000000e-02,2.344239896190e-04
4.000000000000e-04,1.828625914427e-07
4.000000000000e-04,2.635510310233e-06
4.000000000000e-04,3.198524180039e-07
4.000000000000e-04,1.785096965467e-06
4.000000000000e-04,1.055371005536e-06
4.000000000000e-04,1.196491142655e-06
4.000000000000e-04,3.120591605381e-06
4.000000000000e-04,3.405420325506e-07
4.000000000000e-04,2.690552716110e-07
8.000000000000e-04,5.329385862304e-06
1.600000000000e-03,1.277742924608e-05
4.000000000000e-04,1.556197780497e-06
3.200000000000e-03,2.839418419033e-05
1.600000000000e-03,1.941126541679e-05
1.200000000000e-03,2.141303102968e-06
4.000000000000e-04,1.801824559686e-06
4.000000000000e-04,1.887618350887e-06
2.400000000000e-03,1.298620875176e-05
8.000000000000e-04,8.430165021387e-07
8.000000000000e-04,3.703330367268e-06
4.000000000000e-04,4.238170271890e-07
5.600000000000e-03,4.291456521039e-05
4.000000000000e-04,2.335762897212e-06
2.800000000000e-03,1.383487755041e-05
4.000000000000e-04,2.265571767641e-06
4.000000000000e-04,2.528813966127e-06
4.000000000000e-04,5.066877178465e-07
2.400000000000e-03,1.522447969798e-05
4.000000000000e-04,8.409089361356e-07
4.000000000000e-04,8.161324854471e-07
4.680000000000e-02,7.209461866201e-04
2.400000000000e-03,1.053429122985e-05
8.000000000000e-04,1.335358967172e-06
4.000000000000e-04,2.884635792168e-07
4.000000000000e-04,7.416279161020e-07
8.000000000000e-04,2.376058063255e-06
4.000000000000e-04,1.039897160602e-06
4.000000000000e-04,2.167918878709e-06
8.000000000000e-04,2.951397938550e-06
4.800000000000e-03,6.372451400336e-05
4.000000000000e-04,5.975695977498e-06
1.600000000000e-03,7.165726728401e-06
4.000000000000e-04,1.812649824620e-07
3.200000000000e-03,2.144620172546e-05
8.000000000000e-04,1.231495728965e-06
8.000000000000e-03,5.119985302727e-05
4.000000000000e-04,3.714149658960e-07
2.000000000000e-03,1.386700092432e-05
4.000000000000e-04,6.836890830792e-07
8.000000000000e-04,1.295610860611e-06
4.000000000000e-04,1.742744881255e-06
4.000000000000e-04,2.552093890638e-06
1.200000000000e-03,4.093729953513e-06
4.000000000000e-04,1.217441621818e-06
3.600000000000e-03,1.828352554717e-05
4.000000000000e-04,4.761671286691e-06
3.200000000000e-03,1.456690230559e-05
4.000000000000e-04,4.945683479319e-07
4.000000000000e-04,1.869836121000e-06
8.000000000000e-04,2.116087522361e-06
8.000000000000e-04,3.504689922368e-06
1.600000000000e-03,1.748948627762e-05
8.000000000000e-04,5.008262419022e-06
4.000000000000e-04,1.169087145720e-06
4.000000000000e-04,2.989845372713e-06
4.000000000000e-04,8.538346989469e-07
4.000000000000e-04,3.449201063519e-07
4.000000000000e-04,7.956738971805e-08
2.800000000000e-03,1.353426389761e-05
4.000000000000e-04,3.030365480468e-07
8.000000000000e-04,5.753641753795e-06
4.000000000000e-04,2.507314950303e-06
4.000000000000e-04,1.429693352649e-06
4.000000000000e-04,1.396469508112e-07
1.160000000000e-02,9.990359497028e-05
4.000000000000e-04,3.363141679877e-07
8.000000000000e-04,4.150784040009e-06
4.000000000000e-04,1.897947095428e-06
4.000000000000e-04,9.340570707532e-07
8.000000000000e-04,3.703846651030e-06
1.200000000000e-03,7.565021015552e-06
1.200000000000e-03,9.834133153064e-06
4.000000000000e-04,2.478207252847e-07
4.000000000000e-04,6.114375065527e-07
4.000000000000e-04,2.680006237289e-06
4.000000000000e-04,6.961485483238e-07
4.000000000000e-04,9.481813652121e-07
4.000000000000e-04,3.813509405532e-07
4.000000000000e-04,9.805112198237e-07
4.000000000000e-04,9.317075774160e-07
4.000000000000e-04,3.988120529771e-07
4.000000000000e-04,2.728616449919e-07
4.000000000000e-04,1.838103252576e-07
4.000000000000e-04,2.862976674103e-07
8.000000000000e-04,1.098117617708e-05
4.000000000000e-04,7.194748125257e-07
4.000000000000e-04,2.462832992391e-07
4.000000000000e-04,3.440610946386e-07
4.000000000000e-04,5.533196179744e-08
8.000000000000e-04,6.879432572756e-06
7.600000000000e-03,7.341637599069e-05
8.000000000000e-04,4.178103211038e-06
4.000000000000e-04,6.536379945747e-07
4.000000000000e-04,7.121928149495e-07
4.000000000000e-04,1.687952550133e-06
1.200000000000e-03,1.753464244013e-06
2.000000000000e-03,7.453835553554e-06
4.000000000000e-04,1.668377388420e-06
8.000000000000e-04,4.652993152151e-06
3.200000000000e-03,2.512515019378e-05
1.200000000000e-03,4.218222884220e-06
1.200000000000e-03,3.326011621079e-06
4.000000000000e-04,9.119248527843e-07
2.000000000000e-03,1.519134846810e-05
4.000000000000e-04,9.981739173127e-07
4.000000000000e-04,4.082387217514e-07
4.000000000000e-04,7.902848187239e-07
1.600000000000e-03,8.665289253459e-06
3.200000000000e-03,2.371119995217e-05
4.000000000000e-04,4.305611900704e-07
6.400000000000e-03,8.663451880881e-05
4.000000000000e-04,5.723407665399e-07
4.000000000000e-04,1.016780428168e-06
4.000000000000e-04,8.333675870977e-07
8.000000000000e-04,5.913234905356e-07
8.000000000000e-04,2.414418614730e-06
3.600000000000e-03,2.417897709853e-05
1.760000000000e-02,2.319935250226e-04
4.000000000000e-04,2.749000753953e-06
4.000000000000e-04,1.710363276306e-06
8.000000000000e-04,1.922351233920e-06
4.000000000000e-04,8.272464720945e-07
4.000000000000e-04,2.702513458891e-06
4.000000000000e-04,2.253000745023e-07
4.000000000000e-04,5.439798106549e-07
2.400000000000e-03,1.452804520891e-05
1.200000000000e-03,3.650773619736e-06
8.000000000000e-04,4.521062652049e-06
4.000000000000e-04,6.724198919547e-07
4.000000000000e-04,1.218450976778e-06
4.000000000000e-04,1.509994588741e-06
2.400000000000e-03,1.789854252931e-05
2.000000000000e-03,9.325960872027e-06
4.400000000000e-03,2.639775624583e-05
4.000000000000e-04,1.431299792861e-06
4.000000000000e-04,1.565279433151e-06
2.400000000000e-03,9.671547231532e-06
4.000000000000e-04,3.521139731346e-06
4.000000000000e-04,1.225500475000e-07
4.000000000000e-04,1.459103439364e-06
3.200000000000e-03,1.435592762679e-05
8.000000000000e-04,1.379776197531e-07
4.000000000000e-04,4.607645647869e-06
4.000000000000e-04,1.123270355704e-06
3.200000000000e-03,1.417544912016e-05
8.000000000000e-04,5.125784129490e-06
4.000000000000e-04,4.186806239537e-07
4.000000000000e-04,1.420785025827e-06
4.000000000000e-04,1.722131103337e-06
5.200000000000e-03,5.432347469231e-05
4.000000000000e-04,7.034166688806e-07
4.000000000000e-04,4.722046592562e-07
4.000000000000e-04,2.198221418865e-07
4.000000000000e-04,1.150248647881e-06
4.800000000000e-03,3.537830985101e-05
7.200000000000e-03,6.065472046761e-05
8.000000000000e-04,1.699169072793e-06
1.600000000000e-03,9.901667750070e-06
4.000000000000e-04,5.189990917534e-07
4.000000000000e-04,5.129717132492e-07
8.000000000000e-04,7.666415664991e-06
8.000000000000e-04,7.421098288105e-06
4.000000000000e-04,4.254403742664e-06
4.000000000000e-04,1.838526070809e-06
4.000000000000e-04,4.358197424161e-08
4.000000000000e-04,1.798944484537e-07
1.200000000000e-03,3.788958440324e-06
1.240000000000e-02,1.447396863195e-04
4.000000000000e-04,1.088284771535e-07
4.000000000000e-04,9.309712264126e-07
1.200000000000e-03,3.010385765518e-06
4.000000000000e-04,1.840111694417e-06
2.400000000000e-03,1.801983036000e-05
1.600000000000e-03,3.307317923335e-06
4.000000000000e-04,1.261295192088e-07
4.000000000000e-04,2.853601192473e-06
8.000000000000e-04,1.106259986969e-06
1.200000000000e-03,9.140805653883e-06
1.200000000000e-03,1.069334202264e-05
4.000000000000e-04,2.907979300689e-07
3.200000000000e-03,2.373881926076e-05
4.000000000000e-04,3.462666539669e-06
4.000000000000e-04,1.113457946084e-06
2.800000000000e-03,2.002333116590e-05
4.000000000000e-04,4.006548978777e-07
4.000000000000e-04,1.495837645153e-06
4.000000000000e-04,1.155264981749e-06
4.000000000000e-04,3.860440948372e-06
1.720000000000e-02,1.832088832996e-04
4.000000000000e-03,2.815303925154e-05
4.000000000000e-04,3.031409929586e-07
1.600000000000e-03,9.881278283002e-06
8.000000000000e-04,3.235188464077e-06
8.000000000000e-04,1.205252177319e-06
4.000000000000e-04,6.283778496341e-08
2.000000000000e-03,9.835170298167e-06
8.000000000000e-04,2.111021360466e-06
4.000000000000e-04,2.661955384119e-06
5.200000000000e-03,5.804932399344e-05
4.000000000000e-04,4.916543760190e-07
4.000000000000e-04,2.708065397687e-06
8.000000000000e-04,4.193187251453e-06
1.600000000000e-03,4.765361927843e-06
1.080000000000e-02,7.432627509992e-05
4.000000000000e-04,2.554660722648e-06
4.000000000000e-04,3.856853509483e-07
1.200000000000e-03,4.049074716459e-06
6.000000000000e-03,3.705332526541e-05
4.000000000000e-04,6.201764932950e-07
4.000000000000e-04,5.141770155468e-07
8.000000000000e-04,2.990257026429e-06
4.000000000000e-04,7.064632381640e-07
4.000000000000e-03,2.441671587316e-05
4.000000000000e-04,2.911212212676e-07
4.000000000000e-04,1.757301932265e-06
4.000000000000e-04,4.255770481943e-06
4.000000000000e-04,4.852514409555e-07
8.000000000000e-04,2.665065818264e-06
4.000000000000e-04,2.343576295915e-06
4.000000000000e-04,1.777136297386e-08
6.000000000000e-03,7.024500280025e-05
4.000000000000e-04,3.659843329614e-06
4.000000000000e-04,2.800377235266e-06
4.000000000000e-04,8.695328933303e-07
4.000000000000e-04,6.308072578941e-07
8.000000000000e-04,2.570957559573e-06
2.000000000000e-03,1.146902004510e-05
6.000000000000e-03,5.970180390820e-05
6.400000000000e-03,5.716409711483e-05
1.200000000000e-03,7.540264275277e-06
4.000000000000e-04,4.623634931647e-07
4.000000000000e-04,3.566722113444e-06
4.000000000000e-04,4.951365644702e-07
8.000000000000e-04,3.726770814177e-07
4.000000000000e-04,1.036706549742e-06
4.000000000000e-04,3.109500046593e-06
4.000000000000e-04,4.930099709078e-06
2.400000000000e-03,9.442889860696e-06
8.000000000000e-04,2.418759706857e-06
4.000000000000e-03,2.845719390527e-05
6.800000000000e-03,4.664005574838e-05
8.400000000000e-03,3.842818507380e-05
4.000000000000e-04,1.778006431537e-06
4.400000000000e-03,2.520735658443e-05
4.000000000000e-04,1.878761272258e-06
4.000000000000e-04,6.939691328009e-07
6.000000000000e-03,6.305516231044e-05
4.000000000000e-04,4.661288957162e-07
4.000000000000e-04,7.825237750307e-07
4.000000000000e-04,3.704628643635e-06
4.000000000000e-04,2.020798358842e-07
8.000000000000e-04,1.917319486836e-06
8.000000000000e-04,5.455027607450e-06
4.000000000000e-04,2.707739036718e-08
4.000000000000e-04,6.330889503083e-07
4.000000000000e-04,1.380386066523e-06
4.000000000000e-04,1.045922224632e-06
2.000000000000e-03,7.790577203155e-06
4.000000000000e-04,7.599101772598e-07
6.400000000000e-03,4.650605244454e-05
2.400000000000e-03,5.527673730062e-06
4.000000000000e-04,9.971454467662e-08
4.000000000000e-04,2.899036098036e-07
4.000000000000e-04,1.170529574921e-06
4.000000000000e-04,1.535143791038e-07
4.000000000000e-04,1.459744758056e-06
4.000000000000e-04,1.013107096718e-06
2.800000000000e-03,1.569722071065e-05
2.000000000000e-03,1.751583946089e-05
4.000000000000e-04,1.506439138855e-06
4.000000000000e-04,4.778248602034e-07
4.000000000000e-04,2.688562762912e-07
1.200000000000e-03,2.662803663125e-06
3.200000000000e-03,1.344945432515e-05
4.000000000000e-04,3.178214793322e-06
4.000000000000e-04,5.297042480749e-07
2.280000000000e-02,2.285666340701e-04
4.000000000000e-04,1.259714975193e-07
4.000000000000e-04,7.718163959663e-07
8.000000000000e-04,3.636729533422e-06
5.600000000000e-03,3.473651955947e-05
1.600000000000e-03,8.180659810956e-06
8.000000000000e-04,4.519362979062e-06
8.000000000000e-04,7.742608885654e-07
4.000000000000e-04,3.747041109407e-07
4.000000000000e-04,1.619824912413e-06
4.000000000000e-04,3.666821727337e-06
4.000000000000e-04,7.918850665063e-08
4.000000000000e-04,3.851995072839e-06
8.000000000000e-04,1.131387408631e-06
4.000000000000e-04,7.390158768875e-07
1.200000000000e-03,3.583289891758e-06
4.000000000000e-04,3.901534134738e-06
4.000000000000e-04,1.243723895279e-07
4.000000000000e-04,1.983181631067e-06
4.000000000000e-04,1.457243134479e-06
4.000000000000e-04,4.781804320241e-07
4.000000000000e-04,5.069770133378e-08
4.000000000000e-04,1.406419544204e-06
8.000000000000e-04,1.117877721635e-06
1.720000000000e-02,2.321227454123e-04
4.000000000000e-04,3.733297015957e-06
8.000000000000e-04,2.761088074598e-06
4.000000000000e-04,7.790538005682e-07
4.000000000000e-04,4.907036175834e-07
4.000000000000e-04,6.252618629316e-07
4.000000000000e-04,1.374964579298e-06
4.000000000000e-04,2.121613987791e-07
2.800000000000e-03,1.896805887452e-05
8.000000000000e-04,3.585368793449e-06
4.000000000000e-04,3.153397580490e-06
1.200000000000e-03,8.064447260987e-06
4.000000000000e-04,8.541731311559e-08
1.200000000000e-03,6.869545470701e-06
4.000000000000e-04,7.224819635747e-07
8.332000000000e-01,2.462362814365e-02
8.000000000000e-04,2.970503312424e-06
4.000000000000e-04,1.013459495458e-06
4.000000000000e-04,3.110541925518e-07
4.000000000000e-04,8.439302610286e-09
4.000000000000e-04,1.435337142720e-06
4.000000000000e-04,2.254290724769e-07
4.000000000000e-04,2.010744708737e-06
8.800000000000e-03,1.229252849460e-04
4.000000000000e-04,6.450529067635e-07
4.000000000000e-04,1.152701068050e-06
1.600000000000e-03,7.786048057872e-06
2.000000000000e-03,1.277765890270e-05
8.000000000000e-04,4.876953432187e-06
4.000000000000e-04,1.461332570501e-06
8.000000000000e-04,3.211555558323e-06
4.000000000000e-04,2.787861089122e-07
4.000000000000e-04,1.545290707292e-08
1.600000000000e-03,8.467069010884e-06
4.000000000000e-04,8.298594673899e-08
4.000000000000e-04,6.625900535655e-07
1.200000000000e-03,4.650493147450e-06
4.000000000000e-04,2.657236182730e-06
2.000000000000e-03,1.722776223626e-05
1.200000000000e-03,2.955010910336e-06
4.000000000000e-04,2.059404702859e-06
4.000000000000e-04,1.215256407455e-08
4.000000000000e-04,6.747020243661e-07
4.000000000000e-04,1.906645827569e-07
4.000000000000e-04,2.928920519918e-06
4.000000000000e-04,4.539896382170e-08
4.000000000000e-04,8.113615797056e-07
2.400000000000e-03,2.644255549445e-05
8.000000000000e-04,2.371231578379e-06
1.200000000000e-03,7.562638400773e-06
1.200000000000e-03,3.538173111141e-06
4.000000000000e-04,6.370011322838e-07
4.000000000000e-04,1.303371700511e-06
4.000000000000e-04,9.504763373017e-07
4.000000000000e-04,1.562649962109e-06
4.000000000000e-04,1.569848076476e-06
3.200000000000e-03,1.845680003609e-05
4.000000000000e-04,3.374542933384e-07
4.000000000000e-04,2.613876942356e-06
4.000000000000e-04,2.674769063257e-06
1.600000000000e-03,8.362026478304e-06
8.000000000000e-04,4.642204180037e-06
1.200000000000e-03,2.254311108427e-06
4.000000000000e-04,2.784680623142e-06
1.600000000000e-03,1.676664356569e-05
2.400000000000e-03,1.902442512341e-05
4.000000000000e-04,1.315626738709e-06
2.120000000000e-02,1.976804021706e-04
1.600000000000e-02,1.829030082998e-04
8.000000000000e-04,1.478031550037e-06
4.000000000000e-04,1.465563267439e-06
1.600000000000e-03,8.565807048833e-06
4.000000000000e-04,3.037278166927e-06
4.000000000000e-04,9.706300548307e-07
4.000000000000e-04,9.001665159977e-07
4.000000000000e-04,8.893132285621e-07
4.000000000000e-04,3.451192012114e-07
4.000000000000e-04,7.966487824332e-07
4.000000000000e-04,1.779918381492e-06
1.200000000000e-03,1.303650181749e-05
4.000000000000e-04,3.477887279521e-06
4.000000000000e-04,1.203275993320e-07
4.000000000000e-04,4.994289904766e-08
4.000000000000e-04,6.049310171815e-07
4.000000000000e-04,1.192387729729e-07
4.000000000000e-04,1.394002720633e-06
4.000000000000e-04,2.813209516298e-06
4.000000000000e-04,3.714539911146e-06
5.200000000000e-03,2.892597468483e-05
4.000000000000e-04,1.812140896716e-06
8.000000000000e-04,5.192247356068e-06
4.000000000000e-04,2.789661795459e-06
8.000000000000e-04,2.028141846456e-06
8.000000000000e-04,1.397772558437e-06
4.000000000000e-04,4.003975105106e-08
4.800000000000e-03,5.177947154117e-05
4.000000000000e-04,5.332562979084e-07
8.000000000000e-04,1.396866954048e-06
4.000000000000e-04,5.234871227440e-07
4.000000000000e-04,1.536820659218e-06
2.000000000000e-03,1.023770553684e-05
4.000000000000e-04,1.288721843151e-06
4.000000000000e-04,9.953162071442e-07
4.000000000000e-04,1.859987247654e-07
1.440000000000e-02,2.110120353426e-04
8.000000000000e-04,1.872896574776e-06
4.000000000000e-04,2.283887079959e-06
4.000000000000e-04,2.602695190482e-06
4.000000000000e-04,3.336849204276e-07
1.200000000000e-03,3.766232781196e-06
4.000000000000e-04,5.185380844195e-07
4.000000000000e-04,5.861660358663e-07
4.000000000000e-04,9.502331175646e-08
8.000000000000e-04,1.568759705548e-07
2.400000000000e-03,1.809382514425e-05
1.600000000000e-03,7.014651700606e-06
8.000000000000e-04,6.616154890308e-06
8.000000000000e-04,2.137259393251e-06
8.000000000000e-04,4.705278160004e-06
8.000000000000e-04,2.494613093106e-06
4.000000000000e-04,2.179375982126e-06
4.000000000000e-04,1.083400563691e-06
4.000000000000e-04,7.121714260294e-07
4.000000000000e-04,8.230350612365e-07
8.000000000000e-04,1.057442044512e-06
4.000000000000e-04,8.027019390191e-07
4.000000000000e-04,1.719792954748e-07
4.000000000000e-04,2.207313036521e-07
1.600000000000e-03,7.203500368455e-06
1.600000000000e-03,6.548682191648e-06
4.000000000000e-04,3.612198055644e-06
2.000000000000e-03,2.194565943361e-05
8.000000000000e-04,3.970232060329e-07
3.200000000000e-03,3.325119822365e-05
4.000000000000e-04,1.397118415641e-06
4.000000000000e-04,3.856686876360e-07
4.000000000000e-04,5.323719513725e-07
8.000000000000e-04,9.285779516332e-06
8.000000000000e-04,3.330098171416e-06
4.000000000000e-04,8.680050671917e-07
3.960000000000e-02,4.921017856457e-04
4.000000000000e-04,1.809010825924e-06
4.000000000000e-04,2.205573769164e-08
4.000000000000e-04,1.015995823070e-06
4.000000000000e-04,1.194397521484e-06
4.000000000000e-04,1.780847447418e-06
4.000000000000e-04,1.117264259060e-06
4.000000000000e-04,1.333131977438e-06
4.000000000000e-04,2.146568291801e-07
9.200000000000e-03,8.030779618938e-05
2.400000000000e-03,1.450542213979e-05
4.000000000000e-04,1.433080418763e-06
4.000000000000e-04,1.535539750244e-06
4.000000000000e-04,7.494185326632e-07
4.000000000000e-04,2.208694457900e-07
4.000000000000e-04,7.826887280179e-07
8.000000000000e-04,3.069403906538e-06
4.000000000000e-04,2.704454173704e-06
4.000000000000e-04,2.439182131019e-06
4.000000000000e-04,1.240890442971e-06
1.120000000000e-02,1.067549992205e-04
4.876000000000e-01,1.713246792440e-02
8.000000000000e-04,5.654030698744e-06
4.000000000000e-04,1.888837735993e-07
2.000000000000e-03,9.110909140300e-06
4.000000000000e-04,2.045212309063e-07
4.000000000000e-04,2.723173493853e-07
1.200000000000e-03,3.761541713627e-06
8.000000000000e-04,5.729448640122e-06
4.000000000000e-04,1.430154812468e-07
4.000000000000e-04,5.924929680950e-07
4.000000000000e-04,2.162248826196e-06
4.000000000000e-04,5.593278996519e-06
4.000000000000e-04,7.891244188056e-07
4.000000000000e-04,2.882975276543e-07
2.400000000000e-03,2.079469827484e-05
4.000000000000e-04,4.428467161184e-07
4.000000000000e-04,4.742142631662e-07
8.000000000000e-04,2.297846335905e-06
4.000000000000e-04,8.147463130986e-07
4.000000000000e-04,3.644341491376e-06
4.000000000000e-04,9.744938827040e-07
4.000000000000e-04,1.269778217626e-06
4.000000000000e-04,2.435339554144e-06
4.000000000000e-04,5.545567604329e-08
2.400000000000e-03,2.821144700734e-05
4.000000000000e-04,5.783573391081e-07
1.600000000000e-03,1.192047350280e-05
1.200000000000e-03,2.932352873887e-06
4.000000000000e-04,1.882977292656e-06
4.000000000000e-04,1.821784058046e-06
4.000000000000e-04,4.397924772972e-06
8.000000000000e-04,2.110793494074e-06
1.600000000000e-03,1.291971642957e-05
4.000000000000e-04,3.493189443282e-08
4.000000000000e-04,3.112675097566e-06
4.000000000000e-04,1.051713920591e-06
1.184000000000e-01,2.403615023784e-03
4.000000000000e-04,3.003314558081e-07
4.000000000000e-04,8.043558704365e-07
4.000000000000e-04,3.719216070200e-06
4.000000000000e-04,2.455541060085e-06
4.000000000000e-04,3.178722940972e-06
8.000000000000e-04,1.021373600884e-06
4.000000000000e-04,2.444660819041e-06
2.000000000000e-03,3.812986192799e-06
1.200000000000e-03,4.251324596883e-06
4.000000000000e-04,9.357980908961e-07
4.000000000000e-04,1.213821608257e-06
4.000000000000e-04,2.747676494765e-06
4.000000000000e-04,1.480919412333e-06
2.800000000000e-03,1.238697227533e-05
4.000000000000e-04,3.587522312944e-08
4.000000000000e-04,1.423291507298e-06
8.000000000000e-04,3.485954967266e-06
4.000000000000e-04,4.636949163388e-07
4.000000000000e-04,1.700373799069e-06
4.000000000000e-04,2.300819732019e-07
4.000000000000e-04,3.358427207348e-06
8.000000000000e-04,3.239294060952e-06
4.000000000000e-04,5.226471592308e-07
4.000000000000e-04,2.102896860485e-07
4.000000000000e-04,8.481585617588e-08
4.000000000000e-04,9.545820620313e-07
5.200000000000e-03,3.351943107073e-05
4.000000000000e-04,1.615867846639e-06
4.000000000000e-03,3.157491761395e-05
4.000000000000e-04,4.545741626206e-08
4.000000000000e-03,2.294150435303e-05
4.000000000000e-04,6.165228334226e-07
4.000000000000e-04,1.244324093755e-06
2.400000000000e-03,1.745629918970e-05
4.000000000000e-04,1.569250745552e-06
2.000000000000e-03,8.617712415489e-06
4.000000000000e-04,3.452699036450e-07
1.200000000000e-03,7.339102924117e-06
8.000000000000e-04,6.911582554050e-06
4.000000000000e-04,1.724414905467e-07
4.000000000000e-04,3.349084597781e-06
4.000000000000e-04,1.731246962100e-07
4.000000000000e-04,5.992705476600e-07
4.000000000000e-04,1.763797797672e-07
4.000000000000e-04,2.916080059563e-07
2.800000000000e-03,1.855877594638e-05
8.000000000000e-04,1.022435880228e-06
4.000000000000e-04,1.315560936974e-06
8.000000000000e-04,2.925674307778e-06
4.000000000000e-04,1.526349310843e-07
4.000000000000e-04,7.224956972442e-07
4.000000000000e-04,2.541902705914e-06
1.040000000000e-02,9.347054470349e-05
4.000000000000e-04,1.160858022806e-06
8.720000000000e-02,1.480030137854e-03
4.000000000000e-04,1.003692041174e-06
4.000000000000e-04,2.394669787162e-06
2.400000000000e-03,2.122674419223e-05
2.000000000000e-03,7.482471807192e-06
4.000000000000e-03,2.931549548809e-05
4.000000000000e-04,2.825206183756e-06
4.000000000000e-04,7.617501738758e-07
8.000000000000e-04,3.885877444813e-06
4.000000000000e-04,5.221012716584e-07
4.000000000000e-04,2.298991507360e-06
4.000000000000e-04,2.233540446718e-06
1.600000000000e-03,3.802274834835e-06
4.000000000000e-04,4.120541103161e-06
4.000000000000e-04,1.565551979251e-06
4.000000000000e-04,2.119238640589e-07
1.200000000000e-03,2.033530751221e-06
4.000000000000e-04,8.010204418301e-07
1.200000000000e-03,6.962437447828e-06
1.200000000000e-03,9.907357186129e-06
4.000000000000e-04,9.413763111434e-07
4.000000000000e-04,1.228830690769e-06
4.000000000000e-04,8.966667907074e-07
4.000000000000e-04,4.991646683603e-07
8.000000000000e-04,3.077512992377e-06
2.000000000000e-03,1.411551298944e-05
8.000000000000e-04,4.490201923621e-06
4.000000000000e-04,5.798325649987e-06
4.000000000000e-04,2.346651304309e-06
8.000000000000e-04,9.191735323963e-07
4.000000000000e-04,8.776188792648e-07
4.000000000000e-04,1.589484144361e-06
4.000000000000e-04,3.958792590573e-07
4.000000000000e-04,2.163836552882e-06
4.000000000000e-04,4.209742479843e-06
1.040000000000e-02,1.127306407221e-04
4.000000000000e-04,9.243093170887e-07
4.000000000000e-04,1.371149091139e-06
8.000000000000e-04,5.519914058836e-06
4.000000000000e-04,3.178270819432e-07
4.000000000000e-04,5.402539097596e-07
4.000000000000e-04,1.110855213651e-08
4.000000000000e-04,1.231460894929e-06
1.200000000000e-03,1.846892408751e-06
4.000000000000e-04,3.000236495869e-08
4.000000000000e-04,2.053933393018e-06
4.000000000000e-04,6.998055199880e-07
1.600000000000e-03,1.248293452184e-05
4.000000000000e-04,2.904901126557e-06
1.600000000000e-03,3.366196125520e-06
4.000000000000e-04,1.182174642879e-07
4.000000000000e-04,7.427685967706e-07
4.000000000000e-04,3.690175724272e-07
8.000000000000e-04,5.780947996358e-06
1.200000000000e-03,5.328745841161e-06
2.400000000000e-03,2.238934192993e-05
4.000000000000e-04,1.560742538139e-06
3.200000000000e-03,1.382238060871e-05
8.000000000000e-04,4.162073331303e-06
3.200000000000e-03,1.571698816346e-05
4.000000000000e-04,5.260609664634e-06
4.000000000000e-04,2.933450008273e-06
4.000000000000e-04,2.853551002968e-06
1.200000000000e-03,4.170290893160e-06
2.000000000000e-03,1.470277803894e-05
4.000000000000e-04,1.452110579260e-07
2.000000000000e-03,1.407651167925e-05
2.000000000000e-03,2.293277713955e-05
4.000000000000e-04,3.656270158284e-06
2.000000000000e-03,1.387920481921e-05
4.000000000000e-04,3.741085684489e-07
8.000000000000e-04,1.965040087447e-06
4.000000000000e-04,1.497631135627e-07
1.600000000000e-03,8.539790938826e-06
1.200000000000e-03,3.184419541419e-06
8.000000000000e-04,1.496515184425e-06
4.000000000000e-04,2.025666116342e-07
4.000000000000e-04,2.935855077320e-07
4.000000000000e-04,1.980943848456e-06
4.000000000000e-04,2.552138788207e-06
4.000000000000e-04,1.987166314722e-06
3.200000000000e-03,3.554525300990e-05
4.000000000000e-04,8.570612309145e-07
3.520000000000e-02,4.445244290071e-04
1.200000000000e-03,5.850071279958e-06
9.200000000000e-03,8.233128891186e-05
4.000000000000e-04,4.276931572432e-06
4.000000000000e-04,2.038793842736e-06
3.600000000000e-03,3.538949407201e-05
4.000000000000e-04,2.485652519143e-06
4.000000000000e-04,6.235180578808e-07
8.000000000000e-04,1.755882312183e-06
4.000000000000e-04,1.347807301451e-06
4.000000000000e-04,6.125099364058e-07
4.000000000000e-04,1.312429849008e-06
4.000000000000e-04,9.611058173339e-07
4.000000000000e-04,2.850968782716e-07
4.000000000000e-04,8.020257027735e-07
4.000000000000e-04,1.620967585502e-06
4.000000000000e-04,1.894672336728e-06
8.000000000000e-04,7.972599777314e-06
2.000000000000e-03,8.430638026050e-06
4.000000000000e-04,1.145799719516e-06
8.000000000000e-04,2.394317528437e-06
1.960000000000e-02,2.207660333738e-04
8.000000000000e-04,4.420110411686e-06
4.000000000000e-04,5.206009772637e-08
4.000000000000e-04,5.179012635599e-07
8.000000000000e-04,1.407137636528e-06
8.000000000000e-04,2.135440619371e-06
1.200000000000e-03,6.853686156037e-06
4.000000000000e-04,2.150144281519e-07
8.000000000000e-04,3.139713832677e-06
4.000000000000e-04,1.467234104873e-06
4.000000000000e-04,3.522564885813e-07
4.000000000000e-04,1.667092024954e-06
4.000000000000e-04,4.740068856788e-07
8.000000000000e-04,4.913247817052e-06
9.200000000000e-03,8.688490161997e-05
4.000000000000e-04,1.384049419702e-06
8.000000000000e-04,2.688568615717e-06
2.640000000000e-02,3.596999091454e-04
1.280000000000e-02,9.735423953263e-05
4.000000000000e-04,5.936990179969e-07
4.000000000000e-04,1.959396339735e-06
4.000000000000e-04,1.429682763713e-07
4.000000000000e-04,1.369029802939e-06
4.000000000000e-04,1.482684638893e-06
8.000000000000e-03,6.221665623539e-05
4.000000000000e-04,2.027993309013e-06
4.000000000000e-04,2.599496476141e-06
8.000000000000e-04,1.087518027609e-06
7.200000000000e-03,6.646681853580e-05
4.000000000000e-04,4.133899614995e-06
4.000000000000e-04,3.795935357750e-07
2.800000000000e-03,2.205671922202e-05
4.000000000000e-04,1.272188431283e-07
2.800000000000e-03,2.629613081795e-05
4.000000000000e-04,4.834664064895e-07
4.000000000000e-04,2.741071276860e-06
8.000000000000e-04,2.093097333278e-06
4.000000000000e-04,2.018068402002e-07
8.000000000000e-04,1.013120054988e-06
4.000000000000e-04,1.457539209246e-06
4.000000000000e-04,1.319400890993e-06
2.000000000000e-03,7.327688162070e-06
1.200000000000e-03,2.000325362757e-06
1.000000000000e-02,1.092400746046e-04
4.000000000000e-04,3.148410228055e-07
4.000000000000e-04,5.956099447286e-08
4.000000000000e-04,9.389645303938e-07
8.000000000000e-04,1.160415801666e-06
1.200000000000e-03,6.550773331287e-06
8.000000000000e-04,4.612479891942e-06
4.000000000000e-04,3.825567639296e-07
4.000000000000e-04,1.368398196050e-07
1.200000000000e-03,3.778912236717e-06
4.000000000000e-04,6.583641688837e-08
1.200000000000e-03,3.477499692919e-06
4.000000000000e-04,3.896420947083e-06
4.000000000000e-04,1.241974260765e-07
4.000000000000e-04,1.418152651582e-07
4.000000000000e-04,1.230020646981e-06
1.200000000000e-03,5.213811094820e-06
1.200000000000e-03,5.327574436771e-06
2.000000000000e-03,5.773338180373e-06
4.000000000000e-04,1.680304808964e-06
4.000000000000e-04,3.253503723743e-06
4.000000000000e-04,1.517173386728e-06
2.400000000000e-02,2.851075152781e-04
4.000000000000e-04,4.571816693480e-07
4.000000000000e-04,1.455770828180e-06
4.000000000000e-04,2.884602800702e-07
6.000000000000e-03,4.234361574817e-05
1.600000000000e-03,5.855034810314e-06
4.000000000000e-04,3.174250897179e-07
4.000000000000e-03,2.990336833879e-05
8.000000000000e-04,2.974605030230e-06
8.000000000000e-04,1.351918107477e-06
4.000000000000e-04,8.851569436401e-07
4.000000000000e-04,3.514973120805e-06
4.000000000000e-04,1.355264421348e-06
1.200000000000e-03,6.383022030534e-06
7.600000000000e-03,7.348646926954e-05
6.000000000000e-03,7.350782230643e-05
8.000000000000e-04,1.625045715979e-07
4.000000000000e-04,6.771183118280e-07
4.000000000000e-04,1.194565894570e-06
4.000000000000e-04,1.125003214225e-06
4.000000000000e-04,1.241797048221e-06
4.000000000000e-04,3.796651169598e-06
4.000000000000e-04,2.945580412398e-06
4.000000000000e-04,1.592710450068e-06
2.000000000000e-03,4.714617090088e-06
3.600000000000e-03,1.201539727713e-05
3.600000000000e-03,5.289753770937e-05
4.000000000000e-04,1.376298916243e-06
1.600000000000e-03,4.605305566481e-06
8.000000000000e-04,6.600234110219e-06
8.000000000000e-04,4.666858528529e-06
8.000000000000e-03,6.469790566967e-05
2.000000000000e-03,7.871898715252e-06
4.000000000000e-04,2.133447861235e-06
4.000000000000e-04,1.990051602075e-08
7.600000000000e-03,7.943959513814e-05
1.600000000000e-03,1.390011486072e-05
8.000000000000e-04,5.018917590782e-06
1.600000000000e-03,1.320993300225e-05
4.000000000000e-04,4.195388623927e-06
1.200000000000e-03,1.129256821943e-05
4.000000000000e-04,1.935568617007e-06
4.000000000000e-04,3.771324721053e-07
4.000000000000e-04,1.484901729822e-06
4.000000000000e-04,3.804766913614e-08
4.000000000000e-04,4.728785426159e-07
4.000000000000e-04,1.514481620665e-07
1.600000000000e-03,1.258185351910e-05
4.000000000000e-04,4.380010133194e-08
4.000000000000e-04,2.686850012610e-06
1.600000000000e-03,9.671117099076e-06
4.000000000000e-04,4.138845459502e-06
4.000000000000e-04,2.610395982136e-07
4.000000000000e-04,2.508920344169e-06
1.600000000000e-03,7.656558345013e-06
1.200000000000e-03,4.381947896801e-06
4.000000000000e-04,4.966361618776e-07
4.000000000000e-04,1.217851869167e-06
4.000000000000e-04,1.760102494094e-07
2.000000000000e-03,5.407875824326e-06
4.000000000000e-04,1.005517965783e-06
1.200000000000e-03,2.307455359418e-06
4.000000000000e-04,3.781135504687e-07
4.000000000000e-04,4.287043652493e-07
4.000000000000e-04,1.127395778511e-06
2.800000000000e-03,1.522796490424e-05
1.200000000000e-03,3.231441453049e-06
8.000000000000e-03,7.529147442476e-05
8.000000000000e-04,5.034116913671e-07
4.000000000000e-04,4.233986004881e-06
2.000000000000e-03,6.897903390740e-06
4.000000000000e-04,8.649466515871e-07
2.000000000000e-03,8.759716256418e-06
3.200000000000e-03,2.141666276888e-05
4.000000000000e-04,1.697993704999e-06
4.000000000000e-04,1.691839096055e-06
4.000000000000e-04,6.107842852107e-07
1.200000000000e-03,8.251435138975e-06
4.000000000000e-04,8.771241220068e-09
4.000000000000e-04,2.361868490974e-06
4.800000000000e-03,5.931913674813e-05
4.000000000000e-04,3.570282786553e-07
1.200000000000e-03,8.895640703005e-06
4.000000000000e-04,5.880734653096e-07
4.000000000000e-04,1.112298807453e-06
2.000000000000e-03,2.462489232790e-05
4.000000000000e-04,4.879320648213e-07
3.200000000000e-03,1.077207028964e-05
3.600000000000e-03,3.615401209442e-05
4.000000000000e-04,1.102084649254e-06
4.000000000000e-04,8.649677317549e-07
4.400000000000e-03,3.759008212602e-05
1.600000000000e-03,4.212081951190e-06
4.000000000000e-04,1.480920435522e-07
4.000000000000e-04,4.111965622330e-07
4.000000000000e-04,3.729654135595e-07
4.000000000000e-04,6.347571243670e-07
1.200000000000e-03,2.690546669479e-06
4.000000000000e-04,2.940648910599e-06
4.000000000000e-04,9.675517142530e-08
4.000000000000e-04,1.340392510543e-06
4.000000000000e-04,3.055167255319e-06
2.000000000000e-03,1.521247581651e-05
4.000000000000e-04,5.088985722562e-07
4.000000000000e-04,3.805199638787e-07
4.000000000000e-04,5.908878516510e-07
4.000000000000e-04,1.562066314768e-06
2.000000000000e-03,9.958530627389e-06
4.000000000000e-04,1.924459682442e-06
4.000000000000e-04,1.157313858241e-06
4.000000000000e-04,5.607855909505e-07
4.000000000000e-04,2.379977871494e-06
4.000000000000e-04,9.215396188257e-07
4.000000000000e-04,9.132849282491e-07
4.000000000000e-04,1.110449389000e-06
2.800000000000e-03,1.756108832737e-05
4.000000000000e-04,6.887188346896e-08
4.000000000000e-04,1.163362094264e-06
2.800000000000e-03,1.304306373009e-05
1.640000000000e-02,1.502615572813e-04
4.000000000000e-04,6.769097193721e-07
4.000000000000e-03,2.732653671962e-05
1.200000000000e-03,7.076261228614e-06
8.000000000000e-04,1.175010303755e-06
4.000000000000e-04,1.315625886200e-06
4.000000000000e-04,1.339706868743e-06
1.000000000000e-02,1.270410973482e-04
8.000000000000e-04,1.409053708022e-06
1.200000000000e-03,8.293172193483e-06
2.000000000000e-03,1.284068511485e-05
4.000000000000e-04,2.805908608767e-07
8.000000000000e-04,7.122437231676e-06
4.000000000000e-04,6.822902504371e-07
4.000000000000e-04,5.682133501196e-08
4.000000000000e-04,1.541785393209e-06
4.000000000000e-04,6.774073260477e-07
1.200000000000e-03,3.948065216295e-06
1.600000000000e-03,6.759179455692e-06
2.000000000000e-03,1.345289550398e-05
8.000000000000e-04,5.691386454267e-06
4.000000000000e-04,1.391481715493e-06
4.000000000000e-04,6.805019786073e-07
2.000000000000e-03,2.176267333556e-05
4.000000000000e-04,2.313700960143e-06
1.200000000000e-03,9.665586944037e-06
4.000000000000e-04,1.289910980905e-06
4.000000000000e-04,1.234875681103e-06
4.000000000000e-04,5.130990484439e-07
2.000000000000e-03,9.530314509681e-06
8.000000000000e-04,2.152899914320e-06
4.000000000000e-04,9.880373015538e-08
4.000000000000e-04,1.460797204005e-06
4.000000000000e-04,2.895773480165e-06
8.000000000000e-04,2.874266528070e-06
4.000000000000e-04,2.797141452185e-07
1.200000000000e-03,6.611361362826e-06
4.000000000000e-04,1.911898754395e-06
4.000000000000e-04,2.670082963531e-06
4.000000000000e-04,3.698722783651e-07
2.000000000000e-03,9.708606676079e-06
4.000000000000e-04,1.236077690535e-06
4.000000000000e-04,1.029642510654e-06
8.000000000000e-04,4.966726691203e-06
4.000000000000e-04,2.325081676727e-06
8.000000000000e-04,5.171716337110e-06
4.000000000000e-04,7.363228339708e-08
8.000000000000e-04,4.853531579930e-06
4.000000000000e-04,1.848071213476e-06
4.000000000000e-04,4.083554917325e-06
4.000000000000e-04,4.832776995793e-07
4.000000000000e-04,8.880279898318e-08
4.000000000000e-04,6.293208223173e-07
4.000000000000e-04,1.433988110283e-06
2.800000000000e-03,2.521685736823e-05
4.000000000000e-04,4.263736828759e-07
4.000000000000e-04,3.268004642046e-06
1.600000000000e-02,1.353716314162e-04
4.000000000000e-04,7.576168292262e-07
4.000000000000e-04,1.346096803166e-06
4.000000000000e-04,2.796113157160e-06
4.000000000000e-04,1.652731522055e-06
1.200000000000e-03,4.099992186505e-06
4.000000000000e-04,2.532773583223e-06
4.000000000000e-04,2.891499048680e-06
1.200000000000e-03,2.691099739808e-06
4.800000000000e-03,3.772380584404e-05
1.200000000000e-03,4.723693325444e-06
4.000000000000e-04,1.436597694632e-06
4.000000000000e-04,6.630979504482e-07
4.400000000000e-03,2.097284009814e-05
5.600000000000e-03,6.185724469482e-05
4.000000000000e-04,1.197765112259e-06
4.000000000000e-04,2.831876630453e-06
1.200000000000e-03,5.305976968884e-06
4.000000000000e-04,2.000720887048e-06
8.000000000000e-04,9.928183073741e-06
4.000000000000e-04,7.106154508915e-07
4.000000000000e-04,5.614698246785e-07
4.000000000000e-04,1.723419149428e-07
4.000000000000e-04,1.191481403718e-06
1.200000000000e-03,1.180163444504e-05
1.200000000000e-03,1.033604725450e-05
2.800000000000e-03,2.100470088201e-05
8.800000000000e-03,8.316522736921e-05
1.600000000000e-03,1.594433694148e-06
4.000000000000e-04,9.029073068930e-07
8.000000000000e-04,4.784124362544e-06
1.600000000000e-03,1.142397833697e-05
1.200000000000e-03,3.438338219617e-06
1.200000000000e-03,8.885164524703e-07
8.000000000000e-04,3.207936113072e-06
4.000000000000e-04,9.137211300314e-07
2.800000000000e-03,1.367326715103e-05
9.600000000000e-03,1.064492889122e-04
1.200000000000e-02,1.491396647608e-04
4.000000000000e-04,2.194200037527e-08
4.000000000000e-04,2.123521903433e-06
4.000000000000e-04,1.147421358275e-06
4.000000000000e-03,2.067252522259e-05
8.000000000000e-04,4.215101560947e-06
6.000000000000e-03,4.809137854202e-05
4.000000000000e-04,8.159370691187e-07
1.600000000000e-03,4.826470175214e-06
1.200000000000e-03,3.690727716793e-06
4.000000000000e-04,2.518330846105e-06
1.200000000000e-02,1.336368480847e-04
4.000000000000e-04,3.304005895744e-06
4.000000000000e-04,1.505123588202e-06
8.000000000000e-04,4.405540790719e-06
4.000000000000e-04,9.539176336730e-07
4.000000000000e-04,2.615669482281e-06
4.000000000000e-04,6.063552572518e-07
2.800000000000e-03,1.771366389663e-05
4.000000000000e-04,1.102017420526e-06
8.000000000000e-04,1.910118875851e-06
4.000000000000e-04,1.746848553136e-07
8.000000000000e-04,2.259783573207e-06
4.000000000000e-04,2.453002085517e-06
4.000000000000e-04,4.708392412615e-07
4.000000000000e-04,5.730227010589e-07
1.200000000000e-03,3.023829948510e-06
2.400000000000e-03,1.953134917902e-05
1.200000000000e-03,4.387906146529e-06
4.000000000000e-04,2.749452854836e-06
2.000000000000e-03,1.042516072990e-05
4.000000000000e-04,2.361474308096e-06
8.000000000000e-04,3.301583549227e-06
4.000000000000e-04,2.425478281572e-07
4.000000000000e-04,1.000530626846e-07
8.000000000000e-04,1.990063369511e-06
4.000000000000e-04,3.593983167365e-06
1.200000000000e-03,3.225370693351e-06
4.000000000000e-03,2.504906356820e-05
4.000000000000e-04,1.853563019894e-06
2.000000000000e-03,1.509638623125e-05
4.000000000000e-03,4.429580923326e-05
4.000000000000e-04,4.471214040614e-07
4.000000000000e-04,8.374735896703e-07
4.000000000000e-04,3.197415512474e-06
4.800000000000e-03,3.597035864942e-05
8.000000000000e-04,1.033074391986e-06
1.200000000000e-03,1.160219925703e-05
4.000000000000e-04,2.060252736873e-06
2.000000000000e-03,1.880850015449e-05
4.000000000000e-04,6.531635078912e-07
3.920000000000e-02,4.432721782227e-04
4.000000000000e-04,3.898657233775e-07
4.000000000000e-04,7.818940462368e-07
4.000000000000e-04,6.683829949656e-07
1.600000000000e-03,6.887378986136e-06
2.000000000000e-03,1.268065235593e-05
4.000000000000e-04,1.630521718607e-08
4.000000000000e-04,3.717593625328e-06
4.000000000000e-04,2.392788303877e-07
4.000000000000e-04,2.035609971480e-06
4.000000000000e-04,9.001874918549e-07
2.400000000000e-03,7.420960030846e-06
4.000000000000e-04,9.975199770869e-07
8.000000000000e-04,9.535219978674e-07
4.000000000000e-04,2.932727065773e-06
4.000000000000e-04,4.503631182473e-07
1.200000000000e-03,6.553436150286e-06
4.000000000000e-04,4.660957984089e-07
1.200000000000e-03,5.166966453275e-06
4.000000000000e-04,3.258223195588e-06
4.000000000000e-04,1.910875361900e-06
4.000000000000e-04,3.061857215980e-07
4.000000000000e-04,6.800885064996e-07
8.000000000000e-04,1.719891355433e-06
4.000000000000e-04,2.581708545334e-07
4.000000000000e-04,1.089144052869e-06
4.000000000000e-04,1.963561847062e-07
2.400000000000e-03,8.283226118775e-06
4.400000000000e-03,3.237605863174e-05
4.000000000000e-04,2.268829781928e-07
4.000000000000e-04,3.724550336339e-06
4.000000000000e-04,1.148362017784e-06
4.000000000000e-04,9.690788653172e-08
3.200000000000e-03,2.639838409596e-05
8.000000000000e-04,2.054205749987e-06
8.000000000000e-04,1.277740730338e-06
4.000000000000e-04,9.241748664457e-07
4.000000000000e-04,9.843846699065e-07
4.000000000000e-04,1.024475997249e-06
8.000000000000e-04,8.924385611137e-06
1.600000000000e-03,9.234166737754e-06
4.000000000000e-04,2.517140426421e-06
4.000000000000e-04,2.297718403484e-06
4.000000000000e-04,8.233455940261e-07
4.000000000000e-04,7.812837508858e-09
3.200000000000e-03,1.499376865715e-05
1.600000000000e-03,1.156452649346e-05
4.000000000000e-04,2.362368436286e-06
4.000000000000e-04,4.821594981785e-06
2.000000000000e-03,2.018821599205e-05
4.000000000000e-04,2.107674156787e-07
4.000000000000e-04,9.253542926093e-07
6.000000000000e-03,5.212307490971e-05
8.400000000000e-03,7.799496788293e-05
3.200000000000e-03,1.349478563815e-05
4.000000000000e-04,2.111571568719e-06
4.000000000000e-04,9.528740321177e-07
2.800000000000e-03,1.123729092784e-05
8.000000000000e-04,2.015186411556e-06
8.000000000000e-04,4.490093501092e-06
3.600000000000e-03,3.079901624647e-05
4.000000000000e-04,9.734658960648e-07
2.000000000000e-03,1.582316913989e-05
1.600000000000e-03,1.946900746911e-05
4.000000000000e-04,1.186898932925e-06
5.600000000000e-03,7.821504504085e-05
8.000000000000e-04,3.635433978279e-06
8.000000000000e-04,1.597599375990e-06
2.800000000000e-03,2.115349824717e-05
4.000000000000e-04,2.566255696281e-07
4.000000000000e-04,2.623444328406e-07
4.000000000000e-04,8.109255705054e-07
4.000000000000e-04,2.357591428445e-06
2.800000000000e-03,2.609241796030e-05
8.000000000000e-04,4.728711399587e-06
4.000000000000e-04,1.064049006566e-07
1.200000000000e-03,1.580396924334e-06
4.000000000000e-04,9.568878485285e-07
3.840000000000e-02,4.922947724164e-04
4.000000000000e-04,1.185872614343e-06
1.200000000000e-03,6.250664380972e-06
4.000000000000e-04,2.412435556906e-06
4.000000000000e-04,5.473050599605e-07
1.600000000000e-03,2.754547290667e-06
2.000000000000e-03,1.481900491118e-05
4.000000000000e-04,7.811466315105e-07
6.000000000000e-03,4.659515139162e-05
8.000000000000e-04,2.035196785175e-06
4.000000000000e-04,1.697472247802e-06
4.000000000000e-04,1.185693154219e-06
4.000000000000e-04,1.788259352709e-10
4.000000000000e-04,1.653552192141e-06
1.200000000000e-03,2.471880927493e-06
8.000000000000e-04,4.755022170803e-06
1.600000000000e-03,3.982283175364e-06
4.000000000000e-04,5.787169922694e-07
4.000000000000e-04,5.920228416831e-07
4.000000000000e-04,1.156810115597e-06
4.000000000000e-04,6.991072377993e-07
2.000000000000e-03,8.268018055324e-06
4.000000000000e-04,1.992591848626e-07
4.000000000000e-04,3.704191289979e-06
1.200000000000e-03,1.095992613230e-05
8.000000000000e-04,2.825106199075e-06
1.520000000000e-02,1.552644658378e-04
4.000000000000e-04,1.392163137002e-06
4.000000000000e-04,3.649899990488e-07
4.000000000000e-04,1.686896489138e-06
4.000000000000e-04,1.807598547083e-06
1.600000000000e-03,1.688858671426e-06
4.000000000000e-04,3.378742969023e-07
4.000000000000e-04,3.057383532051e-07
4.000000000000e-04,5.835885410674e-07
1.024000000000e-01,2.421484408021e-03
4.000000000000e-04,4.002286844976e-07
2.400000000000e-03,6.747489761654e-06
4.000000000000e-04,1.542609110270e-07
4.000000000000e-04,3.273086514955e-06
4.000000000000e-04,1.237143813121e-06
4.000000000000e-04,7.112550292755e-07
1.200000000000e-03,4.529577904869e-06
8.000000000000e-04,7.047141665914e-07
4.000000000000e-04,1.059171675456e-06
4.000000000000e-04,1.768640856460e-06
2.400000000000e-03,1.349290489864e-05
8.000000000000e-04,3.660117756939e-06
1.200000000000e-03,7.008033274809e-06
4.000000000000e-04,1.638129061487e-06
8.000000000000e-04,6.846007981475e-06
8.000000000000e-03,8.258729880712e-05
4.000000000000e-04,8.550444422025e-07
4.000000000000e-04,8.520006325580e-07
9.480000000000e-02,1.477731843942e-03
4.000000000000e-04,2.857322542352e-06
4.000000000000e-03,2.961348503300e-05
4.000000000000e-04,1.178736155710e-06
4.000000000000e-04,2.155539225952e-06
4.000000000000e-04,1.196899999507e-06
4.000000000000e-04,5.197440693715e-07
4.000000000000e-03,2.659206380619e-05
8.000000000000e-04,1.970071236391e-06
4.000000000000e-04,1.243364173134e-06
4.000000000000e-04,5.772635036156e-07
4.000000000000e-04,5.175771308026e-07
4.000000000000e-04,1.079029261032e-07
4.000000000000e-04,5.505258456224e-07
4.000000000000e-04,9.255089473517e-07
4.000000000000e-04,1.840400548725e-06
4.000000000000e-04,1.019817992506e-06
4.000000000000e-04,1.657930871214e-07
4.000000000000e-04,1.209594028464e-06
4.000000000000e-04,5.281834363296e-07
4.000000000000e-04,2.366752353689e-07
4.000000000000e-04,7.313625494363e-08
4.000000000000e-04,2.129536220258e-06
8.000000000000e-04,3.711302104367e-06
2.000000000000e-03,1.337120770933e-05
1.600000000000e-03,6.606952584999e-06
8.000000000000e-04,3.980499866373e-06
8.000000000000e-04,2.819354805967e-06
1.200000000000e-03,6.255703543227e-06
2.400000000000e-02,3.105690086576e-04
4.000000000000e-04,2.411549684009e-06
1.200000000000e-03,1.309871186540e-05
2.000000000000e-03,1.157943430885e-05
8.000000000000e-04,2.714760233899e-06
4.000000000000e-04,1.289671510133e-06
8.000000000000e-04,5.872938490723e-06
4.000000000000e-04,9.127531713390e-07
1.200000000000e-03,6.698750971723e-06
4.000000000000e-04,6.568593874688e-07
1.600000000000e-03,9.829192435213e-06
1.200000000000e-03,1.159257559026e-05
4.000000000000e-04,2.217247566348e-06
4.000000000000e-04,1.907719245348e-06
8.000000000000e-04,5.992134179698e-06
5.600000000000e-03,5.300857506119e-05
4.000000000000e-04,8.604399900212e-08
4.000000000000e-04,2.638630843646e-06
2.800000000000e-03,2.770857860242e-05
4.000000000000e-04,1.900610660780e-06
4.000000000000e-04,1.402032376111e-06
4.000000000000e-04,3.149875479766e-07
4.000000000000e-04,7.731049666114e-07
4.000000000000e-04,2.252197424083e-07
4.000000000000e-04,2.510406557581e-06
4.000000000000e-04,1.171430647488e-06
2.800000000000e-03,1.624532036410e-05
7.200000000000e-03,7.886332293731e-05
1.200000000000e-03,3.641682243140e-06
4.000000000000e-04,5.050103078175e-07
2.400000000000e-03,1.390515323890e-05
4.000000000000e-04,6.909242797325e-07
4.000000000000e-04,2.967034666084e-06
4.000000000000e-04,2.477331284547e-07
4.000000000000e-04,2.115282809890e-06
4.000000000000e-04,2.003683677338e-07
1.600000000000e-03,2.336435277850e-05
4.000000000000e-04,3.119237314754e-07
8.000000000000e-04,1.421617754143e-06
8.000000000000e-04,2.414787704301e-06
8.000000000000e-04,1.540780390041e-06
1.600000000000e-03,9.567234325562e-06
2.400000000000e-03,5.458498594961e-06
4.000000000000e-04,5.360195511010e-06
4.600000000000e-02,6.358429739904e-04
4.000000000000e-04,1.187559577019e-06
4.000000000000e-04,2.048009494054e-07
4.000000000000e-04,2.257058052376e-06
4.000000000000e-04,2.138875326497e-07
4.000000000000e-04,6.523287220544e-07
3.200000000000e-03,2.188659107805e-05
4.000000000000e-04,1.020545905472e-06
4.000000000000e-04,2.208348440768e-06
3.200000000000e-03,1.959484772277e-05
8.000000000000e-04,1.420802435857e-06
4.000000000000e-04,6.767620062727e-07
8.000000000000e-04,3.005905988206e-06
4.000000000000e-04,1.978111546167e-07
4.000000000000e-04,7.882142620336e-07
8.000000000000e-04,2.934300949447e-06
4.000000000000e-04,6.986600356130e-07
1.600000000000e-03,5.911809385454e-06
4.000000000000e-04,8.019625177929e-08
8.000000000000e-04,3.559891214171e-06
3.200000000000e-03,3.127064752621e-05
4.000000000000e-04,1.391387733070e-06
1.200000000000e-03,7.386601197012e-06
4.000000000000e-04,4.372241486155e-06
2.400000000000e-03,1.235461729395e-05
8.000000000000e-04,5.044032819690e-06
4.000000000000e-04,3.134885332304e-06
4.000000000000e-04,4.647165575999e-07
4.000000000000e-04,2.520549177384e-06
4.000000000000e-04,1.932129650591e-07
8.000000000000e-04,1.028453295514e-06
4.000000000000e-04,2.426793365480e-07
1.200000000000e-03,1.397660840104e-06
4.000000000000e-04,1.112326102546e-08
4.400000000000e-03,3.407343109541e-05
2.000000000000e-03,1.685310576372e-05
4.000000000000e-04,1.431951822570e-06
8.000000000000e-04,4.178444674001e-06
8.000000000000e-04,2.191742483132e-06
4.000000000000e-04,4.775764227412e-06
8.000000000000e-04,6.122851588585e-06
2.000000000000e-03,6.898702755597e-06
4.000000000000e-04,9.017983630344e-09
1.600000000000e-03,1.019831485271e-05
1.200000000000e-03,6.230930436821e-06
4.000000000000e-04,1.127979263473e-06
4.000000000000e-04,1.114062607533e-06
4.000000000000e-04,1.774982846819e-06
4.000000000000e-04,1.999413765659e-06
4.000000000000e-04,1.301982433455e-06
8.000000000000e-04,4.646021854214e-06
4.000000000000e-04,3.491272515047e-06
3.200000000000e-03,3.239478770136e-05
8.000000000000e-04,3.181598700559e-06
6.800000000000e-03,8.638977194600e-05
4.000000000000e-04,5.653619759269e-07
1.600000000000e-03,1.324696402415e-05
8.000000000000e-04,5.027051975214e-06
4.000000000000e-04,4.194374549012e-07
8.000000000000e-04,1.077126084944e-06
2.000000000000e-03,1.587397579815e-05
4.000000000000e-04,1.898038542733e-07
8.000000000000e-04,2.188718307671e-06
1.480000000000e-02,1.127205029821e-04
4.000000000000e-04,2.764950024910e-06
4.000000000000e-04,2.830015568169e-07
2.800000000000e-03,9.637297259028e-06
1.600000000000e-03,4.702698388199e-06
1.200000000000e-03,5.002683647478e-06
3.600000000000e-03,2.343100071911e-05
1.560000000000e-02,2.050136386526e-04
4.000000000000e-04,2.017318680618e-06
4.000000000000e-04,9.284334890910e-07
4.000000000000e-04,1.715287121361e-07
4.000000000000e-04,2.239576323952e-06
8.000000000000e-04,3.079752442355e-06
8.000000000000e-04,1.703449904624e-06
4.000000000000e-04,1.034539156641e-06
1.600000000000e-03,8.960426862141e-06
4.000000000000e-04,8.321514348468e-08
4.000000000000e-04,8.388421499227e-07
4.000000000000e-04,3.438878135430e-07
8.000000000000e-04,1.001741218345e-06
8.000000000000e-04,3.614452643965e-06
4.000000000000e-04,2.159106279893e-06
1.200000000000e-03,6.587044452172e-06
4.000000000000e-04,4.687894862712e-07
1.080000000000e-02,1.173398933097e-04
8.000000000000e-04,3.473684640298e-06
4.000000000000e-04,7.936312503225e-07
4.000000000000e-04,1.817740931384e-06
4.000000000000e-04,3.031317741090e-07
4.000000000000e-04,4.266551585590e-07
4.000000000000e-04,5.535668447951e-07
4.000000000000e-04,3.902633356625e-07
8.000000000000e-04,1.253054215985e-06
8.000000000000e-04,4.374621414689e-06
1.200000000000e-03,1.240053809393e-05
1.200000000000e-03,7.971606750839e-06
1.600000000000e-03,1.222472690332e-05
3.200000000000e-03,1.787800809401e-05
8.000000000000e-04,2.130810833213e-06
8.000000000000e-04,8.431131535593e-07
1.600000000000e-03,8.316617418648e-06
4.000000000000e-04,2.099511301357e-06
1.200000000000e-03,6.257380486761e-06
3.760000000000e-02,5.816266324318e-04
8.000000000000e-04,3.500288944714e-06
4.000000000000e-04,2.158474988259e-06
1.480000000000e-02,1.707301698729e-04
4.000000000000e-04,1.672182847134e-06
4.000000000000e-04,3.875464864018e-07
1.200000000000e-03,4.079731638423e-06
4.000000000000e-04,1.966051095626e-06
4.000000000000e-04,2.607050042513e-06
1.200000000000e-03,1.830259802338e-06
4.000000000000e-04,3.230706718376e-07
4.000000000000e-04,1.724663031935e-06
4.000000000000e-04,2.344303125285e-06
2.000000000000e-03,5.842224307464e-06
4.000000000000e-04,2.054891370727e-06
1.600000000000e-03,1.190684644223e-05
4.000000000000e-04,3.644236912464e-07
4.000000000000e-04,2.559019194338e-06
4.000000000000e-04,2.441154728177e-06
4.000000000000e-04,1.961834814484e-07
1.200000000000e-03,1.390271339030e-06
4.000000000000e-04,6.439654082867e-07
2.400000000000e-03,9.610361170408e-06
8.000000000000e-04,1.680107453139e-06
8.000000000000e-04,6.632476424542e-07
4.000000000000e-04,1.801571960936e-06
4.000000000000e-04,1.362843601838e-06
1.600000000000e-03,9.621548620238e-06
8.000000000000e-04,2.877925411999e-06
4.000000000000e-04,1.602067056510e-08
3.056000000000e-01,7.194355247482e-03
4.000000000000e-04,8.993795864834e-07
4.000000000000e-04,1.086951317194e-06
4.000000000000e-04,8.645581759027e-07
4.000000000000e-04,5.922125545088e-06
4.800000000000e-03,4.324281586478e-05
4.000000000000e-04,2.432010556528e-06
4.000000000000e-04,1.060185348684e-06
1.200000000000e-03,2.688270373537e-06
8.000000000000e-04,3.442776566009e-06
1.200000000000e-03,2.329003788075e-06
2.400000000000e-03,2.547957058587e-05
4.000000000000e-04,1.712645749529e-07
1.200000000000e-03,3.032523863501e-06
4.000000000000e-04,6.670639715364e-07
4.000000000000e-04,1.135616459274e-06
4.000000000000e-04,1.403472498425e-06
2.000000000000e-03,1.199892862914e-05
4.000000000000e-04,1.272355456305e-06
4.000000000000e-04,3.075902736296e-06
8.000000000000e-04,5.439920216209e-06
4.000000000000e-04,1.826411572502e-07
8.000000000000e-04,3.172443468711e-06
3.600000000000e-03,2.077230892661e-05
4.000000000000e-04,1.655827120010e-06
8.000000000000e-04,1.923259448859e-06
4.000000000000e-04,1.850782065402e-06
5.200000000000e-03,2.747453479808e-05
1.200000000000e-03,3.229466754401e-06
8.000000000000e-04,1.806986387258e-06
4.000000000000e-04,1.667331040867e-06
4.000000000000e-04,6.430004388585e-07
4.000000000000e-04,4.980848612889e-06
4.000000000000e-04,1.953457006007e-06
4.000000000000e-04,1.952686302165e-06
8.000000000000e-04,3.087635109483e-06
2.400000000000e-03,1.005242591391e-05
4.000000000000e-04,2.266115775832e-06
4.000000000000e-04,3.941211888132e-07
4.000000000000e-04,2.249364035661e-06
4.000000000000e-04,2.145092190539e-06
4.000000000000e-04,1.375803737599e-06
8.000000000000e-04,6.849825194579e-06
4.000000000000e-04,7.075457132760e-07
1.200000000000e-03,7.323441161311e-07
4.000000000000e-04,9.508967096431e-07
4.000000000000e-04,4.158280605881e-06
4.000000000000e-04,8.966369736735e-07
4.000000000000e-04,2.641742847406e-06
2.800000000000e-03,1.183053491178e-05
1.600000000000e-02,1.606954787774e-04
2.400000000000e-03,1.659164854894e-05
4.000000000000e-04,1.678953614794e-07
8.000000000000e-04,1.297586440179e-06
1.200000000000e-03,3.307382382985e-06
4.000000000000e-04,1.546997393247e-06
8.000000000000e-04,2.137235484229e-06
4.000000000000e-04,7.920246523027e-07
8.000000000000e-04,2.169627310754e-07
4.000000000000e-04,8.079371864628e-07
8.000000000000e-04,2.239090258064e-06
1.240000000000e-02,1.390688748801e-04
8.000000000000e-04,6.319641453044e-06
4.000000000000e-04,2.552653113769e-08
4.000000000000e-04,7.159490243095e-07
4.000000000000e-04,5.204817655239e-07
8.000000000000e-04,1.566482431726e-06
4.000000000000e-04,2.018471143009e-06
4.000000000000e-04,1.376502241299e-07
2.400000000000e-03,1.481539067264e-05
1.200000000000e-03,5.224240026207e-06
7.200000000000e-03,7.789558930393e-05
4.000000000000e-04,6.660002764069e-07
1.600000000000e-03,9.563488308810e-06
4.000000000000e-04,2.438482667156e-06
8.000000000000e-04,3.434874582846e-06
4.000000000000e-04,3.150512970068e-07
4.000000000000e-04,1.865773983391e-06
3.600000000000e-03,1.800505177690e-05
4.000000000000e-04,2.937059797465e-06
8.800000000000e-03,6.715637570998e-05
8.000000000000e-04,2.381598336543e-06
4.000000000000e-04,3.286291566963e-07
4.000000000000e-04,1.252909624642e-06
4.000000000000e-04,1.194635426981e-06
4.000000000000e-04,9.774093320604e-07
4.000000000000e-04,2.941424382561e-06
8.000000000000e-04,3.180999352687e-06
1.600000000000e-03,1.113217067481e-05
4.000000000000e-04,3.607106120939e-07
4.000000000000e-04,6.293918422889e-07
1.400000000000e-02,1.160210288511e-04
4.000000000000e-04,6.973830860874e-07
2.000000000000e-03,4.360792508173e-06
4.000000000000e-04,1.107860838523e-06
4.000000000000e-04,7.155424430560e-07
1.600000000000e-03,7.855962142350e-06
1.600000000000e-03,1.157869122187e-05
8.000000000000e-04,1.997953149538e-06
4.000000000000e-04,1.058889146743e-07
4.000000000000e-04,1.724113188369e-06
4.000000000000e-04,1.241800435988e-08
2.400000000000e-03,1.177461040135e-05
4.000000000000e-04,3.002486106334e-06
4.000000000000e-04,1.747252253682e-06
4.000000000000e-04,4.232310234336e-07
1.600000000000e-03,7.274469320531e-06
1.600000000000e-03,1.081394960066e-05
4.000000000000e-04,9.544045094107e-07
4.000000000000e-04,4.989158246128e-07
4.000000000000e-04,1.518700329403e-06
8.000000000000e-04,1.246727313231e-06
4.000000000000e-04,1.141658471523e-06
1.600000000000e-03,1.345425645912e-05
1.200000000000e-03,2.582087662902e-06
8.000000000000e-04,2.884962158038e-06
8.000000000000e-04,4.224814842756e-06
4.000000000000e-04,6.343048448948e-08
8.000000000000e-04,5.766942455398e-07
8.000000000000e-04,2.223661385451e-06
4.000000000000e-04,2.478494174359e-06
8.000000000000e-04,5.893076092430e-06
4.000000000000e-04,5.256969373980e-06
3.560000000000e-02,6.824769112365e-04
4.000000000000e-03,2.044112421553e-05
4.000000000000e-04,9.524970649170e-07
2.000000000000e-03,5.625472108185e-06
8.000000000000e-04,4.659299791345e-06
4.000000000000e-04,3.633945445086e-06
4.000000000000e-04,2.986202913001e-06
1.200000000000e-03,4.175530987970e-06
2.000000000000e-03,1.408033936155e-05
4.000000000000e-04,2.011944807193e-06
4.000000000000e-04,7.156002737086e-07
3.200000000000e-03,2.170814276323e-05
8.000000000000e-04,4.444211299124e-06
4.000000000000e-04,9.282067390044e-07
8.000000000000e-04,2.782033703895e-06
4.000000000000e-04,3.091457423670e-07
4.000000000000e-04,1.139950030971e-06
4.000000000000e-04,6.847703688381e-07
4.000000000000e-04,1.921913407667e-06
4.000000000000e-04,1.619003771225e-08
4.000000000000e-04,1.093598532438e-06
4.000000000000e-04,3.723070947616e-06
4.000000000000e-04,1.069064894033e-06
4.000000000000e-04,1.170495284083e-06
5.200000000000e-03,3.516747950987e-05
1.600000000000e-03,6.674919801478e-06
4.000000000000e-04,2.063720870997e-06
1.320000000000e-02,1.276004863370e-04
4.000000000000e-04,1.256899387018e-07
4.000000000000e-04,7.768704402421e-07
4.000000000000e-04,1.594452784659e-08
4.000000000000e-04,2.600856608707e-06
1.200000000000e-03,4.326712204336e-06
4.000000000000e-04,5.277382642938e-07
8.000000000000e-04,3.308648403222e-06
4.000000000000e-04,1.137038704546e-06
1.600000000000e-03,4.128720995210e-06
3.200000000000e-03,2.114624552286e-05
9.600000000000e-03,8.000682426584e-05
2.000000000000e-03,1.182770514413e-05
4.000000000000e-04,3.194927505778e-07
4.000000000000e-04,1.439280386338e-06
8.000000000000e-04,1.865016889211e-06
8.000000000000e-04,4.481425460621e-06
8.000000000000e-04,2.222303433587e-06
4.000000000000e-04,8.784172044762e-07
4.000000000000e-04,8.403667794137e-08
8.000000000000e-04,6.100627331612e-06
2.000000000000e-03,1.185186295060e-05
4.000000000000e-04,9.997754707608e-07
4.000000000000e-04,2.335199253547e-06
4.000000000000e-04,3.718421429760e-07
4.000000000000e-04,2.165080776475e-06
4.000000000000e-04,3.459134949295e-07
2.000000000000e-03,1.486979850591e-05
4.000000000000e-04,2.254046190366e-06
1.600000000000e-03,2.264975837105e-06
3.560000000000e-02,6.316902556541e-04
2.800000000000e-03,2.458870289099e-05
1.600000000000e-03,1.136268102077e-05
4.000000000000e-04,9.530579929222e-07
2.000000000000e-03,1.472308766847e-05
3.600000000000e-03,3.304384702323e-05
4.000000000000e-04,5.990535398778e-07
4.000000000000e-04,1.203942062966e-06
1.200000000000e-03,3.326734860437e-06
8.000000000000e-04,5.420205657247e-06
3.600000000000e-03,3.786854744553e-05
4.000000000000e-04,1.526509245048e-06
6.400000000000e-03,4.175767250214e-05
4.000000000000e-04,1.948367990670e-06
4.000000000000e-04,3.164120883552e-06
4.000000000000e-04,5.242561009543e-07
4.000000000000e-04,1.877945538056e-07
1.200000000000e-03,2.339799544070e-06
8.000000000000e-04,4.331008026169e-06
8.000000000000e-04,1.617088636515e-06
8.000000000000e-04,1.102711525091e-06
4.000000000000e-04,2.688376308636e-07
2.000000000000e-03,1.122291489306e-05
4.000000000000e-04,2.619856742008e-06
4.000000000000e-04,2.433268876277e-07
8.000000000000e-04,4.917229955713e-06
8.000000000000e-04,3.051879424443e-06
8.000000000000e-04,4.211200154621e-06
8.000000000000e-04,1.753104527944e-06
4.000000000000e-04,2.135441829959e-06
1.200000000000e-03,4.795327641233e-06
4.000000000000e-04,1.771458117382e-07
1.200000000000e-03,5.954983630462e-06
4.000000000000e-04,3.930911155765e-07
4.000000000000e-04,1.879663428761e-06
8.000000000000e-04,4.926318727777e-06
8.000000000000e-04,4.978983448087e-06
4.000000000000e-04,3.640138331760e-07
2.000000000000e-03,2.117349294434e-05
4.000000000000e-04,2.090737671507e-06
4.000000000000e-04,2.227455708915e-06
4.000000000000e-04,7.108280185951e-07
4.000000000000e-04,8.864981588288e-07
4.000000000000e-04,1.567264783824e-06
4.000000000000e-04,2.039125662748e-06
6.400000000000e-03,4.729176468337e-05
4.000000000000e-04,3.516158196166e-08
1.200000000000e-03,5.219983141685e-06
1.600000000000e-03,1.260567140623e-05
4.000000000000e-04,5.788690468320e-07
4.000000000000e-04,2.209543276325e-06
4.000000000000e-04,1.291360060793e-06
4.000000000000e-04,1.399623061487e-06
4.000000000000e-04,3.059845589635e-06
4.000000000000e-04,1.734172811186e-06
4.000000000000e-04,1.340210648245e-06
4.000000000000e-03,2.126364330880e-05
1.600000000000e-03,1.217468452683e-05
8.000000000000e-04,1.095412194504e-06
4.000000000000e-04,1.605768001146e-08
8.000000000000e-04,4.130026211670e-06
4.000000000000e-04,4.631757854025e-06
1.600000000000e-03,9.089759173158e-06
4.000000000000e-04,4.962838930643e-08
4.000000000000e-03,1.404700403525e-05
4.000000000000e-04,1.358714766239e-06
4.000000000000e-04,1.389916885871e-06
4.000000000000e-04,1.982979505647e-06
4.000000000000e-04,4.924531224974e-07
4.000000000000e-04,3.549760133188e-06
4.000000000000e-04,6.500710271299e-07
2.000000000000e-03,1.001949864260e-05
4.000000000000e-04,3.122588192640e-07
1.600000000000e-03,1.025665533793e-05
4.000000000000e-04,1.408749465232e-07
4.000000000000e-04,6.906020911304e-08
4.000000000000e-04,1.056215961623e-06
4.000000000000e-04,2.054064259170e-07
2.000000000000e-03,2.404879355863e-05
4.000000000000e-04,5.583849298546e-06
4.000000000000e-04,2.848630908491e-06
4.000000000000e-04,1.724526733096e-06
8.000000000000e-04,2.718184142291e-06
4.000000000000e-04,6.672649729350e-07
4.000000000000e-04,1.706784024403e-07
4.000000000000e-04,8.721341964116e-07
8.000000000000e-04,3.772840752809e-06
4.000000000000e-04,8.167063588384e-07
8.000000000000e-04,3.334205999887e-06
4.000000000000e-04,2.627148146389e-07
4.000000000000e-04,6.481631403990e-07
1.200000000000e-02,1.700421219341e-04
4.000000000000e-04,2.653938908206e-06
4.000000000000e-04,2.550269296220e-07
4.000000000000e-04,7.656292732398e-07
8.000000000000e-04,1.241724947137e-06
4.000000000000e-04,2.391908811491e-06
1.264000000000e-01,2.546092458738e-03
4.000000000000e-04,2.173748110689e-07
4.000000000000e-04,4.999060911810e-07
4.000000000000e-04,4.487971131988e-07
4.000000000000e-04,1.660014210517e-06
1.600000000000e-03,8.316482301859e-06
8.000000000000e-04,4.809965991697e-06
8.000000000000e-04,4.923732948677e-06
4.000000000000e-04,7.624767352540e-07
1.200000000000e-03,8.531838498012e-06
1.200000000000e-03,3.704706068246e-06
4.000000000000e-04,1.413355254588e-06
4.000000000000e-04,1.232320529762e-06
4.000000000000e-04,2.116827390956e-06
1.200000000000e-03,7.476179469636e-06
2.800000000000e-03,1.208604422918e-05
4.000000000000e-04,1.568258332279e-06
4.000000000000e-04,1.763058217423e-06
4.000000000000e-04,1.561609785962e-06
1.200000000000e-03,6.227534212263e-06
4.000000000000e-04,4.976485343128e-07
1.320000000000e-02,2.110865713619e-04
8.000000000000e-04,1.828906650272e-06
4.000000000000e-04,1.406793100860e-06
4.000000000000e-04,1.251689762068e-07
4.000000000000e-04,3.640264881844e-07
1.280000000000e-02,1.087602529095e-04
4.000000000000e-04,1.205113540374e-06
4.000000000000e-04,3.860384376603e-07
4.000000000000e-04,8.201742095846e-07
4.000000000000e-04,3.698009034289e-07
2.800000000000e-03,3.340090236708e-05
1.600000000000e-03,6.684546113930e-06
8.000000000000e-04,1.706540875366e-06
4.000000000000e-04,2.137122671346e-06
4.000000000000e-04,1.221661991208e-06
8.000000000000e-04,2.664161154539e-06
2.000000000000e-03,1.253014326852e-05
1.200000000000e-03,4.711941526459e-06
4.000000000000e-04,1.190995113147e-06
4.000000000000e-04,9.977285835294e-09
4.000000000000e-04,2.524750188767e-07
4.000000000000e-04,2.625108860091e-06
3.600000000000e-03,1.364283484498e-05
4.000000000000e-04,1.875600839780e-06
1.600000000000e-03,8.095422234368e-06
4.000000000000e-04,7.915294469414e-07
4.000000000000e-04,8.019513407587e-09
8.000000000000e-04,5.193416767075e-06
4.000000000000e-04,1.054573025196e-06
4.000000000000e-04,1.246274921361e-06
4.000000000000e-04,3.306334756192e-07
4.000000000000e-04,4.231357339150e-06
8.000000000000e-04,7.790624692590e-06
1.600000000000e-03,5.649871709109e-06
4.000000000000e-04,2.118033948891e-06
4.000000000000e-04,4.571325949521e-07
1.600000000000e-03,1.176967727475e-05
3.200000000000e-03,2.006367241819e-05
4.400000000000e-03,4.586996843068e-05
4.000000000000e-04,1.997495967410e-06
4.000000000000e-04,7.880102563756e-07
4.000000000000e-04,1.360157868823e-06
8.000000000000e-04,2.064441219625e-06
4.000000000000e-04,1.188030986457e-06
4.000000000000e-04,4.406722383709e-07
1.200000000000e-03,6.927512378683e-06
4.000000000000e-04,1.746544978559e-06
8.000000000000e-04,7.974237412682e-07
2.400000000000e-03,1.904314767710e-05
8.000000000000e-04,2.878441386766e-06
8.000000000000e-04,1.490463699051e-06
8.000000000000e-04,4.009891341853e-06
4.000000000000e-04,3.078161214465e-07
4.400000000000e-03,1.605925911601e-05
2.000000000000e-03,1.568811756976e-05
4.000000000000e-04,3.244386593315e-07
1.600000000000e-03,6.492633744349e-06
4.000000000000e-04,1.040946813086e-06
4.000000000000e-04,8.911481465694e-07
4.000000000000e-04,1.212408245354e-07
8.000000000000e-04,2.615031334878e-06
1.200000000000e-03,8.310293338569e-06
4.000000000000e-04,4.446611090358e-09
4.000000000000e-04,9.036716390780e-07
8.000000000000e-04,2.894671667990e-06
4.000000000000e-04,1.414056140538e-06
4.000000000000e-04,1.695398135700e-06
8.000000000000e-04,4.160879316664e-06
4.000000000000e-04,2.182503662454e-06
4.000000000000e-04,2.203804697374e-07
4.000000000000e-04,2.217462679889e-06
4.000000000000e-04,3.284316986728e-06
2.800000000000e-03,1.130649076758e-05
4.000000000000e-04,9.927418810243e-07
2.000000000000e-03,1.162654321231e-05
4.000000000000e-04,3.983153604226e-09
4.000000000000e-04,3.624241469652e-06
4.000000000000e-04,2.530462173437e-06
4.000000000000e-04,8.649486121258e-07
4.000000000000e-04,8.082548610128e-07
4.000000000000e-04,2.465402080514e-06
8.000000000000e-04,4.865443393977e-06
2.000000000000e-03,1.750022320975e-05
4.000000000000e-04,5.493234435981e-07
4.000000000000e-04,2.793080490269e-06
2.800000000000e-03,2.324538643382e-05
4.000000000000e-04,1.264076136238e-06
4.000000000000e-04,1.834382320833e-06
4.000000000000e-04,1.257469821405e-06
4.000000000000e-04,1.711331852357e-07
1.600000000000e-03,3.480161747494e-06
4.000000000000e-04,1.514638004117e-06
4.000000000000e-04,4.931175291238e-07
4.000000000000e-04,1.485501664186e-06
4.000000000000e-04,8.207183535927e-07
4.000000000000e-04,1.358084709022e-06
4.000000000000e-04,3.380490814453e-07
8.000000000000e-04,9.065552857471e-07
4.000000000000e-04,1.267482222289e-07
4.000000000000e-04,1.981779656438e-06
9.600000000000e-03,9.249119656991e-05
8.000000000000e-04,5.212680061337e-06
1.200000000000e-02,1.156655023026e-04
4.000000000000e-04,4.278277297437e-08
4.000000000000e-04,7.028933246483e-07
1.400000000000e-02,1.602822362210e-04
6.800000000000e-03,3.396701363861e-05
4.000000000000e-04,3.391537451032e-06
1.200000000000e-03,3.498333917562e-06
1.200000000000e-03,4.376001870661e-06
4.000000000000e-04,1.581108149259e-06
8.000000000000e-04,3.343011597442e-06
4.000000000000e-04,1.451989665345e-07
1.600000000000e-03,1.226531597810e-05
4.000000000000e-04,2.272715102973e-06
4.000000000000e-03,2.880017472015e-05
4.000000000000e-04,1.083780728689e-06
4.000000000000e-04,3.490240254847e-06
4.000000000000e-04,5.787312328717e-07
8.000000000000e-04,2.453933854424e-06
4.000000000000e-04,4.087860903062e-07
1.200000000000e-03,2.294897841083e-06
4.000000000000e-04,4.988531203514e-08
4.000000000000e-04,2.579869075831e-06
8.000000000000e-04,3.536105029254e-06
3.200000000000e-03,1.099252835219e-05
3.600000000000e-03,2.528103738762e-05
4.000000000000e-04,4.600585470970e-07
4.000000000000e-04,3.175870973204e-09
8.000000000000e-04,5.249740879727e-06
4.000000000000e-04,2.324047240510e-06
4.000000000000e-04,4.430196257536e-06
1.200000000000e-03,6.454538157301e-06
8.000000000000e-04,7.740059049006e-06
3.600000000000e-03,2.724449322038e-05
8.000000000000e-04,7.245578415771e-07
4.000000000000e-04,8.513993725170e-08
4.000000000000e-04,3.115984280566e-09
1.200000000000e-03,1.002693920675e-05
4.000000000000e-04,4.558842354494e-07
4.000000000000e-04,2.395898348099e-06
4.000000000000e-04,2.270825494222e-06
4.000000000000e-04,2.336172556359e-06
4.000000000000e-04,2.349797516903e-07
3.600000000000e-03,2.985566028823e-05
4.000000000000e-04,9.811958057847e-07
4.000000000000e-04,1.940584670075e-06
4.000000000000e-04,8.217988049495e-08
8.000000000000e-04,5.104819470236e-07
4.000000000000e-04,2.227455728204e-07
4.000000000000e-04,1.028257245952e-06
4.000000000000e-04,5.812051437376e-07
8.000000000000e-04,3.203141183734e-06
4.000000000000e-04,1.710194301855e-06
8.000000000000e-04,2.626600934048e-06
1.200000000000e-03,8.482917776419e-06
4.000000000000e-04,1.334156546068e-06
9.600000000000e-03,1.369735817509e-04
2.000000000000e-03,8.644102524400e-06
4.000000000000e-04,5.418654351141e-06
4.000000000000e-04,1.681549449695e-06
1.600000000000e-03,2.603461970235e-06
1.600000000000e-03,7.236546848520e-06
1.680000000000e-02,2.189512560132e-04
2.400000000000e-03,1.458305365502e-05
4.000000000000e-04,7.345393085801e-07
1.200000000000e-03,6.101721678059e-06
4.000000000000e-04,5.697374929144e-07
4.000000000000e-04,1.792890620843e-06
4.000000000000e-04,1.865072041586e-07
8.000000000000e-04,1.619278385904e-07
4.000000000000e-04,3.288127376358e-07
4.000000000000e-04,1.760799504040e-06
4.000000000000e-04,9.521570101337e-07
4.000000000000e-04,1.044327757737e-06
8.000000000000e-04,2.609359522933e-06
4.000000000000e-04,1.965025598848e-06
4.000000000000e-04,7.105932108147e-07
4.000000000000e-04,1.582434905578e-06
4.000000000000e-04,9.690436204060e-06
4.000000000000e-04,4.940299317572e-06
6.000000000000e-03,4.737292861764e-05
4.000000000000e-04,2.088711645198e-08
4.000000000000e-04,1.251762138431e-06
4.400000000000e-03,2.834935962949e-05
4.000000000000e-04,2.485104538109e-06
1.200000000000e-03,1.862189768324e-06
8.000000000000e-04,2.787413495811e-06
1.600000000000e-03,5.145879885673e-06
8.000000000000e-04,8.778834227688e-06
4.000000000000e-04,2.266996907326e-06
4.000000000000e-04,1.235326880935e-06
1.200000000000e-03,8.148517328666e-06
4.000000000000e-04,3.795689162483e-06
4.000000000000e-04,1.154881093946e-07
2.480000000000e-02,1.976272262195e-04
4.000000000000e-04,2.098741225720e-06
2.240000000000e-02,3.789120804652e-04
8.000000000000e-04,1.468021822969e-06
2.400000000000e-03,2.134905561666e-05
8.000000000000e-04,9.969753738609e-06
2.800000000000e-03,2.277266984369e-05
4.000000000000e-04,4.049630793754e-07
4.000000000000e-04,1.023012236420e-06
2.800000000000e-03,8.009867223836e-06
4.000000000000e-04,2.425096254589e-07
2.800000000000e-02,2.783410688543e-04
4.000000000000e-04,1.580507894745e-06
4.000000000000e-04,4.479508722027e-07
4.000000000000e-04,6.708703331126e-07
4.000000000000e-04,6.971197019141e-08
4.000000000000e-04,2.883496501031e-07
1.600000000000e-03,2.887957340706e-06
4.000000000000e-04,2.183100879232e-08
3.600000000000e-03,2.599107002736e-05
2.800000000000e-03,2.165968087605e-05
4.000000000000e-04,2.997241811585e-06
4.000000000000e-04,1.063084412877e-07
4.000000000000e-04,1.950814909304e-06
2.400000000000e-03,2.091748639438e-05
4.000000000000e-04,1.164418915638e-06
1.480000000000e-02,2.264931160826e-04
1.600000000000e-03,6.470835429639e-06
8.000000000000e-04,3.830285972592e-06
8.000000000000e-04,1.448297207822e-06
2.400000000000e-03,2.504904461764e-05
8.000000000000e-04,4.724221210689e-06
6.800000000000e-03,4.696874379225e-05
4.400000000000e-03,3.841949696875e-05
8.000000000000e-04,6.585575013426e-06
4.000000000000e-04,9.521573181060e-07
8.000000000000e-04,2.773230640510e-06
8.000000000000e-04,3.410222488530e-07
3.600000000000e-03,1.779011573449e-05
4.000000000000e-04,7.426708202953e-07
4.000000000000e-03,3.156655720727e-05
8.800000000000e-03,8.148192876113e-05
4.000000000000e-04,3.194440877256e-06
4.000000000000e-04,3.295731664476e-07
4.000000000000e-04,7.264558258985e-07
4.000000000000e-04,1.104888019561e-07
4.000000000000e-04,2.259676201203e-06
4.000000000000e-04,1.220167043366e-06
4.000000000000e-04,5.074495292311e-07
4.000000000000e-04,5.134595131204e-08
4.000000000000e-04,1.896534947908e-06
1.600000000000e-03,8.134393987125e-06
4.000000000000e-04,2.259053819132e-06
4.000000000000e-04,1.348382146653e-06
4.800000000000e-03,3.057079394102e-05
2.000000000000e-03,1.150754216215e-05
1.600000000000e-03,1.156751768624e-05
4.000000000000e-04,2.685214396407e-06
1.600000000000e-03,7.524800342817e-06
4.000000000000e-04,1.536880771670e-06
8.000000000000e-03,5.117993968924e-05
4.000000000000e-04,4.736102216107e-07
4.000000000000e-04,1.597309283180e-06
1.200000000000e-03,1.061508298523e-05
8.000000000000e-04,3.498340182050e-06
4.000000000000e-04,1.614273557874e-06
2.000000000000e-03,1.141041822890e-05
4.000000000000e-04,4.407273689367e-07
4.000000000000e-04,1.981768185848e-06
4.000000000000e-04,2.761621041318e-07
4.000000000000e-04,1.539997426193e-06
8.000000000000e-04,3.646780004562e-07
4.000000000000e-03,3.423854487022e-05
4.000000000000e-04,1.018491730466e-06
6.000000000000e-03,4.587986719359e-05
8.000000000000e-04,9.909631176201e-07
4.000000000000e-04,1.942711098998e-07
4.000000000000e-04,5.813166657265e-07
4.000000000000e-04,1.878978927482e-06
8.000000000000e-04,3.857761783104e-06
4.000000000000e-04,3.570901110281e-07
4.000000000000e-04,6.344718407591e-06
8.000000000000e-04,4.036933882448e-06
2.400000000000e-03,9.366414768673e-06
8.000000000000e-04,2.838860806978e-06
4.000000000000e-04,1.634709919575e-06
4.000000000000e-04,2.978529177861e-06
2.400000000000e-03,1.749230134069e-05
4.000000000000e-04,1.550936826815e-06
4.000000000000e-04,3.349924409244e-06
4.000000000000e-04,4.011362613299e-07
8.000000000000e-04,5.911109168208e-07
4.000000000000e-04,3.021201454729e-07
4.000000000000e-04,7.176869640545e-07
4.000000000000e-04,9.150808007714e-07
8.000000000000e-04,3.206069529941e-06
4.000000000000e-04,3.374018786081e-06
4.000000000000e-04,2.004024708354e-07
4.000000000000e-04,1.406684901779e-06
4.000000000000e-04,1.888346157080e-06
4.000000000000e-04,9.344797936086e-07
4.000000000000e-04,1.466767102726e-07
4.000000000000e-04,2.837452384789e-06
4.000000000000e-04,1.677844785257e-06
4.000000000000e-04,1.240155632545e-06
1.200000000000e-02,8.282346083944e-05
4.000000000000e-04,2.254349949197e-06
2.800000000000e-03,1.430390948098e-05
8.000000000000e-04,8.773065500319e-06
4.000000000000e-04,1.222286936159e-06
4.000000000000e-04,4.240064639290e-07
4.000000000000e-04,2.407355850542e-07
4.000000000000e-04,5.570477943888e-07
4.000000000000e-04,1.034182607341e-06
4.000000000000e-04,1.183096165021e-06
4.000000000000e-04,1.082028955642e-07
1.600000000000e-03,6.436939660801e-06
8.000000000000e-04,5.930041076965e-06
4.000000000000e-04,3.200481660406e-07
4.000000000000e-04,9.075750106341e-07
1.600000000000e-03,6.407213237528e-06
4.000000000000e-04,1.822712376698e-06
1.600000000000e-03,6.174167340424e-06
4.000000000000e-04,2.373195347571e-06
8.000000000000e-04,5.524644082811e-06
4.000000000000e-04,4.521573563039e-08
4.000000000000e-04,4.814993169755e-08
4.000000000000e-04,3.318804644641e-06
4.000000000000e-04,1.237254956341e-07
4.000000000000e-04,7.262128669643e-08
4.000000000000e-04,1.284935027657e-07
4.000000000000e-04,1.357274248985e-06
4.000000000000e-04,4.538389307587e-07
4.000000000000e-04,8.396228758033e-08
8.000000000000e-04,2.277161523534e-06
4.000000000000e-04,1.051513747572e-06
4.000000000000e-04,9.758210049486e-07
4.000000000000e-04,2.845849879038e-07
1.600000000000e-03,6.795972900476e-06
1.200000000000e-03,2.086577912697e-06
8.000000000000e-04,4.625632993071e-06
1.200000000000e-03,7.523448245244e-06
4.000000000000e-04,4.107320612576e-06
4.000000000000e-04,3.048711957835e-06
4.000000000000e-04,2.586919537537e-06
4.000000000000e-04,6.886120678309e-08
1.200000000000e-02,1.300971258193e-04
9.880000000000e-02,1.531691228735e-03
8.000000000000e-04,5.221998519340e-08
1.200000000000e-03,2.744925318777e-06
4.000000000000e-04,5.583741027965e-07
4.000000000000e-04,3.531736726862e-07
1.200000000000e-03,8.818812785845e-06
4.000000000000e-04,1.322902615658e-06
4.000000000000e-04,1.780443438287e-07
2.400000000000e-03,1.887809672149e-05
4.000000000000e-04,2.690682855684e-07
4.000000000000e-04,1.552208463199e-07
1.200000000000e-03,2.310234302424e-06
4.000000000000e-04,3.892890561474e-07
4.000000000000e-04,1.179055224227e-07
4.000000000000e-04,6.442172746637e-07
8.000000000000e-04,2.924083112031e-06
8.000000000000e-04,8.556767980634e-06
4.000000000000e-04,2.066754949768e-06
4.000000000000e-04,2.979091419882e-06
1.600000000000e-03,9.211700657002e-06
2.000000000000e-03,9.435914888425e-06
8.000000000000e-04,1.704346071942e-06
4.000000000000e-04,5.193832964844e-07
4.000000000000e-04,7.339404815503e-08
4.000000000000e-04,3.847813191858e-07
4.000000000000e-04,2.750896762315e-06
4.000000000000e-04,1.072907075407e-06
8.000000000000e-04,3.670343101220e-06
4.400000000000e-03,4.738187299209e-05
4.000000000000e-04,1.527648200997e-06
8.000000000000e-04,6.194643508308e-06
5.600000000000e-03,4.515050097536e-05
4.000000000000e-04,2.330163431236e-06
4.000000000000e-04,6.497179983339e-07
4.000000000000e-04,1.857119113105e-07
4.000000000000e-04,2.321978158635e-07
4.000000000000e-04,6.161383642306e-07
1.200000000000e-03,8.112618729069e-06
4.000000000000e-04,4.737014066157e-07
8.000000000000e-04,3.175353074289e-06
2.000000000000e-03,1.657023577937e-05
4.000000000000e-04,1.032519792266e-06
4.000000000000e-04,2.806326354049e-06
3.200000000000e-03,1.914325120978e-05
4.000000000000e-04,4.205959818829e-07
1.200000000000e-03,8.005003417314e-06
4.000000000000e-04,2.437446045348e-06
4.000000000000e-04,3.385484342901e-06
4.000000000000e-04,8.331129300700e-07
4.000000000000e-04,6.638899799200e-07
8.000000000000e-04,3.147644081557e-06
4.000000000000e-04,2.540753923406e-06
1.600000000000e-03,5.699138169828e-06
4.000000000000e-04,1.202839973919e-06
4.000000000000e-04,2.028569088015e-06
8.000000000000e-04,3.192534420164e-06
1.600000000000e-03,6.210610590365e-06
2.800000000000e-03,1.333671458862e-05
4.000000000000e-04,2.251826987783e-06
8.000000000000e-04,3.083518721737e-06
8.000000000000e-04,5.449182846947e-06
4.000000000000e-04,7.686937255379e-07
1.200000000000e-03,9.159359840399e-06
1.200000000000e-03,4.310365212551e-06
4.000000000000e-04,1.530127665667e-06
4.000000000000e-04,3.757786424008e-09
1.040000000000e-02,1.078435753365e-04
8.000000000000e-04,3.084373099638e-06
4.000000000000e-04,4.747600634504e-07
4.000000000000e-04,3.961087949393e-07
4.000000000000e-04,2.884630116063e-06
4.000000000000e-04,5.898716440153e-07
4.000000000000e-04,6.496161318414e-07
6.000000000000e-03,2.280312696268e-05
4.000000000000e-04,2.509757748905e-06
4.000000000000e-04,2.499965058696e-06
4.000000000000e-04,9.349182117254e-07
4.000000000000e-04,4.823111980671e-07
4.000000000000e-04,9.898414840753e-07
4.000000000000e-04,1.155226146597e-06
4.000000000000e-04,5.664327037730e-07
9.600000000000e-03,7.066416204599e-05
4.000000000000e-04,5.787141751335e-07
4.000000000000e-04,1.377782511427e-06
4.000000000000e-04,1.871800619624e-06
4.000000000000e-04,5.248898028115e-07
4.000000000000e-04,9.996166664551e-07
2.000000000000e-03,9.745408515718e-06
1.200000000000e-03,6.103484697133e-06
4.000000000000e-04,1.036685393501e-06
4.000000000000e-04,3.130592382495e-06
8.000000000000e-04,4.213620159536e-06
8.000000000000e-04,1.160347050878e-06
8.000000000000e-04,5.381369377273e-06
4.000000000000e-04,3.011283975257e-06
1.200000000000e-03,5.642311985517e-06
4.000000000000e-04,1.214504140728e-06
4.000000000000e-04,6.213139351199e-07
4.000000000000e-04,2.688230151784e-06
8.000000000000e-04,3.808243232276e-06
4.000000000000e-04,2.131919764730e-08
4.000000000000e-04,1.137660201950e-06
4.000000000000e-04,1.239370844033e-06
4.000000000000e-04,1.275013851853e-06
4.000000000000e-04,3.792066634091e-06
4.000000000000e-04,1.189633466848e-06
4.000000000000e-04,8.617228533597e-07
4.000000000000e-04,9.338017684880e-07
8.000000000000e-03,8.353274042126e-05
4.000000000000e-04,1.464649721402e-06
4.000000000000e-04,1.535479283064e-06
4.000000000000e-04,8.460123846650e-07
8.000000000000e-04,2.044637654506e-06
8.000000000000e-04,6.887444749163e-06
4.000000000000e-04,2.248712642740e-06
4.000000000000e-04,2.432587971560e-06
1.600000000000e-03,1.289311550035e-05
2.800000000000e-03,2.226502576990e-05
8.000000000000e-04,3.376244769245e-06
8.000000000000e-04,2.619236481414e-06
4.000000000000e-04,3.912468053021e-07
3.600000000000e-03,1.729981523165e-05
4.000000000000e-04,3.859232687104e-07
4.000000000000e-04,4.476718239092e-06
1.200000000000e-03,2.172727990458e-06
4.000000000000e-04,9.887492373083e-07
4.000000000000e-04,1.742355172289e-08
4.000000000000e-04,1.038973660868e-06
3.200000000000e-03,3.806091662968e-05
1.600000000000e-03,1.018189627076e-05
4.000000000000e-04,2.974224728771e-07
4.000000000000e-04,4.207350790228e-07
2.400000000000e-03,9.735706676068e-06
8.000000000000e-04,2.173487436720e-06
1.200000000000e-03,4.133441506456e-06
4.000000000000e-04,7.244120956964e-08
1.200000000000e-03,5.931532874682e-06
4.000000000000e-04,1.320618210092e-07
4.000000000000e-04,5.989770148056e-07
4.000000000000e-04,5.412978788611e-06
4.000000000000e-04,1.516068003331e-06
4.600000000000e-02,7.139421196555e-04
2.400000000000e-03,1.967658947327e-05
8.000000000000e-04,1.652006433314e-06
8.000000000000e-04,4.795892339725e-06
4.000000000000e-04,1.637839464653e-06
4.000000000000e-04,1.415718674011e-06
4.000000000000e-04,1.329045384327e-06
4.000000000000e-04,1.314065195809e-07
1.200000000000e-03,1.209126276554e-05
4.000000000000e-04,1.406350438701e-06
1.600000000000e-03,1.114360222774e-05
4.000000000000e-04,2.072592894705e-06
4.000000000000e-04,7.717102475406e-08
4.000000000000e-04,1.319826648737e-06
2.000000000000e-03,6.901310547930e-06
4.000000000000e-04,1.426446178935e-06
7.200000000000e-03,6.672017781347e-05
2.000000000000e-03,1.186513366026e-05
4.000000000000e-04,6.188367797804e-07
1.200000000000e-03,2.089314583450e-06
1.600000000000e-03,7.789766512436e-06
1.200000000000e-03,5.679644720710e-06
1.600000000000e-03,6.553386882630e-06
1.200000000000e-03,2.219984774772e-06
4.000000000000e-04,2.367683329058e-06
4.000000000000e-04,7.757572653270e-08
4.000000000000e-04,1.021990297678e-06
4.000000000000e-04,1.083909089144e-06
4.000000000000e-04,2.685141864866e-06
4.000000000000e-04,1.825061837004e-06
4.000000000000e-04,3.220592307811e-07
4.000000000000e-04,4.124905994183e-06
4.000000000000e-04,2.437976005966e-06
4.000000000000e-04,2.255047460079e-06
4.000000000000e-04,4.521819386131e-07
8.000000000000e-04,2.942866675648e-06
1.600000000000e-03,1.439597583664e-05
4.000000000000e-04,3.940031562908e-07
8.000000000000e-04,3.323655279531e-06
4.000000000000e-04,1.342837696538e-06
1.200000000000e-03,5.468247003799e-06
4.000000000000e-04,2.313254776286e-07
1.600000000000e-03,4.732397784307e-06
8.000000000000e-04,1.318738674548e-06
4.000000000000e-04,1.054624339324e-06
4.000000000000e-04,1.594952158013e-06
1.200000000000e-03,1.657127474350e-06
1.200000000000e-03,3.963858814920e-06
1.600000000000e-03,7.328850968585e-06
7.200000000000e-03,6.306563425497e-05
8.000000000000e-04,2.688427045221e-06
3.600000000000e-03,1.520440858978e-05
4.000000000000e-04,8.158655956834e-07
4.000000000000e-04,4.891440739382e-07
1.200000000000e-03,7.249721310247e-06
4.000000000000e-04,2.913480726838e-06
4.000000000000e-04,1.408425730874e-06
4.000000000000e-04,2.103641664464e-06
1.200000000000e-03,9.750204851969e-06
4.000000000000e-04,5.170642155872e-08
2.800000000000e-03,1.306818787541e-05
8.000000000000e-04,1.952529628951e-06
8.000000000000e-04,3.802762090792e-06
4.000000000000e-04,1.762000144403e-06
8.800000000000e-03,8.091894830074e-05
4.000000000000e-04,1.217139331768e-07
3.600000000000e-03,1.816416451658e-05
4.000000000000e-04,2.395503840611e-06
4.000000000000e-04,2.073659974076e-06
4.000000000000e-04,3.214441168568e-07
3.600000000000e-03,3.200340751926e-05
4.000000000000e-04,2.700011175683e-06
4.000000000000e-04,7.227120272679e-10
1.200000000000e-03,4.406496989801e-06
4.000000000000e-04,8.953357734601e-07
4.000000000000e-04,8.057454862406e-07
4.000000000000e-04,8.207120984436e-07
4.000000000000e-04,1.228981859392e-06
4.000000000000e-04,8.888958409820e-07
4.000000000000e-04,5.299745401856e-07
4.000000000000e-04,1.071611535106e-06
1.160000000000e-02,1.001394495048e-04
4.000000000000e-04,8.562471836321e-07
4.000000000000e-04,8.570525234686e-09
4.000000000000e-04,4.061259711423e-07
4.000000000000e-04,3.357321481970e-06
4.000000000000e-04,6.598940518956e-08
1.200000000000e-03,6.187408496589e-06
4.640000000000e-02,8.116501579929e-04
8.000000000000e-03,8.208785373154e-05
4.000000000000e-04,3.851563343002e-06
4.000000000000e-04,3.194542815661e-08
4.000000000000e-04,4.980711313006e-07
4.000000000000e-04,1.264989863631e-06
4.000000000000e-04,2.387741571851e-07
1.200000000000e-03,5.649203751665e-06
4.000000000000e-04,3.563617793649e-07
4.000000000000e-04,4.848119721852e-07
4.000000000000e-04,1.788963552252e-06
4.000000000000e-04,1.022583907421e-06
1.600000000000e-03,9.775513096908e-06
4.000000000000e-04,1.074611691133e-06
4.000000000000e-04,6.794322377916e-07
4.000000000000e-04,4.078416169649e-06
4.000000000000e-04,1.538377806653e-07
4.000000000000e-04,8.168346533771e-07
4.000000000000e-04,5.646141202684e-07
4.000000000000e-04,1.168626333586e-06
4.000000000000e-04,6.793950628447e-07
4.000000000000e-04,2.556248205891e-06
4.000000000000e-04,2.296834035005e-06
4.000000000000e-04,5.258781475811e-06
8.000000000000e-04,9.167889576469e-06
4.000000000000e-04,4.564518288827e-07
4.000000000000e-04,1.383872585423e-06
3.200000000000e-03,2.040214241108e-05
4.000000000000e-04,3.231720722185e-09
4.000000000000e-04,9.590968114172e-07
8.000000000000e-04,1.445053501070e-06
4.000000000000e-04,3.525395429688e-06
8.000000000000e-04,3.858065836544e-06
8.000000000000e-04,3.706555618570e-06
4.000000000000e-04,2.573635122438e-06
4.000000000000e-04,1.409424997201e-08
4.000000000000e-04,5.993903155963e-07
3.600000000000e-03,2.551785946892e-05
4.000000000000e-04,8.949108712495e-08
4.000000000000e-04,4.096330812691e-06
4.000000000000e-04,1.108574673490e-06
4.400000000000e-03,3.402977129364e-05
8.000000000000e-04,2.383489368068e-06
4.000000000000e-04,8.276421011292e-07
4.000000000000e-04,2.863528437415e-07
4.000000000000e-04,2.071677851699e-06
4.000000000000e-03,3.301837539911e-05
4.000000000000e-04,4.797861561083e-07
4.000000000000e-04,2.519068071724e-06
4.000000000000e-04,4.490139115965e-06
8.000000000000e-04,9.639740319359e-06
5.600000000000e-03,6.474120997845e-05
1.600000000000e-03,1.196283152361e-05
4.000000000000e-04,8.107351677866e-08
2.240000000000e-02,4.243993370670e-04
1.600000000000e-03,5.518164779686e-06
4.000000000000e-04,6.060664714444e-07
6.400000000000e-03,6.523270810973e-05
4.000000000000e-04,9.956169106850e-07
4.000000000000e-04,3.092375166040e-06
1.600000000000e-03,6.573101327946e-06
8.000000000000e-04,4.168636135759e-06
8.000000000000e-04,2.126275730484e-06
1.200000000000e-03,3.854994539855e-06
4.000000000000e-04,4.545338448376e-07
4.000000000000e-04,3.725742386580e-08
4.000000000000e-04,1.060016472521e-06
1.200000000000e-03,2.249712134925e-06
1.200000000000e-03,7.356356243070e-06
2.000000000000e-03,1.252820158137e-05
1.200000000000e-03,3.535623311389e-06
4.000000000000e-04,1.113908215621e-06
8.000000000000e-04,1.054547111947e-06
8.000000000000e-04,1.247310632612e-05
8.000000000000e-04,4.965020142761e-06
4.000000000000e-04,1.045404768666e-06
5.600000000000e-03,4.244589942299e-05
8.000000000000e-04,2.787146675820e-06
4.000000000000e-04,1.614926314194e-06
4.000000000000e-04,1.779183162876e-07
4.000000000000e-04,1.350268163056e-06
2.160000000000e-02,2.895422351348e-04
2.000000000000e-03,1.343963454950e-05
2.000000000000e-03,9.774597840432e-06
4.000000000000e-04,1.029801847240e-06
4.000000000000e-04,5.577357608742e-07
1.200000000000e-03,5.980103665722e-06
4.000000000000e-04,2.585791280675e-07
8.000000000000e-04,5.514890779913e-06
4.000000000000e-04,8.484063863440e-07
2.760000000000e-02,5.726151066042e-04
4.000000000000e-04,2.659930269493e-08
2.000000000000e-03,1.144472812523e-05
8.000000000000e-04,2.233881328541e-06
8.000000000000e-04,1.522257254150e-06
3.920000000000e-02,7.832059673561e-04
4.000000000000e-04,2.873176568182e-07
4.000000000000e-04,2.078463874410e-06
2.400000000000e-03,1.004044324384e-05
1.600000000000e-03,1.465085532075e-05
4.000000000000e-04,3.759752789084e-07
2.400000000000e-03,1.333077666501e-05
4.000000000000e-04,1.385577607022e-06
4.000000000000e-04,1.013890802462e-08
1.600000000000e-03,1.842587746763e-06
4.000000000000e-04,9.504977235292e-07
4.000000000000e-04,2.823184347891e-08
4.000000000000e-04,8.892346301821e-07
8.000000000000e-04,2.104232658390e-06
4.000000000000e-04,2.012239538446e-06
4.000000000000e-04,1.089356273317e-06
4.000000000000e-04,1.515021381456e-06
2.400000000000e-03,9.336470243676e-06
8.000000000000e-04,2.576556724819e-06
8.000000000000e-04,4.358737435262e-06
4.000000000000e-04,2.622001843678e-07
4.000000000000e-04,1.002831789842e-06
8.000000000000e-04,7.335667828111e-06
4.000000000000e-04,4.863194271985e-07
4.000000000000e-04,2.160032186932e-06
8.000000000000e-04,5.339990097941e-06
4.000000000000e-04,2.247331592270e-06
1.200000000000e-02,1.331702057909e-04
4.000000000000e-04,1.301776810057e-06
4.000000000000e-04,1.459465797413e-07
1.480000000000e-02,2.500837704935e-04
4.000000000000e-04,4.758629400599e-08
4.000000000000e-04,9.435571837024e-07
4.000000000000e-04,2.774402609237e-07
4.000000000000e-04,1.008662209198e-06
4.000000000000e-04,2.183836047983e-06
4.000000000000e-04,1.116119457049e-07
1.200000000000e-03,7.845285088568e-06
8.000000000000e-04,2.821867350859e-06
4.000000000000e-04,6.221481377297e-07
8.000000000000e-04,6.776392123447e-06
8.000000000000e-04,8.352377140742e-06
8.000000000000e-04,2.231336086635e-06
4.000000000000e-04,1.834639485259e-07
4.000000000000e-04,1.465106561542e-06
2.000000000000e-03,9.022211053515e-06
4.000000000000e-04,2.230012048674e-06
4.000000000000e-04,8.318706597516e-07
4.000000000000e-04,3.039933098921e-07
4.000000000000e-04,2.198713585070e-07
4.000000000000e-04,7.364541398849e-07
4.000000000000e-04,4.783887571899e-07
4.000000000000e-04,1.692902352242e-06
4.000000000000e-04,6.500234593355e-07
7.600000000000e-03,8.645727001288e-05
4.000000000000e-04,8.307479607581e-07
4.000000000000e-04,5.239502996879e-07
1.200000000000e-03,2.280455563552e-06
1.720000000000e-02,1.728769849821e-04
4.000000000000e-04,4.513045754828e-07
4.000000000000e-04,3.471932409861e-07
1.200000000000e-03,9.040019210177e-06
6.000000000000e-03,7.558044207011e-05
4.000000000000e-04,1.554444431635e-07
8.000000000000e-03,9.673721554752e-05
8.000000000000e-04,1.586556690323e-06
4.000000000000e-04,1.733856334703e-06
3.600000000000e-03,3.852060115479e-05
4.000000000000e-04,1.046068793912e-06
8.000000000000e-04,7.873812707376e-06
4.000000000000e-04,5.972039179504e-06
4.000000000000e-04,1.510347752855e-07
4.000000000000e-04,1.005201070538e-06
4.000000000000e-04,3.619862129307e-07
3.200000000000e-03,3.913271272364e-05
4.000000000000e-04,8.564519577990e-07
4.000000000000e-04,6.128340169770e-07
8.000000000000e-04,2.646264998843e-06
7.600000000000e-03,1.131771427683e-04
1.600000000000e-03,7.052576773337e-06
1.600000000000e-03,6.140921774291e-06
2.800000000000e-03,2.122624327522e-05
4.000000000000e-04,1.449938969876e-07
1.600000000000e-03,1.501646434287e-05
4.000000000000e-04,1.939279507930e-06
8.000000000000e-04,2.618899254360e-06
2.000000000000e-03,1.760552317930e-05
4.800000000000e-03,5.716789460575e-05
4.000000000000e-04,2.892601493627e-07
4.000000000000e-04,3.790332185620e-08
4.000000000000e-04,2.780578599907e-06
4.000000000000e-04,3.217646695119e-06
4.000000000000e-04,9.912185749072e-07
1.200000000000e-03,6.324517177561e-06
8.000000000000e-04,3.260268977204e-06
1.600000000000e-03,1.292917054585e-05
8.000000000000e-04,2.597883511674e-06
4.000000000000e-04,5.102954211435e-07
4.000000000000e-04,1.457381232790e-07
4.000000000000e-04,5.743139342490e-06
8.000000000000e-04,1.278033473713e-06
4.000000000000e-04,7.815097932846e-07
4.000000000000e-04,2.981067298405e-06
4.000000000000e-04,6.749742561696e-07
8.000000000000e-04,7.727187454911e-06
4.000000000000e-04,2.705100980397e-06
4.000000000000e-04,2.365132589267e-06
4.000000000000e-04,2.379709723015e-06
4.000000000000e-04,7.154424346662e-07
8.000000000000e-04,9.079217981696e-06
4.000000000000e-04,2.629698883189e-06
4.000000000000e-04,1.034869663952e-06
4.000000000000e-04,2.166898313435e-06
4.000000000000e-04,2.407735504204e-06
2.400000000000e-03,1.526273613872e-05
2.720000000000e-01,7.773684890082e-03
1.528000000000e-01,5.257896998323e-03
2.800000000000e-03,2.991467277415e-05
1.136400000000e+00,5.420165688383e-02
2.040000000000e-02,2.532711194179e-04
1.600000000000e-02,1.893201369029e-04
3.600000000000e-03,2.150820264393e-05
8.000000000000e-04,1.830704852594e-06
9.200000000000e-03,9.491528994943e-05
1.312000000000e-01,2.191969630175e-03
4.000000000000e-04,3.220927444288e-06
2.800000000000e-03,1.313416960324e-05
2.600000000000e-02,3.010901077012e-04
4.000000000000e-04,2.150012142412e-06
4.000000000000e-04,1.211088065248e-06
4.000000000000e-04,4.028016847040e-07
4.000000000000e-04,1.479271456666e-06
8.000000000000e-04,2.064745166527e-06
4.000000000000e-04,3.247427499538e-07
8.000000000000e-04,3.394446380545e-07
8.000000000000e-04,1.630967940014e-06
4.000000000000e-04,1.941043157088e-06
8.400000000000e-03,5.725835583687e-05
4.000000000000e-04,8.488042628485e-08
4.000000000000e-04,5.215472972874e-07
4.000000000000e-04,7.061682071914e-08
4.000000000000e-04,2.294482816235e-06
4.000000000000e-04,2.791033178365e-07
4.000000000000e-04,5.398664631041e-07
1.200000000000e-03,4.721275814844e-06
4.000000000000e-04,2.818441902810e-06
4.000000000000e-04,3.145366218776e-06
4.000000000000e-04,1.813722329863e-06
4.000000000000e-03,2.564679022777e-05
4.000000000000e-04,3.205993498778e-06
4.000000000000e-04,5.618808104791e-07
4.000000000000e-04,2.552087040470e-07
1.200000000000e-03,4.659551499343e-06
4.000000000000e-04,1.690301487536e-06
8.000000000000e-04,1.194615618912e-06
4.000000000000e-04,1.077587179221e-07
4.000000000000e-04,2.972091417435e-06
4.000000000000e-04,2.149111807113e-06
4.000000000000e-04,5.825878976359e-08
4.000000000000e-04,1.400898570912e-07
4.000000000000e-04,2.767317602207e-07
4.000000000000e-04,2.038900569614e-07
4.000000000000e-04,1.861615829645e-06
8.000000000000e-04,8.161206535027e-06
4.000000000000e-04,5.016491400070e-06
4.000000000000e-04,1.186784117080e-07
4.000000000000e-04,3.079653900905e-07
4.000000000000e-04,1.302383316725e-06
4.000000000000e-04,1.584994723385e-06
4.000000000000e-04,2.947134199630e-06
4.000000000000e-04,1.097367473323e-06
8.000000000000e-04,1.320723276907e-06
4.000000000000e-04,1.510720068963e-06
4.000000000000e-04,2.445858415878e-06
8.000000000000e-04,2.092336004784e-06
4.000000000000e-04,1.146053044601e-06
4.000000000000e-04,2.649855151221e-06
8.000000000000e-04,4.041959630412e-06
4.000000000000e-04,1.220257648319e-06
8.000000000000e-04,2.659340965516e-06
4.000000000000e-04,2.441465328140e-07
1.200000000000e-03,4.452821619860e-06
2.400000000000e-03,1.208537738149e-05
1.200000000000e-03,4.272241211040e-06
4.000000000000e-04,9.141807141080e-07
4.000000000000e-04,9.408825174208e-08
1.600000000000e-03,5.413100520950e-06
2.400000000000e-03,1.911576715171e-05
8.000000000000e-04,3.550920088757e-06
2.400000000000e-03,1.970071768688e-05
4.000000000000e-04,2.305025078317e-06
4.000000000000e-04,1.474715769175e-06
4.000000000000e-04,3.154545095647e-06
4.000000000000e-04,1.743022898796e-06
1.600000000000e-03,5.067669147731e-06
4.000000000000e-04,9.109589180002e-07
4.000000000000e-04,2.630125167903e-06
8.000000000000e-04,4.064578754676e-06
4.000000000000e-04,5.732784826221e-07
8.000000000000e-04,4.606161627102e-06
4.000000000000e-04,3.242458086534e-06
4.000000000000e-04,1.350805352433e-07
4.108000000000e-01,1.158028930451e-02
8.000000000000e-04,3.442484210397e-06
4.000000000000e-04,8.098685258532e-07
8.000000000000e-04,2.409222601602e-06
4.000000000000e-04,1.528654892836e-06
4.000000000000e-04,1.144574940268e-06
4.000000000000e-04,1.641737184950e-06
4.000000000000e-04,1.157795840552e-06
1.200000000000e-03,1.265413528977e-06
4.000000000000e-04,2.004921426678e-07
1.200000000000e-03,3.637114345888e-06
4.000000000000e-04,9.125854846770e-07
4.000000000000e-04,1.058045158030e-06
1.600000000000e-03,2.839863345162e-06
4.000000000000e-04,4.326054462311e-06
8.000000000000e-04,3.919473379667e-07
4.000000000000e-04,3.314822230805e-06
4.000000000000e-04,1.892850252653e-06
1.600000000000e-03,5.173400170644e-06
2.800000000000e-03,1.749820566634e-05
8.000000000000e-04,2.796847347489e-06
4.000000000000e-04,2.139888496652e-08
4.000000000000e-04,2.119374391695e-06
2.400000000000e-03,1.951778013568e-05
4.000000000000e-04,2.909563218302e-06
4.000000000000e-04,1.288988796127e-06
4.000000000000e-04,3.160350332320e-06
8.000000000000e-04,2.593650095736e-06
8.000000000000e-04,8.581622162586e-06
2.400000000000e-03,2.861221687782e-05
4.000000000000e-04,9.098447626183e-07
4.000000000000e-04,4.078400745532e-07
4.000000000000e-04,3.469140089556e-06
8.000000000000e-04,5.315172942594e-06
4.000000000000e-04,3.061421318339e-07
8.000000000000e-04,2.583652879895e-06
8.000000000000e-04,3.734472986733e-06
4.000000000000e-04,1.771062427820e-06
4.000000000000e-04,4.941035353662e-08
4.000000000000e-04,8.825120671289e-11
8.000000000000e-04,2.600832847923e-06
8.800000000000e-03,4.474612336099e-05
1.200000000000e-03,4.403800796433e-06
4.000000000000e-04,4.923927012572e-07
4.000000000000e-04,3.523044246993e-06
4.000000000000e-04,1.376570580535e-06
4.000000000000e-04,1.255856574535e-06
1.200000000000e-03,2.739252642056e-06
4.000000000000e-04,1.667137041400e-06
1.600000000000e-03,8.230838701975e-06
4.000000000000e-04,2.099076331559e-06
4.000000000000e-04,5.301862990986e-07
8.000000000000e-04,3.379761152709e-06
4.000000000000e-04,2.022740972159e-07
3.600000000000e-03,4.843867068366e-05
1.760000000000e-02,1.961921195670e-04
1.600000000000e-03,6.434555963993e-06
4.000000000000e-04,2.794950186870e-06
4.000000000000e-04,8.537595122632e-07
4.000000000000e-04,1.623859079614e-06
4.000000000000e-04,2.826494212441e-06
4.000000000000e-04,7.636790997002e-07
8.000000000000e-04,5.267956857410e-06
8.400000000000e-03,1.092650275969e-04
2.000000000000e-03,1.480592847955e-05
8.000000000000e-04,1.082968053934e-06
8.000000000000e-04,4.847770437167e-06
4.000000000000e-04,4.260630665774e-07
4.000000000000e-04,2.457552429091e-06
4.000000000000e-04,5.707920256086e-06
2.400000000000e-03,1.510167310261e-05
1.320000000000e-02,9.470613579867e-05
4.000000000000e-04,1.112536949066e-07
8.000000000000e-04,7.143075530435e-06
8.000000000000e-04,2.837344619440e-06
2.880000000000e-02,2.336899625385e-04
4.000000000000e-04,4.867410685653e-07
4.000000000000e-04,2.914581041112e-06
4.000000000000e-04,2.033956601430e-06
4.000000000000e-04,8.978740459265e-07
4.000000000000e-04,2.005153712903e-06
4.000000000000e-04,1.014565760391e-06
4.000000000000e-04,4.417502866834e-07
4.000000000000e-04,2.943903885256e-06
4.000000000000e-04,3.207409069263e-06
2.400000000000e-03,1.274089626334e-05
4.000000000000e-04,6.159905052631e-08
4.000000000000e-04,2.165305482519e-08
4.000000000000e-04,4.311074185089e-06
4.000000000000e-04,2.260701564999e-06
8.000000000000e-04,3.021379878256e-06
4.000000000000e-04,1.066237752503e-06
4.000000000000e-04,5.389881647119e-07
4.800000000000e-03,3.581001554229e-05
4.000000000000e-04,1.398275978441e-06
4.000000000000e-04,3.630752218576e-06
8.000000000000e-04,2.591708482352e-06
1.200000000000e-03,6.712485004605e-06
1.200000000000e-03,6.812908845474e-06
4.400000000000e-03,4.562086489784e-05
4.000000000000e-04,2.166025199533e-06
3.200000000000e-03,1.966041730263e-05
4.000000000000e-04,1.249782906213e-06
4.000000000000e-04,2.705050497585e-06
4.000000000000e-04,3.575547985968e-06
2.400000000000e-03,8.905954537734e-06
8.000000000000e-04,6.665312874258e-06
8.000000000000e-04,2.154890072963e-06
4.000000000000e-04,2.394746290459e-06
4.000000000000e-04,4.164878952956e-07
4.000000000000e-04,3.527617116001e-06
8.000000000000e-04,4.801268973329e-06
1.760000000000e-02,2.195018910528e-04
4.000000000000e-04,2.208952869880e-06
4.000000000000e-04,8.872151585562e-07
4.000000000000e-04,3.727838545814e-07
4.000000000000e-04,4.164608830719e-07
4.000000000000e-04,1.140596261036e-06
4.000000000000e-04,7.459157970154e-08
1.200000000000e-03,5.819199434109e-06
4.000000000000e-04,2.304253970381e-06
4.000000000000e-04,1.080676391389e-06
4.000000000000e-04,2.812742965257e-06
4.000000000000e-04,6.158647407931e-07
8.000000000000e-04,3.349006941572e-06
4.000000000000e-04,3.251984606523e-07
2.400000000000e-03,2.721022162560e-05
1.200000000000e-03,2.721771698703e-06
4.000000000000e-04,3.909214136511e-07
1.600000000000e-03,5.718159839391e-06
4.000000000000e-04,1.009063652066e-06
2.000000000000e-03,5.240001393088e-06
1.600000000000e-03,1.230567250458e-05
1.600000000000e-03,4.345293749592e-06
4.000000000000e-04,1.705791726834e-06
4.000000000000e-04,1.390725906547e-06
4.000000000000e-04,8.379985389393e-07
8.000000000000e-04,3.783308473836e-06
4.000000000000e-04,1.690553879386e-06
4.000000000000e-04,9.602057536444e-07
4.000000000000e-04,8.760065059765e-07
4.000000000000e-04,5.538391444797e-08
4.000000000000e-04,1.992439105067e-07
4.000000000000e-04,1.213356046967e-06
4.000000000000e-04,8.732022343392e-07
4.000000000000e-04,2.627380256481e-06
2.520000000000e-02,2.352432400381e-04
4.000000000000e-04,1.747177558472e-06
4.000000000000e-04,1.274781020376e-06
8.000000000000e-04,1.584101888109e-06
4.000000000000e-04,3.476701099667e-07
4.000000000000e-04,1.044185573020e-06
4.000000000000e-04,2.185774924098e-06
1.200000000000e-03,5.378374989225e-06
5.200000000000e-03,3.864972907664e-05
4.000000000000e-04,1.171297341757e-06
4.000000000000e-04,5.818316517486e-08
8.000000000000e-04,5.156313225029e-07
4.000000000000e-04,1.653552244081e-06
4.000000000000e-04,6.105814019218e-08
4.000000000000e-04,1.783427562438e-06
1.200000000000e-03,5.400016771361e-06
4.000000000000e-04,9.824587652030e-07
4.000000000000e-04,1.521822729504e-07
4.000000000000e-04,2.020278311993e-07
1.200000000000e-03,7.475271389935e-06
4.000000000000e-04,2.900009375069e-06
8.000000000000e-04,4.073169069807e-06
1.600000000000e-03,9.784925122233e-06
4.000000000000e-04,2.224225937424e-06
4.000000000000e-04,2.004766100750e-06
4.000000000000e-04,1.671878113082e-06
4.000000000000e-04,4.807379378975e-06
1.440000000000e-02,1.049173122677e-04
4.000000000000e-04,1.869081379806e-06
4.000000000000e-04,9.954880311262e-07
1.116000000000e-01,1.972957919642e-03
1.200000000000e-03,5.679470435560e-06
4.000000000000e-04,1.080084662791e-06
8.000000000000e-04,1.259645604865e-06
4.000000000000e-04,1.128272963931e-06
8.400000000000e-03,9.139059037955e-05
1.200000000000e-03,1.611093181838e-06
2.400000000000e-03,1.809386290892e-05
4.000000000000e-04,1.296944811421e-06
4.000000000000e-04,4.543350114678e-07
2.400000000000e-03,1.172991978877e-05
2.400000000000e-03,1.597639805610e-05
8.000000000000e-04,4.122728384046e-06
4.000000000000e-04,1.216949388126e-06
4.000000000000e-04,1.134390203107e-07
4.000000000000e-04,1.861931113220e-06
8.000000000000e-04,5.159187224015e-06
1.600000000000e-03,3.878197435826e-06
4.000000000000e-04,8.452975363490e-07
4.000000000000e-04,2.534811323995e-06
1.600000000000e-03,6.416967619677e-06
4.000000000000e-04,1.767834501671e-06
2.400000000000e-03,1.008183896992e-05
4.000000000000e-04,7.081920239859e-07
4.000000000000e-04,1.676110304395e-06
4.000000000000e-04,1.374891744605e-06
1.200000000000e-03,2.279635699387e-06
1.200000000000e-03,9.785939850290e-06
4.000000000000e-04,2.262958963382e-06
8.000000000000e-04,5.402719031270e-06
4.000000000000e-04,1.304551073016e-06
4.000000000000e-04,1.093578704624e-06
8.000000000000e-04,2.481146704917e-06
4.000000000000e-04,1.331278859271e-06
4.000000000000e-04,3.983893972794e-06
4.000000000000e-04,1.120725138563e-06
4.000000000000e-04,4.492977449025e-07
4.400000000000e-03,2.503908604314e-05
8.000000000000e-04,1.013823739802e-06
4.000000000000e-04,1.502306695658e-06
6.000000000000e-03,4.651939076700e-05
4.000000000000e-04,2.796595374830e-08
4.000000000000e-04,4.772900899805e-07
8.000000000000e-04,4.395797927952e-06
4.000000000000e-04,2.914689351113e-06
4.000000000000e-04,1.789046447906e-06
4.000000000000e-04,1.402407012420e-06
4.000000000000e-04,1.055833875761e-06
4.000000000000e-04,6.563486545826e-08
8.000000000000e-04,3.833406108486e-06
4.000000000000e-04,2.071739095151e-06
4.000000000000e-04,8.424853394325e-07
4.000000000000e-04,2.661954510814e-06
4.000000000000e-04,4.735713503810e-07
4.000000000000e-04,1.522653702173e-06
4.000000000000e-04,2.899482513965e-06
4.000000000000e-04,2.192760133129e-06
4.000000000000e-04,3.602061411534e-06
4.000000000000e-04,5.791019513015e-07
4.000000000000e-04,2.720480816811e-06
8.000000000000e-04,4.329533114923e-06
4.000000000000e-04,2.663687399907e-07
4.000000000000e-04,7.526702884324e-07
4.000000000000e-04,1.662453711050e-06
4.000000000000e-03,2.736880427069e-05
4.000000000000e-04,1.848323074621e-06
8.000000000000e-04,1.227904926817e-06
8.000000000000e-04,3.971111407012e-06
4.000000000000e-04,5.952726285653e-07
8.000000000000e-04,1.474398718691e-06
8.000000000000e-04,2.053936036719e-06
8.000000000000e-04,2.192943900558e-06
4.000000000000e-04,1.296324946483e-06
4.000000000000e-04,2.276873070919e-07
4.000000000000e-04,1.248361896677e-06
1.200000000000e-03,5.880024639964e-06
1.960000000000e-02,2.437718995689e-04
4.000000000000e-04,2.919461627584e-06
1.600000000000e-03,6.744291711501e-06
4.000000000000e-04,1.310937866447e-09
4.000000000000e-04,1.418412919260e-06
4.000000000000e-04,4.243996438807e-07
1.200000000000e-03,4.826098093976e-06
4.000000000000e-04,1.752176241381e-06
4.000000000000e-04,1.019753534462e-06
4.000000000000e-04,7.032298204459e-07
1.600000000000e-03,8.996522045664e-06
4.000000000000e-04,3.858674763542e-07
6.000000000000e-03,4.397972117732e-05
4.000000000000e-04,1.394803287712e-06
4.000000000000e-04,9.561582145974e-07
4.000000000000e-04,2.748598051368e-06
4.000000000000e-04,2.686874345480e-06
4.000000000000e-04,1.265683346355e-06
3.600000000000e-03,1.320160731973e-05
4.000000000000e-04,6.518924172809e-07
1.200000000000e-03,5.729535266501e-06
8.000000000000e-04,3.117886824706e-06
4.880000000000e-02,1.042323530794e-03
4.000000000000e-04,9.355691287521e-07
5.840000000000e-02,1.559269664195e-03
1.600000000000e-03,8.954134303615e-06
4.000000000000e-04,7.072132074563e-08
4.000000000000e-04,3.610741848568e-06
1.000000000000e-02,6.842294800669e-05
4.800000000000e-03,5.160255651596e-05
2.000000000000e-03,1.323629975454e-05
2.400000000000e-03,1.520769593508e-05
4.000000000000e-04,9.297687041554e-07
8.000000000000e-04,4.779640858908e-06
4.000000000000e-04,8.973791197832e-07
4.000000000000e-04,2.692326016356e-06
4.000000000000e-04,8.702360718191e-07
4.000000000000e-04,1.998757715289e-06
1.200000000000e-03,4.185313895708e-06
4.000000000000e-04,2.132074565182e-06
1.200000000000e-03,1.432132937331e-06
4.000000000000e-04,2.273027398081e-07
1.200000000000e-03,2.810519881568e-06
4.000000000000e-04,1.497927875039e-06
4.000000000000e-04,2.533977266831e-07
4.000000000000e-04,1.101623805272e-06
4.000000000000e-04,7.015309771221e-08
8.000000000000e-04,3.370125475535e-06
4.000000000000e-04,1.262529445447e-06
4.000000000000e-04,5.807826797187e-07
8.800000000000e-03,5.339195637626e-05
4.000000000000e-04,1.677741830209e-06
4.000000000000e-04,1.561690482296e-06
4.000000000000e-04,3.038326050508e-07
4.000000000000e-04,1.802926901925e-06
4.000000000000e-04,6.222157516592e-07
4.000000000000e-04,2.447649454485e-07
2.400000000000e-03,1.778277773174e-05
4.000000000000e-04,2.599557305327e-07
4.000000000000e-04,2.393311895594e-07
5.600000000000e-03,4.225055914401e-05
4.000000000000e-04,1.480952528210e-06
8.000000000000e-04,1.340404467702e-06
4.000000000000e-04,2.096469731969e-06
1.200000000000e-03,1.571691188482e-05
8.000000000000e-04,3.242197355373e-06
8.000000000000e-04,6.031105649181e-06
8.000000000000e-04,3.799849462216e-06
4.000000000000e-03,2.504916914140e-05
4.000000000000e-04,2.325108008190e-06
4.000000000000e-04,1.143403723190e-06
8.000000000000e-04,5.943689818237e-06
4.000000000000e-04,1.068874011462e-06
4.000000000000e-04,2.367601999923e-07
4.000000000000e-04,2.315019958974e-06
4.000000000000e-04,2.250813346665e-06
4.000000000000e-04,6.823824066956e-07
4.000000000000e-04,1.360981556393e-06
4.000000000000e-04,2.205195270299e-06
8.000000000000e-04,1.517384784660e-06
4.000000000000e-04,4.870223720917e-07
4.000000000000e-04,2.694237077465e-06
1.600000000000e-03,8.621121457940e-06
2.400000000000e-03,9.565841595625e-06
1.200000000000e-03,2.835214432963e-06
4.000000000000e-04,7.621044404959e-07
4.400000000000e-03,3.960296254575e-05
8.000000000000e-04,1.269271412587e-06
4.000000000000e-04,1.025840484835e-06
4.000000000000e-04,1.397629605143e-08
4.000000000000e-04,8.463153383819e-08
4.000000000000e-04,3.107055956712e-06
4.000000000000e-04,2.854247074835e-07
4.000000000000e-04,7.192332994286e-07
4.000000000000e-04,1.059097359911e-06
4.000000000000e-04,2.463780635407e-06
4.000000000000e-04,6.789609449603e-07
8.000000000000e-04,3.565617974913e-06
8.000000000000e-04,1.105698922157e-06
4.000000000000e-04,1.481299673162e-06
4.000000000000e-04,3.714504296973e-07
4.000000000000e-04,2.971337053154e-06
4.000000000000e-04,2.431028059681e-06
8.000000000000e-04,1.456251214588e-06
4.000000000000e-04,3.279726408752e-07
8.000000000000e-04,4.288486531213e-06
4.000000000000e-04,1.977091374668e-06
1.200000000000e-03,1.814777090956e-06
4.000000000000e-04,1.318080040127e-06
4.000000000000e-04,7.440108351308e-07
4.000000000000e-04,2.914147722340e-07
4.400000000000e-03,2.839525230535e-05
4.000000000000e-04,1.227390783759e-06
4.000000000000e-04,1.256035279030e-06
4.000000000000e-04,1.017234429868e-07
8.000000000000e-04,5.848091214725e-06
8.000000000000e-04,1.604311645857e-06
8.000000000000e-04,9.235951143978e-07
4.000000000000e-04,2.146986574212e-06
4.000000000000e-04,2.255894967806e-07
4.000000000000e-04,3.844325306044e-06
4.000000000000e-04,2.755730682897e-07
4.000000000000e-04,4.728939368036e-07
2.000000000000e-03,8.653447856210e-06
1.600000000000e-03,1.787139473708e-05
4.000000000000e-04,6.605468226715e-07
4.000000000000e-04,6.523267339298e-07
4.000000000000e-04,1.081869084721e-06
1.600000000000e-03,9.559460930190e-06
1.200000000000e-03,6.836682637352e-06
8.000000000000e-04,8.588173800809e-06
8.000000000000e-04,2.822813702661e-06
4.000000000000e-04,8.940831333293e-07
4.000000000000e-04,1.319280019486e-06
8.000000000000e-04,2.846648569435e-06
4.000000000000e-04,1.710680821585e-06
1.200000000000e-03,6.095972241069e-06
4.000000000000e-04,3.823970492548e-06
1.040000000000e-02,9.174180793950e-05
4.000000000000e-04,1.863699567128e-06
4.000000000000e-04,1.076510599459e-06
4.000000000000e-04,1.004651937870e-06
1.200000000000e-03,3.537188432796e-06
6.000000000000e-03,2.845188474983e-05
4.000000000000e-04,5.075085618468e-07
4.000000000000e-04,1.594382372117e-06
2.000000000000e-03,7.328119406037e-06
4.000000000000e-04,8.658635346228e-07
1.360000000000e-02,1.847310337314e-04
2.400000000000e-03,1.881415987590e-05
4.000000000000e-04,4.057290682371e-08
1.200000000000e-03,1.006221248633e-05
4.000000000000e-04,6.467704593346e-06
2.400000000000e-03,1.789573238654e-05
4.000000000000e-04,1.352994309998e-06
4.000000000000e-04,6.077824231528e-07
4.000000000000e-04,4.749779897861e-07
4.000000000000e-04,3.128866707253e-10
4.000000000000e-04,3.870097076031e-08
4.000000000000e-04,1.307542917192e-08
4.000000000000e-04,7.664063058939e-07
4.000000000000e-04,1.178611503391e-06
4.000000000000e-04,2.647148110705e-07
4.000000000000e-04,5.751854345348e-07
4.000000000000e-04,5.307426058382e-08
4.000000000000e-04,1.539474618501e-07
4.000000000000e-04,3.939153940388e-07
4.000000000000e-04,4.770473200573e-06
4.000000000000e-04,2.773166523077e-07
4.000000000000e-04,1.149737939265e-06
4.000000000000e-04,1.680521860891e-06
5.200000000000e-03,5.157687296784e-05
3.200000000000e-03,3.641872499498e-05
1.600000000000e-03,8.775206665402e-06
1.200000000000e-03,5.527657194405e-06
4.000000000000e-04,9.908319866609e-07
4.000000000000e-04,6.810186469432e-07
8.000000000000e-04,6.097345877575e-06
4.000000000000e-04,2.058565375262e-06
4.000000000000e-04,5.694817181438e-07
1.200000000000e-03,6.586929974307e-06
4.000000000000e-04,1.950225086421e-06
4.000000000000e-04,3.557755357075e-06
8.000000000000e-04,4.577716023132e-06
4.000000000000e-04,3.696305906472e-07
4.000000000000e-04,3.486865550867e-07
4.000000000000e-04,9.236151695461e-08
1.600000000000e-03,5.221218711640e-06
4.000000000000e-04,5.824909926767e-07
3.600000000000e-03,2.192238883311e-05
1.200000000000e-03,4.459792812197e-06
4.000000000000e-04,3.930841190451e-07
4.000000000000e-04,1.079196842344e-06
4.000000000000e-04,2.588945673210e-07
4.000000000000e-04,1.215651487285e-07
4.000000000000e-04,1.110558304092e-06
4.000000000000e-04,7.242464152785e-07
4.000000000000e-04,1.011787793301e-06
4.000000000000e-04,1.191820168618e-06
4.000000000000e-04,6.930358326409e-07
4.000000000000e-04,1.640765299489e-06
4.000000000000e-04,1.932708123941e-07
2.800000000000e-03,1.461628075289e-05
4.000000000000e-04,1.932503192186e-07
4.000000000000e-04,1.884238728181e-06
1.200000000000e-03,2.313529818386e-06
4.000000000000e-04,2.157648157758e-06
4.000000000000e-04,4.293107350507e-06
4.000000000000e-04,3.062372425537e-06
4.680000000000e-02,4.906417463727e-04
4.000000000000e-04,1.660457038513e-06
5.600000000000e-03,3.975870977614e-05
4.000000000000e-04,3.871612878341e-06
3.200000000000e-03,9.967636360720e-06
4.000000000000e-04,9.990369024391e-07
8.000000000000e-04,1.111635082766e-05
4.000000000000e-04,1.154394245172e-07
4.000000000000e-04,6.389651339679e-07
5.200000000000e-03,5.895363073285e-05
4.000000000000e-04,4.244755840887e-08
4.000000000000e-04,1.036801597808e-07
4.000000000000e-04,1.398832411502e-06
4.000000000000e-04,3.659906987921e-06
1.600000000000e-03,8.205268644152e-06
8.000000000000e-04,6.375425018173e-07
4.000000000000e-04,1.226111057803e-06
4.000000000000e-04,2.478123451167e-06
8.000000000000e-04,2.904929514892e-06
2.000000000000e-03,7.931336211864e-06
4.000000000000e-04,9.023403193587e-07
4.000000000000e-04,7.882182215087e-07
4.000000000000e-04,1.260432045104e-06
4.000000000000e-04,1.648973124006e-06
4.000000000000e-04,3.796075100568e-06
6.600000000000e-02,1.379327179094e-03
4.000000000000e-04,8.201510052067e-08
8.000000000000e-04,8.180809690094e-07
8.000000000000e-04,8.983869698600e-07
4.000000000000e-04,7.111547086701e-07
1.600000000000e-03,5.536570668199e-06
4.000000000000e-04,9.162423234853e-08
8.000000000000e-04,1.700573195305e-06
4.000000000000e-04,7.176304785418e-07
1.600000000000e-03,1.427854685652e-05
4.000000000000e-04,6.908698572905e-07
4.000000000000e-04,2.640136580962e-06
1.600000000000e-03,6.804867937054e-06
4.800000000000e-03,4.478458009530e-05
1.600000000000e-03,7.980962225251e-06
4.000000000000e-04,1.254005143406e-06
4.000000000000e-04,1.459594629133e-06
8.000000000000e-04,2.376871544243e-06
4.000000000000e-04,1.977407062211e-06
2.800000000000e-03,1.542676040477e-05
4.000000000000e-04,2.630982060873e-06
4.000000000000e-04,2.428370765207e-06
3.200000000000e-03,2.202042875734e-05
4.000000000000e-04,1.061363963814e-06
4.000000000000e-04,2.198522979656e-06
4.000000000000e-04,1.205716160081e-07
4.000000000000e-04,7.678681828230e-07
1.000000000000e-02,8.202600892769e-05
7.200000000000e-03,7.448904739410e-05
4.000000000000e-04,7.198820860768e-07
4.000000000000e-04,1.512417878753e-07
8.000000000000e-04,4.815666407429e-06
3.200000000000e-03,2.129842087171e-05
4.000000000000e-04,1.890220032539e-06
4.000000000000e-04,7.543201010799e-07
8.000000000000e-04,3.868059913803e-06
3.600000000000e-03,2.710065386658e-05
4.000000000000e-04,1.345504623671e-06
4.000000000000e-04,1.903969135410e-06
4.000000000000e-04,1.025683109676e-06
4.000000000000e-04,1.799212687999e-06
1.600000000000e-03,1.568724861463e-06
4.000000000000e-04,2.674442291750e-06
4.000000000000e-04,2.497428661187e-06
1.600000000000e-03,3.268761042238e-06
8.000000000000e-04,1.563922101787e-06
8.000000000000e-04,1.341967733034e-06
4.000000000000e-04,4.579595133125e-08
2.400000000000e-03,1.500442495543e-05
8.000000000000e-04,1.714226533131e-06
3.200000000000e-03,1.982365968255e-05
4.000000000000e-04,1.453781441811e-06
4.000000000000e-04,1.239849715516e-06
4.000000000000e-04,1.914450085400e-06
4.000000000000e-04,1.104407909506e-06
1.600000000000e-02,1.824612669143e-04
4.000000000000e-04,2.365459094496e-06
4.000000000000e-04,9.863620443151e-08
4.000000000000e-04,3.783629493779e-07
4.000000000000e-04,6.148972617299e-08
4.000000000000e-04,1.362769006452e-06
8.000000000000e-04,2.378252824224e-06
6.800000000000e-03,5.747263704202e-05
4.000000000000e-04,8.982932850876e-08
4.000000000000e-04,2.237675041647e-07
4.000000000000e-04,4.441505366090e-07
4.000000000000e-04,2.239962136379e-07
4.000000000000e-04,5.982947937845e-07
4.000000000000e-04,4.374615854113e-07
1.720000000000e-02,1.972613817998e-04
4.000000000000e-04,1.350517656542e-06
1.200000000000e-03,2.852984880256e-06
1.200000000000e-03,4.504725148009e-06
4.000000000000e-04,1.011315658003e-06
4.000000000000e-04,3.033874237348e-06
4.000000000000e-04,1.848327862851e-07
4.000000000000e-04,8.355659449387e-07
4.000000000000e-04,1.316741652492e-06
8.000000000000e-04,2.432971638568e-06
4.000000000000e-04,5.812153385951e-06
4.000000000000e-04,1.121251027363e-06
4.000000000000e-04,1.103440435489e-06
4.040000000000e-02,4.158862072054e-04
4.000000000000e-04,7.552108278807e-07
4.000000000000e-04,1.597850738262e-06
2.800000000000e-03,1.132828782515e-05
4.000000000000e-04,1.204433473939e-06
4.000000000000e-04,2.245061649585e-07
4.000000000000e-04,2.175217636947e-06
4.000000000000e-04,1.076367535785e-07
4.000000000000e-04,3.787431301644e-06
4.000000000000e-04,2.009400898759e-06
1.200000000000e-03,3.479058624713e-06
4.000000000000e-04,5.848758363134e-07
6.800000000000e-03,5.462341627202e-05
4.000000000000e-04,2.947418225795e-06
1.600000000000e-03,5.673550104986e-06
4.000000000000e-04,3.517081504162e-06
1.200000000000e-03,8.593407755260e-07
4.000000000000e-04,1.047842294316e-06
1.600000000000e-03,1.181573172635e-05
2.000000000000e-03,7.547368460127e-06
1.600000000000e-03,1.030575115234e-05
4.000000000000e-04,1.327322348305e-07
8.000000000000e-04,2.340364412863e-06
4.000000000000e-04,1.561049433887e-06
1.600000000000e-03,5.379815230417e-06
2.800000000000e-03,2.761237584642e-05
8.000000000000e-04,3.830762031283e-06
1.200000000000e-03,3.692801161588e-06
1.200000000000e-03,6.297386361874e-06
4.000000000000e-04,1.320968786021e-06
4.000000000000e-04,6.898775996215e-08
4.000000000000e-04,9.619021676906e-07
8.000000000000e-04,4.579218283024e-06
4.000000000000e-04,1.957251935806e-06
8.000000000000e-04,1.761716677129e-06
1.600000000000e-03,5.442990499805e-06
1.200000000000e-03,1.740899975942e-06
4.000000000000e-04,2.316334586262e-07
4.000000000000e-04,1.174838458431e-07
8.000000000000e-04,1.522974873814e-06
4.000000000000e-04,8.520420413000e-07
4.000000000000e-04,1.635947742718e-06
1.200000000000e-03,1.793557578058e-06
4.000000000000e-04,1.898288463975e-06
4.000000000000e-04,2.009239288897e-07
3.200000000000e-03,2.425926718627e-05
4.000000000000e-04,1.568942265155e-06
4.000000000000e-04,1.319669450758e-08
4.000000000000e-04,1.254643205771e-07
4.000000000000e-04,3.426889524355e-06
8.000000000000e-04,6.516433524287e-06
4.000000000000e-04,9.391346021961e-07
4.000000000000e-04,1.207737648717e-06
1.200000000000e-03,3.306221688029e-06
4.000000000000e-04,3.149680463004e-07
1.200000000000e-03,6.278309614995e-06
4.000000000000e-04,7.421374744259e-07
4.000000000000e-04,1.484767112537e-06
4.000000000000e-04,8.218936069739e-07
8.000000000000e-04,9.007950972321e-07
2.000000000000e-03,1.218701109614e-05
1.200000000000e-03,8.412423020275e-06
4.000000000000e-04,4.321734569489e-06
2.160000000000e-02,2.451619836328e-04
2.800000000000e-03,1.562355125425e-05
4.000000000000e-04,1.597695912417e-06
1.120000000000e-02,1.307702915054e-04
4.000000000000e-04,6.063361512534e-07
8.000000000000e-04,2.228645488704e-06
4.000000000000e-04,2.516944733367e-06
8.000000000000e-04,3.108447987421e-06
4.000000000000e-04,2.193213453997e-06
1.200000000000e-03,5.238754622293e-06
4.000000000000e-04,1.450161817778e-07
4.000000000000e-04,6.604884855126e-07
8.000000000000e-04,3.023092706230e-06
4.000000000000e-04,4.668126423011e-07
4.000000000000e-04,2.344891362040e-07
4.000000000000e-04,3.539575785542e-08
4.000000000000e-04,4.261343951262e-07
4.000000000000e-04,6.266221872500e-07
4.000000000000e-04,1.560134924720e-06
1.200000000000e-03,3.356945499726e-06
1.600000000000e-03,1.083600883365e-05
3.600000000000e-03,2.791987353210e-05
4.000000000000e-04,4.514008022910e-06
1.600000000000e-03,9.110818807314e-06
4.000000000000e-04,3.414980810868e-07
4.000000000000e-04,7.492141857300e-07
8.000000000000e-04,6.040192230863e-06
1.600000000000e-03,8.869838220379e-06
8.000000000000e-04,4.390742784015e-06
8.800000000000e-03,1.271083164139e-04
4.000000000000e-04,9.456939810358e-07
2.400000000000e-03,1.204505731964e-05
4.000000000000e-04,1.817700109897e-06
2.000000000000e-03,1.701209005476e-05
4.000000000000e-04,1.371138726087e-06
2.800000000000e-03,2.327354707650e-05
4.000000000000e-04,3.680724743593e-07
4.000000000000e-03,1.967133607232e-05
4.000000000000e-04,4.608404852501e-06
8.000000000000e-04,8.797409493882e-07
1.200000000000e-03,4.260583339572e-06
4.000000000000e-04,2.888801000580e-06
4.000000000000e-04,1.425415648830e-06
4.000000000000e-04,1.750768998117e-07
6.760000000000e-02,8.851045763519e-04
4.000000000000e-04,2.100994799711e-08
4.000000000000e-04,2.843383495803e-07
8.000000000000e-04,5.629136804130e-07
6.800000000000e-03,5.008388084053e-05
4.000000000000e-04,5.852103708130e-07
8.000000000000e-04,7.718418728602e-06
4.000000000000e-04,1.255162937802e-06
8.000000000000e-04,2.106971621338e-06
4.000000000000e-03,3.226354482819e-05
4.000000000000e-04,1.697372909113e-06
1.200000000000e-03,3.830095006253e-06
4.000000000000e-04,2.533413262174e-06
4.000000000000e-04,5.404334709895e-07
4.000000000000e-04,9.315638448667e-07
1.200000000000e-03,5.422162186917e-06
4.200000000000e-02,5.296488217153e-04
4.000000000000e-04,6.996099233460e-07
4.000000000000e-04,3.441760008219e-06
4.000000000000e-04,4.033546235231e-08
1.600000000000e-03,5.266140636250e-06
2.000000000000e-03,1.267818892243e-05
4.000000000000e-04,1.176166846352e-06
4.000000000000e-04,1.131201781044e-06
4.000000000000e-04,5.837551700303e-08
3.200000000000e-03,2.978313890819e-05
4.000000000000e-04,3.231257011528e-06
2.000000000000e-03,5.132894693725e-06
4.000000000000e-04,1.203027600350e-06
4.000000000000e-04,1.419824497173e-06
3.840000000000e-02,5.878373110569e-04
4.000000000000e-04,1.699849886587e-07
4.000000000000e-04,9.103610527089e-09
1.600000000000e-03,1.175563387420e-05
4.000000000000e-04,1.949747496878e-06
4.000000000000e-04,4.504654893804e-07
4.000000000000e-04,2.073341794871e-06
4.000000000000e-04,8.312348784843e-07
4.000000000000e-04,3.867479429024e-08
4.000000000000e-04,4.554453731105e-06
1.200000000000e-03,9.941497899969e-06
4.000000000000e-04,8.471882306270e-07
4.000000000000e-04,2.355411358632e-06
4.000000000000e-04,5.423510333298e-07
1.600000000000e-03,8.218131489869e-06
4.000000000000e-04,2.151222297332e-08
7.600000000000e-03,4.586827165486e-05
4.000000000000e-04,1.678544407104e-06
4.000000000000e-04,3.297584210965e-08
3.600000000000e-03,3.035565526344e-05
4.000000000000e-04,1.852536157071e-07
1.200000000000e-03,6.167570871286e-06
8.000000000000e-04,3.712292650043e-06
3.360000000000e-02,5.478958941053e-04
4.000000000000e-04,1.147787205325e-06
4.000000000000e-04,1.402348313308e-06
4.000000000000e-04,1.107905977779e-06
4.000000000000e-04,2.906718336129e-07
4.000000000000e-04,4.186362464871e-06
1.640000000000e-02,1.464006488095e-04
4.000000000000e-03,2.795672005265e-05
8.000000000000e-04,3.115077157472e-06
4.000000000000e-04,2.851784387961e-06
4.000000000000e-04,6.283848866410e-07
4.000000000000e-04,3.956695748742e-06
4.000000000000e-04,1.910487854213e-06
4.000000000000e-04,1.728498828212e-06
4.000000000000e-04,2.262834493670e-06
4.000000000000e-04,1.901636601606e-06
4.000000000000e-04,1.942389874210e-06
4.000000000000e-04,1.390758149618e-06
8.000000000000e-04,1.046811583795e-06
4.000000000000e-04,1.664829439609e-06
4.000000000000e-04,2.076849953711e-06
4.400000000000e-03,4.192054574526e-05
4.000000000000e-04,1.629174725224e-06
1.200000000000e-03,9.219168684080e-06
4.000000000000e-04,7.707535778611e-07
1.600000000000e-03,8.784342328773e-06
4.000000000000e-04,2.108832271043e-06
4.000000000000e-04,7.357004661841e-07
4.000000000000e-04,5.013970105230e-06
4.000000000000e-04,1.584198561354e-06
8.000000000000e-04,7.986312527150e-07
4.000000000000e-04,4.139107645081e-07
2.000000000000e-03,8.391924739234e-06
4.000000000000e-04,2.654367112717e-06
1.200000000000e-03,6.591826125183e-06
4.000000000000e-04,6.848615465127e-07
4.000000000000e-04,3.105869678460e-07
4.000000000000e-04,2.426981311921e-06
4.000000000000e-04,3.864994002972e-06
2.800000000000e-03,2.029561618049e-05
4.000000000000e-04,1.060309335888e-06
1.200000000000e-03,2.326773524558e-06
4.400000000000e-03,2.852827059544e-05
6.400000000000e-03,4.956692218016e-05
1.200000000000e-03,6.985477916049e-06
5.600000000000e-03,7.380281097043e-05
4.000000000000e-04,6.076063599682e-07
4.000000000000e-04,9.271606228437e-07
4.000000000000e-04,1.186656644808e-06
2.000000000000e-03,7.528400171054e-06
4.000000000000e-04,2.686529789569e-07
2.000000000000e-03,2.006853465094e-05
8.000000000000e-04,4.845943992137e-06
4.000000000000e-04,6.093995307723e-08
4.000000000000e-04,3.198091803439e-06
1.600000000000e-03,3.098548543637e-06
4.000000000000e-04,1.362178201924e-07
2.800000000000e-03,1.407133098846e-05
8.000000000000e-04,1.943757465278e-06
3.200000000000e-03,1.631752097790e-05
4.000000000000e-04,5.099208528336e-07
4.000000000000e-04,2.649705805559e-06
2.400000000000e-03,1.877509692707e-05
5.200000000000e-03,3.821561221976e-05
8.000000000000e-04,5.621898434047e-07
4.000000000000e-04,5.069519601937e-07
2.800000000000e-03,1.601828652319e-05
2.400000000000e-03,1.504406324522e-05
4.000000000000e-04,2.038344145326e-07
4.000000000000e-04,5.217219887023e-07
4.000000000000e-04,5.208051469482e-07
8.000000000000e-04,3.941949739973e-06
8.000000000000e-04,4.601007706959e-06
8.000000000000e-04,3.903369541036e-06
4.000000000000e-04,3.983109624991e-07
1.600000000000e-03,4.461319684465e-06
8.000000000000e-04,6.902004112034e-06
4.000000000000e-04,1.334372021546e-06
1.200000000000e-03,6.897615365384e-06
4.000000000000e-04,1.708798920446e-07
5.240000000000e-02,1.172019480395e-03
4.000000000000e-04,1.120885680010e-06
2.000000000000e-03,2.129915219499e-05
4.000000000000e-04,3.045626770202e-06
4.000000000000e-04,1.107297164505e-06
1.200000000000e-03,7.563248971182e-06
8.000000000000e-04,1.104124637720e-06
8.000000000000e-04,7.258155301345e-06
8.000000000000e-04,2.547024213521e-06
4.000000000000e-04,1.020842491361e-06
4.000000000000e-04,1.058210904709e-06
5.200000000000e-03,8.819833149597e-05
4.000000000000e-04,2.993774430842e-06
4.000000000000e-04,2.161537537268e-06
4.000000000000e-04,1.813727868372e-06
4.000000000000e-04,7.936274385093e-07
4.000000000000e-04,4.979018898368e-07
8.000000000000e-04,2.284292541695e-06
4.000000000000e-04,8.878509792810e-07
8.000000000000e-04,6.919869302306e-06
1.600000000000e-03,1.496959574333e-05
4.000000000000e-04,1.752969060354e-06
8.000000000000e-04,4.779504936574e-06
4.000000000000e-04,1.649337315018e-06
8.400000000000e-03,8.203208771549e-05
4.000000000000e-04,5.333059737151e-07
4.000000000000e-04,2.330439737734e-07
4.000000000000e-04,1.582925179985e-07
1.200000000000e-03,5.485457203003e-06
1.200000000000e-03,6.983917601172e-06
4.400000000000e-03,2.862592788765e-05
2.800000000000e-03,1.174081235864e-05
4.000000000000e-04,3.101697564257e-06
4.000000000000e-04,8.896510192846e-07
4.000000000000e-04,8.428544528835e-07
1.200000000000e-03,9.323351454204e-06
4.000000000000e-04,5.680118705127e-07
4.000000000000e-04,1.563810608732e-06
3.600000000000e-03,2.139440031122e-05
8.000000000000e-04,2.786116602621e-06
8.000000000000e-04,4.677860452063e-06
1.200000000000e-03,2.348573913880e-06
4.000000000000e-04,2.778230417189e-06
4.000000000000e-04,6.676299888322e-07
1.600000000000e-03,1.039144518952e-05
4.000000000000e-04,1.233404228913e-06
4.000000000000e-04,4.308711403996e-08
4.000000000000e-04,6.564051294360e-07
9.800000000000e-02,2.235338890797e-03
4.000000000000e-04,2.332594332754e-07
4.000000000000e-04,1.385327413197e-06
4.000000000000e-04,1.784256010565e-07
2.800000000000e-03,1.173682076209e-05
4.000000000000e-04,1.880504699217e-07
8.000000000000e-04,2.174288742099e-06
3.600000000000e-03,2.009952576873e-05
4.400000000000e-03,3.250896536310e-05
4.000000000000e-04,6.408469374990e-07
4.000000000000e-04,1.031249968419e-06
8.000000000000e-04,2.898260815756e-06
3.600000000000e-03,2.515485782986e-05
4.000000000000e-04,4.470419404049e-07
4.000000000000e-04,2.353322198368e-06
8.000000000000e-04,5.616574277586e-06
1.200000000000e-03,7.792877441620e-06
8.000000000000e-04,3.403482420668e-06
4.000000000000e-04,1.279278247068e-06
4.000000000000e-04,7.160479376840e-07
4.000000000000e-04,1.004721536402e-06
4.000000000000e-04,1.462726950684e-06
8.000000000000e-04,3.779035267721e-06
3.600000000000e-03,8.366460344707e-06
4.000000000000e-04,2.240227531839e-07
8.000000000000e-04,2.978150743865e-06
4.000000000000e-04,1.088846081232e-08
4.000000000000e-04,1.354169750447e-07
2.200000000000e-01,7.715740000422e-03
4.000000000000e-04,7.287963556230e-07
8.000000000000e-04,4.746880576017e-06
4.000000000000e-04,1.205113631756e-06
4.000000000000e-04,5.947990169569e-07
4.000000000000e-04,3.951552105148e-06
8.000000000000e-04,3.041431841293e-06
8.000000000000e-04,9.216679515034e-07
4.000000000000e-04,3.031183797430e-07
4.000000000000e-04,2.041364800711e-06
1.200000000000e-03,3.705750381218e-06
1.600000000000e-03,9.400737212714e-06
4.000000000000e-04,2.927417210723e-06
4.000000000000e-04,1.721300980329e-06
5.600000000000e-03,3.854450601712e-05
4.000000000000e-04,1.153679235067e-06
4.000000000000e-04,6.073923521159e-07
4.000000000000e-04,2.293055592088e-07
4.000000000000e-04,2.823630960658e-07
4.000000000000e-04,8.907763828157e-07
1.200000000000e-03,6.797623916498e-06
4.000000000000e-04,3.243638833319e-06
8.000000000000e-04,5.187542736969e-06
1.200000000000e-03,5.583357878545e-06
4.000000000000e-03,1.853449495961e-05
1.200000000000e-03,3.052813973112e-06
4.000000000000e-04,3.651508752779e-06
4.000000000000e-04,2.598959779571e-06
8.000000000000e-04,4.038935369971e-06
8.000000000000e-04,4.876013329178e-06
4.000000000000e-04,1.382094138518e-06
8.000000000000e-04,5.047763341497e-06
4.000000000000e-04,1.527379457770e-06
1.600000000000e-03,1.651574187194e-05
4.000000000000e-04,2.202562792189e-06
1.600000000000e-03,1.090947910787e-05
8.000000000000e-04,1.570096034540e-06
2.400000000000e-01,5.429721130890e-03
4.000000000000e-04,7.397522106636e-07
4.000000000000e-03,2.451464349292e-05
3.800000000000e-02,4.380162020187e-04
4.000000000000e-04,3.845064849664e-06
1.600000000000e-03,5.106913391315e-06
4.000000000000e-04,1.719063422203e-07
8.000000000000e-03,6.765106065192e-05
4.000000000000e-04,1.831962934179e-07
4.000000000000e-04,2.465983395344e-06
4.000000000000e-04,3.676505779869e-07
2.000000000000e-03,1.135242711002e-05
4.000000000000e-04,8.415477496977e-07
8.000000000000e-04,6.168716437802e-06
4.000000000000e-04,7.943379794510e-07
4.000000000000e-04,9.818187679592e-07
1.600000000000e-03,8.951540972379e-06
8.000000000000e-04,4.567594154217e-06
4.000000000000e-04,8.976013676223e-08
4.000000000000e-04,1.372230957990e-06
4.000000000000e-04,8.865060348348e-08
1.400000000000e-02,1.164193837546e-04
8.000000000000e-04,4.449535387705e-06
1.600000000000e-03,7.853981761487e-06
4.000000000000e-04,6.090125600567e-07
4.000000000000e-04,3.866409243523e-07
1.200000000000e-03,3.407131006291e-06
1.200000000000e-03,1.549529660830e-05
4.000000000000e-04,4.028025017137e-07
4.000000000000e-04,6.836263098281e-07
8.000000000000e-04,4.162194019839e-07
8.000000000000e-04,8.771556408556e-07
6.920000000000e-02,1.031794924995e-03
1.200000000000e-02,1.285828700902e-04
4.000000000000e-04,3.770768491796e-07
4.000000000000e-04,3.279656600661e-06
6.800000000000e-03,3.965393967773e-05
4.000000000000e-04,3.873590333360e-07
4.000000000000e-04,1.003668031278e-06
8.000000000000e-04,1.995069045897e-06
1.200000000000e-03,3.405770449326e-06
4.000000000000e-04,2.282727950574e-06
2.400000000000e-03,1.093441395742e-05
3.600000000000e-02,4.667805889030e-04
4.000000000000e-04,1.594955204304e-06
4.000000000000e-04,1.430751244387e-06
4.000000000000e-04,2.086293264900e-06
8.000000000000e-04,1.407443786030e-06
4.000000000000e-03,2.290003799585e-05
4.000000000000e-04,2.741801535871e-07
4.000000000000e-04,2.028612800950e-07
4.000000000000e-04,2.024149042513e-06
1.200000000000e-03,7.469195560125e-06
4.000000000000e-04,1.371697985968e-06
8.000000000000e-04,2.104954056612e-07
4.000000000000e-04,1.202676671751e-06
4.000000000000e-04,1.672045199161e-08
4.000000000000e-04,2.809677946912e-06
8.000000000000e-04,3.625173147859e-06
8.000000000000e-04,1.101984887229e-06
4.000000000000e-04,3.650520243243e-06
1.200000000000e-03,2.382285127102e-06
4.000000000000e-04,2.283863006957e-07
4.000000000000e-04,1.658418897502e-06
4.000000000000e-04,4.262395148761e-07
4.000000000000e-04,1.035900767528e-06
4.000000000000e-04,7.029651456155e-07
8.000000000000e-04,5.042620443044e-06
1.200000000000e-03,7.168079035706e-06
8.000000000000e-04,4.583189810216e-06
4.000000000000e-04,1.811761545391e-06
1.200000000000e-03,3.323434358295e-06
2.000000000000e-03,9.342358405416e-06
4.000000000000e-04,1.157095013499e-06
4.000000000000e-04,2.151010097814e-06
1.200000000000e-03,2.049364938483e-06
4.000000000000e-04,3.567554825271e-06
1.200000000000e-03,6.369178939289e-06
4.000000000000e-04,1.590140871620e-06
4.000000000000e-04,2.521547217866e-06
1.200000000000e-03,3.380176337795e-06
4.000000000000e-04,1.318277838119e-07
2.800000000000e-03,2.015722829571e-05
1.200000000000e-03,4.334531407798e-06
4.000000000000e-04,1.737559903804e-06
4.000000000000e-04,3.591823733236e-06
4.000000000000e-04,1.973134663833e-06
4.000000000000e-04,2.318317003382e-07
5.600000000000e-03,6.194420717617e-05
8.000000000000e-04,2.629194832392e-06
4.000000000000e-04,2.724489848902e-06
1.200000000000e-03,3.095124122886e-06
4.000000000000e-04,2.496345670468e-06
4.000000000000e-04,2.779836996090e-06
4.000000000000e-04,1.950844336487e-06
4.000000000000e-04,2.343126557260e-06
8.000000000000e-04,5.504343826869e-06
1.200000000000e-03,3.041227331772e-06
4.000000000000e-04,2.207470561034e-07
4.000000000000e-04,3.062791496304e-06
4.000000000000e-04,8.465924001286e-08
4.000000000000e-04,1.483372441650e-06
4.000000000000e-04,8.465740538959e-07
4.000000000000e-04,2.065368886092e-08
4.000000000000e-04,1.625472256676e-06
4.000000000000e-04,1.771027856814e-06
4.000000000000e-04,1.513818486300e-06
1.200000000000e-03,3.660834677913e-06
4.000000000000e-04,4.146630241578e-07
1.200000000000e-03,7.087908371355e-06
4.000000000000e-04,1.044950377718e-06
4.000000000000e-04,1.491510764575e-06
4.000000000000e-04,9.578719155753e-07
4.000000000000e-04,2.204803524332e-06
2.040000000000e-02,3.085940583745e-04
3.200000000000e-03,1.061868387710e-05
4.000000000000e-04,1.585138046952e-06
4.000000000000e-04,1.011953871427e-07
4.000000000000e-04,1.772543112261e-06
8.000000000000e-04,7.164791436670e-06
4.000000000000e-04,1.602120875315e-06
1.200000000000e-03,1.065204675386e-05
1.200000000000e-03,4.872952333954e-06
4.000000000000e-04,1.380669010108e-06
4.000000000000e-04,1.558075499062e-06
4.000000000000e-04,4.306510473589e-07
4.000000000000e-04,9.975172481686e-08
4.000000000000e-04,5.885777993458e-07
4.000000000000e-04,2.852064604056e-06
4.000000000000e-04,4.908553104040e-07
2.000000000000e-03,8.752302911045e-06
1.600000000000e-03,5.923155562756e-06
1.600000000000e-03,9.962966452264e-06
4.000000000000e-04,3.576315986731e-06
4.000000000000e-04,1.164145512100e-06
4.000000000000e-04,1.443928402270e-06
4.000000000000e-04,1.774073591619e-06
8.000000000000e-04,4.890716173684e-06
4.000000000000e-04,6.877874801496e-07
4.000000000000e-04,2.848288978351e-06
4.000000000000e-04,2.562227772178e-06
4.000000000000e-04,9.035299993806e-07
4.000000000000e-04,1.327928613128e-06
4.000000000000e-04,5.439944781021e-06
4.000000000000e-04,4.119962655885e-07
2.400000000000e-03,1.714099668748e-05
4.000000000000e-04,1.031759878389e-06
4.000000000000e-04,9.847118812176e-07
4.000000000000e-04,2.371476875948e-06
4.000000000000e-04,1.438669409734e-06
4.000000000000e-04,4.001529781124e-06
4.000000000000e-04,1.603134777160e-06
8.000000000000e-04,4.423121735862e-06
4.000000000000e-04,1.509909960583e-08
4.000000000000e-04,9.263921049479e-07
4.000000000000e-04,9.989234299030e-07
4.000000000000e-04,1.644476651615e-06
4.000000000000e-04,7.925446717745e-07
1.680000000000e-02,1.482777616208e-04
4.000000000000e-04,1.225590854590e-06
4.000000000000e-04,2.488914805260e-06
4.000000000000e-04,3.562361027726e-07
4.000000000000e-04,1.763922978002e-07
8.000000000000e-04,2.773742151298e-06
4.000000000000e-04,9.248416117949e-07
4.000000000000e-04,2.047481408654e-06
7.600000000000e-03,1.054133557315e-04
4.000000000000e-04,4.219013268450e-06
3.200000000000e-03,2.522770587256e-05
4.000000000000e-04,1.556998104589e-06
4.000000000000e-04,5.778536141051e-07
4.000000000000e-04,2.314303248785e-07
8.000000000000e-04,4.224899430079e-06
7.600000000000e-03,4.898264610399e-05
2.800000000000e-03,1.277295012552e-05
2.000000000000e-03,1.258410100789e-05
3.600000000000e-03,2.219405328707e-05
4.000000000000e-04,1.043268132188e-06
4.000000000000e-04,1.274060063256e-06
4.000000000000e-04,4.370257169242e-07
4.000000000000e-04,9.926681207406e-07
8.000000000000e-04,5.598108305929e-06
4.000000000000e-04,3.629129611043e-06
4.000000000000e-04,2.891121293615e-07
4.000000000000e-04,3.679817980554e-07
1.200000000000e-03,6.926201501651e-06
4.000000000000e-04,4.625575218342e-09
4.000000000000e-04,2.959863001547e-06
1.200000000000e-03,5.264989968044e-06
8.000000000000e-04,2.147464475346e-06
8.400000000000e-03,6.164589676694e-05
8.000000000000e-04,5.544158144266e-07
4.000000000000e-04,1.426079691225e-06
2.400000000000e-03,1.103453610285e-05
4.000000000000e-04,3.238564347717e-06
8.000000000000e-04,1.600612585254e-06
4.000000000000e-04,1.193500132239e-07
8.000000000000e-04,2.273804823646e-06
4.000000000000e-04,1.312923671843e-06
4.000000000000e-04,2.111792665345e-06
1.600000000000e-03,1.005422620240e-05
4.000000000000e-04,3.644776644009e-06
4.000000000000e-04,1.521891389866e-06
3.600000000000e-03,3.004619320624e-05
4.000000000000e-04,6.394262633754e-07
8.000000000000e-04,1.013800463985e-06
4.000000000000e-04,1.387740343453e-06
1.600000000000e-03,3.743235286757e-06
1.600000000000e-03,8.054680228764e-06
2.000000000000e-02,3.458949089664e-04
4.000000000000e-04,1.271699448650e-07
4.000000000000e-04,1.516784444731e-06
4.000000000000e-04,2.528346184297e-06
4.000000000000e-04,4.547005365143e-07
4.000000000000e-04,9.624513055196e-07
8.000000000000e-04,3.415487776044e-06
4.000000000000e-04,2.512240713706e-07
8.000000000000e-04,3.444886953488e-06
4.000000000000e-04,7.405589854576e-07
4.000000000000e-04,2.370243017700e-07
4.000000000000e-04,1.454986495977e-07
2.800000000000e-03,2.324373176651e-05
8.000000000000e-04,3.336929795062e-06
4.000000000000e-04,1.406050782673e-06
4.000000000000e-04,2.887065961027e-06
4.000000000000e-04,9.769500957907e-07
4.000000000000e-04,4.052711708836e-07
4.000000000000e-04,2.634223102271e-06
1.600000000000e-03,1.160954411450e-05
8.000000000000e-04,1.921136259521e-06
4.000000000000e-04,5.974305362867e-06
1.600000000000e-03,5.626174768413e-06
4.000000000000e-03,4.469898423867e-05
4.000000000000e-04,3.123843923356e-06
1.200000000000e-03,8.475962008845e-06
4.000000000000e-04,5.741899406792e-07
1.600000000000e-03,5.184632110834e-06
4.000000000000e-04,3.154247324786e-07
8.000000000000e-04,3.280734840860e-06
4.000000000000e-04,2.297165402412e-06
4.000000000000e-04,1.420457394862e-06
4.000000000000e-04,7.784260485587e-07
8.000000000000e-04,4.117789295787e-06
1.200000000000e-03,5.919319119894e-06
4.000000000000e-04,1.480551844747e-06
4.000000000000e-04,1.236412955779e-06
4.000000000000e-04,5.119584569179e-07
1.200000000000e-03,1.125459861253e-05
4.000000000000e-04,8.198933763155e-07
3.600000000000e-03,2.501566043486e-05
4.000000000000e-04,2.296217954734e-06
1.200000000000e-03,3.552302318013e-06
4.000000000000e-04,1.640758376018e-06
2.800000000000e-03,2.647263707121e-05
4.000000000000e-04,1.196516337119e-07
4.000000000000e-03,2.024021172972e-05
4.000000000000e-04,1.246228135415e-07
2.000000000000e-03,5.960552506075e-06
4.000000000000e-04,1.976250726881e-06
4.000000000000e-04,1.271804134877e-06
4.000000000000e-04,3.556654368029e-08
4.000000000000e-04,1.894795258348e-06
4.000000000000e-04,1.921833147048e-06
4.000000000000e-04,9.974249599292e-07
4.000000000000e-04,4.279614543888e-07
4.000000000000e-04,7.300693623379e-07
2.400000000000e-03,1.060699663484e-05
4.000000000000e-04,1.510598838045e-06
4.000000000000e-04,6.581921479006e-07
8.000000000000e-04,2.456957600787e-06
4.000000000000e-04,8.887030005008e-07
1.200000000000e-03,2.930799389886e-06
4.000000000000e-03,2.731548063368e-05
4.000000000000e-04,5.774079855942e-08
1.160000000000e-02,1.239319017909e-04
4.000000000000e-04,7.348259811182e-07
4.000000000000e-04,2.092052212629e-06
1.200000000000e-03,5.577609565556e-06
4.000000000000e-04,1.534444143136e-08
4.000000000000e-04,1.809339114302e-06
4.000000000000e-04,7.677026899424e-07
9.600000000000e-03,8.712180788878e-05
4.000000000000e-04,2.900384964190e-06
4.000000000000e-04,1.639367134359e-07
4.000000000000e-04,5.163027782140e-07
4.000000000000e-04,6.878759149644e-07
8.000000000000e-04,1.458621861841e-06
6.000000000000e-03,7.204339762501e-05
8.000000000000e-04,9.742830210765e-07
8.000000000000e-04,3.453650944267e-06
4.000000000000e-04,1.215316945185e-07
4.000000000000e-04,2.240521331642e-06
4.000000000000e-04,8.057236582674e-07
4.000000000000e-04,3.921986877196e-07
1.200000000000e-03,1.153728905452e-05
2.000000000000e-03,8.982848006715e-06
4.000000000000e-04,2.449302343622e-06
4.000000000000e-04,2.617860241749e-06
1.200000000000e-03,5.276133617817e-06
4.000000000000e-04,6.566850100558e-07
4.000000000000e-04,3.408087688439e-08
4.000000000000e-04,3.931864777610e-07
4.000000000000e-04,2.027537064946e-07
8.000000000000e-04,2.567915810054e-06
8.000000000000e-04,4.171352589964e-06
4.000000000000e-04,1.163043511486e-06
8.000000000000e-04,1.992158624613e-06
8.000000000000e-04,4.902329334790e-07
4.000000000000e-04,2.521539945566e-06
3.600000000000e-03,1.554411666506e-05
6.400000000000e-03,4.779046305966e-05
4.000000000000e-04,2.313974723542e-06
1.600000000000e-03,8.746129913964e-06
1.200000000000e-03,1.155538276056e-05
4.000000000000e-04,8.970041793212e-07
4.000000000000e-04,1.532331100901e-06
8.000000000000e-04,2.838443634909e-06
4.000000000000e-04,3.661274492626e-06
1.200000000000e-03,6.597923298445e-06
8.000000000000e-04,4.275548573538e-06
4.000000000000e-04,2.468235215085e-07
4.000000000000e-04,3.050373042718e-06
4.000000000000e-04,1.110221012431e-06
3.600000000000e-03,2.542711620281e-05
3.200000000000e-03,1.127823068137e-05
1.600000000000e-03,5.097023071426e-06
4.000000000000e-04,1.243513484446e-06
4.000000000000e-04,2.484185842546e-06
8.000000000000e-04,3.913802333706e-06
4.000000000000e-04,3.410857929921e-07
4.000000000000e-04,2.755653774037e-06
9.600000000000e-03,7.824734745952e-05
1.845600000000e+00,6.812879343848e-02
4.000000000000e-04,6.821823067042e-08
2.800000000000e-03,3.283570397230e-05
4.000000000000e-04,5.243531586911e-07
1.600000000000e-03,7.617941244047e-06
4.000000000000e-04,5.272537388754e-08
4.000000000000e-04,3.611568276439e-07
2.800000000000e-03,8.085988823295e-06
4.000000000000e-04,1.541299621149e-07
1.600000000000e-03,2.264429057735e-06
8.000000000000e-04,1.655707561970e-06
2.400000000000e-03,1.672967465815e-05
2.400000000000e-03,8.418070804390e-06
4.000000000000e-04,2.129152754885e-06
4.000000000000e-04,1.687475179538e-06
1.040000000000e-02,7.481730987157e-05
3.600000000000e-03,3.630017522122e-05
4.000000000000e-04,1.232521990828e-08
4.000000000000e-04,1.402454021826e-07
8.000000000000e-04,2.121827578085e-06
1.200000000000e-03,6.350737173118e-06
8.000000000000e-04,6.044324276857e-06
4.000000000000e-04,6.939889762954e-07
2.800000000000e-03,1.520273510580e-05
8.000000000000e-04,2.962767252633e-06
4.000000000000e-04,8.901905231159e-07
4.000000000000e-04,8.830196947212e-08
1.200000000000e-03,6.664400027254e-06
4.000000000000e-04,3.230029617683e-07
1.200000000000e-03,1.980814980276e-06
5.200000000000e-03,7.176550007394e-05
4.000000000000e-04,2.480019183306e-06
8.000000000000e-04,2.746387553275e-07
4.000000000000e-04,1.594350355703e-06
8.000000000000e-04,4.907497884548e-06
4.000000000000e-04,1.198232928918e-06
1.200000000000e-03,9.442584053158e-06
4.000000000000e-04,1.232125953939e-06
4.000000000000e-04,1.845885166354e-06
4.000000000000e-04,5.111649808648e-07
9.600000000000e-03,8.855208493660e-05
4.000000000000e-04,3.537715840007e-07
8.000000000000e-04,2.665201145749e-06
4.800000000000e-03,4.238937090857e-05
4.000000000000e-04,8.029866768480e-07
8.000000000000e-04,4.153078721287e-06
4.000000000000e-04,2.579549316061e-06
4.000000000000e-04,4.510543268782e-06
4.000000000000e-04,2.350156656332e-06
2.120000000000e-02,2.876725302648e-04
4.000000000000e-04,2.043221826772e-06
4.000000000000e-04,9.894908283576e-08
4.000000000000e-03,3.539837683697e-05
4.000000000000e-04,8.010434627458e-07
1.600000000000e-03,6.516734950388e-06
2.800000000000e-03,1.620118675484e-05
1.200000000000e-03,1.348384149583e-05
4.000000000000e-04,4.915463958888e-07
4.000000000000e-04,6.855260679545e-07
4.000000000000e-04,9.999500438717e-07
5.600000000000e-03,4.995640207317e-05
4.000000000000e-04,3.350320292986e-06
1.200000000000e-03,1.148232699228e-05
6.400000000000e-03,5.096438941747e-05
4.000000000000e-04,1.160980388222e-06
1.600000000000e-03,9.070552307222e-06
4.000000000000e-04,4.449694093660e-07
4.000000000000e-04,1.436952972380e-06
4.000000000000e-04,9.214561345988e-08
8.000000000000e-04,3.949261800081e-06
4.000000000000e-04,2.458642659819e-06
4.000000000000e-04,1.706669544200e-07
2.000000000000e-03,1.700865677548e-05
4.000000000000e-04,1.043525402065e-06
3.200000000000e-03,1.509474814845e-05
4.000000000000e-04,5.908204032369e-07
8.000000000000e-04,3.537255560882e-06
4.000000000000e-04,2.667368345084e-08
4.000000000000e-04,1.974414383577e-06
4.000000000000e-04,2.007962079484e-06
1.600000000000e-03,7.425152337908e-06
4.000000000000e-04,3.231333332558e-06
1.200000000000e-03,1.065908010215e-05
1.200000000000e-03,3.841641188587e-06
4.400000000000e-03,3.212199826640e-05
4.000000000000e-04,1.718537507186e-06
8.000000000000e-04,3.130673338540e-06
1.080000000000e-02,1.329737056189e-04
3.200000000000e-03,2.425072241345e-05
4.000000000000e-04,3.119845668481e-07
4.000000000000e-04,1.020469120220e-06
8.000000000000e-04,2.573940203089e-06
4.000000000000e-04,7.225997470929e-07
4.000000000000e-04,2.032376516012e-07
4.000000000000e-04,1.953574496477e-06
1.200000000000e-03,3.010191325594e-06
3.600000000000e-03,2.939921198200e-05
4.000000000000e-04,4.195643699043e-07
4.000000000000e-04,2.660265100301e-06
4.000000000000e-04,8.916496672139e-07
8.000000000000e-04,4.330107412668e-06
4.000000000000e-04,4.866570449591e-07
4.000000000000e-04,5.096040120155e-07
4.000000000000e-04,3.811062051542e-06
4.000000000000e-04,6.959927243039e-07
1.200000000000e-03,2.532472055289e-06
3.120000000000e-02,6.295233455834e-04
4.000000000000e-04,1.370158576656e-06
1.200000000000e-03,4.162759182652e-06
2.400000000000e-03,1.068093487653e-05
4.000000000000e-04,1.206048015540e-07
1.788000000000e-01,3.272441437290e-03
8.000000000000e-04,5.939402075943e-06
1.200000000000e-03,7.298462130450e-06
1.240000000000e-02,1.876232135299e-04
8.000000000000e-04,3.246694987617e-06
4.000000000000e-04,3.265748093568e-06
8.760000000000e-02,1.085558989618e-03
4.000000000000e-04,2.863182060826e-07
4.000000000000e-04,8.732836616846e-07
4.000000000000e-04,2.891659157111e-07
4.000000000000e-04,1.796482045432e-06
4.000000000000e-04,5.206615542375e-07
8.000000000000e-04,1.081292017740e-06
4.000000000000e-04,2.551979516583e-06
2.800000000000e-03,2.119697822777e-05
3.600000000000e-03,9.119697789073e-06
4.000000000000e-04,1.054979160846e-06
4.000000000000e-04,1.499448933086e-06
8.000000000000e-04,3.581265104109e-06
8.000000000000e-04,3.650320414166e-06
4.000000000000e-04,3.317162674128e-06
2.400000000000e-03,1.266628824656e-05
8.000000000000e-04,3.790373434188e-06
4.000000000000e-04,2.025446581198e-07
4.000000000000e-04,1.368660156479e-06
4.000000000000e-04,8.175156488981e-07
4.000000000000e-04,8.454377144222e-07
4.000000000000e-04,1.611647889593e-06
6.400000000000e-03,5.345739976275e-05
4.000000000000e-04,3.302074281815e-07
4.000000000000e-04,5.980114557641e-07
1.200000000000e-03,5.245752909005e-06
2.400000000000e-03,5.807472485571e-06
8.000000000000e-04,4.011218558889e-06
4.000000000000e-04,1.338890338533e-07
4.000000000000e-04,9.547790525003e-07
2.000000000000e-03,1.626524840765e-05
4.000000000000e-04,7.932823137328e-07
4.000000000000e-04,1.382133251682e-06
2.400000000000e-03,2.788199451198e-05
1.200000000000e-03,5.871924975984e-06
4.000000000000e-04,2.318173254311e-07
4.000000000000e-04,3.797675816851e-06
8.000000000000e-04,9.661844947273e-06
1.200000000000e-03,6.720789078507e-06
4.000000000000e-04,2.000227123685e-06
1.200000000000e-03,7.714009602445e-06
4.000000000000e-04,2.631331392319e-07
4.000000000000e-04,1.019234822153e-06
4.000000000000e-04,1.126283816727e-06
4.000000000000e-04,2.282277223985e-06
4.000000000000e-04,2.356365081908e-07
4.000000000000e-04,2.197693280851e-06
3.600000000000e-03,2.662003358833e-05
4.400000000000e-03,2.651653055730e-05
4.000000000000e-04,1.383694680991e-06
1.600000000000e-03,1.577177095227e-05
8.000000000000e-04,2.009113486417e-06
4.000000000000e-04,2.359682370909e-06
4.000000000000e-04,1.662691473984e-06
4.000000000000e-04,1.733116643034e-06
4.000000000000e-04,4.207503103786e-06
2.000000000000e-02,2.046695833624e-04
8.000000000000e-04,4.640523433274e-06
4.000000000000e-04,1.278456871175e-06
4.000000000000e-04,5.475078445274e-07
4.000000000000e-04,8.772515510736e-07
4.000000000000e-04,1.226776621591e-06
1.600000000000e-03,9.068815048353e-06
1.200000000000e-03,9.601851711133e-06
1.200000000000e-03,2.261772867211e-06
4.000000000000e-04,1.272659582416e-06
8.000000000000e-04,5.792527963147e-06
8.000000000000e-04,2.517858949011e-06
4.000000000000e-04,7.878370566101e-07
8.000000000000e-03,6.798858133742e-05
8.000000000000e-04,3.960040692462e-06
2.000000000000e-03,8.838029429545e-06
3.200000000000e-03,2.593664112302e-05
1.200000000000e-03,1.955372853162e-06
8.000000000000e-04,1.837244649367e-06
1.600000000000e-03,1.435847196570e-05
8.000000000000e-04,3.480797501071e-06
4.000000000000e-04,1.510447555934e-06
4.000000000000e-04,5.420151430610e-07
4.000000000000e-04,3.133625442195e-06
4.000000000000e-04,2.881535495938e-06
4.000000000000e-04,3.801612788255e-06
8.000000000000e-04,4.746171007751e-06
4.000000000000e-04,7.824943258083e-07
4.000000000000e-04,5.945501045701e-07
4.000000000000e-04,4.518917636931e-07
8.000000000000e-04,3.783814140366e-06
8.000000000000e-04,3.168345891674e-06
4.000000000000e-04,1.442058646401e-06
4.000000000000e-04,1.385748900796e-06
4.000000000000e-04,8.842158589793e-07
4.000000000000e-04,1.279059110129e-06
4.000000000000e-04,2.216535403457e-06
4.000000000000e-04,1.314427528050e-06
8.000000000000e-04,2.640219393906e-07
4.000000000000e-04,1.774900309418e-06
4.000000000000e-04,1.100917952078e-07
4.000000000000e-04,1.486525564702e-06
4.000000000000e-04,8.394684628355e-07
4.000000000000e-04,1.349468010364e-06
4.000000000000e-04,1.124314615890e-07
3.960000000000e-02,6.308800512418e-04
4.000000000000e-04,1.922806208442e-07
1.200000000000e-03,7.812501253848e-06
4.000000000000e-04,1.312579870125e-06
8.000000000000e-04,4.035450659553e-06
4.000000000000e-04,3.035788797614e-07
4.000000000000e-04,1.668498292015e-06
4.000000000000e-03,4.019844871486e-05
4.000000000000e-04,6.196111404303e-07
8.000000000000e-04,6.061257795090e-07
4.000000000000e-04,7.670382336441e-07
2.400000000000e-03,2.936393385908e-05
2.000000000000e-03,8.031960019541e-06
4.000000000000e-04,2.319961019768e-06
4.000000000000e-04,1.165872393672e-07
4.000000000000e-04,1.309645334702e-06
4.000000000000e-04,5.108235328169e-07
4.000000000000e-04,1.931470161244e-07
4.000000000000e-04,1.006349186374e-06
1.200000000000e-03,6.544196713120e-06
4.000000000000e-04,1.014779237856e-06
4.000000000000e-04,1.129800309933e-06
1.600000000000e-03,5.349498336690e-06
8.000000000000e-04,8.895136874514e-06
8.000000000000e-04,5.090623499272e-06
3.200000000000e-03,3.059949203391e-05
4.000000000000e-04,5.026934830001e-07
8.000000000000e-04,2.923859239487e-06
4.000000000000e-04,4.107870922413e-07
8.000000000000e-04,3.961168485726e-06
8.000000000000e-04,2.646161375420e-06
1.600000000000e-03,3.337594818438e-06
5.200000000000e-03,3.367635066971e-05
4.000000000000e-04,1.389100381385e-08
2.000000000000e-03,1.217990058740e-05
8.000000000000e-04,2.823952042512e-06
1.600000000000e-02,2.953330593524e-04
4.000000000000e-04,4.142322916591e-07
4.000000000000e-04,8.978987625854e-07
4.000000000000e-04,5.593200465753e-07
4.000000000000e-04,1.071590685467e-06
3.200000000000e-03,1.220733596127e-05
8.000000000000e-04,7.375402967420e-07
1.128000000000e-01,2.062322753631e-03
4.000000000000e-04,1.493426686651e-06
8.000000000000e-04,1.059711278363e-07
4.000000000000e-04,3.049125614577e-06
4.000000000000e-04,2.818725989731e-06
1.200000000000e-03,3.945184404961e-06
4.000000000000e-04,9.560787106440e-07
4.000000000000e-04,1.002588091030e-08
1.200000000000e-03,2.999718236387e-06
8.000000000000e-04,4.103236832027e-06
4.000000000000e-04,6.970963801504e-07
4.000000000000e-04,2.223331717025e-06
2.400000000000e-03,1.091573095744e-05
4.000000000000e-04,2.264251240326e-06
4.000000000000e-04,5.924442617429e-07
4.000000000000e-04,1.748756180155e-06
4.000000000000e-04,9.051934253290e-09
1.200000000000e-03,5.511892606329e-06
4.000000000000e-04,5.542194940175e-07
8.000000000000e-04,6.134817976036e-06
4.000000000000e-04,2.773059398205e-06
4.000000000000e-04,2.564780571638e-06
4.000000000000e-04,1.844931934451e-06
4.000000000000e-04,1.111528904077e-06
4.000000000000e-04,2.120140375238e-07
4.000000000000e-04,1.986555781096e-06
4.000000000000e-04,3.532083064916e-06
2.800000000000e-03,1.764804785719e-05
2.400000000000e-03,1.010758667395e-05
1.600000000000e-03,4.605597498568e-06
4.000000000000e-04,2.119402206821e-06
1.984000000000e-01,5.761629399178e-03
4.000000000000e-04,1.494743243568e-06
3.600000000000e-03,1.928744455478e-05
8.000000000000e-04,3.899083215783e-06
8.000000000000e-04,1.925895912733e-06
1.200000000000e-03,3.194026068392e-06
8.000000000000e-04,1.322133605065e-06
1.200000000000e-03,6.075999598842e-06
4.000000000000e-04,2.064573495822e-06
1.600000000000e-03,5.823869953200e-06
4.000000000000e-04,4.455417575100e-09
3.960000000000e-02,3.846476410652e-04
4.000000000000e-04,1.163208573719e-06
2.400000000000e-03,1.658047377357e-05
4.000000000000e-04,3.096096768813e-06
4.000000000000e-04,2.906198864008e-06
4.000000000000e-04,7.158022698772e-07
4.000000000000e-04,7.915145802279e-07
8.000000000000e-04,3.644351018343e-06
4.000000000000e-04,3.998636460978e-06
4.000000000000e-04,2.586862881559e-07
4.000000000000e-04,2.987138671720e-06
1.200000000000e-03,7.096881493013e-06
4.000000000000e-04,3.217014867331e-07
4.000000000000e-04,2.877585929069e-07
4.000000000000e-04,4.030911121782e-07
4.000000000000e-04,1.026851771762e-06
4.000000000000e-04,1.045514042652e-06
1.200000000000e-03,6.831359679570e-06
4.000000000000e-04,8.202116801658e-08
2.000000000000e-03,1.010803857053e-05
8.000000000000e-04,3.391810878667e-06
4.000000000000e-04,1.255544067622e-06
4.000000000000e-04,2.943709787276e-06
2.880000000000e-02,3.351667400065e-04
4.000000000000e-04,2.943552815521e-06
1.600000000000e-03,3.092202228191e-06
2.400000000000e-03,1.770634481685e-05
4.000000000000e-04,4.059926939969e-06
4.000000000000e-04,5.086887457233e-07
4.000000000000e-03,1.978736604453e-05
8.000000000000e-04,3.504317111777e-06
8.000000000000e-04,5.855580409757e-06
8.000000000000e-04,4.100713624092e-06
8.000000000000e-04,4.389960260141e-06
1.200000000000e-03,2.114484044223e-06
4.000000000000e-04,2.279866451239e-06
9.200000000000e-03,9.011546136958e-05
8.000000000000e-04,1.268497921868e-06
4.000000000000e-04,5.384101044700e-07
4.000000000000e-04,2.115079377495e-06
4.000000000000e-04,3.474781033002e-07
4.000000000000e-04,1.643645784448e-06
4.000000000000e-04,7.289809490756e-07
1.200000000000e-03,4.097386723763e-06
8.000000000000e-04,5.818526811964e-07
2.000000000000e-03,5.817946190525e-06
4.000000000000e-04,1.520635538089e-06
4.000000000000e-04,2.582518421318e-06
4.000000000000e-04,1.720869916993e-07
4.000000000000e-04,1.225535045412e-06
1.200000000000e-03,1.441600370470e-06
4.000000000000e-04,9.164965188611e-07
8.000000000000e-04,4.485761170978e-06
2.400000000000e-03,2.094969544624e-05
1.600000000000e-03,7.608045903949e-06
4.000000000000e-04,1.034806406245e-06
4.000000000000e-04,1.542438032735e-06
4.000000000000e-04,2.789767182322e-07
4.000000000000e-04,1.618676090132e-06
4.000000000000e-04,1.861848252703e-06
8.000000000000e-04,1.069749656867e-06
1.200000000000e-03,1.188166072771e-05
4.000000000000e-04,2.654260362778e-06
4.000000000000e-04,4.852660766772e-06
8.000000000000e-04,1.453116315278e-06
4.000000000000e-04,3.509669436731e-07
1.160000000000e-02,1.029871263309e-04
1.600000000000e-03,7.269332785576e-06
8.000000000000e-04,4.808954311571e-07
4.000000000000e-04,3.042492213583e-06
4.000000000000e-04,2.497378264004e-06
4.000000000000e-04,1.988388003851e-06
4.000000000000e-04,3.566584782586e-07
4.000000000000e-04,1.929305574592e-06
4.000000000000e-04,1.297775615013e-06
8.000000000000e-04,1.793300983032e-06
4.000000000000e-04,3.471415877754e-07
4.000000000000e-04,8.828203188777e-09
4.000000000000e-04,4.613317019461e-07
4.000000000000e-04,6.496687517891e-08
4.000000000000e-04,1.495715709231e-07
1.200000000000e-03,1.567470361062e-06
4.000000000000e-04,1.941502516433e-06
4.000000000000e-04,2.018530227633e-06
4.000000000000e-04,7.157389596917e-07
2.800000000000e-03,1.588628272716e-05
4.000000000000e-04,2.602180834462e-06
4.000000000000e-04,2.855513851111e-07
1.200000000000e-03,4.018937819488e-06
4.000000000000e-04,8.645631736830e-07
4.000000000000e-04,1.774838392818e-06
2.000000000000e-03,4.685639100483e-06
4.000000000000e-04,1.139396200109e-06
4.000000000000e-04,2.004954002184e-06
4.000000000000e-04,2.954413248931e-06
4.000000000000e-04,1.434927825593e-06
4.000000000000e-04,1.555908912533e-06
1.600000000000e-03,1.005469741428e-05
4.000000000000e-04,7.588017222252e-07
4.000000000000e-04,1.829114200574e-06
4.000000000000e-04,1.947126044144e-06
8.000000000000e-04,2.231523411991e-06
4.000000000000e-04,1.794960659519e-06
4.000000000000e-04,2.471318130098e-06
1.200000000000e-03,4.534244557926e-06
4.000000000000e-04,2.968954554789e-06
4.000000000000e-04,3.711718096449e-08
2.400000000000e-03,1.083774937427e-05
4.000000000000e-04,1.786668125358e-06
3.600000000000e-03,1.590598099530e-05
4.000000000000e-04,4.223657134149e-07
4.000000000000e-04,2.478793164127e-06
8.000000000000e-04,9.469185887436e-06
4.000000000000e-04,1.095484113396e-06
4.000000000000e-04,2.404723419591e-06
1.600000000000e-03,1.272282422082e-05
4.000000000000e-04,3.593709045814e-07
4.000000000000e-04,1.069001591194e-07
4.000000000000e-04,5.884856657417e-07
8.000000000000e-04,4.851017184064e-06
2.400000000000e-02,4.102920943545e-04
9.600000000000e-03,1.356935494454e-04
4.000000000000e-04,1.804406405871e-06
4.000000000000e-04,3.391402456893e-07
4.000000000000e-04,2.345013406149e-06
4.000000000000e-04,1.827120744068e-07
4.000000000000e-04,6.092468557526e-07
4.000000000000e-04,1.406983980389e-06
8.000000000000e-04,1.841099286689e-06
1.600000000000e-03,4.305317814618e-06
1.600000000000e-03,1.761428950407e-05
4.000000000000e-04,1.975921354486e-06
1.600000000000e-03,8.729165146780e-06
4.000000000000e-04,9.052745050025e-07
4.000000000000e-04,4.038077480196e-06
4.000000000000e-04,8.595270926860e-07
4.000000000000e-04,1.879896165234e-07
1.200000000000e-03,3.224611830495e-06
4.000000000000e-04,3.222186680063e-06
4.000000000000e-04,2.496069707506e-07
1.200000000000e-03,9.038568872018e-06
4.000000000000e-04,1.045291456407e-06
8.000000000000e-04,9.926723538627e-07
4.000000000000e-04,8.103127253127e-07
4.000000000000e-04,5.709060214866e-07
4.000000000000e-04,1.698760642812e-06
8.000000000000e-04,8.624560846805e-07
4.000000000000e-04,1.862644863246e-06
4.000000000000e-04,1.668842275379e-07
1.200000000000e-03,6.852456979590e-07
4.000000000000e-04,6.210258346891e-07
8.000000000000e-04,1.019558631251e-06
4.000000000000e-04,1.353961485206e-06
1.200000000000e-03,3.202848427034e-06
4.000000000000e-04,9.721194430978e-07
4.000000000000e-04,1.931037856167e-06
4.000000000000e-04,3.838119598326e-06
4.000000000000e-04,1.126381639095e-06
4.000000000000e-04,1.227495966109e-06
4.000000000000e-04,1.411248292791e-06
4.000000000000e-04,2.876411624992e-08
8.000000000000e-04,4.625525641803e-06
4.000000000000e-04,9.633905924083e-07
1.600000000000e-03,1.316922758482e-05
4.000000000000e-04,5.626919691147e-07
4.000000000000e-04,5.433254994848e-07
4.400000000000e-03,3.806178242561e-05
4.000000000000e-04,2.249745190532e-06
1.200000000000e-03,2.602357125870e-06
4.000000000000e-04,1.186322987406e-06
4.000000000000e-04,1.683752518744e-06
4.000000000000e-04,1.558606856276e-06
4.000000000000e-04,9.092727269903e-07
4.000000000000e-04,2.380542053841e-07
4.000000000000e-04,2.076428378224e-06
8.000000000000e-04,7.481324591470e-07
8.000000000000e-04,3.557349560900e-06
8.000000000000e-04,2.749954835584e-06
2.400000000000e-03,8.995843615901e-06
1.600000000000e-03,7.818685973004e-06
4.000000000000e-04,6.326695019348e-07
4.000000000000e-04,1.084891698681e-07
1.600000000000e-03,1.205058476968e-05
4.000000000000e-04,2.316687375743e-07
8.000000000000e-04,4.704454386746e-06
8.000000000000e-04,2.697072507667e-06
4.000000000000e-04,4.304545872391e-07
4.000000000000e-04,1.590619187957e-06
1.200000000000e-03,1.148898552907e-05
4.000000000000e-04,1.866142049975e-07
4.000000000000e-04,1.729641635558e-08
4.000000000000e-04,2.796265239276e-06
4.000000000000e-04,1.885010245490e-06
4.000000000000e-04,2.870685704485e-06
4.000000000000e-04,9.947168675712e-08
1.600000000000e-03,1.095542173227e-05
4.000000000000e-04,7.348335717288e-08
3.600000000000e-03,2.543121373088e-05
1.200000000000e-03,8.348543213550e-06
1.200000000000e-03,6.226107557344e-06
4.000000000000e-04,2.804295121024e-07
4.000000000000e-04,2.374032804216e-06
8.000000000000e-04,9.371291690038e-06
7.200000000000e-03,8.644632041488e-05
4.000000000000e-04,7.412713253325e-07
4.000000000000e-04,3.845643925515e-07
4.000000000000e-04,3.874335869639e-06
4.000000000000e-04,1.727680751734e-06
1.200000000000e-03,1.379590803021e-06
4.000000000000e-04,8.328154052682e-07
4.000000000000e-04,1.174057232214e-07
4.000000000000e-04,2.898624884347e-06
2.000000000000e-03,1.273656116603e-05
4.000000000000e-04,1.980407854897e-06
4.000000000000e-04,6.461873892348e-07
4.000000000000e-04,8.955913618038e-07
2.400000000000e-03,8.302108726049e-06
4.000000000000e-04,2.063565024481e-06
1.600000000000e-03,2.205984180996e-06
8.000000000000e-04,6.213531148801e-06
1.200000000000e-03,3.904838255267e-06
4.000000000000e-04,9.166411685360e-07
8.000000000000e-04,1.441278135088e-06
8.000000000000e-04,7.299417538098e-06
4.000000000000e-04,5.350527148420e-06
4.000000000000e-04,1.030513649527e-06
4.000000000000e-04,2.826985102041e-06
1.200000000000e-03,8.843668462689e-06
6.000000000000e-03,4.926378033155e-05
4.000000000000e-04,2.820089676852e-06
4.000000000000e-04,5.524719585427e-06
4.000000000000e-04,1.156211223394e-08
8.000000000000e-04,2.680599218145e-06
1.600000000000e-03,2.278445175318e-05
3.600000000000e-03,3.247658294437e-05
4.000000000000e-04,2.757173989657e-06
4.000000000000e-04,3.850305717968e-07
2.400000000000e-03,1.830845383649e-05
4.000000000000e-04,1.492600667464e-06
4.000000000000e-04,8.291503849023e-07
4.000000000000e-04,3.875133116818e-06
4.000000000000e-04,1.059913583632e-06
4.000000000000e-04,2.478292803763e-07
4.000000000000e-04,1.361166851714e-06
1.280000000000e-02,1.027223519446e-04
8.000000000000e-04,4.031818310924e-06
2.400000000000e-03,1.829082876656e-05
4.000000000000e-04,6.085815941063e-07
4.000000000000e-04,1.037851794162e-06
4.000000000000e-04,2.459438387371e-06
4.000000000000e-04,1.196295291084e-06
4.000000000000e-04,2.084828030356e-06
1.200000000000e-03,9.723916774620e-06
4.000000000000e-04,3.099725994427e-07
4.000000000000e-04,4.011722807624e-07
4.000000000000e-03,2.295531286190e-05
5.000000000000e-02,7.540092428867e-04
4.000000000000e-04,2.930465796729e-07
8.000000000000e-04,4.962326953292e-06
2.000000000000e-03,1.157743700019e-05
4.000000000000e-04,1.248663355771e-06
4.000000000000e-04,1.505551922573e-06
4.000000000000e-04,1.953080580601e-06
5.600000000000e-03,3.808398584940e-05
4.000000000000e-04,2.995629719679e-06
4.000000000000e-04,2.720255388661e-06
2.000000000000e-03,6.691279562521e-06
8.000000000000e-04,2.630360933002e-06
4.000000000000e-04,8.301374348351e-07
4.000000000000e-04,6.629341173847e-07
4.000000000000e-04,2.340010651572e-06
4.000000000000e-04,3.632535937157e-07
4.000000000000e-04,1.635684975716e-06
8.000000000000e-04,4.925221441239e-06
4.000000000000e-04,2.805363851541e-08
4.000000000000e-04,4.353450703793e-07
8.000000000000e-04,1.547747518110e-06
1.200000000000e-03,4.873100263965e-06
4.000000000000e-04,2.136144696858e-06
1.200000000000e-03,8.815215369180e-06
4.000000000000e-04,9.925736571671e-07
4.000000000000e-04,2.960600513726e-07
8.000000000000e-04,2.589730591497e-06
9.200000000000e-03,1.069026479761e-04
4.000000000000e-04,5.388898337575e-07
4.000000000000e-04,1.479074587521e-06
2.800000000000e-03,1.669199351428e-05
4.000000000000e-04,1.414543680646e-06
1.200000000000e-03,6.186719412886e-06
4.000000000000e-04,1.170870009985e-06
4.000000000000e-04,2.345060975925e-06
8.000000000000e-04,5.016935164762e-06
4.000000000000e-04,1.421420804253e-06
4.000000000000e-04,1.327062012616e-06
3.600000000000e-03,2.882629758221e-05
4.000000000000e-04,7.812316470968e-08
4.000000000000e-04,1.280008126414e-06
1.200000000000e-03,6.481971402467e-06
8.000000000000e-04,1.859618119624e-06
1.200000000000e-03,5.690995516107e-06
1.200000000000e-03,6.006023578080e-06
4.000000000000e-04,2.502206560251e-06
1.200000000000e-03,1.683251641043e-06
8.000000000000e-04,1.840070402042e-06
2.400000000000e-02,1.689715288454e-04
1.600000000000e-03,1.074171076180e-05
2.400000000000e-03,1.594845191880e-05
4.000000000000e-04,2.783036507654e-07
4.000000000000e-04,5.155027176746e-07
4.000000000000e-04,5.163446777627e-07
8.400000000000e-03,6.264372112084e-05
4.000000000000e-04,3.327365627871e-07
4.000000000000e-04,1.984157932683e-06
4.000000000000e-04,1.371682921159e-07
4.000000000000e-04,1.662001255723e-07
1.600000000000e-03,6.897494756999e-06
4.000000000000e-04,9.907898514646e-07
8.000000000000e-04,1.424242261972e-06
2.000000000000e-03,2.529657066754e-05
4.000000000000e-04,4.416990463294e-07
4.000000000000e-04,1.293086729234e-06
4.000000000000e-04,8.291432436588e-07
4.000000000000e-04,1.387920488285e-07
4.000000000000e-04,2.755620954426e-06
8.000000000000e-04,6.462139522092e-06
1.200000000000e-03,6.698846197412e-06
4.000000000000e-04,4.091370866108e-08
8.000000000000e-04,2.834080907470e-06
4.000000000000e-04,1.661877173509e-06
5.600000000000e-03,5.724359984903e-05
8.000000000000e-04,8.150725567259e-06
4.000000000000e-04,2.591525581802e-06
1.200000000000e-03,9.200404248536e-06
4.000000000000e-04,8.073065592840e-07
2.200000000000e-02,3.005215423987e-04
4.000000000000e-04,3.848929111157e-08
4.000000000000e-04,7.166907860920e-08
2.000000000000e-03,7.917792990129e-06
1.000000000000e-02,9.021605637515e-05
4.000000000000e-04,1.798052566625e-06
4.000000000000e-04,1.295718604947e-07
1.200000000000e-03,1.633445859726e-06
4.000000000000e-04,2.362597080381e-07
4.000000000000e-04,7.664298901474e-07
4.000000000000e-04,3.802743278577e-06
8.000000000000e-04,1.898649464685e-06
4.000000000000e-04,3.403561476937e-06
4.000000000000e-04,3.487860306589e-06
4.000000000000e-04,9.651114827868e-07
8.000000000000e-04,2.158690402332e-06
8.000000000000e-04,6.053563981913e-06
4.000000000000e-04,7.471303029248e-07
4.000000000000e-04,7.382044813363e-07
1.600000000000e-03,1.052276558219e-05
4.000000000000e-04,1.314491138568e-06
4.000000000000e-04,1.629707159070e-06
4.000000000000e-04,8.030604655094e-07
6.400000000000e-03,8.038523988299e-05
4.000000000000e-04,8.072844649739e-07
4.000000000000e-04,1.887561172110e-06
1.200000000000e-03,2.637861906645e-06
8.000000000000e-04,5.752385402577e-06
4.000000000000e-04,9.705265706942e-08
1.200000000000e-03,2.478577099698e-06
4.800000000000e-03,3.720845126756e-05
4.000000000000e-04,1.709840812599e-07
1.200000000000e-03,5.289077894065e-06
4.000000000000e-04,7.835357761177e-07
4.000000000000e-04,2.033513600866e-06
4.000000000000e-04,8.036014095254e-08
4.000000000000e-04,1.260715791175e-06
1.600000000000e-03,8.466840244577e-06
4.000000000000e-04,1.685832024083e-06
3.880000000000e-02,5.018845191356e-04
4.000000000000e-04,8.020391330115e-07
8.000000000000e-04,7.917273312395e-07
4.000000000000e-04,1.416272171579e-06
4.000000000000e-04,2.249940180025e-07
3.600000000000e-03,2.876632574748e-05
1.200000000000e-03,3.705006354377e-06
4.000000000000e-04,4.082742343197e-07
4.000000000000e-04,2.094372027941e-07
4.000000000000e-04,4.578209508432e-07
1.600000000000e-03,4.671306946343e-06
4.000000000000e-04,1.185732171109e-06
8.000000000000e-04,1.774989653195e-06
4.000000000000e-04,8.672377954677e-07
4.000000000000e-04,1.864285967552e-06
4.000000000000e-04,2.534932564733e-06
8.000000000000e-04,4.102667443721e-06
1.600000000000e-03,1.024945676519e-05
4.000000000000e-04,4.359537289779e-07
4.000000000000e-04,1.238429612753e-06
4.000000000000e-04,2.657730229214e-06
1.600000000000e-03,5.770746609077e-06
4.000000000000e-04,2.443354463717e-06
4.000000000000e-04,2.678820210119e-06
4.000000000000e-04,1.690438382822e-07
4.000000000000e-04,3.492832277119e-07
4.000000000000e-04,1.172160671341e-07
4.000000000000e-04,4.268567466780e-07
4.000000000000e-04,2.205271559952e-06
4.000000000000e-04,1.296844293807e-06
8.000000000000e-04,4.100388435768e-06
4.000000000000e-04,3.497121326184e-06
4.000000000000e-04,2.761944666144e-06
4.000000000000e-04,2.454017149319e-06
4.000000000000e-04,5.658347696883e-07
4.000000000000e-04,1.973981075053e-07
4.000000000000e-04,9.096436103755e-07
8.000000000000e-04,4.086742852445e-06
4.000000000000e-04,1.656165895721e-06
4.000000000000e-04,1.674361343523e-07
1.600000000000e-03,8.646326367277e-06
8.000000000000e-04,1.334940945494e-06
4.000000000000e-04,3.638187261862e-06
4.000000000000e-04,1.119191873283e-06
4.000000000000e-04,7.486445550049e-07
4.000000000000e-04,8.067699012093e-07
4.000000000000e-04,6.606296411369e-07
4.000000000000e-04,1.032292071478e-06
8.000000000000e-04,3.471518190201e-06
4.000000000000e-04,5.761179995567e-10
4.000000000000e-04,3.002501935192e-07
1.680000000000e-02,1.789102955676e-04
4.000000000000e-04,1.144047528097e-06
2.800000000000e-03,1.124198531513e-05
4.000000000000e-04,1.294458463690e-06
6.800000000000e-03,5.233837519349e-05
1.600000000000e-03,1.304038935241e-05
4.000000000000e-04,1.735391544209e-06
8.000000000000e-04,8.790092798352e-06
8.000000000000e-04,2.661021157126e-06
4.000000000000e-04,1.042808350620e-07
4.000000000000e-04,3.486126438463e-06
8.000000000000e-04,1.340236442345e-06
6.000000000000e-03,3.648026628259e-05
2.000000000000e-03,1.254151077869e-05
8.000000000000e-04,3.773475734619e-06
4.000000000000e-04,7.566909891312e-07
4.000000000000e-04,2.186841820233e-07
8.000000000000e-04,2.982622801863e-06
4.000000000000e-04,6.614618034940e-07
4.000000000000e-04,2.597962811997e-06
4.000000000000e-04,7.982919903321e-07
1.440000000000e-02,2.083582420051e-04
1.200000000000e-03,8.020743295938e-06
1.200000000000e-03,6.672016063556e-06
4.000000000000e-04,1.212294615789e-06
4.000000000000e-04,2.868982471763e-06
4.000000000000e-04,2.500755414698e-06
4.000000000000e-04,3.799811936781e-07
4.000000000000e-04,1.872994108193e-06
5.600000000000e-03,4.701249265525e-05
1.200000000000e-03,8.026938199529e-06
4.000000000000e-04,1.569748596214e-06
4.000000000000e-04,3.008306451792e-06
4.000000000000e-04,1.266943146317e-06
4.000000000000e-04,4.940447951025e-07
4.000000000000e-04,1.985743411024e-07
4.000000000000e-04,8.976804897362e-07
4.000000000000e-04,1.580948564006e-06
1.600000000000e-03,9.983305028619e-06
8.000000000000e-04,9.578507366128e-08
4.000000000000e-04,1.533536737007e-06
3.440000000000e-02,4.755692662356e-04
4.000000000000e-04,3.739470923878e-07
5.600000000000e-03,3.949172212040e-05
4.000000000000e-04,8.762562882815e-07
4.000000000000e-04,7.562086768107e-07
4.000000000000e-04,1.275660001220e-06
4.000000000000e-04,5.177268113474e-07
8.000000000000e-04,3.872200421394e-06
4.000000000000e-04,3.740204060316e-07
8.400000000000e-03,1.008380473898e-04
8.000000000000e-04,6.052914717922e-06
4.000000000000e-04,1.272303058111e-06
3.600000000000e-03,2.773341002174e-05
2.000000000000e-03,2.125777193442e-05
4.000000000000e-04,1.670985422110e-06
4.000000000000e-04,2.012732460313e-06
4.000000000000e-04,1.052349368050e-06
7.200000000000e-03,4.542992766056e-05
4.000000000000e-04,4.303459807968e-08
4.000000000000e-04,1.523758006235e-06
2.000000000000e-03,1.520458681196e-05
4.000000000000e-04,9.468094644037e-07
4.000000000000e-04,3.118998732808e-06
2.000000000000e-03,6.484710508220e-06
4.000000000000e-04,1.677359856443e-07
4.000000000000e-04,2.827991840037e-07
3.600000000000e-03,2.335526001347e-05
4.000000000000e-04,2.274651274247e-07
8.000000000000e-04,3.796362086558e-06
4.000000000000e-04,1.325127968365e-06
4.400000000000e-03,4.235411531622e-05
4.000000000000e-04,2.334030554843e-06
4.000000000000e-04,2.339484672107e-08
4.000000000000e-04,3.583288799714e-06
1.200000000000e-03,7.981183085917e-06
4.000000000000e-04,2.867647948017e-07
8.400000000000e-03,3.823016282683e-05
4.000000000000e-04,1.335111758863e-06
2.000000000000e-03,9.959317234318e-06
1.200000000000e-03,1.267116929516e-05
4.000000000000e-04,9.004323501986e-07
4.000000000000e-04,1.924205900751e-06
8.000000000000e-04,1.168421119621e-05
4.000000000000e-04,4.420131526629e-07
4.000000000000e-04,5.272593976120e-08
4.000000000000e-04,2.009712710364e-06
1.200000000000e-03,2.085502072979e-06
1.200000000000e-03,4.310041029614e-06
4.000000000000e-04,3.755064772122e-07
1.200000000000e-03,6.311890775811e-06
1.200000000000e-03,4.852511665958e-06
1.600000000000e-03,8.298633903597e-06
2.800000000000e-03,1.011485478864e-05
4.000000000000e-04,2.134915806151e-06
4.000000000000e-04,9.233983347402e-07
4.000000000000e-04,6.019706843027e-08
8.000000000000e-04,3.300493942976e-06
4.000000000000e-04,4.946702629962e-07
4.000000000000e-04,1.959495361273e-06
4.000000000000e-04,4.302827942608e-07
4.000000000000e-04,1.006545977937e-06
4.000000000000e-04,1.682814934432e-06
1.600000000000e-03,9.078744894857e-06
4.000000000000e-04,7.217603146607e-07
1.200000000000e-03,3.501002169767e-06
4.000000000000e-04,1.060050784021e-06
1.200000000000e-03,9.549075069249e-06
3.600000000000e-03,1.728631781768e-05
8.000000000000e-04,4.588183642164e-06
2.400000000000e-03,7.690986717124e-06
8.000000000000e-04,2.404262717959e-06
5.600000000000e-03,4.081400339175e-05
4.000000000000e-04,1.655346525596e-07
4.000000000000e-04,1.285012478485e-06
4.000000000000e-04,2.587726821564e-06
3.600000000000e-03,1.429571542777e-05
4.000000000000e-04,1.916929937556e-06
4.000000000000e-04,4.376128305025e-07
1.200000000000e-03,3.574172381018e-06
4.000000000000e-04,1.410168829232e-06
4.000000000000e-04,1.812209057873e-07
8.584000000000e-01,2.088545621203e-02
4.000000000000e-04,1.474041572318e-06
8.000000000000e-04,2.324318249399e-06
4.000000000000e-04,2.240850190907e-06
4.000000000000e-04,7.965147361603e-07
4.000000000000e-04,1.146957711008e-06
4.000000000000e-04,1.993572382961e-06
4.000000000000e-03,4.189939012782e-05
4.000000000000e-04,3.940823145237e-07
4.000000000000e-04,3.152017161447e-06
4.000000000000e-04,4.306268200102e-07
1.600000000000e-03,8.562755364282e-06
4.000000000000e-04,4.276526799924e-07
4.000000000000e-04,1.167436059356e-06
4.000000000000e-04,2.193088650690e-06
4.000000000000e-04,2.813749279398e-06
4.000000000000e-03,2.078265802788e-05
4.000000000000e-04,3.575466230305e-06
4.000000000000e-04,2.626460536152e-06
4.000000000000e-04,3.171498516971e-06
4.000000000000e-04,1.856302238406e-06
4.000000000000e-04,3.292645700192e-07
4.000000000000e-04,4.905441933154e-07
4.000000000000e-04,9.337376245860e-07
8.000000000000e-04,4.804220670225e-06
4.000000000000e-04,3.607190596509e-07
4.000000000000e-04,1.029733295434e-06
4.000000000000e-04,8.179652565108e-07
2.400000000000e-03,2.131173855981e-05
1.600000000000e-03,8.871585019987e-06
4.000000000000e-04,1.479551894001e-06
4.000000000000e-04,4.480654472526e-06
4.000000000000e-04,7.522874097719e-07
2.040000000000e-02,2.825701427137e-04
4.000000000000e-03,2.136596318962e-05
8.000000000000e-04,4.176581582033e-06
4.000000000000e-04,2.081725684805e-06
2.000000000000e-03,7.892739894972e-06
1.200000000000e-03,9.360346055502e-06
1.200000000000e-02,1.392499912726e-04
4.000000000000e-04,1.115835300967e-07
4.000000000000e-04,3.134419608443e-07
2.400000000000e-03,7.671909817325e-06
4.000000000000e-04,5.642476507689e-07
4.000000000000e-03,3.251014012017e-05
4.000000000000e-04,7.142974632835e-07
3.600000000000e-03,2.791991451611e-05
1.200000000000e-03,4.643792730086e-06
4.000000000000e-04,9.135156836145e-07
4.000000000000e-04,1.136605898636e-07
4.000000000000e-04,1.411117876728e-06
4.000000000000e-04,3.309782868457e-06
1.600000000000e-03,1.020223156941e-05
4.000000000000e-04,1.067802245276e-06
4.000000000000e-04,1.004687218964e-06
4.000000000000e-04,4.270161363684e-06
1.600000000000e-03,9.097787796860e-06
4.000000000000e-04,1.411303612945e-07
4.000000000000e-04,6.588520800642e-07
4.000000000000e-04,6.349816296536e-08
2.400000000000e-03,1.277092852564e-05
4.000000000000e-04,1.141180278873e-06
1.200000000000e-03,3.216247222066e-06
5.600000000000e-03,1.813045736880e-05
4.000000000000e-04,3.230722768034e-06
4.000000000000e-04,7.043738714820e-08
4.000000000000e-04,2.265774853100e-06
4.000000000000e-04,1.524290817844e-06
4.000000000000e-04,8.011800677762e-07
1.200000000000e-03,2.604367860622e-06
4.000000000000e-04,2.006459257761e-06
4.000000000000e-04,3.188879615933e-07
2.000000000000e-03,1.062580829775e-05
4.000000000000e-04,2.285279429801e-06
4.000000000000e-04,1.317443462253e-06
4.000000000000e-04,5.351857761525e-07
1.200000000000e-03,5.392641020683e-06
8.000000000000e-04,3.108930275682e-06
4.000000000000e-04,1.856839377832e-06
4.000000000000e-04,1.858716674690e-06
1.200000000000e-03,2.380374948557e-06
4.400000000000e-03,3.077976735505e-05
4.000000000000e-04,1.176004063481e-07
1.600000000000e-03,5.954182096516e-06
8.000000000000e-04,1.895650475053e-06
8.000000000000e-04,2.381389010668e-06
2.400000000000e-03,1.385285504709e-05
1.600000000000e-03,5.938172192617e-06
1.200000000000e-03,2.291883790390e-06
4.000000000000e-04,1.978655712112e-06
8.000000000000e-04,1.253307609501e-06
4.000000000000e-04,2.249294379102e-06
4.000000000000e-04,8.001117846700e-07
4.000000000000e-04,3.950432038788e-07
4.000000000000e-04,1.803599574777e-07
1.200000000000e-03,4.460947568584e-06
4.000000000000e-04,3.906413159694e-07
4.000000000000e-04,1.289498903175e-06
8.000000000000e-04,1.294965961734e-06
4.000000000000e-04,5.395368174898e-06
4.000000000000e-04,1.022500828162e-06
1.600000000000e-03,8.850424683602e-06
4.000000000000e-04,6.429526256250e-08
8.000000000000e-04,1.921218518612e-06
4.000000000000e-04,6.981479204965e-07
4.000000000000e-04,6.513895129991e-07
4.000000000000e-04,3.696265747034e-07
4.000000000000e-04,1.567465808122e-06
4.000000000000e-04,2.528686873049e-06
4.000000000000e-04,1.068554233040e-06
4.000000000000e-04,1.096031696569e-06
4.000000000000e-04,1.888858558315e-06
8.000000000000e-04,2.473117399775e-06
4.000000000000e-04,4.693569939487e-07
4.000000000000e-04,1.366719672651e-06
2.800000000000e-03,2.115043471150e-05
4.000000000000e-04,5.024973361096e-08
5.600000000000e-03,7.106138203219e-05
1.600000000000e-03,9.560945065929e-06
4.000000000000e-04,2.048710867577e-06
1.200000000000e-03,4.719624893989e-06
4.000000000000e-04,8.225979478020e-07
2.000000000000e-03,9.087466876303e-06
8.000000000000e-04,1.533600702850e-06
4.000000000000e-04,1.041609428485e-06
1.600000000000e-03,1.659117564453e-05
8.000000000000e-04,2.577413303072e-06
4.000000000000e-04,1.245789292110e-06
4.000000000000e-04,1.823123589791e-07
1.640000000000e-02,1.482624711327e-04
4.000000000000e-04,2.139696268210e-06
4.000000000000e-04,1.034766863706e-06
4.000000000000e-04,6.041914315215e-07
4.000000000000e-04,1.880438641996e-06
4.000000000000e-04,2.066315524418e-06
7.600000000000e-03,4.186709724554e-05
8.000000000000e-04,4.881451163932e-06
4.000000000000e-04,1.378741655410e-06
8.000000000000e-04,8.373010776124e-06
8.000000000000e-04,1.415448303238e-06
4.000000000000e-04,5.118758463287e-08
4.000000000000e-04,3.010470489447e-06
2.400000000000e-03,1.572257843133e-05
8.000000000000e-04,2.520800469572e-06
4.000000000000e-04,1.982720364356e-06
4.000000000000e-04,1.806853156609e-06
4.000000000000e-04,1.766796694033e-07
8.400000000000e-03,9.425956031026e-05
4.000000000000e-04,2.808440176202e-07
4.000000000000e-04,3.465362560814e-06
4.000000000000e-04,6.788278634386e-07
1.200000000000e-03,1.734338011946e-06
4.000000000000e-04,3.319838703492e-06
8.000000000000e-04,4.728723227717e-07
4.000000000000e-04,1.571338597108e-06
4.000000000000e-04,6.185600737909e-07
4.000000000000e-04,2.068723169866e-07
4.000000000000e-04,4.353206641314e-08
1.200000000000e-03,5.037520705208e-06
8.000000000000e-04,5.834686408127e-07
4.000000000000e-04,1.838448914624e-07
8.000000000000e-04,2.952826842200e-06
4.000000000000e-04,1.068068249003e-06
4.000000000000e-04,1.943794666493e-06
4.000000000000e-04,1.893229417033e-07
4.000000000000e-04,2.644969239231e-06
4.000000000000e-04,8.486556891299e-07
1.600000000000e-03,1.010632876423e-05
8.000000000000e-04,1.799929977963e-06
4.000000000000e-04,2.983815365600e-06
1.200000000000e-03,3.508531529250e-06
4.000000000000e-04,1.402899890846e-06
4.000000000000e-04,1.035530375791e-06
4.000000000000e-04,1.072900435935e-06
8.000000000000e-04,5.728214218038e-06
4.000000000000e-04,1.899301451147e-07
4.000000000000e-03,1.403705600953e-05
4.000000000000e-04,4.154956623495e-07
4.000000000000e-04,7.863897793989e-07
4.000000000000e-04,5.104223226985e-07
4.000000000000e-04,1.437488155775e-06
4.000000000000e-04,3.673161094359e-06
4.000000000000e-04,1.121120161889e-06
4.000000000000e-04,1.533389809246e-06
4.000000000000e-04,9.955469366028e-07
4.000000000000e-04,8.260948285260e-07
4.800000000000e-03,3.982528523136e-05
4.000000000000e-04,5.233603403596e-07
4.000000000000e-04,5.695434635013e-07
8.000000000000e-04,2.481054492887e-06
4.000000000000e-04,3.859860290581e-06
8.000000000000e-04,1.458823778897e-06
4.000000000000e-04,1.510542750756e-06
1.200000000000e-03,7.668180596701e-06
7.600000000000e-03,6.926879526431e-05
4.000000000000e-04,2.042278707636e-06
8.000000000000e-04,6.235373233466e-06
4.000000000000e-04,1.913871520330e-07
4.000000000000e-04,6.898864813754e-10
8.000000000000e-04,6.063339752550e-06
1.880000000000e-02,1.718272502954e-04
4.000000000000e-04,1.698773279698e-06
8.000000000000e-04,6.601218743315e-06
4.000000000000e-04,1.136850960256e-06
4.000000000000e-04,3.976759470930e-07
4.000000000000e-04,2.204557623201e-06
4.000000000000e-04,1.492225617855e-07
8.000000000000e-04,9.472920362208e-06
4.000000000000e-04,1.175945699467e-07
1.200000000000e-03,5.873109212397e-06
8.000000000000e-04,3.263131157977e-06
4.000000000000e-04,2.227376383088e-06
4.000000000000e-04,7.433241009448e-08
1.080000000000e-02,1.355544663477e-04
4.000000000000e-04,2.769606900875e-07
4.000000000000e-04,1.658010361415e-06
4.000000000000e-04,5.850580971265e-07
4.000000000000e-04,2.454090500129e-06
4.000000000000e-04,1.719735562864e-08
4.000000000000e-04,3.353152556036e-07
4.000000000000e-04,3.582581657104e-07
4.000000000000e-04,5.038758627341e-07
4.000000000000e-04,1.939061580482e-06
2.800000000000e-03,1.216832964623e-05
8.000000000000e-04,2.285456792383e-06
4.000000000000e-04,3.786901313769e-07
8.000000000000e-04,6.435215292849e-07
4.000000000000e-04,6.432206508607e-08
8.000000000000e-04,7.685496828372e-06
4.000000000000e-04,1.064505466926e-06
4.000000000000e-04,2.802727651003e-06
8.000000000000e-04,7.044923127708e-06
4.000000000000e-04,3.461901972289e-07
4.000000000000e-04,5.447871183844e-07
4.000000000000e-04,1.475158723398e-06
4.000000000000e-04,2.023864145984e-06
1.600000000000e-03,1.459523411479e-05
8.000000000000e-04,6.144127065899e-06
4.000000000000e-04,4.101896891713e-06
4.000000000000e-04,5.625582694587e-07
4.000000000000e-04,1.513912358022e-07
8.000000000000e-04,8.114425938596e-07
4.000000000000e-04,3.177315725357e-06
4.000000000000e-04,5.354001677720e-07
4.000000000000e-04,2.333699659637e-06
4.000000000000e-04,2.018644392428e-08
1.200000000000e-03,3.288251261357e-06
1.200000000000e-03,6.618111924713e-06
4.000000000000e-04,4.830588104238e-07
4.000000000000e-04,1.732775379342e-06
1.600000000000e-03,3.741326559142e-06
4.000000000000e-04,9.634948131060e-07
4.000000000000e-04,5.455756615201e-07
1.200000000000e-03,3.614616921060e-06
4.000000000000e-04,9.142913769395e-08
4.000000000000e-04,9.088522889269e-07
4.000000000000e-04,1.645506907456e-06
8.000000000000e-04,6.706850063771e-06
8.000000000000e-04,5.464566659116e-06
4.000000000000e-04,6.954576880284e-07
4.000000000000e-04,5.808727241872e-06
4.000000000000e-04,1.509658136900e-06
3.200000000000e-03,1.641765960754e-05
4.000000000000e-04,9.681719225507e-07
4.000000000000e-04,1.286800321787e-07
1.200000000000e-03,5.678494749058e-06
4.000000000000e-04,1.975472693553e-06
4.000000000000e-04,1.291466157381e-06
8.000000000000e-04,5.751982616858e-06
4.000000000000e-04,1.021196147784e-07
8.000000000000e-04,2.705020746716e-06
4.000000000000e-04,1.270599280000e-06
4.000000000000e-04,3.997992301183e-06
4.000000000000e-04,7.725825045539e-07
4.000000000000e-04,1.053048267851e-06
4.000000000000e-04,1.739042390378e-07
8.000000000000e-02,1.150393392352e-03
2.400000000000e-03,9.299838240319e-06
3.600000000000e-03,2.235999128609e-05
4.000000000000e-04,6.778624470332e-07
4.000000000000e-04,2.693376233278e-06
8.000000000000e-04,4.688673514013e-06
4.000000000000e-04,2.746786969220e-06
3.600000000000e-03,2.417228371736e-05
2.000000000000e-03,2.088108394171e-05
4.000000000000e-04,7.854170570335e-07
2.400000000000e-03,2.148327190217e-05
4.000000000000e-04,1.823230925118e-06
8.000000000000e-04,3.771151253181e-06
4.000000000000e-04,1.661374767629e-06
4.000000000000e-04,6.286310870675e-07
4.000000000000e-04,6.283500011606e-08
4.000000000000e-04,1.674794544415e-07
4.000000000000e-04,1.188894747846e-06
4.000000000000e-04,5.544201742675e-07
4.000000000000e-04,9.621899648055e-07
4.000000000000e-04,4.457609747296e-07
2.400000000000e-03,8.434591772043e-06
4.000000000000e-04,2.539174210157e-06
2.400000000000e-03,1.931199338072e-05
1.200000000000e-03,3.546637975045e-06
4.000000000000e-04,9.539258033042e-07
8.000000000000e-04,1.798500828090e-06
1.200000000000e-03,4.301166216365e-06
4.000000000000e-04,2.006594487983e-06
4.000000000000e-04,5.961360453926e-07
1.200000000000e-03,5.022784378728e-06
1.200000000000e-03,7.379847094412e-06
2.800000000000e-03,1.858525066644e-05
8.000000000000e-04,1.415355946369e-06
4.400000000000e-03,3.142735806730e-05
4.000000000000e-04,2.308288478137e-06
8.000000000000e-04,5.556550621842e-06
3.200000000000e-03,2.534077269751e-05
8.000000000000e-04,1.421650023406e-06
4.000000000000e-04,7.469639101088e-07
1.600000000000e-03,9.660251634010e-06
4.000000000000e-04,3.016830625955e-06
4.000000000000e-04,9.542230765842e-07
4.000000000000e-04,1.047767725167e-06
1.200000000000e-03,9.764321811104e-06
4.000000000000e-04,5.462063888633e-07
4.800000000000e-03,2.817188177798e-05
1.200000000000e-03,5.948007573776e-06
8.000000000000e-04,2.063936623810e-07
8.000000000000e-04,2.230548645813e-06
4.000000000000e-04,8.013589656457e-08
4.000000000000e-04,2.832517589389e-06
4.000000000000e-04,1.811235499387e-06
4.000000000000e-04,2.586342020759e-06
4.000000000000e-04,4.989254923147e-07
4.000000000000e-04,4.676839430435e-07
1.200000000000e-03,7.284324452889e-06
8.000000000000e-04,2.040983039940e-06
4.000000000000e-04,4.064086430153e-07
4.000000000000e-04,2.423707126632e-07
3.600000000000e-02,4.170425375815e-04
1.200000000000e-03,3.793297066797e-06
4.000000000000e-04,3.351669954447e-07
4.000000000000e-04,1.564998165263e-07
4.000000000000e-04,2.918652936738e-07
4.000000000000e-04,1.691294656092e-06
4.000000000000e-04,2.708561792522e-06
4.000000000000e-04,8.307044926481e-07
5.600000000000e-03,6.894655254860e-05
4.000000000000e-04,2.081495359630e-06
4.000000000000e-04,2.417215987394e-07
4.000000000000e-04,6.911523526241e-08
1.200000000000e-03,4.809566746155e-06
4.000000000000e-04,1.457357053650e-06
4.000000000000e-04,1.486394637560e-06
4.000000000000e-04,1.466000546962e-06
8.000000000000e-04,4.293323664723e-06
4.000000000000e-04,3.718786484776e-07
6.400000000000e-03,2.562494035365e-05
2.800000000000e-03,2.074868650254e-05
4.000000000000e-04,2.417830536969e-06
2.400000000000e-03,1.695238467458e-05
4.000000000000e-04,1.622057947374e-06
4.000000000000e-04,5.862473802422e-07
1.600000000000e-03,8.157581028477e-06
4.000000000000e-04,2.335106908526e-06
5.600000000000e-03,4.404303476366e-05
4.000000000000e-04,9.173727698705e-09
4.000000000000e-04,4.485079500508e-07
4.000000000000e-04,9.596071921881e-07
4.000000000000e-04,1.082462150914e-06
4.000000000000e-04,1.956201511932e-07
2.000000000000e-03,9.616683513634e-06
8.000000000000e-04,2.372499636561e-06
8.000000000000e-04,9.916570848783e-07
4.000000000000e-04,3.555456627543e-07
4.000000000000e-04,6.950665215439e-07
4.000000000000e-04,3.643295274121e-06
4.000000000000e-04,7.215848363854e-07
1.600000000000e-03,6.478800127047e-06
2.000000000000e-03,1.374891922481e-05
1.600000000000e-03,1.219253281920e-05
4.000000000000e-04,2.755362560423e-07
4.000000000000e-04,2.459012392974e-06
4.000000000000e-04,4.733725722846e-07
4.000000000000e-04,1.772812143840e-07
4.000000000000e-04,1.609534792051e-06
2.400000000000e-03,1.272299890112e-05
4.000000000000e-04,2.920783530489e-07
4.000000000000e-04,1.184771157283e-06
4.000000000000e-04,1.546918961426e-06
4.000000000000e-04,1.352804167217e-06
4.000000000000e-04,2.075055745169e-07
4.000000000000e-04,2.879466014965e-07
4.000000000000e-04,2.532683675087e-06
4.000000000000e-04,5.101191738036e-07
4.000000000000e-04,1.236699508642e-06
4.000000000000e-04,1.494310265883e-06
4.000000000000e-04,1.798702777059e-06
2.000000000000e-03,1.281647566124e-05
8.000000000000e-04,2.711520784765e-06
8.000000000000e-04,1.397238443918e-06
1.200000000000e-03,8.611451786548e-06
4.000000000000e-04,6.127020178726e-09
8.000000000000e-04,1.598218954245e-06
4.400000000000e-03,3.300745462521e-05
1.040000000000e-02,6.624950310905e-05
1.200000000000e-03,3.444358752874e-06
4.000000000000e-04,2.229499780877e-07
4.000000000000e-04,4.352763069740e-06
1.600000000000e-03,5.807391385896e-06
4.000000000000e-04,3.919051987481e-07
8.000000000000e-04,4.112980834293e-06
4.000000000000e-04,5.947148814516e-07
4.000000000000e-04,1.512798292252e-06
4.000000000000e-03,1.885833709474e-05
4.000000000000e-04,1.131630330597e-06
1.120000000000e-02,1.265090299332e-04
1.200000000000e-03,3.316705726458e-06
8.000000000000e-04,1.907363733486e-06
4.000000000000e-04,4.105961692686e-06
4.800000000000e-03,6.076888920222e-05
4.000000000000e-04,1.477693409300e-06
1.280000000000e-02,1.813071337182e-04
7.600000000000e-03,7.417696628885e-05
8.000000000000e-04,2.916942823330e-06
2.000000000000e-03,1.835158272404e-05
4.000000000000e-04,3.904431389232e-08
1.600000000000e-03,3.906266447936e-06
4.000000000000e-04,3.062594331060e-08
8.000000000000e-04,3.274124200093e-06
8.000000000000e-04,8.296829020300e-07
4.000000000000e-04,4.518667706334e-06
8.000000000000e-04,2.602613346761e-06
1.600000000000e-03,1.509177612355e-05
4.000000000000e-04,5.539507130306e-07
4.000000000000e-04,2.312825482754e-06
4.000000000000e-04,3.615231812979e-06
4.000000000000e-04,4.816891675238e-06
4.000000000000e-04,4.526532630248e-07
8.000000000000e-04,2.978025812550e-06
4.000000000000e-04,9.581128230427e-07
4.000000000000e-04,3.023319393567e-06
4.000000000000e-04,1.898609624062e-07
4.000000000000e-04,8.176284211269e-08
4.000000000000e-04,7.263566566504e-07
4.000000000000e-04,4.919824478986e-06
4.000000000000e-04,2.375035807779e-06
