area,volume
8.000000000000e-04,6.551836830446e-07
1.200000000000e-03,3.063839009336e-06
2.400000000000e-03,5.924928851462e-06
4.000000000000e-04,1.252380273754e-06
4.000000000000e-04,1.030174605779e-06
4.000000000000e-04,2.243389737747e-07
2.800000000000e-03,1.283971958072e-05
4.000000000000e-04,1.105562246570e-07
4.800000000000e-03,7.019159718893e-06
4.000000000000e-04,9.695257390693e-07
1.008000000000e-01,1.424175014974e-03
4.000000000000e-04,1.062234338663e-06
6.800000000000e-03,3.429520490177e-05
8.000000000000e-04,6.392231840097e-07
4.000000000000e-04,2.263263317371e-07
4.000000000000e-04,5.570913093933e-07
9.920000000000e-02,6.198543108208e-04
1.200000000000e-03,4.582424482983e-06
4.000000000000e-04,1.243771386604e-07
4.000000000000e-04,2.619862050344e-08
4.000000000000e-04,7.715274370563e-08
8.000000000000e-04,8.695585666029e-07
4.000000000000e-04,3.298529592828e-07
4.000000000000e-04,4.459897940536e-07
4.000000000000e-04,2.445361349894e-07
8.000000000000e-04,1.166849751752e-06
4.000000000000e-04,9.504980269617e-07
4.000000000000e-04,1.167306235269e-07
6.400000000000e-03,2.369086010648e-05
1.200000000000e-02,4.283910314006e-05
4.000000000000e-04,2.572309567201e-07
4.000000000000e-04,6.311779188894e-08
3.600000000000e-03,1.146203999280e-05
8.000000000000e-04,2.659801745761e-06
4.000000000000e-04,6.231308427806e-07
4.000000000000e-04,3.214083815374e-07
4.000000000000e-04,9.060242916803e-09
4.000000000000e-04,1.677329148611e-07
4.000000000000e-04,7.750118513601e-07
8.000000000000e-04,5.662049987047e-07
8.000000000000e-04,1.197726489723e-06
4.000000000000e-04,5.963335377705e-07
4.000000000000e-04,2.012920979575e-07
2.000000000000e-03,1.676717981375e-06
4.000000000000e-04,6.082565094459e-07
4.000000000000e-04,9.883408870208e-07
4.000000000000e-04,7.974091623475e-08
4.000000000000e-04,4.699048689443e-07
4.000000000000e-04,1.171625919807e-06
3.600000000000e-03,7.874107716295e-06
4.000000000000e-04,3.480168601768e-07
4.000000000000e-04,4.425557126264e-07
8.000000000000e-04,1.093554882212e-06
4.000000000000e-04,5.310377210604e-07
4.000000000000e-04,2.589008117381e-07
8.000000000000e-04,9.265917876996e-07
4.000000000000e-04,4.294607520802e-07
4.000000000000e-04,2.016666253811e-07
4.000000000000e-04,3.708423540631e-07
8.000000000000e-04,2.131323596607e-06
4.000000000000e-04,1.641426793650e-06
4.000000000000e-04,5.379896928916e-08
4.000000000000e-04,4.165332096450e-07
4.000000000000e-04,1.801515806025e-06
4.800000000000e-03,1.303596042257e-05
4.000000000000e-04,1.231966061777e-07
4.000000000000e-04,2.705348407961e-07
4.000000000000e-04,3.419277762627e-07
4.000000000000e-04,1.562101397021e-06
4.000000000000e-04,6.885849038645e-07
3.200000000000e-03,8.587873833935e-06
4.000000000000e-04,1.349790766725e-06
8.000000000000e-04,4.544038186019e-07
4.000000000000e-04,1.369314251487e-07
8.000000000000e-04,3.271884704623e-07
1.600000000000e-03,6.597885599434e-06
1.200000000000e-03,2.688479579514e-06
8.000000000000e-04,4.144282805614e-07
4.000000000000e-04,4.433578153332e-07
4.000000000000e-04,5.350567410058e-08
4.000000000000e-04,5.419075765545e-09
8.000000000000e-04,1.259462735095e-06
4.000000000000e-04,5.574535283370e-08
4.000000000000e-04,1.837413698164e-06
8.000000000000e-04,1.028930142531e-06
4.000000000000e-04,4.774428940424e-08
4.000000000000e-04,5.611767780648e-08
1.600000000000e-03,2.583296515214e-06
4.000000000000e-04,7.569993383238e-08
4.000000000000e-04,2.617754331932e-07
4.000000000000e-04,4.093385387087e-07
6.760000000000e-02,7.240162632436e-04
4.000000000000e-04,4.420729277967e-07
4.000000000000e-04,2.730084068383e-07
1.600000000000e-03,4.158991544646e-06
4.000000000000e-04,1.146729975679e-07
4.000000000000e-04,7.240525607832e-08
4.000000000000e-04,1.157613323396e-06
4.000000000000e-04,1.458441029929e-07
8.000000000000e-04,3.833186989476e-07
4.000000000000e-04,9.915020776255e-07
1.200000000000e-03,9.986787758735e-07
2.000000000000e-03,1.807417034917e-06
4.000000000000e-04,8.369167395460e-07
8.000000000000e-04,8.089518758501e-07
1.760000000000e-02,8.369739235613e-05
4.000000000000e-04,8.076771549188e-08
4.000000000000e-04,2.522903103702e-07
8.000000000000e-04,2.010158890717e-07
4.000000000000e-04,2.480833561835e-07
4.000000000000e-04,3.298902101622e-07
4.000000000000e-04,3.377240073329e-07
8.000000000000e-04,1.246742046834e-06
4.000000000000e-04,1.202125790197e-06
1.600000000000e-03,1.375593148941e-06
4.000000000000e-04,8.626793419559e-07
2.000000000000e-03,2.197844389088e-06
1.200000000000e-03,1.572826990424e-06
4.000000000000e-04,2.842405780584e-07
4.000000000000e-04,1.180832197312e-06
4.000000000000e-04,1.798365897744e-07
4.000000000000e-04,5.493315246472e-07
4.000000000000e-04,1.523904696366e-09
1.600000000000e-03,4.543502422313e-06
2.000000000000e-03,4.833355192174e-06
1.200000000000e-03,1.523344708239e-06
2.000000000000e-03,4.243825295186e-06
1.600000000000e-03,6.228640419350e-06
8.000000000000e-04,9.193921782552e-07
2.400000000000e-03,4.187192348938e-06
8.000000000000e-04,7.041561839444e-07
8.000000000000e-04,3.072684979448e-06
8.000000000000e-04,9.709501023527e-07
2.400000000000e-03,3.162724167173e-06
1.200000000000e-03,7.620996010197e-07
4.000000000000e-04,1.993407264651e-06
4.000000000000e-04,3.071783561008e-07
1.600000000000e-03,4.632626098157e-06
4.000000000000e-04,2.764899005237e-07
4.000000000000e-04,3.036548062325e-07
1.200000000000e-03,1.863225851472e-06
4.000000000000e-04,2.466777363235e-08
9.200000000000e-03,3.362116452426e-05
2.400000000000e-03,5.644938003200e-06
4.000000000000e-04,3.818872403314e-08
4.000000000000e-04,4.980886945636e-07
4.000000000000e-04,1.179603177727e-07
4.000000000000e-04,2.352347300470e-07
4.000000000000e-04,5.453080277315e-07
4.000000000000e-04,1.826168550250e-08
4.000000000000e-04,1.003884586149e-07
4.000000000000e-04,5.897918575988e-08
4.000000000000e-04,5.989207969985e-08
4.000000000000e-04,5.707943388671e-07
8.000000000000e-04,1.262682555058e-06
8.000000000000e-04,1.636417400324e-06
4.000000000000e-04,1.067045702513e-06
1.200000000000e-03,1.709539093584e-06
4.000000000000e-04,1.273205767208e-07
1.200000000000e-03,3.568864543040e-06
4.000000000000e-04,1.235745157546e-07
4.000000000000e-04,1.412962894285e-07
4.000000000000e-04,1.111686921964e-06
3.200000000000e-03,1.038014824075e-05
2.400000000000e-03,3.527805880790e-06
4.000000000000e-04,5.195748519446e-07
4.000000000000e-04,7.658299161943e-08
4.000000000000e-04,9.205619818119e-07
2.800000000000e-03,5.489211441651e-06
4.000000000000e-04,5.689150820130e-07
4.000000000000e-04,1.188354630057e-07
1.200000000000e-03,1.735986792134e-06
4.000000000000e-04,7.642457435823e-07
1.200000000000e-03,1.016544189140e-06
4.000000000000e-04,4.966835477101e-07
4.000000000000e-04,1.822667129225e-07
4.000000000000e-04,3.833736748756e-07
4.000000000000e-04,2.518556747426e-07
6.400000000000e-03,8.680682042584e-06
8.000000000000e-04,1.033464898164e-06
4.000000000000e-04,2.499108914401e-07
4.000000000000e-04,1.217519156222e-08
2.000000000000e-03,4.472540158346e-06
4.000000000000e-04,1.418992925446e-07
1.600000000000e-03,3.701172119821e-06
4.000000000000e-04,2.821252065371e-07
4.000000000000e-04,1.226413212636e-07
9.600000000000e-03,4.891003518863e-05
4.000000000000e-03,5.064246905969e-06
4.000000000000e-04,3.465405421329e-07
4.000000000000e-04,6.350660442580e-08
8.000000000000e-04,9.997128734556e-07
4.000000000000e-04,8.563669852179e-07
4.000000000000e-04,4.410422346617e-08
4.000000000000e-03,6.845771467081e-06
4.000000000000e-04,2.103492650054e-07
4.000000000000e-04,4.851177251755e-08
4.000000000000e-04,6.025977965729e-09
2.000000000000e-03,4.802915060971e-06
8.000000000000e-04,4.152042077867e-06
8.000000000000e-03,2.380051449476e-05
1.200000000000e-03,1.316267744790e-06
1.200000000000e-03,1.089488493738e-06
4.000000000000e-04,2.190707380003e-07
4.000000000000e-04,3.504333723065e-07
8.000000000000e-04,9.259247338032e-07
8.000000000000e-04,2.339089913471e-06
8.000000000000e-04,2.734283756733e-06
4.000000000000e-04,2.983216509791e-07
4.000000000000e-04,3.059934612811e-07
6.400000000000e-03,3.472065815692e-05
4.000000000000e-04,5.672854849001e-07
8.000000000000e-04,1.884000962660e-06
1.200000000000e-03,1.271105397046e-06
2.400000000000e-03,5.607917256286e-06
6.200000000000e-02,6.913156841920e-04
4.000000000000e-04,2.203981617645e-07
4.000000000000e-04,1.705233115454e-07
4.000000000000e-04,4.358367351475e-07
1.600000000000e-03,4.092659809494e-06
2.000000000000e-03,3.017290251746e-06
4.000000000000e-04,1.305473488556e-06
4.000000000000e-04,4.825562452714e-08
4.000000000000e-04,1.625799728822e-07
1.200000000000e-03,1.535247629511e-06
1.200000000000e-03,1.793281667637e-06
8.000000000000e-04,5.560297326667e-07
4.000000000000e-04,4.650762050592e-07
2.000000000000e-03,2.882280897163e-06
1.200000000000e-03,2.292180577655e-06
4.000000000000e-04,8.458831493871e-08
4.000000000000e-04,2.136939729291e-07
8.000000000000e-04,1.746640851012e-06
1.600000000000e-03,2.428531643177e-06
4.000000000000e-04,3.747265660603e-07
4.000000000000e-04,1.271985301361e-06
4.000000000000e-04,2.525065231475e-07
4.000000000000e-04,3.843722585424e-07
1.200000000000e-03,1.725704104703e-06
4.000000000000e-04,2.619444948357e-07
4.000000000000e-04,4.789970177168e-08
4.000000000000e-04,3.770543940263e-07
4.000000000000e-04,5.433330618925e-07
4.000000000000e-04,1.223288821901e-06
4.000000000000e-04,3.011524638409e-07
4.000000000000e-04,2.410368108566e-07
4.000000000000e-04,4.607898723599e-07
9.200000000000e-03,2.266943614506e-05
4.000000000000e-04,3.053762252874e-07
1.600000000000e-03,4.028401111899e-06
4.000000000000e-04,5.751671565597e-07
7.200000000000e-03,1.871927664304e-05
4.000000000000e-04,1.228293128226e-07
1.200000000000e-03,2.386244278015e-06
4.000000000000e-04,5.741225000510e-08
4.000000000000e-04,2.562749877468e-07
4.000000000000e-04,3.859180046262e-08
4.000000000000e-04,1.097369813131e-07
4.000000000000e-04,4.694993846735e-07
1.600000000000e-03,4.322512534388e-06
8.000000000000e-04,2.760699231954e-07
1.200000000000e-03,1.982137725677e-06
4.000000000000e-04,2.123487608464e-07
1.360000000000e-02,6.951218442523e-05
4.000000000000e-04,2.782549728010e-07
8.000000000000e-04,4.346314448381e-07
1.200000000000e-03,2.556569445012e-06
4.000000000000e-04,3.365196859076e-07
4.000000000000e-04,5.362912581521e-07
4.000000000000e-03,1.078855082762e-05
8.000000000000e-04,1.789774627069e-06
1.200000000000e-03,1.911562268240e-06
4.000000000000e-04,9.711816567866e-08
4.000000000000e-04,6.165724347052e-07
4.000000000000e-04,9.310868507240e-09
4.000000000000e-04,3.634735806896e-07
4.000000000000e-04,1.246923824948e-07
4.000000000000e-04,3.317480290481e-08
8.000000000000e-04,5.103261652584e-07
4.000000000000e-04,1.632282687511e-07
4.000000000000e-04,3.311901632527e-07
4.000000000000e-04,2.972667612051e-07
4.000000000000e-04,2.546240145922e-07
7.600000000000e-02,8.683248488629e-04
4.000000000000e-04,1.806235537666e-08
2.000000000000e-03,2.026641792609e-06
4.000000000000e-04,8.777988296025e-08
4.000000000000e-04,3.155860997583e-07
4.000000000000e-04,3.701030256698e-09
2.800000000000e-03,3.731392005016e-06
1.200000000000e-03,1.680602694147e-06
4.000000000000e-04,8.298331570387e-07
4.000000000000e-04,6.842444680574e-08
6.400000000000e-03,1.800698801691e-05
4.000000000000e-04,3.479402394085e-07
4.000000000000e-04,2.573543558632e-07
4.000000000000e-04,1.398389528230e-07
4.000000000000e-04,7.901828838918e-07
4.000000000000e-04,2.950332914884e-07
1.600000000000e-03,5.434936387144e-06
4.000000000000e-04,1.205488410438e-07
4.000000000000e-04,2.378240416473e-07
4.000000000000e-04,4.364850448545e-07
4.000000000000e-04,1.021177349991e-06
4.000000000000e-04,9.848424510726e-08
4.000000000000e-04,3.850134248090e-07
2.400000000000e-03,5.116527520823e-06
3.600000000000e-03,8.418059633890e-06
6.800000000000e-03,3.455877214129e-05
4.000000000000e-04,2.698612760795e-08
2.400000000000e-03,9.457898380173e-06
4.000000000000e-04,5.559253599841e-07
8.000000000000e-04,7.864962491446e-07
4.000000000000e-04,1.283292166770e-07
4.000000000000e-04,9.555828007774e-07
4.000000000000e-04,1.293961578720e-07
8.000000000000e-04,2.758095601560e-06
4.000000000000e-04,3.658546926807e-07
4.000000000000e-04,8.131892403718e-07
8.000000000000e-04,6.287489678887e-07
8.000000000000e-03,3.865008454943e-05
8.000000000000e-04,5.803352455022e-07
4.000000000000e-04,2.055246916872e-07
4.000000000000e-04,1.558954077550e-06
4.000000000000e-04,2.307637353454e-08
4.000000000000e-04,8.833154244193e-07
8.000000000000e-04,8.158590769970e-07
4.000000000000e-04,2.178944391182e-08
4.000000000000e-04,2.239804288886e-07
4.000000000000e-04,4.511141449875e-07
4.000000000000e-04,8.892557727418e-07
4.000000000000e-04,6.478790661292e-07
4.000000000000e-04,1.498304031568e-06
4.000000000000e-04,6.821896863405e-07
8.000000000000e-04,3.042181778435e-07
4.000000000000e-04,1.492526642061e-07
4.000000000000e-04,6.336020596151e-07
1.200000000000e-03,2.290061300829e-06
4.000000000000e-04,2.068204923939e-07
4.000000000000e-04,2.947947342616e-08
4.000000000000e-04,2.193377220195e-07
4.000000000000e-04,5.283092743236e-07
4.000000000000e-03,1.245382767823e-05
6.000000000000e-03,2.711522570589e-05
4.000000000000e-04,1.093275386185e-06
5.920000000000e-02,6.996652478931e-04
4.000000000000e-04,5.686978055633e-07
8.000000000000e-04,4.426219952660e-07
4.000000000000e-04,4.481647798428e-07
4.000000000000e-04,5.170068663300e-07
4.000000000000e-04,2.378832428714e-07
4.000000000000e-04,5.184679518602e-08
4.000000000000e-04,7.908607158320e-08
3.600000000000e-03,6.848570805483e-06
4.400000000000e-03,1.273788022998e-05
2.800000000000e-03,6.618738558199e-06
4.000000000000e-04,3.133310323761e-07
4.000000000000e-04,6.321827106925e-07
8.000000000000e-04,1.024018127874e-06
4.000000000000e-04,5.890088764775e-08
4.000000000000e-04,1.144964523364e-07
4.000000000000e-04,5.550881084999e-07
2.000000000000e-03,4.222665130512e-06
4.000000000000e-04,6.427722048202e-07
1.600000000000e-03,2.291707045240e-06
2.000000000000e-03,5.819060541158e-06
4.000000000000e-04,1.707677199725e-08
4.000000000000e-04,1.176612326003e-07
4.000000000000e-04,3.193603796257e-07
4.000000000000e-04,3.931383715708e-07
1.600000000000e-03,2.887045062370e-06
4.000000000000e-04,6.221805826488e-08
1.600000000000e-03,1.742746901056e-06
4.000000000000e-04,2.993230211268e-07
4.000000000000e-04,3.319605615023e-07
4.000000000000e-04,6.498476100763e-07
4.000000000000e-04,2.625643565809e-07
8.000000000000e-04,8.305086339893e-07
4.000000000000e-04,9.990008252142e-08
4.000000000000e-04,8.946350846512e-07
4.000000000000e-04,1.815539865161e-07
8.000000000000e-04,9.797575570770e-07
2.000000000000e-03,4.953212564615e-06
4.000000000000e-04,5.540025805137e-08
4.000000000000e-04,1.080673436663e-07
8.000000000000e-04,1.064315264510e-06
8.000000000000e-04,1.453243275240e-06
4.000000000000e-04,2.217276649267e-07
4.000000000000e-04,3.513867994153e-07
4.000000000000e-04,5.477285970168e-08
4.000000000000e-04,4.348367908786e-08
4.000000000000e-04,6.795859789451e-07
4.000000000000e-04,4.828189144542e-07
4.000000000000e-04,1.246953251326e-07
4.000000000000e-04,3.843612764000e-07
4.000000000000e-04,3.637908237798e-07
1.200000000000e-03,1.516097756572e-06
1.600000000000e-03,2.219063332542e-06
8.000000000000e-04,1.419532100947e-06
8.000000000000e-04,1.812338395147e-06
7.200000000000e-03,3.967322959883e-05
4.000000000000e-04,2.004268214151e-07
4.000000000000e-04,1.597724019355e-07
8.000000000000e-04,1.805509543380e-06
4.000000000000e-04,3.740319960722e-07
8.000000000000e-04,6.777556462427e-07
4.400000000000e-03,1.426724970895e-05
1.200000000000e-03,2.567869547892e-06
4.000000000000e-04,1.834439699372e-07
4.000000000000e-04,6.072859716363e-07
8.000000000000e-04,1.201420879169e-06
4.000000000000e-04,5.149872681089e-07
4.000000000000e-04,4.354189247916e-07
4.000000000000e-04,6.170080508402e-07
1.200000000000e-03,2.100378645314e-06
8.000000000000e-04,5.083324489420e-07
8.000000000000e-04,1.301252575069e-06
4.000000000000e-04,5.574476432596e-07
4.000000000000e-04,5.859952779469e-07
4.000000000000e-04,5.287799633000e-07
4.000000000000e-04,3.848680115739e-08
4.000000000000e-04,5.000104548804e-07
1.160000000000e-02,6.923933163768e-05
4.000000000000e-04,8.305469894721e-07
1.600000000000e-03,3.231892018944e-06
7.600000000000e-03,1.469137372663e-05
1.200000000000e-03,1.745164636252e-06
4.000000000000e-04,5.853672852524e-07
8.000000000000e-04,6.724022860959e-07
4.000000000000e-04,1.682984977014e-06
4.000000000000e-04,3.960357794886e-07
2.400000000000e-03,6.737643085128e-06
4.000000000000e-04,1.340034815547e-06
4.000000000000e-04,6.586512162524e-07
4.000000000000e-04,3.100643743132e-07
4.000000000000e-04,4.304705611188e-07
8.000000000000e-04,7.444601382446e-07
4.000000000000e-04,1.210861522906e-07
4.000000000000e-04,3.906022138147e-07
1.200000000000e-03,1.679540677045e-06
8.000000000000e-04,3.469923074900e-07
4.000000000000e-04,3.795626661404e-08
4.000000000000e-04,1.288368379771e-07
4.000000000000e-04,4.911602487669e-07
4.000000000000e-04,5.002434675524e-07
2.800000000000e-03,4.085753939654e-06
4.000000000000e-04,1.551149956953e-06
8.000000000000e-04,2.826092241692e-06
1.200000000000e-03,1.177783043646e-06
1.200000000000e-03,1.939804405329e-06
4.000000000000e-04,2.647100199730e-07
4.000000000000e-04,3.405927655977e-07
4.000000000000e-04,9.476557365012e-07
4.000000000000e-04,8.563623824933e-08
4.000000000000e-04,5.754822196027e-07
4.800000000000e-03,6.693489496204e-06
4.000000000000e-04,2.684375158831e-07
1.600000000000e-03,2.182475074646e-06
4.000000000000e-04,1.103841344674e-07
4.000000000000e-04,7.209877612255e-07
4.000000000000e-04,5.770041685334e-07
4.000000000000e-04,7.904583534531e-07
8.000000000000e-04,2.076697068518e-06
8.000000000000e-04,1.385333945752e-06
4.000000000000e-04,2.421937748976e-07
2.400000000000e-03,1.340031212178e-05
4.000000000000e-04,3.943863123674e-08
4.000000000000e-04,4.551299443551e-07
4.000000000000e-04,2.958044635040e-07
4.000000000000e-04,1.503245216820e-07
4.000000000000e-04,8.582868541221e-07
4.000000000000e-04,1.429528985122e-07
4.000000000000e-04,8.290709907519e-08
2.000000000000e-03,3.526090170575e-06
1.600000000000e-03,1.535206012750e-06
4.000000000000e-04,5.832720241812e-07
4.000000000000e-04,4.709303179217e-07
4.000000000000e-04,1.588937470939e-07
8.000000000000e-04,5.032291913043e-07
4.000000000000e-04,6.814005051853e-07
8.000000000000e-04,1.045795461092e-06
4.000000000000e-04,1.098228217000e-07
1.600000000000e-03,3.825781070616e-06
4.000000000000e-04,1.822281164923e-07
8.000000000000e-04,3.060296124885e-07
4.000000000000e-04,2.950643375225e-07
4.000000000000e-04,9.893882102863e-07
8.000000000000e-04,1.571484157813e-06
4.000000000000e-04,8.554956516275e-08
3.200000000000e-03,5.581581803471e-06
4.000000000000e-04,2.339087725105e-07
4.000000000000e-04,3.229479413938e-07
4.000000000000e-04,1.793782772196e-07
1.600000000000e-03,3.177492538774e-06
8.000000000000e-04,1.271524638849e-06
4.000000000000e-04,7.986400388185e-07
4.000000000000e-04,2.668047631202e-08
2.040000000000e-02,1.209169549802e-04
1.320000000000e-02,7.726715681733e-05
4.000000000000e-04,1.483874345429e-07
1.200000000000e-03,1.726544597001e-06
4.000000000000e-04,3.217270439700e-07
8.000000000000e-04,2.732756133556e-07
8.000000000000e-04,8.678099430968e-07
4.000000000000e-04,1.437199330916e-07
4.000000000000e-04,4.238556450571e-07
4.000000000000e-04,4.783689592443e-07
7.600000000000e-03,2.518855092162e-05
4.000000000000e-04,2.109070342458e-07
4.000000000000e-04,3.330408353608e-07
4.000000000000e-04,1.074823827609e-06
2.400000000000e-03,6.123787937470e-06
8.000000000000e-04,1.087637387952e-06
4.000000000000e-04,7.829774497021e-08
4.000000000000e-04,4.129800059250e-07
4.000000000000e-04,5.087065207295e-07
8.000000000000e-04,1.362394755432e-06
2.000000000000e-03,3.684417017474e-06
4.000000000000e-04,3.801388970703e-07
8.000000000000e-04,5.345350957708e-07
4.000000000000e-04,2.640083037317e-07
4.000000000000e-04,8.931097845448e-07
4.000000000000e-04,5.251219263506e-07
4.000000000000e-04,6.140632420901e-07
1.200000000000e-03,1.146462943042e-06
4.000000000000e-04,5.255718090590e-07
4.000000000000e-04,3.552618029697e-07
8.000000000000e-04,8.312546700017e-07
1.200000000000e-03,3.634843322767e-06
8.000000000000e-04,8.483397311675e-07
4.000000000000e-04,6.257988111782e-07
8.000000000000e-04,5.893284715410e-07
4.000000000000e-04,1.853350400793e-09
4.000000000000e-04,2.130536199858e-07
1.200000000000e-03,2.265182418996e-06
4.000000000000e-04,8.104947981635e-09
4.000000000000e-04,3.145773359121e-07
4.000000000000e-04,1.239084086396e-07
4.000000000000e-04,1.097890984819e-09
4.000000000000e-04,4.011526185786e-08
8.000000000000e-04,1.857767167621e-06
4.000000000000e-04,8.462503320799e-08
4.000000000000e-04,4.271257741375e-08
4.000000000000e-04,5.913213607226e-07
4.000000000000e-04,4.573869662900e-07
4.000000000000e-04,1.244455771587e-06
4.000000000000e-04,5.616662878190e-08
5.200000000000e-03,1.915566717147e-05
4.000000000000e-04,1.511127569029e-06
4.000000000000e-04,1.600329855770e-07
1.600000000000e-03,1.579119873584e-06
4.000000000000e-04,1.476422691289e-07
4.000000000000e-04,9.550340405711e-07
1.200000000000e-03,1.611581411247e-06
8.000000000000e-04,2.210436227260e-06
1.600000000000e-03,1.909678059629e-06
2.000000000000e-03,6.348141430659e-06
4.000000000000e-04,4.816093092990e-08
2.000000000000e-03,6.809682981252e-06
1.600000000000e-03,2.704644419317e-06
2.084000000000e-01,3.198692558203e-03
4.000000000000e-04,2.537480395592e-09
4.000000000000e-04,4.478932454112e-07
4.000000000000e-04,4.314010260742e-07
1.040000000000e-02,4.579478951635e-05
4.000000000000e-04,5.148072189086e-08
4.000000000000e-04,3.117816981933e-07
4.000000000000e-04,4.045729083211e-08
4.000000000000e-04,8.716577790345e-07
2.400000000000e-03,6.045596864860e-06
4.000000000000e-04,4.421017938326e-07
7.200000000000e-03,3.060337630931e-05
4.000000000000e-04,1.404921777645e-07
4.000000000000e-04,6.844434752061e-08
8.000000000000e-04,8.219655515976e-07
4.000000000000e-04,8.726665043488e-08
4.000000000000e-04,3.512162348844e-07
4.000000000000e-04,7.248409525598e-07
2.400000000000e-03,5.891634102955e-06
4.000000000000e-04,1.438500753825e-07
4.000000000000e-04,3.360709514279e-07
1.600000000000e-03,2.191318421935e-06
4.000000000000e-04,1.288181409375e-07
8.000000000000e-04,1.120433029407e-06
4.000000000000e-04,1.555362415710e-07
1.200000000000e-03,4.176487231497e-06
4.000000000000e-04,2.765884399143e-07
8.000000000000e-04,2.620453443630e-07
4.000000000000e-04,1.663163247732e-07
8.000000000000e-04,9.203908180607e-07
4.000000000000e-04,5.604365351956e-07
4.000000000000e-04,1.062988223308e-07
4.000000000000e-04,2.273412578600e-07
4.000000000000e-04,1.140771510594e-06
4.000000000000e-04,3.951849808589e-08
4.000000000000e-04,1.387734633939e-07
4.000000000000e-04,3.144070973848e-07
1.600000000000e-03,3.183541285381e-06
1.800000000000e-02,8.444616945850e-05
4.000000000000e-04,2.579084210528e-06
4.000000000000e-04,3.370011802756e-07
4.000000000000e-04,4.870820679495e-07
2.400000000000e-02,1.125693677077e-04
1.200000000000e-03,1.135439168093e-06
4.000000000000e-04,5.067576113398e-07
4.000000000000e-04,4.634089161162e-07
4.000000000000e-04,9.646400794712e-08
4.000000000000e-03,1.277154515968e-05
1.200000000000e-03,3.080592036435e-06
1.200000000000e-03,1.245492070979e-06
4.000000000000e-04,1.051760401312e-07
8.000000000000e-04,1.642148482233e-06
1.520000000000e-02,9.310407203583e-05
4.000000000000e-03,6.342820689017e-06
1.200000000000e-03,6.853801327827e-07
4.000000000000e-04,6.453484548362e-07
4.000000000000e-04,2.127642832831e-07
2.800000000000e-03,3.762005832363e-06
4.000000000000e-04,8.101185883558e-08
8.000000000000e-04,4.197142259857e-08
4.000000000000e-04,3.475740875309e-07
4.000000000000e-04,6.012645049022e-07
4.000000000000e-04,3.732714740256e-07
8.000000000000e-04,5.754314225345e-07
1.200000000000e-03,1.412024693782e-06
4.000000000000e-04,1.187220975237e-07
2.400000000000e-03,5.253849737727e-06
4.000000000000e-04,5.960260746638e-07
8.000000000000e-04,1.971930623992e-06
4.000000000000e-04,4.539304966847e-07
1.200000000000e-03,4.751760078266e-06
4.000000000000e-04,2.828398075235e-07
4.800000000000e-03,1.296603301276e-05
4.000000000000e-04,3.263787722724e-07
6.400000000000e-03,1.820145659228e-05
8.000000000000e-04,4.185105409212e-07
8.000000000000e-04,4.214643370449e-07
4.000000000000e-04,2.893449684563e-07
4.000000000000e-04,3.943375396678e-07
1.200000000000e-03,1.520134381898e-06
4.000000000000e-04,1.406434944165e-07
1.200000000000e-03,1.028777378254e-06
4.000000000000e-04,4.413940809656e-08
6.400000000000e-03,3.643203641244e-05
8.000000000000e-04,1.113817252707e-06
4.000000000000e-04,3.850717570909e-07
4.000000000000e-04,6.224785259778e-07
8.000000000000e-04,2.297857772416e-06
4.000000000000e-04,3.694779775492e-07
8.000000000000e-04,1.098448505665e-06
4.000000000000e-04,2.419399072218e-08
1.520000000000e-02,3.242248281559e-05
1.600000000000e-03,4.390980895752e-06
4.000000000000e-04,4.209970305319e-07
4.000000000000e-04,2.645546786747e-07
4.000000000000e-04,3.187819750795e-07
1.200000000000e-03,6.030988237762e-07
8.000000000000e-04,7.791178370935e-07
8.000000000000e-04,1.992525406897e-06
4.000000000000e-04,4.017277768579e-07
2.800000000000e-03,3.297449075060e-06
8.000000000000e-04,2.674408345829e-06
1.200000000000e-03,1.803936343988e-06
4.000000000000e-04,5.615982161071e-08
4.000000000000e-04,3.482939071442e-07
3.600000000000e-03,9.124602648643e-06
4.000000000000e-04,1.171426438001e-07
4.520000000000e-02,3.281198953280e-04
4.000000000000e-04,3.061478233872e-07
1.200000000000e-03,1.035222227876e-06
4.000000000000e-04,2.234567141886e-08
8.000000000000e-04,4.921290332795e-07
4.000000000000e-04,8.536394492009e-09
1.600000000000e-03,6.070324667161e-07
4.000000000000e-04,8.759317878653e-07
1.200000000000e-03,1.345438782455e-06
4.000000000000e-04,5.460144732988e-08
1.600000000000e-03,1.320161082534e-06
4.000000000000e-04,9.389587224320e-08
4.000000000000e-04,1.115913396834e-07
8.000000000000e-04,5.680742504351e-07
8.000000000000e-04,2.208040296287e-06
4.000000000000e-04,1.398070858283e-08
1.600000000000e-03,5.139059386210e-06
4.000000000000e-04,5.077945196341e-08
8.000000000000e-04,2.573419426208e-06
4.000000000000e-04,2.457058065241e-07
4.000000000000e-04,1.844794594773e-07
4.000000000000e-04,4.601689437002e-07
4.000000000000e-04,2.141052715979e-07
2.400000000000e-03,6.636807828024e-06
4.000000000000e-04,2.858560659518e-07
1.200000000000e-03,9.796393751940e-07
4.000000000000e-04,6.311967932326e-08
8.000000000000e-04,1.203791215430e-06
4.000000000000e-04,5.323400242228e-07
4.000000000000e-04,1.535460955403e-07
2.400000000000e-03,7.253621692608e-06
8.000000000000e-04,1.474296737450e-06
4.000000000000e-04,4.244047639327e-07
4.000000000000e-04,3.875394982855e-07
8.000000000000e-04,4.217390825559e-07
4.000000000000e-04,3.081167715162e-07
4.000000000000e-04,5.238113291874e-07
1.000000000000e-02,2.732105722340e-05
4.000000000000e-04,4.183686260794e-07
4.000000000000e-04,4.711742913955e-07
8.000000000000e-04,1.319094728376e-06
4.000000000000e-04,8.095987578262e-08
1.200000000000e-03,2.818748015913e-06
4.000000000000e-04,2.299515938697e-09
8.000000000000e-04,1.150946950937e-06
2.000000000000e-03,4.989222442143e-06
1.200000000000e-03,3.633390800725e-06
4.400000000000e-03,1.988679952556e-05
4.000000000000e-04,6.377041535185e-07
1.200000000000e-03,1.749120753095e-06
4.000000000000e-04,4.127975042437e-07
4.000000000000e-04,7.350343682426e-08
3.600000000000e-03,7.774477719738e-06
1.200000000000e-03,1.281035362797e-06
4.000000000000e-04,9.885993863419e-08
2.360000000000e-02,1.524449794727e-04
8.000000000000e-04,1.081439923878e-06
4.000000000000e-04,4.061729357885e-07
2.400000000000e-03,3.427393742030e-06
4.000000000000e-04,3.216907243657e-07
4.000000000000e-04,1.088521636212e-07
8.800000000000e-03,3.844065925819e-05
4.000000000000e-04,1.141015528803e-06
5.396000000000e-01,1.081593207358e-02
1.600000000000e-03,4.907441776525e-06
4.000000000000e-04,5.560076826452e-07
1.160000000000e-02,7.539343719397e-05
4.000000000000e-04,3.800483749387e-07
8.000000000000e-04,3.159124167974e-06
1.200000000000e-03,2.961791575121e-06
2.000000000000e-03,7.627560914588e-06
4.000000000000e-04,8.279202219911e-08
4.000000000000e-04,7.055160906866e-07
4.000000000000e-04,3.526534750632e-08
4.000000000000e-04,5.282498496859e-07
4.000000000000e-04,1.331886820597e-07
8.000000000000e-04,1.061391933817e-06
1.080000000000e-02,3.126911360004e-05
1.200000000000e-03,2.651927644740e-06
2.800000000000e-03,5.757123127208e-06
1.400000000000e-02,5.524811851700e-05
8.000000000000e-04,8.612759395399e-07
8.880000000000e-02,5.923699558737e-04
4.000000000000e-04,5.898434478652e-07
1.200000000000e-03,3.240476260246e-06
8.000000000000e-04,1.049810981742e-06
4.000000000000e-04,9.670087499072e-07
4.000000000000e-04,8.947914626173e-08
4.000000000000e-04,2.634947416483e-07
8.000000000000e-04,1.532952596931e-07
8.000000000000e-04,3.155881215337e-07
4.000000000000e-04,5.766555155373e-07
4.000000000000e-04,1.838613795445e-07
4.000000000000e-04,5.441756499125e-07
8.000000000000e-04,7.941500928725e-07
4.000000000000e-03,1.873488758077e-05
1.600000000000e-03,2.146277936158e-06
4.000000000000e-04,2.729880693305e-07
1.200000000000e-03,2.681570022055e-06
4.000000000000e-04,1.542158580428e-07
4.000000000000e-04,2.131595285193e-07
1.600000000000e-03,2.743624715963e-06
8.000000000000e-04,1.454062394663e-06
1.600000000000e-03,3.792532748781e-06
8.000000000000e-04,1.331135527755e-06
4.000000000000e-04,3.291036066657e-07
8.000000000000e-04,1.016867184554e-06
8.000000000000e-04,1.470423718156e-06
8.000000000000e-04,7.131114929202e-07
1.200000000000e-03,9.914304214512e-07
8.000000000000e-04,2.078628434331e-06
4.000000000000e-04,4.464333721558e-07
4.000000000000e-04,2.964674267129e-07
1.200000000000e-03,1.218654609962e-06
8.000000000000e-04,1.262996277313e-06
4.000000000000e-04,3.266033085479e-07
2.000000000000e-03,1.940256700498e-06
4.000000000000e-04,4.205417441873e-07
2.000000000000e-03,2.257535751421e-06
8.000000000000e-04,2.386753034327e-07
4.000000000000e-04,3.409361254780e-07
4.000000000000e-04,7.145668442790e-07
8.000000000000e-04,1.163399013054e-06
4.000000000000e-04,2.884705863966e-07
4.000000000000e-04,1.237681187488e-07
3.600000000000e-03,1.083198236845e-05
8.400000000000e-03,5.033172071893e-05
4.000000000000e-04,3.619211434245e-07
1.200000000000e-03,2.616733574807e-06
4.000000000000e-04,1.629111035419e-07
7.200000000000e-03,1.989709239751e-05
8.000000000000e-04,8.922548646689e-07
1.200000000000e-03,5.017806189272e-06
4.000000000000e-04,9.634305342739e-08
4.000000000000e-04,6.557912547558e-07
8.000000000000e-04,3.741907722533e-07
4.000000000000e-04,3.631789040942e-07
4.000000000000e-04,1.727135584955e-06
4.000000000000e-04,6.787560471977e-07
4.000000000000e-04,1.016960085335e-07
8.000000000000e-04,5.832040613227e-07
8.000000000000e-04,3.823477509994e-07
4.000000000000e-04,1.402255646630e-07
8.000000000000e-04,1.301288169579e-06
4.000000000000e-04,2.361090878794e-07
1.200000000000e-03,1.827883221625e-06
4.000000000000e-04,3.778675336293e-07
8.000000000000e-04,5.905530507703e-07
4.000000000000e-04,8.197441746587e-07
4.000000000000e-04,1.217042692166e-07
3.200000000000e-03,7.361848950571e-06
2.400000000000e-03,4.496400754004e-06
4.000000000000e-04,5.373365912338e-07
4.000000000000e-04,2.035679767944e-07
4.000000000000e-04,3.527148897784e-07
4.000000000000e-04,1.018962914278e-06
2.480000000000e-02,1.484094498384e-04
1.600000000000e-03,3.719124441830e-06
4.000000000000e-04,5.633135839081e-07
4.000000000000e-04,7.528317479278e-07
4.000000000000e-04,7.120596929450e-07
4.000000000000e-03,9.793491856076e-06
4.000000000000e-04,1.881144126777e-07
4.000000000000e-04,1.940316892881e-07
4.000000000000e-04,9.986477636160e-07
4.000000000000e-04,5.488950692326e-08
4.000000000000e-04,3.741363197561e-07
9.600000000000e-03,3.354484367882e-05
4.000000000000e-04,2.436691778793e-08
4.000000000000e-04,2.207361779682e-07
4.000000000000e-04,4.005252194693e-07
8.000000000000e-04,7.505290785017e-07
4.000000000000e-03,1.237527480922e-05
4.000000000000e-04,1.218352883361e-07
4.000000000000e-04,3.695942202085e-07
2.400000000000e-03,2.564585709944e-06
4.000000000000e-04,9.979403875957e-08
4.000000000000e-04,6.330182294984e-08
8.000000000000e-04,6.543038401249e-07
1.200000000000e-03,5.406723104533e-07
4.000000000000e-04,6.414044932866e-07
4.000000000000e-04,1.462705816002e-09
4.000000000000e-04,7.169225446082e-07
4.000000000000e-04,1.706107224001e-08
4.000000000000e-04,2.962567616228e-08
2.000000000000e-03,1.354925590419e-06
4.000000000000e-04,6.263560716190e-08
4.000000000000e-04,5.946442359976e-07
4.800000000000e-03,1.247962113418e-05
4.000000000000e-04,2.749630059258e-08
1.200000000000e-03,2.577104650292e-06
4.000000000000e-04,7.281359713150e-08
4.000000000000e-04,5.373996138072e-08
8.000000000000e-04,2.352287682460e-06
4.000000000000e-04,8.636068358490e-07
4.000000000000e-04,3.927671246923e-07
4.000000000000e-04,1.954437534981e-07
8.000000000000e-04,1.243079220277e-06
4.000000000000e-04,2.923817479899e-07
4.000000000000e-04,1.365095485223e-07
8.000000000000e-04,6.613130538582e-07
4.000000000000e-04,2.042939989889e-07
1.600000000000e-03,4.235010847045e-06
4.000000000000e-04,1.160281760197e-06
4.000000000000e-04,1.187890829512e-07
4.000000000000e-04,2.183449478351e-07
8.000000000000e-04,7.721303416227e-07
8.000000000000e-04,9.534424694453e-07
4.000000000000e-04,1.585911949327e-06
8.000000000000e-04,1.977984657096e-06
8.000000000000e-04,6.568283227208e-07
8.000000000000e-04,8.737713169303e-07
4.000000000000e-04,3.260514318578e-07
1.600000000000e-03,1.250245325022e-06
4.000000000000e-03,8.886889899994e-06
4.000000000000e-04,2.650988846573e-07
8.000000000000e-04,1.877160688167e-06
1.600000000000e-03,2.390472864916e-06
4.000000000000e-04,3.816801407285e-07
4.000000000000e-04,3.611220310873e-08
2.400000000000e-03,4.657815511924e-06
8.000000000000e-04,4.339330314239e-07
1.240000000000e-02,6.914452196884e-05
8.000000000000e-04,3.325480718431e-06
8.000000000000e-04,7.916994072971e-07
4.000000000000e-04,6.053161011929e-08
2.000000000000e-03,6.332950711130e-06
4.000000000000e-04,3.578818285272e-07
4.000000000000e-04,4.511666675315e-07
8.000000000000e-04,1.277816344116e-06
4.000000000000e-04,6.745209324213e-07
8.000000000000e-04,8.739957203764e-07
4.000000000000e-04,1.404466590518e-06
4.000000000000e-04,1.276214144102e-07
4.000000000000e-04,2.014007287331e-08
8.000000000000e-04,1.936992833329e-06
4.000000000000e-04,1.364375999429e-07
8.000000000000e-04,1.129853113182e-06
3.600000000000e-03,7.168191348028e-06
4.000000000000e-04,7.534037424447e-07
5.600000000000e-03,1.857377582915e-05
4.000000000000e-04,5.232950118930e-07
3.200000000000e-02,2.503634292419e-04
4.000000000000e-04,6.931350953904e-07
8.000000000000e-04,6.550985038765e-07
4.000000000000e-04,3.307897162478e-07
8.000000000000e-03,2.044739707563e-05
1.600000000000e-03,2.843234831469e-06
4.000000000000e-04,1.109055741406e-06
4.000000000000e-04,3.977350705743e-07
2.000000000000e-03,3.444476102582e-06
4.000000000000e-04,3.432457051667e-07
4.000000000000e-03,1.393973951371e-05
4.000000000000e-04,2.372877763199e-07
4.000000000000e-04,3.542948448085e-07
4.000000000000e-04,1.190962596580e-06
4.000000000000e-04,7.419338875182e-08
4.400000000000e-03,9.759932519137e-06
4.000000000000e-04,8.599037385035e-08
4.000000000000e-04,2.722084063872e-07
8.000000000000e-04,6.245175065153e-07
8.000000000000e-04,7.666590693047e-07
4.000000000000e-04,3.538663980418e-08
4.000000000000e-04,1.167199591906e-06
4.000000000000e-04,3.912344923358e-07
2.400000000000e-03,8.432770726497e-06
8.000000000000e-04,1.153094581148e-07
4.000000000000e-04,4.311407763621e-07
4.000000000000e-04,4.617827467761e-07
8.000000000000e-04,1.144751907060e-06
6.400000000000e-03,2.038148640560e-05
1.200000000000e-03,2.908715782380e-06
8.000000000000e-04,6.053553877287e-07
1.200000000000e-03,1.478337748205e-06
4.000000000000e-04,4.240922615219e-07
4.000000000000e-04,6.971562859456e-07
2.000000000000e-03,4.709768395803e-06
8.000000000000e-04,2.341833025090e-06
4.000000000000e-04,3.204487709255e-07
8.000000000000e-04,7.759073347584e-07
4.000000000000e-04,4.997216997649e-07
1.840000000000e-02,1.353617437482e-04
1.200000000000e-03,9.348005651439e-07
8.000000000000e-04,9.073529397696e-07
4.000000000000e-04,1.489841499627e-07
3.200000000000e-03,1.048598370487e-05
4.000000000000e-04,2.108589660646e-07
4.000000000000e-04,4.626874767547e-07
1.200000000000e-03,1.579704282374e-06
4.000000000000e-04,9.771105899664e-07
4.000000000000e-04,1.175590432237e-06
4.000000000000e-04,1.908275855074e-07
4.000000000000e-04,1.383388940489e-06
4.000000000000e-04,4.741682834845e-07
1.200000000000e-03,1.520309968818e-06
8.400000000000e-03,2.238177139448e-05
9.600000000000e-03,4.084911363253e-05
4.000000000000e-04,8.077167452752e-07
1.200000000000e-03,2.966988004525e-07
4.000000000000e-04,3.005922984185e-07
4.000000000000e-04,8.718041558426e-07
4.000000000000e-04,1.456916039345e-07
3.600000000000e-03,1.326696945022e-05
4.000000000000e-04,1.639136801755e-07
4.000000000000e-04,9.472462939550e-07
1.600000000000e-03,3.144129362408e-06
8.000000000000e-04,1.781872576968e-06
4.000000000000e-04,8.972012857662e-08
3.200000000000e-03,1.055216943691e-05
4.000000000000e-04,2.469816230480e-07
9.200000000000e-03,2.726413839690e-05
4.000000000000e-04,2.542295692182e-07
4.000000000000e-04,2.770466607642e-07
4.000000000000e-04,3.703123664765e-07
8.000000000000e-04,4.727486871124e-07
4.000000000000e-04,1.222460864817e-07
4.000000000000e-04,5.970985130555e-07
1.600000000000e-03,1.280462997537e-06
7.200000000000e-03,1.719275931401e-05
8.000000000000e-04,1.187813865504e-06
4.000000000000e-04,2.703590609650e-07
1.200000000000e-03,1.325582655896e-06
4.000000000000e-04,2.585344551854e-07
4.000000000000e-04,1.301792729666e-07
4.000000000000e-04,6.545557588942e-07
4.000000000000e-04,9.065550916508e-08
4.000000000000e-04,9.798275014923e-07
4.000000000000e-04,2.784046412290e-07
3.200000000000e-03,5.471636954329e-06
4.000000000000e-04,2.507212833399e-07
1.320000000000e-02,7.499134601121e-05
4.000000000000e-04,4.416283686289e-07
1.600000000000e-03,7.502594166537e-06
8.000000000000e-04,2.359671839999e-07
4.000000000000e-04,5.101989188053e-08
4.000000000000e-04,2.405399784786e-07
4.000000000000e-04,8.507171861161e-08
8.000000000000e-04,3.669656238642e-07
4.000000000000e-04,4.755032383118e-07
4.000000000000e-04,2.726905237092e-07
4.000000000000e-04,2.093086948982e-07
1.600000000000e-03,2.699681592859e-06
1.200000000000e-03,6.537844775421e-07
4.000000000000e-04,3.131244006917e-07
4.000000000000e-03,8.111666776518e-06
4.000000000000e-04,6.870096071058e-07
4.000000000000e-04,6.107851485976e-07
4.000000000000e-04,5.730158003350e-07
4.000000000000e-04,3.630113326905e-07
4.000000000000e-04,5.449516356394e-07
4.000000000000e-04,1.880445268233e-07
3.600000000000e-03,8.281510173028e-06
4.000000000000e-04,2.131004140542e-08
4.000000000000e-04,5.583193700278e-07
2.400000000000e-03,1.268278932925e-05
4.000000000000e-04,5.995561048627e-07
2.000000000000e-03,2.533676811821e-06
2.000000000000e-03,7.285802856241e-06
4.000000000000e-04,2.286378298902e-07
8.000000000000e-04,9.229250679814e-07
4.000000000000e-04,6.082990213087e-08
8.000000000000e-04,9.672214750553e-07
4.000000000000e-04,3.983134355628e-07
4.000000000000e-04,1.996346819589e-07
2.000000000000e-03,6.649237326253e-06
1.200000000000e-03,1.259650598416e-06
4.000000000000e-04,1.457222918026e-07
1.600000000000e-03,1.477207313757e-06
4.000000000000e-04,6.803086382289e-07
4.000000000000e-04,5.840802771463e-07
4.000000000000e-04,9.802765183900e-07
8.000000000000e-04,8.350423544150e-07
4.000000000000e-04,9.810275232358e-07
1.200000000000e-03,1.694034980802e-06
4.000000000000e-04,1.660990154691e-07
2.000000000000e-03,5.244068418948e-06
1.200000000000e-03,2.228694292352e-06
4.000000000000e-04,3.325190735200e-07
4.000000000000e-04,2.919840875088e-07
4.000000000000e-04,8.760554863393e-08
4.000000000000e-04,1.871490470884e-07
2.400000000000e-03,5.301879903516e-06
4.000000000000e-04,3.363411354392e-07
8.000000000000e-04,2.127632941016e-06
7.800000000000e-02,7.890586145806e-04
4.000000000000e-04,4.795340313331e-07
1.200000000000e-02,4.024668361828e-05
4.000000000000e-04,1.548057973372e-07
1.200000000000e-03,1.863517875423e-06
8.000000000000e-04,1.087324808261e-06
8.000000000000e-04,1.643124397722e-06
4.000000000000e-04,6.255589042642e-08
4.000000000000e-04,3.087743909821e-08
4.000000000000e-04,5.363477493537e-07
4.000000000000e-04,4.994597681287e-07
4.000000000000e-04,3.304293345053e-08
4.000000000000e-04,9.323564988684e-08
1.044000000000e-01,6.830249284834e-04
4.000000000000e-04,4.980419643731e-07
4.000000000000e-04,5.631559578868e-08
8.000000000000e-04,5.391360404942e-07
4.000000000000e-04,3.070764011003e-07
4.000000000000e-04,1.129600833656e-06
4.000000000000e-04,5.838465379749e-07
8.000000000000e-04,3.506032303069e-07
4.000000000000e-04,6.154671013385e-07
4.000000000000e-04,7.221315937893e-08
8.000000000000e-04,8.883283485066e-07
4.000000000000e-04,8.733493914515e-07
4.000000000000e-04,4.119859646723e-07
8.000000000000e-04,1.069733594542e-06
1.200000000000e-03,1.969672093270e-06
4.000000000000e-04,1.907298117719e-07
2.800000000000e-03,6.080277889702e-06
4.000000000000e-04,5.703853492420e-07
4.000000000000e-04,6.667574537638e-07
2.800000000000e-03,6.248933929190e-06
5.960000000000e-02,6.293091497842e-04
4.000000000000e-04,2.225842557344e-07
4.000000000000e-04,1.710732213411e-06
1.560000000000e-02,8.365196625764e-05
4.000000000000e-04,1.054211518575e-07
8.000000000000e-04,9.109729779558e-07
4.000000000000e-04,3.377486092708e-07
4.000000000000e-04,1.797751285770e-06
4.000000000000e-04,2.495513739039e-07
4.000000000000e-04,6.980210636391e-08
4.000000000000e-04,3.729102710814e-08
4.400000000000e-03,1.191449451881e-05
4.000000000000e-04,1.445857281378e-07
4.000000000000e-04,2.027897289288e-07
4.000000000000e-04,1.003669678000e-08
1.200000000000e-03,1.709961349133e-06
4.000000000000e-04,2.785426166499e-07
4.000000000000e-04,1.175446610938e-07
2.400000000000e-03,3.436839137285e-06
4.000000000000e-04,7.203266985210e-07
4.000000000000e-04,7.073726904562e-07
4.000000000000e-04,1.015923898047e-07
8.000000000000e-04,5.477360094296e-07
1.200000000000e-03,9.044358855703e-07
4.000000000000e-04,1.313499094740e-07
3.600000000000e-03,1.589668748329e-05
4.000000000000e-04,1.746662159174e-07
1.200000000000e-03,3.602971962495e-06
1.200000000000e-03,2.949173964830e-06
3.600000000000e-03,7.095306995519e-06
1.200000000000e-03,1.265069659853e-06
2.400000000000e-03,3.934132310160e-06
4.000000000000e-04,4.052273558051e-07
4.000000000000e-04,6.637933884654e-07
4.000000000000e-04,1.053303013702e-07
4.000000000000e-04,2.287314681281e-07
4.000000000000e-04,6.786046499782e-07
4.000000000000e-04,2.430342802708e-07
4.000000000000e-04,1.061914878268e-07
4.000000000000e-04,6.755926741562e-08
2.400000000000e-03,6.972442453034e-06
3.600000000000e-03,1.514764174187e-05
1.560000000000e-02,9.101685678260e-05
3.200000000000e-03,9.278105435524e-06
4.000000000000e-04,5.609188263367e-08
4.000000000000e-04,3.790622540702e-07
4.000000000000e-04,4.682243741209e-08
4.000000000000e-04,1.655837235295e-07
1.200000000000e-03,2.639695602545e-06
4.000000000000e-04,4.220065392906e-07
4.000000000000e-04,6.139880064029e-07
4.000000000000e-04,5.275658940149e-08
2.000000000000e-03,3.108050688494e-06
8.000000000000e-04,1.252113050529e-06
4.000000000000e-04,7.464469872917e-07
4.000000000000e-04,2.921546330385e-07
1.080000000000e-02,4.190299533894e-05
4.000000000000e-04,7.606334329129e-07
4.000000000000e-04,2.177713787835e-07
4.000000000000e-04,3.637985854501e-08
4.000000000000e-04,2.391089551374e-07
4.000000000000e-04,2.872483779610e-08
4.000000000000e-04,3.712102362944e-08
8.000000000000e-04,1.945263545939e-06
4.000000000000e-04,1.308425676824e-07
2.000000000000e-03,2.278814471106e-06
4.000000000000e-04,3.708794436850e-07
3.200000000000e-03,5.922874353802e-06
4.000000000000e-04,2.543791433103e-07
3.960000000000e-02,3.588177223552e-04
4.000000000000e-04,2.157777670160e-07
4.000000000000e-04,3.006267059685e-07
4.000000000000e-04,4.580765489069e-08
4.000000000000e-04,4.392539127022e-07
4.000000000000e-04,4.357681962681e-07
2.800000000000e-03,5.507943920659e-06
4.000000000000e-04,4.083096607131e-07
4.000000000000e-04,1.239390156439e-08
1.200000000000e-03,3.555657017952e-06
4.000000000000e-04,3.165999384392e-07
4.000000000000e-04,5.892350396827e-07
4.000000000000e-04,6.344107056817e-07
4.000000000000e-04,7.544565552187e-07
1.600000000000e-03,3.489414069674e-06
8.000000000000e-04,5.073318836941e-07
4.000000000000e-04,7.194873931584e-07
4.000000000000e-04,2.104501632858e-08
4.000000000000e-04,8.675561870988e-07
4.000000000000e-04,8.058241686812e-07
4.000000000000e-04,1.020598127281e-06
4.000000000000e-04,1.207740925864e-07
1.200000000000e-03,2.522289527803e-06
4.000000000000e-04,1.520850211998e-06
4.000000000000e-04,2.042287037885e-07
4.000000000000e-04,4.257605401350e-07
4.000000000000e-04,4.862590144384e-08
4.000000000000e-04,3.061501361580e-07
8.000000000000e-04,8.593628462431e-07
4.000000000000e-04,4.073284251528e-07
4.000000000000e-04,1.854206493323e-07
1.600000000000e-03,1.313113940400e-06
8.000000000000e-04,9.901056487877e-07
4.000000000000e-04,7.203037897481e-08
3.080000000000e-02,2.181200564857e-04
4.000000000000e-04,1.403760324518e-07
2.400000000000e-03,4.846736230782e-06
4.000000000000e-04,3.176173956945e-07
4.000000000000e-04,1.252082406195e-07
2.800000000000e-03,1.463349265238e-05
4.000000000000e-04,2.414373599332e-07
4.000000000000e-04,2.118835519817e-08
4.000000000000e-04,3.926917024857e-07
4.000000000000e-04,2.996769296125e-07
4.000000000000e-04,4.788535515761e-07
4.000000000000e-04,5.352104655824e-07
8.000000000000e-04,6.047585913653e-07
4.000000000000e-04,3.884763508475e-07
1.600000000000e-03,2.913422884494e-06
8.000000000000e-04,1.434450163323e-06
1.200000000000e-03,2.108396464044e-06
4.000000000000e-04,5.560474800639e-07
4.000000000000e-04,7.463412704878e-07
8.000000000000e-04,4.297906508667e-07
4.000000000000e-04,1.590052194590e-07
4.000000000000e-04,8.442944911145e-08
4.000000000000e-04,1.314632043947e-06
1.200000000000e-03,2.155245689043e-06
4.000000000000e-04,1.422116465760e-07
4.000000000000e-04,3.933306726920e-07
8.000000000000e-04,1.313284803317e-06
4.000000000000e-04,9.525431976049e-07
2.400000000000e-03,5.826640811775e-06
4.000000000000e-04,2.725237612139e-08
4.000000000000e-04,8.352825191173e-07
4.000000000000e-04,1.761337355247e-07
4.000000000000e-04,4.989195838472e-08
4.000000000000e-04,4.808317810417e-07
4.000000000000e-04,2.269174357672e-07
4.000000000000e-04,7.438508940871e-09
4.000000000000e-04,3.262100573698e-07
4.000000000000e-04,5.605380380048e-07
6.800000000000e-03,1.658092769911e-05
4.000000000000e-04,4.685347945045e-07
6.000000000000e-03,1.908449893999e-05
4.000000000000e-04,1.117553156725e-06
2.000000000000e-03,4.685429168313e-06
8.000000000000e-04,5.705886689491e-07
4.000000000000e-04,1.406633763392e-07
4.000000000000e-04,1.368638270890e-07
4.000000000000e-04,4.116303322336e-07
8.000000000000e-04,1.156951103186e-06
4.000000000000e-04,7.565212702861e-08
8.000000000000e-04,7.424045573227e-07
8.000000000000e-04,1.676854983266e-06
4.000000000000e-04,1.639642881686e-06
8.000000000000e-04,1.837221906279e-06
4.000000000000e-04,2.405859148086e-07
4.000000000000e-04,4.731485688012e-07
2.000000000000e-03,3.791463365089e-06
4.000000000000e-04,3.946129422440e-07
1.600000000000e-03,1.483204773291e-06
4.000000000000e-04,3.483285505491e-07
4.000000000000e-04,9.065757036636e-08
4.000000000000e-04,5.534826974571e-07
4.000000000000e-04,4.510984065415e-09
4.000000000000e-04,7.945251502063e-08
4.000000000000e-04,1.293382743591e-07
4.000000000000e-04,2.990508134920e-07
4.000000000000e-04,2.036835907481e-07
4.000000000000e-04,3.300094719499e-08
4.000000000000e-04,9.071048238705e-07
4.000000000000e-04,1.480581044784e-07
4.000000000000e-04,1.383226450743e-06
1.200000000000e-03,7.836017155166e-07
1.200000000000e-03,3.442182218317e-06
1.200000000000e-03,2.457145200925e-06
4.000000000000e-04,5.230738218329e-07
2.400000000000e-03,6.828768043442e-06
4.000000000000e-04,6.004801598113e-08
4.000000000000e-04,2.151684405804e-09
4.000000000000e-04,6.868809369398e-10
2.400000000000e-03,8.707572770752e-06
2.000000000000e-03,6.725862621155e-06
4.000000000000e-04,8.895996096181e-07
8.000000000000e-04,5.984968369379e-07
4.000000000000e-04,1.871375525110e-07
4.000000000000e-04,2.670502347783e-07
4.000000000000e-04,2.688367381074e-07
4.000000000000e-04,2.280951812584e-07
2.000000000000e-03,8.547685114912e-06
8.000000000000e-04,7.970270795709e-07
8.000000000000e-04,5.109083090790e-07
4.000000000000e-04,7.438314372129e-07
4.000000000000e-04,2.890834966129e-07
1.320000000000e-02,6.358232840538e-05
2.000000000000e-03,3.207637093991e-06
3.640000000000e-02,1.642190257690e-04
8.000000000000e-04,8.840482897608e-07
4.000000000000e-04,1.449675306816e-07
2.800000000000e-03,8.525854114850e-06
4.000000000000e-04,4.739469120902e-08
4.000000000000e-04,1.566616307080e-07
8.000000000000e-04,1.624971946006e-06
4.000000000000e-04,2.589130971388e-07
4.000000000000e-04,8.880755734556e-08
4.000000000000e-04,8.550741903451e-08
3.600000000000e-03,8.503517654945e-06
1.600000000000e-03,3.066869660927e-06
4.000000000000e-04,3.772624452653e-07
2.000000000000e-03,4.277963206114e-06
2.000000000000e-03,9.420394876256e-06
4.000000000000e-04,2.651696794115e-07
8.000000000000e-04,7.580696311306e-07
8.000000000000e-03,3.997666235013e-05
1.600000000000e-03,1.944878631937e-06
4.000000000000e-04,3.644833090599e-07
4.000000000000e-04,1.528468810569e-07
4.000000000000e-04,2.724819080122e-07
1.200000000000e-02,4.886983732670e-05
4.000000000000e-04,3.510935089768e-08
4.000000000000e-04,5.157072127880e-07
1.200000000000e-03,1.491298824896e-06
4.000000000000e-04,3.379921257318e-07
5.200000000000e-03,2.708932995998e-05
4.000000000000e-04,3.512140386821e-07
4.000000000000e-04,1.151715195678e-06
8.000000000000e-04,1.450144975412e-06
4.000000000000e-04,1.069293538877e-06
4.000000000000e-04,1.718236803156e-07
4.000000000000e-04,2.236405883847e-07
4.000000000000e-04,1.950609151213e-07
8.000000000000e-04,7.933060069962e-07
4.000000000000e-04,2.692546871149e-07
4.000000000000e-04,1.086046926401e-07
1.200000000000e-03,2.063265988220e-06
3.600000000000e-03,6.852996808836e-06
1.200000000000e-03,1.375013390320e-06
4.000000000000e-04,6.451201264746e-07
1.600000000000e-03,2.440141294479e-06
4.000000000000e-04,5.747143133891e-08
1.200000000000e-03,1.094236632886e-06
2.800000000000e-03,6.792276744196e-06
4.000000000000e-04,4.576768230324e-08
8.000000000000e-04,3.452340224647e-07
2.800000000000e-03,9.699751936728e-06
4.000000000000e-04,1.712106779322e-08
4.000000000000e-04,1.985512213788e-07
4.000000000000e-04,3.234836454805e-07
8.000000000000e-04,1.033695512759e-06
5.600000000000e-03,2.091521615528e-05
4.000000000000e-04,1.910663272439e-07
4.000000000000e-04,2.159752791129e-07
4.000000000000e-04,2.085647252692e-07
4.000000000000e-04,1.087550121470e-07
4.000000000000e-04,1.119417058468e-06
8.760000000000e-02,7.118783611130e-04
4.000000000000e-04,1.126838233708e-06
2.400000000000e-03,6.245640310101e-06
4.000000000000e-04,1.016172928067e-06
4.000000000000e-04,1.220515558088e-06
4.000000000000e-04,9.712001175913e-07
4.000000000000e-04,2.701189555950e-08
8.000000000000e-04,6.505773043869e-07
4.000000000000e-04,4.944902155465e-07
4.000000000000e-04,5.502189865925e-08
4.000000000000e-04,8.360348209919e-07
1.600000000000e-03,2.368167843207e-06
4.000000000000e-04,7.268958390743e-07
4.000000000000e-04,1.335888598757e-08
4.000000000000e-03,8.526585969353e-06
8.000000000000e-04,4.423921927484e-07
2.000000000000e-03,3.921921123513e-06
8.000000000000e-03,2.394640639114e-05
8.000000000000e-04,1.952899629309e-06
4.000000000000e-04,5.657062122083e-08
4.000000000000e-04,3.109356241782e-08
4.000000000000e-04,4.151100739593e-07
4.000000000000e-04,4.024754715715e-07
4.000000000000e-04,3.695507102248e-07
8.000000000000e-04,8.411979749158e-07
4.000000000000e-04,6.030610407465e-07
4.000000000000e-04,1.151615586579e-06
1.200000000000e-03,1.354826644084e-06
8.000000000000e-04,7.902496830793e-07
4.000000000000e-04,8.205906361125e-07
1.200000000000e-03,2.051278800372e-06
4.000000000000e-04,2.308431938223e-07
8.000000000000e-04,1.587411678798e-06
8.000000000000e-04,7.437381559827e-07
4.000000000000e-04,3.300750672258e-07
2.400000000000e-03,5.814228471877e-06
4.000000000000e-04,3.131921897910e-07
4.000000000000e-04,4.386443192369e-08
1.200000000000e-03,3.025506552829e-06
4.000000000000e-04,1.912334646687e-07
4.000000000000e-04,6.485739535665e-07
4.000000000000e-04,1.017749335464e-06
4.000000000000e-04,8.532928710080e-07
4.000000000000e-04,6.666495893418e-07
4.000000000000e-04,1.871564314648e-07
4.000000000000e-04,1.524038819699e-07
3.600000000000e-03,8.753528474140e-06
4.000000000000e-04,7.788911955505e-07
4.000000000000e-04,2.327816115197e-07
8.000000000000e-04,1.284990535725e-06
4.000000000000e-04,5.410157876927e-07
4.000000000000e-04,7.947905413570e-07
4.000000000000e-04,3.702317512644e-07
8.000000000000e-04,4.886743668461e-07
4.000000000000e-04,7.979182122397e-07
2.400000000000e-03,5.166096530891e-06
1.600000000000e-03,4.096694049271e-06
4.000000000000e-04,6.191012343377e-07
4.000000000000e-04,3.423375418545e-07
4.000000000000e-04,5.687540523257e-08
4.000000000000e-04,6.588079917029e-07
1.200000000000e-03,3.618919508424e-06
4.000000000000e-04,4.855965194607e-07
4.000000000000e-04,7.460213193325e-08
2.000000000000e-03,4.163388634517e-06
4.000000000000e-04,5.236065634417e-07
4.000000000000e-04,1.371832992789e-06
2.800000000000e-03,5.006035455144e-06
8.000000000000e-04,9.310245282852e-07
4.000000000000e-04,2.281189521101e-07
4.000000000000e-04,6.138350457178e-07
4.000000000000e-04,7.618100667159e-07
2.400000000000e-03,4.036996202396e-06
4.000000000000e-04,8.995167240527e-07
4.000000000000e-04,7.471872435812e-07
2.800000000000e-03,6.995468848536e-06
4.000000000000e-04,1.003578654633e-06
4.000000000000e-04,1.762144736863e-07
1.200000000000e-03,1.681451889414e-06
1.256000000000e-01,1.152966886216e-03
4.000000000000e-04,5.686531293531e-07
4.000000000000e-04,1.939462904269e-07
4.000000000000e-04,1.967639946305e-06
4.000000000000e-04,1.695081562312e-07
4.000000000000e-04,4.769380070563e-07
4.000000000000e-04,2.789185345966e-07
4.000000000000e-04,5.087570916643e-07
4.000000000000e-04,1.016089733243e-07
4.000000000000e-04,3.268783662689e-07
6.800000000000e-03,1.837902328801e-05
4.000000000000e-04,3.015030768873e-07
8.000000000000e-04,1.560694265242e-06
4.000000000000e-04,2.637499860280e-07
4.000000000000e-04,3.787340242937e-07
4.000000000000e-04,1.884492921562e-07
4.000000000000e-04,4.356535740406e-07
1.200000000000e-03,2.744340854660e-06
4.000000000000e-04,3.324961077133e-07
4.000000000000e-04,3.842178336222e-08
4.000000000000e-04,3.011841163321e-07
4.000000000000e-04,2.756342656354e-08
8.000000000000e-04,5.513934516258e-07
1.200000000000e-03,1.757402190923e-06
8.000000000000e-04,3.893248295701e-07
8.000000000000e-04,8.401043273313e-07
4.000000000000e-04,4.489885665816e-07
1.600000000000e-03,4.495192197862e-06
4.000000000000e-04,6.280203380804e-09
2.400000000000e-03,1.183827364060e-05
4.000000000000e-04,1.138579206669e-06
1.200000000000e-03,2.161415255032e-06
3.520000000000e-02,1.799239493398e-04
4.000000000000e-04,2.765115783529e-07
2.800000000000e-03,2.283381211660e-06
4.000000000000e-04,3.497113834447e-07
4.000000000000e-04,9.301334424908e-08
4.000000000000e-04,1.330259203694e-07
4.000000000000e-04,3.916344466970e-07
1.200000000000e-02,5.354343545344e-05
4.000000000000e-04,7.727160438031e-09
2.400000000000e-03,3.494392054160e-06
8.000000000000e-04,3.558208191941e-07
4.000000000000e-04,1.710448326059e-06
4.000000000000e-04,3.873728608288e-07
4.000000000000e-04,1.477348003163e-07
4.000000000000e-04,5.445371415413e-07
8.000000000000e-04,1.077929791262e-06
4.000000000000e-03,1.181797961358e-05
1.200000000000e-03,2.013044318519e-06
4.000000000000e-04,3.058808716255e-08
4.000000000000e-04,3.057574891831e-07
4.000000000000e-04,3.031003902061e-07
3.200000000000e-03,5.017936282328e-06
5.200000000000e-03,2.336821933666e-05
4.000000000000e-04,1.304894473543e-07
4.000000000000e-04,4.005578045184e-07
4.000000000000e-04,8.359498201192e-07
4.000000000000e-04,2.329789882624e-07
4.000000000000e-04,2.483361360659e-07
1.200000000000e-03,2.643806296343e-06
8.000000000000e-04,7.754132023471e-07
2.560000000000e-02,1.098632310274e-04
1.200000000000e-03,1.173029653707e-06
8.000000000000e-04,1.285331422492e-06
6.800000000000e-03,1.210315122684e-05
4.000000000000e-04,8.718059877113e-08
4.000000000000e-04,8.450072736024e-08
4.000000000000e-04,3.529861431836e-07
1.600000000000e-03,2.627207421845e-06
4.000000000000e-04,4.408706328257e-07
4.000000000000e-04,6.830469150347e-08
4.000000000000e-04,5.361917440713e-07
4.000000000000e-04,3.836239622606e-07
4.000000000000e-04,4.783161667195e-08
1.600000000000e-03,3.814593460224e-06
8.000000000000e-04,1.303529060063e-06
1.200000000000e-03,2.412196851257e-06
2.800000000000e-03,9.752608719061e-06
4.000000000000e-04,4.990959340008e-08
1.200000000000e-03,2.023432146569e-06
4.000000000000e-04,4.104856017347e-08
4.000000000000e-04,7.204547373221e-07
4.000000000000e-04,3.511884380878e-07
4.000000000000e-04,1.414788260336e-07
4.000000000000e-04,3.822998825971e-07
4.000000000000e-04,2.226623106210e-07
2.400000000000e-03,3.936505059264e-06
4.000000000000e-04,3.034531211221e-07
4.000000000000e-04,1.633027152901e-07
4.000000000000e-04,2.698411942911e-07
1.600000000000e-03,1.715105074677e-06
4.000000000000e-04,5.714469815892e-07
2.000000000000e-03,2.875912736140e-06
4.000000000000e-04,8.761645305049e-07
4.000000000000e-04,9.778433843433e-07
4.000000000000e-04,1.173310504295e-07
4.000000000000e-04,4.512054960032e-07
4.000000000000e-04,2.369977888559e-07
4.000000000000e-04,2.874020371891e-07
1.536000000000e-01,2.057883366791e-03
8.000000000000e-04,1.661801879737e-06
4.000000000000e-04,3.856121609880e-07
4.000000000000e-04,3.291684643314e-07
4.000000000000e-04,5.736985416309e-08
4.000000000000e-04,3.303353988767e-07
1.200000000000e-03,2.223988690432e-06
1.600000000000e-03,2.050948633171e-06
4.000000000000e-04,1.665000065020e-07
1.600000000000e-03,2.492044946822e-06
4.000000000000e-04,9.374451253615e-07
8.000000000000e-04,2.714554956638e-07
1.200000000000e-03,1.478033251036e-06
4.000000000000e-04,6.076502872571e-07
4.000000000000e-04,1.731930331775e-08
4.000000000000e-04,2.300133670206e-07
1.200000000000e-03,3.444005816639e-06
4.000000000000e-04,4.519412418042e-07
8.000000000000e-04,2.111575075450e-06
4.000000000000e-04,3.200482137330e-08
4.000000000000e-04,4.850139740767e-07
4.000000000000e-04,2.379598190469e-07
4.000000000000e-04,8.283814011210e-07
4.000000000000e-04,7.539891421331e-08
4.000000000000e-04,9.974915070248e-07
4.000000000000e-04,8.374377783315e-07
8.000000000000e-04,1.358489180877e-06
1.200000000000e-03,2.786170401544e-06
4.000000000000e-04,4.104877225844e-07
4.000000000000e-04,2.352378489238e-07
8.000000000000e-04,1.149804775071e-06
8.000000000000e-04,5.279203822129e-07
4.000000000000e-04,1.190700381278e-06
8.000000000000e-04,1.256775307615e-06
4.000000000000e-04,7.089552090527e-07
8.000000000000e-04,2.402346046507e-06
4.000000000000e-04,3.061970526893e-07
4.000000000000e-04,5.126773703071e-07
4.000000000000e-04,1.582778697593e-07
4.000000000000e-04,6.511734968740e-07
4.000000000000e-04,3.494631556767e-07
1.200000000000e-03,6.529013139089e-07
8.000000000000e-04,2.311875491088e-06
4.000000000000e-04,2.120958651847e-07
8.000000000000e-04,1.467009713438e-06
4.000000000000e-04,1.034632669318e-06
4.000000000000e-04,2.974050166922e-07
4.000000000000e-04,3.716860030056e-07
4.000000000000e-04,1.327012641148e-07
4.000000000000e-04,2.713388009525e-07
8.000000000000e-03,4.597068762702e-05
8.800000000000e-03,2.985735235085e-05
4.000000000000e-04,1.000753337965e-07
4.000000000000e-04,4.240166540657e-07
4.000000000000e-04,4.182285179474e-08
4.000000000000e-04,9.759088053866e-08
4.000000000000e-04,1.292924764505e-07
3.200000000000e-03,1.002839974969e-05
4.000000000000e-04,3.568010151674e-07
8.400000000000e-03,2.309194392673e-05
4.000000000000e-04,1.638628454589e-07
4.000000000000e-04,8.448139325949e-07
2.800000000000e-03,5.458711723633e-06
8.000000000000e-04,8.401011879764e-07
4.000000000000e-04,1.958739153960e-06
4.000000000000e-04,4.274698179901e-08
4.000000000000e-04,7.316511537247e-07
6.800000000000e-03,2.036164857072e-05
4.000000000000e-04,1.483691205504e-07
4.000000000000e-04,7.350186638433e-07
4.000000000000e-04,3.158440857495e-07
8.000000000000e-04,4.400542724554e-06
4.000000000000e-04,1.646578452036e-07
4.000000000000e-04,9.551529636875e-07
4.000000000000e-04,4.184487188809e-07
3.600000000000e-03,2.177036949938e-05
4.000000000000e-04,4.158022850907e-07
4.000000000000e-04,1.237215052390e-08
8.000000000000e-04,1.099589008686e-06
4.000000000000e-04,2.309530174777e-07
4.000000000000e-04,3.304238126965e-07
4.000000000000e-04,2.475086879334e-07
2.400000000000e-03,3.430900633726e-06
4.000000000000e-04,9.738229285418e-07
8.000000000000e-04,1.463027939630e-06
4.000000000000e-04,3.920928564368e-07
4.400000000000e-03,1.483216747604e-05
1.200000000000e-03,1.270046038725e-06
1.200000000000e-03,4.713875730337e-07
4.000000000000e-04,6.564241860429e-07
4.000000000000e-04,8.500754057732e-07
4.000000000000e-04,3.177765812409e-08
3.600000000000e-03,1.707138629624e-05
4.000000000000e-04,7.834564030063e-08
4.000000000000e-04,4.095671104566e-07
4.000000000000e-04,5.035853321875e-07
4.000000000000e-04,2.362265011827e-07
1.920000000000e-02,1.112095621661e-04
8.000000000000e-04,2.978638204696e-07
4.000000000000e-04,7.817168473499e-07
8.000000000000e-04,1.028160511721e-06
4.000000000000e-04,3.380220949470e-07
4.000000000000e-04,2.266367497252e-08
8.000000000000e-04,9.270582616847e-07
4.000000000000e-04,5.307611818259e-07
4.000000000000e-04,4.301287173362e-07
4.000000000000e-04,6.400834761373e-07
4.000000000000e-04,1.732821707503e-07
4.000000000000e-04,1.894934312315e-07
4.000000000000e-04,1.860956521428e-07
4.400000000000e-03,1.905475672660e-05
4.000000000000e-04,5.827032861070e-07
8.000000000000e-04,1.008762726107e-06
4.000000000000e-04,3.288244518567e-08
4.000000000000e-04,2.291114555822e-07
1.200000000000e-03,2.776190151814e-06
4.000000000000e-04,5.566684582863e-07
4.000000000000e-04,9.321673353427e-08
4.000000000000e-04,7.535289222100e-07
4.000000000000e-04,3.288136162446e-07
4.000000000000e-04,1.936631171234e-07
2.000000000000e-03,6.677926232678e-06
4.000000000000e-04,4.443245699945e-07
1.200000000000e-03,1.433133593834e-06
8.000000000000e-04,5.737617772324e-07
8.000000000000e-04,2.090616744076e-06
4.000000000000e-04,3.218352583179e-07
2.000000000000e-03,1.980689466450e-06
1.960000000000e-02,8.017255812511e-05
4.000000000000e-04,3.330665320923e-07
4.000000000000e-04,1.707265796860e-08
4.000000000000e-04,1.082903225570e-06
8.000000000000e-04,6.478447935076e-07
1.200000000000e-03,2.140400125478e-06
4.000000000000e-04,8.057133354444e-10
1.600000000000e-03,3.237414860729e-06
2.000000000000e-03,1.684733335229e-06
4.000000000000e-04,5.929133626725e-07
4.000000000000e-04,2.289646373071e-07
1.600000000000e-03,1.945363537511e-06
4.000000000000e-04,1.086864129274e-06
4.000000000000e-04,1.499163630443e-07
8.000000000000e-04,1.252061207310e-06
4.000000000000e-04,2.992803847340e-07
4.000000000000e-04,1.417793645085e-06
4.000000000000e-04,6.968219131763e-08
4.000000000000e-04,7.977633079917e-07
8.000000000000e-04,7.715436557092e-07
4.000000000000e-04,4.783373083658e-07
4.000000000000e-04,1.330675876518e-06
4.000000000000e-04,1.703152183263e-07
1.200000000000e-03,1.754561808621e-06
1.200000000000e-03,8.596819021031e-07
4.000000000000e-04,2.208178835567e-08
8.000000000000e-04,8.558480178084e-07
8.000000000000e-04,5.458241363675e-07
4.000000000000e-04,5.182495547145e-07
4.000000000000e-04,2.277820865388e-07
4.000000000000e-04,3.398079505445e-07
8.000000000000e-04,9.878532131863e-07
8.000000000000e-04,2.818062991515e-07
8.000000000000e-04,9.382786121699e-07
4.000000000000e-04,8.440466524180e-07
4.000000000000e-04,2.237110126656e-07
4.000000000000e-02,3.499280089095e-04
4.000000000000e-03,5.111527129518e-06
4.000000000000e-04,1.102243547700e-06
4.000000000000e-04,3.854128269164e-07
4.000000000000e-04,3.049469809472e-07
4.000000000000e-04,2.769919155305e-07
4.000000000000e-04,4.812021930342e-07
4.000000000000e-04,4.011124066233e-07
4.000000000000e-04,1.148103150395e-07
4.000000000000e-04,3.962697634416e-08
4.000000000000e-04,3.001133743745e-07
1.600000000000e-03,2.518983332511e-06
4.000000000000e-04,8.093831910578e-08
4.000000000000e-04,1.059696595732e-07
4.000000000000e-04,1.275788760984e-08
4.000000000000e-04,7.222326825274e-07
3.200000000000e-03,1.934567264205e-06
4.000000000000e-04,2.219192429985e-07
4.000000000000e-04,3.689767432675e-07
4.000000000000e-04,6.616457214225e-08
4.000000000000e-04,7.581302855940e-07
4.000000000000e-04,2.213100408225e-08
2.800000000000e-03,9.783003847607e-06
1.200000000000e-03,1.717907219228e-06
4.000000000000e-04,1.583925713345e-07
4.000000000000e-04,3.467908319082e-07
4.000000000000e-04,1.552300229045e-07
4.000000000000e-04,3.344533562456e-07
4.000000000000e-04,7.860704119158e-07
1.200000000000e-03,5.270728172876e-07
1.600000000000e-03,4.138238578572e-06
4.000000000000e-04,1.078269795727e-07
4.400000000000e-03,8.540148828766e-06
2.800000000000e-03,6.662833282852e-06
4.000000000000e-04,2.432377202942e-07
4.000000000000e-04,1.108880137508e-06
4.000000000000e-04,1.215667012048e-06
4.000000000000e-04,1.396743430198e-07
2.400000000000e-03,3.411090527739e-06
1.200000000000e-03,3.104660531962e-07
3.200000000000e-03,8.944680795321e-06
8.000000000000e-04,8.570004409825e-07
4.000000000000e-04,2.194221454872e-07
4.000000000000e-04,7.591541114629e-07
4.000000000000e-04,4.425344072223e-07
1.200000000000e-03,1.165166898050e-06
4.000000000000e-04,8.740870744993e-08
4.000000000000e-04,6.256460597505e-07
4.000000000000e-04,7.070439213741e-07
2.000000000000e-03,2.031638466731e-06
2.800000000000e-03,3.221290268455e-06
4.000000000000e-04,5.409318541877e-08
4.000000000000e-04,2.069317417506e-07
4.000000000000e-04,5.989640481416e-07
8.000000000000e-04,6.383593316120e-07
1.200000000000e-03,9.589752174337e-07
4.000000000000e-04,6.435951754236e-07
1.600000000000e-03,3.945546202175e-06
4.000000000000e-04,2.603083252645e-07
8.000000000000e-04,3.304738018634e-07
4.000000000000e-04,7.840123350340e-07
1.600000000000e-03,1.190628115704e-06
4.000000000000e-04,2.991401546120e-07
4.000000000000e-04,2.547438079293e-07
4.000000000000e-04,5.434913115858e-07
8.000000000000e-04,2.774598156611e-07
4.000000000000e-04,4.859983952976e-07
8.000000000000e-04,6.559929884239e-07
8.000000000000e-04,1.287713850994e-06
1.200000000000e-03,1.477627667999e-06
4.000000000000e-04,2.083452904377e-07
4.000000000000e-04,3.634922618385e-08
8.000000000000e-04,5.377655971404e-07
6.000000000000e-03,1.654360850651e-05
4.000000000000e-04,7.010744830870e-07
3.600000000000e-03,1.319644590743e-05
2.000000000000e-03,6.061738743917e-06
4.000000000000e-04,2.405781624937e-07
4.000000000000e-04,3.791871259211e-07
1.600000000000e-03,1.568059409698e-06
4.000000000000e-04,5.911519533684e-07
4.000000000000e-04,1.163404238185e-07
8.000000000000e-04,1.001746819480e-06
4.000000000000e-04,6.107719161129e-07
4.000000000000e-04,5.462826129409e-07
4.000000000000e-04,8.276620449154e-07
4.000000000000e-04,1.711091349538e-09
4.000000000000e-04,9.210821645811e-07
4.000000000000e-04,2.498926737167e-07
4.000000000000e-04,7.700138279095e-07
4.000000000000e-04,3.190145347881e-07
4.000000000000e-04,8.205102644581e-07
4.000000000000e-04,7.881737562645e-07
4.000000000000e-04,3.086481613472e-07
4.000000000000e-04,2.141738397315e-08
8.000000000000e-04,6.660254138801e-07
4.000000000000e-04,5.941119417097e-07
8.000000000000e-04,1.207636670497e-06
4.000000000000e-04,1.118216302203e-07
8.000000000000e-04,6.167317848523e-07
4.000000000000e-04,1.452795404085e-07
4.000000000000e-04,1.279280681463e-07
8.000000000000e-04,2.088085657858e-06
4.000000000000e-03,1.420522410895e-05
8.000000000000e-04,9.386175842487e-07
4.000000000000e-04,2.599662885348e-08
2.000000000000e-03,5.424203824640e-06
8.000000000000e-04,9.542689098494e-07
4.000000000000e-04,1.111026744573e-07
1.480000000000e-01,2.849610569187e-03
5.600000000000e-03,4.348110531045e-05
8.000000000000e-04,7.024005736379e-07
1.600000000000e-03,1.255267429854e-06
4.000000000000e-04,4.516178326857e-07
2.400000000000e-03,4.446748637282e-06
1.600000000000e-03,3.051011149509e-06
4.000000000000e-04,2.716413517434e-07
2.800000000000e-03,5.249091036341e-06
2.400000000000e-03,7.019465528999e-06
4.000000000000e-04,7.931491284310e-08
4.000000000000e-04,2.768957181523e-07
2.000000000000e-03,4.769470890740e-06
4.000000000000e-04,6.921370983682e-07
4.000000000000e-04,3.809229374448e-07
2.000000000000e-03,5.161390812858e-06
4.000000000000e-04,1.015863909729e-06
4.000000000000e-04,6.272758457276e-07
2.400000000000e-03,6.999864140494e-06
1.336000000000e-01,1.472779238047e-03
4.000000000000e-04,1.576794365067e-07
4.000000000000e-04,4.104909795700e-07
8.000000000000e-04,4.897149317464e-07
4.000000000000e-04,7.882796493501e-08
8.000000000000e-04,7.123995138620e-07
4.000000000000e-04,4.294430621625e-07
4.000000000000e-03,6.874076517996e-06
4.000000000000e-04,1.755184960742e-07
4.000000000000e-04,3.549516745263e-08
4.000000000000e-04,9.189649897162e-08
4.000000000000e-04,3.695802193411e-07
4.000000000000e-04,4.539493000217e-08
1.200000000000e-03,1.200146736171e-06
8.000000000000e-04,7.227952903715e-07
4.000000000000e-04,3.014782620128e-07
4.000000000000e-04,6.453983061854e-07
4.000000000000e-04,2.930361407478e-08
4.000000000000e-04,8.828959947022e-07
1.600000000000e-03,4.561015930077e-06
4.000000000000e-04,9.742904255370e-08
4.000000000000e-04,2.729944553713e-08
8.000000000000e-04,7.119910683973e-07
4.000000000000e-04,3.567561913009e-07
4.000000000000e-04,1.908064864669e-07
8.000000000000e-04,2.356710689688e-06
1.200000000000e-03,2.232242417280e-06
4.000000000000e-04,1.064960670308e-06
4.000000000000e-04,8.852320108755e-07
4.000000000000e-04,4.883130263141e-08
4.000000000000e-04,1.714854183869e-07
4.000000000000e-04,4.675285995751e-07
1.520000000000e-02,7.975485040310e-05
4.000000000000e-04,2.304317483790e-07
4.000000000000e-04,5.771266298222e-07
4.000000000000e-04,5.877564008224e-07
4.000000000000e-04,3.231339326288e-08
4.000000000000e-04,1.059873018761e-06
8.000000000000e-04,2.034013103872e-06
4.000000000000e-04,5.151008217094e-07
4.000000000000e-04,1.048687967566e-08
4.000000000000e-04,6.802446955056e-08
4.000000000000e-04,2.197709534772e-07
4.000000000000e-04,7.398649460363e-07
4.000000000000e-04,4.082326191765e-07
8.000000000000e-04,6.948478700111e-07
4.000000000000e-04,1.400701238259e-07
4.000000000000e-04,4.962861491934e-07
4.000000000000e-04,1.219851812179e-07
1.200000000000e-03,1.675843195967e-06
3.040000000000e-02,2.530036773954e-04
4.000000000000e-04,3.358627644302e-07
7.200000000000e-03,2.405492552731e-05
4.000000000000e-04,4.042987417542e-07
1.560000000000e-02,8.779521038667e-05
4.000000000000e-04,1.175202292142e-06
8.000000000000e-04,1.283936252313e-06
4.000000000000e-04,5.248142709765e-07
4.000000000000e-04,5.332385497281e-07
4.000000000000e-04,4.289530023818e-08
1.200000000000e-03,3.200313025808e-06
8.000000000000e-04,1.389532547605e-06
3.200000000000e-03,5.413705115640e-06
8.000000000000e-04,1.418639741206e-06
8.000000000000e-04,1.830578524651e-06
4.000000000000e-04,3.542382290668e-07
4.000000000000e-04,2.527502802068e-07
4.000000000000e-04,4.647684796569e-07
3.200000000000e-03,5.227001606351e-06
4.000000000000e-04,1.635670787963e-07
1.600000000000e-03,6.382975366030e-06
4.000000000000e-04,5.572846742204e-07
1.080000000000e-02,2.791051751078e-05
4.000000000000e-04,3.446601681853e-07
4.000000000000e-04,1.857629696484e-07
4.000000000000e-04,7.322498530554e-07
1.600000000000e-03,3.813912600681e-06
4.000000000000e-04,7.843031481002e-07
4.000000000000e-04,4.006546139218e-07
4.000000000000e-04,2.637493400283e-08
4.000000000000e-04,3.793518403165e-07
4.000000000000e-04,3.356021894240e-07
1.200000000000e-03,1.237285930129e-06
8.000000000000e-04,1.659570882549e-06
6.000000000000e-03,5.255528698109e-05
4.000000000000e-04,3.272381878465e-07
4.000000000000e-04,2.107992419896e-07
8.000000000000e-04,6.492326138988e-07
4.000000000000e-04,1.190968420817e-06
4.000000000000e-03,3.286248116129e-05
6.000000000000e-03,4.064557567351e-05
4.000000000000e-04,2.191864926249e-07
4.000000000000e-04,2.939859174301e-07
6.400000000000e-03,4.962195660543e-05
4.000000000000e-04,1.692627902822e-07
8.000000000000e-04,1.103138308487e-06
3.200000000000e-03,2.516930490971e-05
8.000000000000e-04,1.119534131188e-06
8.000000000000e-04,2.433319266114e-06
4.000000000000e-04,2.576766504703e-09
4.000000000000e-04,9.535147366907e-07
1.200000000000e-03,2.949512041545e-06
4.000000000000e-04,1.013781167281e-07
4.000000000000e-04,1.768712392960e-07
4.000000000000e-04,4.122268901295e-07
4.000000000000e-04,6.226293453932e-07
1.600000000000e-03,2.647101065245e-06
4.800000000000e-03,1.583101630679e-05
1.200000000000e-03,5.329356900380e-07
4.000000000000e-03,1.563532859229e-05
1.200000000000e-03,1.276047577522e-06
6.400000000000e-03,1.355652815897e-05
4.800000000000e-03,1.348307306819e-05
4.000000000000e-04,7.703712458116e-07
1.680000000000e-02,6.738605123277e-05
1.200000000000e-03,9.126584894169e-07
1.000000000000e-02,2.978150319111e-05
5.200000000000e-03,4.867417734695e-06
4.000000000000e-04,2.554440811772e-07
4.000000000000e-04,1.357133741624e-06
8.000000000000e-04,2.590283273967e-07
4.000000000000e-04,4.952113126849e-07
4.000000000000e-04,1.082943975769e-07
2.400000000000e-03,4.094152852558e-06
1.600000000000e-03,3.980486894228e-06
2.000000000000e-03,1.649622053633e-06
4.800000000000e-03,5.880471049685e-06
3.600000000000e-03,6.216278157819e-06
2.000000000000e-03,2.883977915800e-06
4.000000000000e-04,4.462149443164e-07
4.000000000000e-04,3.459178047221e-07
4.000000000000e-04,3.546278346250e-07
4.000000000000e-04,4.531992374313e-09
4.000000000000e-04,4.322116689880e-07
1.200000000000e-03,1.924533634025e-06
4.000000000000e-04,2.116364419765e-07
4.000000000000e-04,7.142102938235e-08
4.000000000000e-03,7.398368131274e-06
4.000000000000e-04,8.347463359037e-08
4.000000000000e-04,6.561144379403e-07
1.920000000000e-02,1.202719251920e-04
4.000000000000e-04,3.199144738479e-07
4.000000000000e-04,6.514720217780e-07
4.000000000000e-03,9.748255794977e-06
1.200000000000e-03,8.102593909396e-07
4.000000000000e-04,1.153235635632e-06
4.000000000000e-04,1.673146273853e-07
1.200000000000e-03,5.374589485480e-07
4.000000000000e-04,4.172192869410e-07
4.000000000000e-04,5.847774660637e-07
4.000000000000e-04,4.030897913631e-08
4.000000000000e-04,7.088166770914e-07
1.200000000000e-03,1.170413473365e-06
2.400000000000e-03,6.509545160703e-06
4.000000000000e-04,3.685572735470e-07
1.200000000000e-03,1.072856353196e-06
4.000000000000e-04,3.314751935658e-08
1.200000000000e-03,9.444808701155e-07
1.200000000000e-03,1.033509391487e-06
4.000000000000e-04,7.965420947867e-08
5.200000000000e-03,6.647569015993e-06
1.200000000000e-03,1.519181547508e-06
4.000000000000e-04,1.176652840127e-07
4.000000000000e-04,8.311042927797e-07
8.000000000000e-04,1.064644130189e-06
4.000000000000e-04,2.155562214642e-07
4.000000000000e-04,9.721316185237e-07
4.000000000000e-04,1.976373485361e-07
8.000000000000e-04,2.177457324602e-07
4.000000000000e-04,8.832409426529e-09
3.200000000000e-03,1.186100817126e-05
8.000000000000e-04,7.566164900326e-07
4.000000000000e-04,1.469624180009e-07
4.000000000000e-04,9.277082710553e-08
4.000000000000e-04,7.374629612567e-07
4.000000000000e-04,7.194024556565e-07
4.000000000000e-04,1.666197477115e-07
4.000000000000e-04,4.633962682532e-09
8.000000000000e-04,1.493017092681e-06
1.600000000000e-03,4.441717531065e-06
4.000000000000e-04,3.936112891424e-07
4.000000000000e-04,2.078904184166e-07
4.000000000000e-04,3.187219781810e-07
4.000000000000e-04,1.079265309922e-07
4.000000000000e-04,2.181134943042e-08
4.000000000000e-04,6.578553301314e-07
3.640000000000e-02,1.366633812289e-04
4.000000000000e-04,2.662120395542e-07
4.000000000000e-04,3.265857884565e-08
4.000000000000e-04,5.576325125230e-07
4.000000000000e-04,1.311064376844e-07
2.800000000000e-03,5.964669313595e-06
4.000000000000e-04,1.086970507326e-06
4.000000000000e-04,3.693710016948e-07
4.000000000000e-04,6.251602234152e-08
4.000000000000e-04,2.016809475341e-07
4.000000000000e-04,2.281730154985e-07
4.000000000000e-04,2.066788088817e-07
9.200000000000e-03,2.800694529420e-05
4.000000000000e-04,4.555062753467e-07
4.040000000000e-02,1.402700250320e-04
8.000000000000e-04,5.031407164146e-07
4.000000000000e-04,5.553393692915e-07
4.000000000000e-04,3.653128366209e-07
4.000000000000e-04,3.681064523800e-07
3.320000000000e-02,1.725872484234e-04
4.000000000000e-04,1.960088520592e-07
4.000000000000e-04,4.104921487497e-08
6.000000000000e-03,1.320657488395e-05
4.000000000000e-04,4.257845608432e-08
4.000000000000e-04,1.534559554529e-07
4.000000000000e-04,3.662795478750e-07
1.200000000000e-03,3.001619279598e-06
4.000000000000e-04,1.993732539057e-07
8.000000000000e-03,3.293174691755e-05
4.000000000000e-04,9.125055931160e-07
8.000000000000e-04,7.880894574156e-07
4.000000000000e-04,4.379015711496e-07
1.200000000000e-03,3.668420802526e-06
4.000000000000e-04,1.380038140738e-07
8.000000000000e-04,1.325383203142e-06
4.000000000000e-04,2.044879037311e-07
4.000000000000e-04,4.342786074309e-07
4.000000000000e-04,1.122618048185e-07
4.000000000000e-04,3.338560956798e-07
8.000000000000e-04,1.634668481942e-06
4.000000000000e-04,2.441548064088e-07
4.000000000000e-04,9.328934381599e-08
4.000000000000e-04,2.304145568044e-07
4.000000000000e-04,4.952888338060e-07
4.000000000000e-04,3.640658531076e-07
4.000000000000e-04,2.624160135948e-07
4.000000000000e-04,5.248328048857e-07
8.400000000000e-03,3.785805084113e-05
4.000000000000e-04,1.015749391975e-07
4.000000000000e-04,3.427213004829e-07
8.000000000000e-03,2.520939750862e-05
4.000000000000e-04,2.680862950921e-07
4.000000000000e-04,1.214487206074e-08
4.000000000000e-04,2.354864095341e-07
3.600000000000e-03,1.236136726282e-05
4.000000000000e-04,7.317956497150e-07
4.000000000000e-04,1.636266324618e-07
4.000000000000e-03,9.694172979454e-06
4.000000000000e-04,5.596348962052e-07
4.000000000000e-04,3.722264256588e-07
4.000000000000e-04,1.371881815991e-07
4.000000000000e-04,6.498145863552e-08
9.600000000000e-03,3.448194490210e-05
4.000000000000e-04,1.635146631532e-07
1.200000000000e-03,1.399381841868e-06
4.000000000000e-04,2.035054624714e-08
1.200000000000e-03,6.573752993854e-07
1.200000000000e-03,2.169596209277e-06
4.000000000000e-04,1.185184881213e-06
8.000000000000e-04,3.622071241836e-07
4.000000000000e-04,5.386874300871e-07
4.000000000000e-04,6.291824532118e-08
4.000000000000e-04,4.234601263766e-07
2.800000000000e-03,3.880021870739e-06
8.000000000000e-04,7.842731981843e-07
1.600000000000e-03,2.588322510265e-06
4.000000000000e-03,2.968637932257e-06
4.000000000000e-04,4.826901685580e-07
4.000000000000e-04,4.250849360895e-07
8.000000000000e-04,1.171686982778e-07
4.000000000000e-04,9.147354634037e-08
4.000000000000e-04,5.525464558263e-07
8.000000000000e-04,6.043145921074e-07
4.000000000000e-04,4.402571931374e-07
4.000000000000e-04,5.888266044766e-07
4.000000000000e-04,2.826121015591e-07
4.000000000000e-04,1.689427539466e-07
4.000000000000e-04,2.171719088926e-08
8.000000000000e-04,7.933215921440e-07
4.000000000000e-04,1.901825162893e-07
1.200000000000e-03,1.452110748989e-06
4.000000000000e-04,1.502378351292e-07
4.000000000000e-04,9.626300535849e-08
4.000000000000e-04,1.814993654115e-07
8.000000000000e-04,1.861236620222e-07
4.000000000000e-04,3.967761325865e-07
4.000000000000e-04,4.871840884586e-07
4.000000000000e-04,1.877555795494e-07
1.040000000000e-02,6.324941207107e-05
4.000000000000e-04,2.963840311170e-07
2.000000000000e-03,5.459449245679e-06
4.000000000000e-04,2.413480180747e-07
3.200000000000e-03,3.990653943993e-06
4.000000000000e-04,3.784404699664e-07
4.000000000000e-04,5.736367653837e-07
4.000000000000e-04,2.496312482347e-07
4.000000000000e-04,1.049256351804e-07
1.200000000000e-03,1.202546787322e-06
4.800000000000e-03,1.604472644577e-05
4.000000000000e-04,6.464696365173e-07
4.000000000000e-04,3.642436626476e-07
1.200000000000e-03,9.168466225010e-07
2.000000000000e-03,2.262224115410e-06
4.000000000000e-04,5.710349733599e-07
3.200000000000e-03,5.867253519442e-06
4.000000000000e-04,1.843286922945e-07
4.000000000000e-04,2.784605880031e-07
4.000000000000e-04,1.926582837693e-07
4.000000000000e-04,6.174140727440e-08
8.000000000000e-04,6.702143330083e-07
4.000000000000e-04,4.262732001798e-07
4.000000000000e-04,9.608551572194e-07
8.000000000000e-04,7.157614477266e-07
8.000000000000e-04,3.744929019446e-07
4.000000000000e-04,3.920697854533e-07
8.000000000000e-04,9.765262441209e-07
8.000000000000e-04,4.108910149003e-07
4.000000000000e-04,1.313589942594e-07
4.000000000000e-04,2.092643955632e-07
8.000000000000e-04,6.553331190572e-07
1.600000000000e-03,3.477311607450e-06
4.000000000000e-04,2.130535658410e-08
4.000000000000e-04,1.700839882512e-07
8.000000000000e-04,9.631753550559e-07
1.600000000000e-03,4.108683132825e-06
4.000000000000e-04,3.351410024080e-07
4.000000000000e-04,2.463443081022e-07
8.000000000000e-04,1.412451626073e-06
1.364000000000e-01,1.762843422626e-03
3.600000000000e-03,4.836373718414e-06
4.000000000000e-04,2.745053308648e-07
8.000000000000e-04,7.245469459086e-07
8.000000000000e-03,2.546143035761e-05
4.000000000000e-04,3.623678053694e-07
4.000000000000e-04,2.186358556626e-07
4.000000000000e-04,3.935184802241e-07
4.000000000000e-04,1.495840554155e-07
1.200000000000e-03,9.323930813973e-07
8.000000000000e-04,4.736726052430e-07
2.000000000000e-03,3.465674906299e-06
4.000000000000e-03,6.464894411418e-06
8.000000000000e-04,2.429195224301e-07
4.000000000000e-04,6.424134695850e-08
1.440000000000e-02,3.899904515216e-05
4.000000000000e-04,3.634301021016e-07
8.000000000000e-04,5.001920079804e-07
4.000000000000e-04,2.010682057376e-07
4.000000000000e-04,3.367370988999e-07
4.000000000000e-04,5.400654275618e-07
2.800000000000e-03,3.303607485587e-06
4.000000000000e-04,1.142861319154e-06
2.800000000000e-03,5.126560107956e-06
4.000000000000e-04,1.092154224227e-07
4.000000000000e-04,2.877014215870e-08
4.000000000000e-04,5.877490191005e-07
4.000000000000e-04,3.638620285470e-07
2.400000000000e-03,2.726419846762e-06
4.000000000000e-04,4.936944874240e-07
4.000000000000e-04,1.568832765450e-07
4.000000000000e-04,8.655469578489e-07
4.000000000000e-04,5.215716166564e-08
1.200000000000e-03,1.005282711915e-06
4.000000000000e-04,3.311490176483e-07
4.000000000000e-04,1.060470190539e-08
8.000000000000e-04,9.297981256761e-07
2.800000000000e-03,4.693606590497e-06
4.000000000000e-04,8.309566033693e-07
1.600000000000e-03,2.271405982981e-06
1.600000000000e-03,3.226964855170e-06
4.000000000000e-03,6.746981053119e-06
4.000000000000e-04,9.461414453913e-07
4.000000000000e-04,8.235618949030e-07
8.000000000000e-04,2.374439358569e-07
8.000000000000e-04,1.758653225718e-06
4.000000000000e-04,1.259339403375e-08
4.000000000000e-04,8.890146263816e-07
4.000000000000e-04,6.220580618864e-08
4.000000000000e-04,1.383732092653e-07
4.000000000000e-04,8.702424784155e-08
8.000000000000e-04,8.604626664031e-07
4.000000000000e-04,2.394196210538e-07
4.000000000000e-04,1.301015960581e-07
2.400000000000e-03,3.585225123623e-06
8.000000000000e-04,1.027517053563e-06
4.000000000000e-04,1.398100306426e-07
3.200000000000e-03,1.188371351463e-05
8.000000000000e-04,4.621116453129e-07
4.000000000000e-04,1.186589402377e-07
4.000000000000e-04,8.862932521033e-07
4.000000000000e-04,3.098082358755e-07
1.600000000000e-03,2.210506832146e-06
4.000000000000e-04,9.212359291057e-07
8.000000000000e-04,1.708542139692e-06
7.200000000000e-03,1.477454591389e-05
4.000000000000e-04,3.490413473337e-07
4.000000000000e-04,1.080271284472e-07
4.000000000000e-04,4.005738549908e-07
2.000000000000e-03,4.827802504904e-06
4.000000000000e-04,1.048228207035e-07
4.000000000000e-04,7.331907722831e-07
1.200000000000e-03,2.274055528379e-06
8.000000000000e-04,9.566946925042e-07
4.000000000000e-04,4.504484454928e-07
4.000000000000e-04,2.519653791677e-07
4.000000000000e-04,3.963368206512e-08
4.000000000000e-04,4.252399360034e-07
4.000000000000e-04,6.251791308341e-07
1.600000000000e-03,4.274734637296e-06
8.000000000000e-04,5.276661899610e-07
4.000000000000e-04,8.568872578102e-08
1.200000000000e-03,1.748095334367e-06
4.000000000000e-04,1.112604459237e-07
4.000000000000e-04,1.717554491752e-07
8.000000000000e-04,7.325239448467e-07
8.000000000000e-04,6.867837512724e-07
8.000000000000e-04,1.053376897408e-06
4.000000000000e-04,3.486261089018e-07
4.000000000000e-04,2.416712099240e-07
4.000000000000e-04,6.591693106535e-07
4.000000000000e-04,5.371576024443e-07
4.000000000000e-04,9.593543723950e-08
4.000000000000e-04,5.224443455891e-07
4.000000000000e-04,2.036191612601e-07
4.000000000000e-04,2.217820220105e-07
4.000000000000e-04,5.097163063315e-07
6.480000000000e-02,5.117198541106e-04
4.000000000000e-04,1.514874413685e-07
4.000000000000e-04,2.590295510401e-07
4.000000000000e-03,6.071389601376e-06
4.000000000000e-04,2.862314965296e-07
4.000000000000e-04,2.743427287811e-07
4.000000000000e-04,1.587321327819e-07
2.120000000000e-02,6.420986473258e-05
4.000000000000e-04,2.526272635889e-07
1.600000000000e-03,2.353030878125e-06
8.000000000000e-04,1.185398112280e-06
4.000000000000e-04,5.099837328090e-08
4.000000000000e-04,2.381575539801e-07
8.000000000000e-04,6.829214368146e-07
4.000000000000e-04,1.067973643842e-07
4.000000000000e-04,6.297901959796e-07
1.200000000000e-03,4.849931941174e-07
4.000000000000e-04,2.130566309952e-08
4.000000000000e-04,2.355921939788e-07
4.000000000000e-04,3.355317647652e-08
4.000000000000e-04,6.204625171635e-08
3.600000000000e-03,1.122918701416e-05
4.000000000000e-04,3.895277567297e-07
4.000000000000e-04,2.909523720324e-07
1.200000000000e-03,1.915280970842e-06
4.000000000000e-04,1.461030366025e-07
4.000000000000e-04,1.424762772203e-08
2.400000000000e-03,2.668348738790e-06
8.000000000000e-04,1.320252507132e-06
1.200000000000e-03,1.579039137508e-06
4.000000000000e-04,1.235515857168e-07
4.000000000000e-04,9.014403735494e-08
1.200000000000e-03,4.033635146176e-07
4.000000000000e-04,1.714791758568e-07
8.000000000000e-04,2.600860183977e-07
4.000000000000e-04,5.460455971961e-07
4.000000000000e-04,1.820009169975e-08
8.000000000000e-04,1.058338737490e-06
4.000000000000e-04,8.670735754275e-07
4.800000000000e-03,7.206496140078e-06
8.000000000000e-04,7.053944110771e-07
4.000000000000e-04,1.868640638290e-07
1.200000000000e-03,2.157013150379e-06
1.200000000000e-03,2.396386966421e-06
8.000000000000e-04,6.294647052988e-07
4.000000000000e-04,1.159264531258e-07
4.000000000000e-04,3.667969828293e-07
8.000000000000e-04,7.065822984905e-07
4.000000000000e-04,3.768961536109e-07
8.000000000000e-04,1.181407622794e-07
4.000000000000e-04,3.317885967172e-08
1.200000000000e-03,1.976576848701e-06
4.000000000000e-04,2.849050969804e-07
8.000000000000e-04,6.476535324494e-07
4.000000000000e-04,3.683530716168e-07
4.000000000000e-04,1.456208156249e-07
5.600000000000e-03,1.420606168703e-05
4.000000000000e-04,3.190297204773e-07
8.000000000000e-04,8.367628750366e-07
1.200000000000e-03,1.349046213804e-06
4.000000000000e-04,2.315464005703e-07
3.200000000000e-03,4.656648513754e-06
4.000000000000e-04,2.983531439876e-07
2.560000000000e-01,3.297924132565e-03
4.000000000000e-04,2.050290236081e-07
4.000000000000e-04,3.739645005416e-07
1.200000000000e-03,1.925124749176e-06
4.000000000000e-04,3.894819735279e-07
4.000000000000e-04,1.385937652934e-07
4.000000000000e-04,2.201623077513e-07
1.200000000000e-03,3.263482221718e-06
4.000000000000e-04,7.441609007583e-08
4.000000000000e-04,1.854190239460e-07
4.000000000000e-04,2.262817039209e-07
8.000000000000e-04,5.388262608544e-07
4.000000000000e-04,1.304795683007e-07
3.160000000000e-02,9.671155470502e-05
4.000000000000e-04,1.025514698733e-07
4.000000000000e-04,3.109957893199e-07
8.000000000000e-04,2.208140416315e-07
4.000000000000e-04,5.373931507464e-07
4.000000000000e-04,5.299689140243e-07
4.000000000000e-04,4.374815881579e-07
4.000000000000e-04,9.348300557589e-08
2.800000000000e-03,3.621413772195e-06
4.000000000000e-04,5.195743742717e-08
4.000000000000e-04,6.802612486449e-07
8.400000000000e-03,3.463382530589e-05
4.000000000000e-04,1.921989461056e-07
4.000000000000e-04,1.044889444211e-07
4.000000000000e-04,1.465276652665e-07
2.000000000000e-03,2.436597923208e-06
4.000000000000e-04,6.936183724533e-07
4.000000000000e-04,1.348812955417e-07
1.200000000000e-03,4.829249763763e-07
4.000000000000e-04,3.026294130293e-10
1.200000000000e-03,1.279080052480e-06
3.200000000000e-03,5.337598231698e-06
1.200000000000e-03,2.860772301872e-06
4.000000000000e-04,5.813854433018e-08
4.000000000000e-04,4.200084636264e-07
4.000000000000e-04,5.767825613243e-07
8.000000000000e-04,1.678029434772e-06
4.000000000000e-04,1.254226219937e-07
4.000000000000e-04,4.808264676655e-07
4.000000000000e-04,3.080013591074e-07
4.000000000000e-04,1.944595049666e-07
4.000000000000e-04,3.581270897120e-08
4.000000000000e-04,2.123021183058e-07
4.000000000000e-04,1.225041656730e-07
2.800000000000e-03,5.752860213525e-06
4.000000000000e-04,2.898680547368e-07
4.000000000000e-04,5.172625815456e-07
4.000000000000e-04,6.362863452151e-07
6.800000000000e-03,2.273662980947e-05
4.000000000000e-04,5.254630010249e-08
1.200000000000e-03,3.343202729115e-07
4.000000000000e-04,9.813373305355e-07
4.000000000000e-04,1.541283250816e-07
2.000000000000e-03,4.135370009676e-06
4.000000000000e-04,1.080334260657e-07
4.000000000000e-04,2.885310924837e-07
4.000000000000e-04,4.240205107755e-07
4.000000000000e-04,1.069421394345e-06
4.000000000000e-04,2.792260126358e-07
4.000000000000e-04,4.638735777762e-07
4.000000000000e-04,1.664365904171e-07
4.000000000000e-04,3.596272652341e-07
8.000000000000e-04,1.003472686533e-06
1.200000000000e-03,1.416815037782e-06
4.000000000000e-04,1.415009244408e-07
4.000000000000e-04,1.651078853536e-07
4.000000000000e-04,2.971526791123e-07
4.000000000000e-04,5.851696817837e-07
4.000000000000e-04,4.298708390328e-08
8.000000000000e-04,1.506335429233e-06
3.200000000000e-03,3.946506958035e-06
8.000000000000e-04,1.252450948170e-06
4.000000000000e-04,1.253614779986e-06
4.000000000000e-04,4.344444590402e-07
4.000000000000e-04,6.319992835430e-08
4.000000000000e-04,8.616858454329e-07
4.000000000000e-04,1.259115706709e-07
4.000000000000e-04,5.079429187472e-07
4.000000000000e-04,3.858996456038e-08
2.000000000000e-03,2.898398397577e-06
4.000000000000e-04,9.723365700664e-07
4.000000000000e-04,6.328033865453e-08
4.000000000000e-04,1.667205735332e-07
2.000000000000e-03,4.777159266372e-06
1.600000000000e-03,2.654300343611e-06
4.000000000000e-04,2.078361034645e-07
1.400000000000e-02,2.717148644172e-05
4.000000000000e-04,4.372070717141e-08
8.000000000000e-04,3.761806865791e-07
1.200000000000e-03,2.163562315668e-06
8.000000000000e-04,5.535431245249e-07
4.000000000000e-04,5.774240740308e-07
8.000000000000e-04,1.731812337998e-06
1.600000000000e-03,1.134843007149e-06
4.000000000000e-04,9.315506727050e-08
4.000000000000e-04,1.080698921541e-06
1.600000000000e-03,1.289538238293e-06
4.000000000000e-04,3.144644405104e-07
1.880000000000e-02,9.883703864862e-05
4.000000000000e-04,4.279731679119e-07
8.000000000000e-04,3.039610005039e-07
4.000000000000e-04,4.186789021031e-07
4.000000000000e-04,1.796884927656e-07
1.200000000000e-03,1.069720767008e-06
4.000000000000e-04,4.988435154373e-07
4.000000000000e-04,1.741938620651e-07
1.600000000000e-03,1.155195418932e-06
4.000000000000e-04,3.023245057010e-07
1.200000000000e-03,1.826319546409e-06
4.000000000000e-04,4.428933283342e-07
4.000000000000e-04,1.945775754473e-07
4.000000000000e-04,9.531346228453e-09
4.000000000000e-04,3.944034052470e-07
6.000000000000e-03,9.491320986842e-06
4.000000000000e-04,1.436194638709e-08
8.000000000000e-04,1.076320616709e-06
4.000000000000e-04,3.757327907336e-07
8.880000000000e-02,5.775232478665e-04
8.000000000000e-04,1.295590968614e-06
4.000000000000e-04,7.441587273097e-08
4.000000000000e-04,5.739069790093e-07
4.000000000000e-04,2.661919874687e-07
4.000000000000e-04,5.797385162617e-07
1.880000000000e-02,9.901194910446e-05
1.200000000000e-03,9.791792950924e-07
4.000000000000e-04,5.146126262881e-07
4.000000000000e-04,6.079088892511e-07
4.000000000000e-04,1.758729101623e-07
4.000000000000e-04,1.911432912898e-07
4.000000000000e-04,9.188133716933e-08
4.000000000000e-04,3.319152708740e-07
1.600000000000e-03,1.911852624339e-06
4.000000000000e-04,2.150322403552e-07
2.000000000000e-03,2.403244551205e-06
2.000000000000e-03,4.432594440918e-06
4.000000000000e-04,1.202693461368e-07
4.000000000000e-04,4.257791425784e-08
4.000000000000e-04,2.032410671427e-07
4.000000000000e-04,4.150851585678e-07
4.000000000000e-04,2.423932324812e-07
8.000000000000e-04,1.194576483133e-06
4.000000000000e-04,9.685925971068e-07
4.000000000000e-04,2.709107220097e-07
2.000000000000e-03,1.351937709083e-06
4.000000000000e-04,5.321166838477e-07
4.000000000000e-04,1.202203349677e-07
4.000000000000e-04,3.138828606736e-07
8.000000000000e-04,3.181274257761e-07
8.000000000000e-04,1.202299972978e-06
4.000000000000e-04,7.221100362342e-09
8.000000000000e-04,3.870552256682e-07
4.000000000000e-04,2.607032958583e-08
4.000000000000e-04,1.124986957872e-07
8.000000000000e-04,7.946938742138e-07
1.200000000000e-03,7.742746317475e-07
4.000000000000e-04,7.597844992351e-08
4.000000000000e-04,3.669724130454e-08
4.000000000000e-04,5.965520597589e-07
4.000000000000e-04,5.138227952965e-07
4.000000000000e-04,1.325395316765e-07
4.000000000000e-04,8.357315710798e-07
8.000000000000e-04,7.390879234820e-07
9.200000000000e-03,2.329879262706e-05
4.000000000000e-04,1.503034172027e-07
8.000000000000e-04,9.275248960766e-07
8.000000000000e-04,2.350699658916e-06
4.000000000000e-04,2.647493129300e-08
4.000000000000e-04,3.452935249369e-07
1.600000000000e-03,1.421550337757e-06
3.200000000000e-03,7.472143479898e-06
4.000000000000e-04,2.181260838028e-07
8.000000000000e-04,1.219528434164e-06
4.000000000000e-04,3.558543846600e-07
1.600000000000e-03,2.299455560048e-06
4.000000000000e-04,2.826066383758e-07
8.000000000000e-04,1.014436638544e-07
4.000000000000e-04,1.887286913557e-07
4.000000000000e-04,2.600010146227e-07
1.200000000000e-03,2.070519311533e-06
8.000000000000e-04,7.633581420699e-07
2.000000000000e-03,1.400688772265e-06
1.600000000000e-03,3.918806290385e-06
8.000000000000e-04,1.517008883330e-06
8.000000000000e-04,1.203479980921e-07
4.800000000000e-03,1.528846841088e-05
1.600000000000e-03,2.375467065214e-06
4.000000000000e-04,5.451847255395e-07
2.800000000000e-03,7.132782132143e-06
4.800000000000e-03,9.580878594443e-06
3.200000000000e-03,7.688459189919e-06
4.000000000000e-04,1.297162098033e-07
8.000000000000e-04,1.287480065258e-06
1.200000000000e-03,1.668824371752e-06
4.000000000000e-04,1.194024735697e-08
4.000000000000e-04,3.223366040073e-08
1.200000000000e-03,3.130114913855e-06
4.000000000000e-04,4.123983989680e-07
4.000000000000e-04,1.575434659486e-07
4.000000000000e-04,3.052882957966e-07
1.600000000000e-03,2.303062953321e-06
4.800000000000e-03,9.530383774908e-06
4.000000000000e-04,7.301974068230e-08
4.000000000000e-04,1.034963332771e-06
8.000000000000e-04,5.451625676463e-07
4.000000000000e-04,7.952357493722e-08
4.000000000000e-04,3.869640281829e-07
2.200000000000e-02,6.034010652643e-05
4.000000000000e-04,2.270475847998e-07
1.200000000000e-03,9.193207269835e-07
4.000000000000e-04,1.431293316340e-06
4.000000000000e-04,1.172573793852e-06
4.000000000000e-04,1.621349032261e-08
4.000000000000e-04,4.313134050528e-07
4.000000000000e-04,2.351034624451e-07
4.000000000000e-04,3.379346325389e-07
4.000000000000e-04,3.601048892365e-08
4.000000000000e-04,1.989587384349e-07
4.000000000000e-04,8.030035954354e-08
4.000000000000e-04,1.338496262692e-07
1.200000000000e-03,1.056638438811e-06
4.000000000000e-04,7.331596916361e-08
8.000000000000e-04,2.201112366700e-06
4.000000000000e-04,6.224822163935e-07
4.000000000000e-04,4.712828062210e-07
8.000000000000e-04,6.041146962767e-07
1.600000000000e-03,1.882500220250e-06
4.000000000000e-04,5.497672026998e-08
4.000000000000e-04,1.043314875868e-07
8.000000000000e-04,2.794612220802e-07
4.000000000000e-04,6.523142006868e-07
4.000000000000e-04,8.688571280060e-08
4.000000000000e-04,1.326751528375e-07
4.000000000000e-04,5.868815559011e-08
4.000000000000e-04,1.580906350739e-07
1.200000000000e-03,1.554099434013e-06
2.000000000000e-03,4.719279085681e-06
8.000000000000e-04,6.283379180065e-07
4.000000000000e-04,1.005508938994e-07
4.000000000000e-04,3.640318258965e-08
1.200000000000e-03,1.080877304754e-06
6.400000000000e-03,2.264289101178e-05
4.000000000000e-04,3.822301844539e-07
4.000000000000e-04,9.547299493187e-08
4.000000000000e-04,1.860774313605e-07
4.000000000000e-04,1.450036832165e-07
4.000000000000e-04,3.282564142103e-07
4.000000000000e-04,4.455859946784e-07
4.000000000000e-04,7.897146052984e-07
4.000000000000e-04,2.356027093086e-07
4.000000000000e-03,7.162111974475e-06
5.200000000000e-03,1.545427591905e-05
4.000000000000e-04,1.303270614176e-07
4.000000000000e-04,2.025945793717e-08
1.600000000000e-03,9.239762592021e-07
4.000000000000e-04,1.409100344401e-08
4.000000000000e-04,3.085755095298e-08
8.000000000000e-04,5.791791796231e-07
8.000000000000e-04,3.230990193238e-07
4.000000000000e-04,2.000772280402e-07
4.000000000000e-04,4.778982631808e-08
4.000000000000e-04,1.986177416496e-07
4.000000000000e-04,3.110919840777e-07
4.000000000000e-04,3.167329502945e-07
4.800000000000e-03,1.518769198570e-05
4.000000000000e-04,3.930601999421e-07
1.600000000000e-03,2.063771363100e-06
4.000000000000e-04,5.561689900696e-07
4.000000000000e-04,5.378264035909e-08
2.400000000000e-03,3.928767296756e-06
4.000000000000e-04,7.236026375167e-08
4.000000000000e-04,3.548644035334e-08
4.000000000000e-04,1.653161518602e-07
4.000000000000e-04,3.592560870680e-07
4.000000000000e-04,4.134747914011e-07
1.200000000000e-03,1.000640623008e-06
4.000000000000e-04,9.856038829378e-08
4.000000000000e-04,4.872160612345e-08
1.200000000000e-03,1.211457827097e-07
4.000000000000e-04,1.882302057739e-07
4.000000000000e-04,3.972497910222e-07
4.000000000000e-04,3.019292300954e-07
8.000000000000e-04,7.049170819577e-07
4.000000000000e-04,5.683615235350e-07
8.000000000000e-04,1.715987720401e-07
2.800000000000e-03,3.335056742150e-06
4.000000000000e-04,9.164823770578e-08
4.000000000000e-04,2.361367907576e-07
4.000000000000e-04,1.412081749123e-07
1.600000000000e-03,1.412886703478e-06
4.000000000000e-04,6.002395348954e-07
4.000000000000e-04,2.174602754616e-07
1.200000000000e-03,1.575353813714e-06
8.000000000000e-04,1.169188527865e-06
4.000000000000e-04,7.123551940941e-07
4.000000000000e-04,1.643087780456e-07
4.000000000000e-04,6.843234925891e-07
2.000000000000e-03,3.440589916682e-06
8.000000000000e-04,1.045164885191e-06
2.800000000000e-02,1.345504274420e-04
4.000000000000e-04,3.005702274037e-07
1.000000000000e-02,1.703487712538e-05
8.000000000000e-04,7.713690218489e-07
4.000000000000e-04,1.507039619302e-07
4.000000000000e-04,1.239367161775e-06
4.000000000000e-04,1.585085697384e-08
4.000000000000e-04,2.812040302236e-07
4.000000000000e-04,1.263677541011e-07
4.000000000000e-04,1.506698005229e-08
4.000000000000e-04,1.486392979647e-07
4.000000000000e-04,5.435004378381e-07
4.000000000000e-04,1.879722841089e-07
8.000000000000e-04,1.750236548202e-06
8.000000000000e-04,1.200761963176e-06
4.000000000000e-04,2.449788130766e-07
4.000000000000e-04,5.468439896700e-07
4.000000000000e-04,2.442270647161e-08
8.000000000000e-04,2.387446108993e-07
4.000000000000e-04,1.409821735065e-07
4.000000000000e-04,1.022313770062e-06
1.200000000000e-03,1.883999020946e-06
8.000000000000e-04,1.614388727523e-06
4.000000000000e-04,1.721021215768e-07
2.400000000000e-03,2.343445768958e-06
3.600000000000e-03,4.269097437216e-06
4.000000000000e-04,1.685249312348e-07
4.000000000000e-04,2.432739493855e-07
5.600000000000e-03,1.459046665708e-05
8.000000000000e-04,4.309942248899e-07
4.000000000000e-04,1.083183046391e-08
4.000000000000e-04,1.490984632240e-07
4.000000000000e-04,1.026035790286e-06
4.000000000000e-04,2.409913956793e-07
4.000000000000e-04,6.164383703748e-07
4.000000000000e-04,3.499758945489e-08
8.000000000000e-04,1.610531732233e-07
4.000000000000e-04,2.001724302631e-07
8.000000000000e-04,5.072913548107e-07
4.000000000000e-04,1.114136991037e-07
4.000000000000e-04,9.981277043428e-08
4.000000000000e-04,2.641511030620e-07
1.200000000000e-03,1.874424849781e-06
4.000000000000e-04,5.219320781150e-08
2.000000000000e-03,1.907285366156e-06
2.000000000000e-03,4.428832931115e-06
8.000000000000e-04,1.242512312246e-06
4.000000000000e-04,1.434124381237e-07
1.600000000000e-03,8.818914199738e-07
4.000000000000e-04,3.674730074227e-07
4.000000000000e-04,1.926802218118e-07
4.000000000000e-04,4.300906002608e-07
4.000000000000e-04,3.889074848322e-07
4.000000000000e-04,5.151728441898e-07
4.000000000000e-04,1.912022869742e-08
1.200000000000e-03,1.768605267157e-06
4.000000000000e-04,7.685634955096e-08
4.000000000000e-04,1.491698643168e-07
2.400000000000e-03,4.895169568256e-06
4.000000000000e-04,4.467714941119e-07
4.000000000000e-04,8.241770516169e-07
4.000000000000e-04,3.041772368531e-07
4.000000000000e-04,2.014699513970e-07
8.000000000000e-04,4.823380220747e-07
4.000000000000e-04,3.795115766996e-07
8.000000000000e-04,4.363832270022e-07
1.200000000000e-03,1.735087943198e-06
2.000000000000e-03,2.567402222020e-06
4.000000000000e-04,1.675785426672e-07
1.600000000000e-03,2.828621226581e-06
4.000000000000e-04,9.330028655707e-09
4.000000000000e-04,5.238082677832e-07
8.000000000000e-04,1.326583977900e-06
8.000000000000e-04,2.113904787721e-07
4.000000000000e-04,3.935905426175e-07
3.200000000000e-03,8.707326618065e-06
4.000000000000e-04,5.907433835373e-09
4.000000000000e-04,3.583055041114e-08
4.000000000000e-04,6.474922559409e-07
4.000000000000e-04,4.147037055813e-07
4.000000000000e-04,3.990865566575e-07
4.000000000000e-04,1.862055391626e-07
4.000000000000e-04,3.497800655264e-07
4.000000000000e-04,7.234460244161e-07
1.200000000000e-03,4.561218656505e-07
1.200000000000e-03,1.163117087479e-06
4.000000000000e-04,2.758481326454e-07
4.000000000000e-04,6.341721043025e-07
1.200000000000e-03,1.994807542085e-06
8.000000000000e-04,8.369276899600e-07
2.400000000000e-03,4.650271614802e-06
4.000000000000e-04,9.066778643045e-08
4.000000000000e-04,3.836668520094e-07
4.000000000000e-04,4.720224723391e-08
2.800000000000e-03,1.053939942311e-05
4.000000000000e-04,2.011754805068e-07
4.000000000000e-04,1.509115605308e-07
2.520000000000e-02,1.283934560158e-04
4.000000000000e-04,1.738766570406e-07
4.000000000000e-04,1.057954813555e-09
4.000000000000e-04,3.937882955142e-07
8.000000000000e-04,8.870352031630e-07
1.200000000000e-03,3.259481061496e-06
4.000000000000e-04,5.316789514875e-07
4.000000000000e-04,2.121941756831e-07
4.000000000000e-04,1.615144981433e-07
4.000000000000e-04,8.968805846159e-08
4.000000000000e-04,1.557357012240e-07
5.600000000000e-03,1.618916976101e-05
4.000000000000e-04,1.359150104122e-07
1.200000000000e-03,1.617660892079e-06
4.000000000000e-04,8.738887039667e-08
1.080000000000e-02,3.555929189761e-05
4.000000000000e-04,1.531740727849e-07
4.000000000000e-04,6.255435453403e-07
1.200000000000e-03,7.042786739167e-07
4.000000000000e-04,3.290736935338e-07
6.400000000000e-03,1.512999719861e-05
4.000000000000e-03,1.150531052223e-05
2.800000000000e-03,5.834861645956e-06
4.000000000000e-04,4.167977182359e-07
6.400000000000e-03,1.936767226777e-05
4.400000000000e-03,1.571375957787e-05
1.200000000000e-03,8.289689167217e-07
4.000000000000e-04,7.079496806409e-07
1.600000000000e-03,1.246668597187e-06
4.000000000000e-04,5.632322562534e-08
4.000000000000e-04,1.013982611375e-07
1.200000000000e-03,6.967461061258e-07
5.600000000000e-03,7.016935604894e-06
4.000000000000e-04,6.513601240540e-07
4.000000000000e-04,1.014644698121e-07
4.000000000000e-04,1.122489307082e-09
8.000000000000e-04,3.250340265277e-07
4.000000000000e-04,5.263894428750e-07
8.000000000000e-04,7.762241575682e-07
1.240000000000e-02,6.339781068251e-05
4.000000000000e-04,9.062048745926e-07
4.000000000000e-04,2.483777316552e-07
4.000000000000e-04,5.120277375628e-07
8.360000000000e-02,7.796614741162e-04
8.000000000000e-04,7.872612250507e-07
2.400000000000e-03,3.809215151388e-06
4.000000000000e-04,2.590314489124e-07
4.000000000000e-04,3.014638758435e-07
8.000000000000e-04,2.566660940540e-06
4.000000000000e-04,2.218713304998e-07
8.000000000000e-04,6.139152231565e-07
8.000000000000e-04,5.312719001945e-07
4.000000000000e-04,4.026929358809e-07
8.000000000000e-04,1.510670866915e-06
8.000000000000e-04,6.608844644060e-07
4.000000000000e-04,1.502281800525e-07
8.000000000000e-04,3.206069673277e-07
4.000000000000e-04,7.800204644504e-07
4.000000000000e-04,6.401029651896e-07
4.000000000000e-04,7.146535484435e-07
4.000000000000e-04,4.880810000581e-08
4.000000000000e-04,6.345913686645e-08
4.000000000000e-04,4.307088054816e-08
4.000000000000e-04,2.863262714494e-07
4.000000000000e-04,5.611684735053e-07
4.000000000000e-04,1.423211934972e-07
8.000000000000e-04,1.462480991592e-06
1.200000000000e-03,1.656747467247e-06
4.000000000000e-04,5.235517444281e-07
4.000000000000e-04,8.545855597524e-08
4.000000000000e-04,1.116524978518e-06
1.400000000000e-02,4.115350872258e-05
4.000000000000e-04,2.029218476721e-07
4.000000000000e-04,2.342996002145e-07
4.000000000000e-04,4.830790870250e-07
8.000000000000e-04,4.548881026716e-07
4.000000000000e-04,4.367954037874e-08
4.000000000000e-04,2.273480494315e-07
4.000000000000e-04,1.069897990919e-06
4.400000000000e-03,8.816671642930e-06
4.000000000000e-04,3.724166373965e-07
4.000000000000e-04,3.046176113456e-07
8.000000000000e-04,6.119429091806e-07
8.000000000000e-04,4.364960649376e-07
4.000000000000e-04,1.557822550231e-08
4.000000000000e-04,8.459524590637e-07
4.000000000000e-04,8.880012428714e-11
1.200000000000e-03,1.382463131807e-06
4.000000000000e-04,4.325083308574e-08
8.000000000000e-04,1.216470095795e-06
4.000000000000e-04,3.806567318781e-07
4.000000000000e-04,2.185794807419e-07
8.000000000000e-04,1.575876421588e-06
8.000000000000e-04,1.108461792406e-06
2.000000000000e-03,1.387529031771e-06
4.000000000000e-04,5.177823863792e-07
8.000000000000e-04,1.042058136593e-06
4.000000000000e-04,4.302099483248e-07
4.000000000000e-04,4.335780564806e-08
4.000000000000e-04,1.028528355872e-07
1.600000000000e-03,2.762858617662e-06
2.000000000000e-03,4.059825562105e-06
7.200000000000e-03,1.105673589466e-05
8.000000000000e-04,5.859833076086e-07
3.200000000000e-03,8.646819658367e-06
4.000000000000e-04,8.686851131466e-07
4.000000000000e-04,9.381318350921e-08
2.000000000000e-02,6.711885017257e-05
4.000000000000e-04,3.578454940829e-07
4.000000000000e-04,4.539285321268e-07
1.520000000000e-02,3.609952426827e-05
1.600000000000e-03,2.809338058132e-06
4.000000000000e-04,1.575224659677e-07
4.000000000000e-04,5.292591038567e-07
8.000000000000e-04,8.565867944828e-07
4.000000000000e-04,9.533057475641e-11
4.000000000000e-04,5.859510461291e-07
4.000000000000e-04,4.112267939967e-07
4.800000000000e-03,7.811315919772e-06
4.000000000000e-04,3.004238257196e-07
2.000000000000e-03,3.425669321968e-06
8.000000000000e-04,7.696306088795e-07
4.000000000000e-04,6.881639862011e-07
4.000000000000e-04,3.170134485357e-08
4.000000000000e-04,8.742495796421e-07
8.000000000000e-04,2.903160257688e-07
4.000000000000e-04,3.347362629049e-07
2.000000000000e-03,3.860520988850e-06
4.000000000000e-04,3.469458206046e-07
8.000000000000e-04,1.274243796803e-06
4.000000000000e-04,1.551544146387e-07
8.000000000000e-04,7.206883225274e-07
1.080000000000e-02,3.332116044827e-05
4.000000000000e-04,6.166372753063e-07
1.600000000000e-03,1.640874544088e-06
4.000000000000e-04,2.085341084277e-07
4.000000000000e-04,2.880207904489e-07
1.600000000000e-03,3.280906409828e-06
4.000000000000e-04,5.257255871257e-07
4.000000000000e-04,1.506634952284e-08
8.000000000000e-04,4.721520714943e-07
4.000000000000e-04,3.035904606911e-07
8.000000000000e-04,7.559957614008e-07
4.000000000000e-04,1.528530477904e-08
4.000000000000e-04,7.377242237897e-07
8.000000000000e-04,8.625391553147e-07
8.000000000000e-04,1.098783391455e-06
2.000000000000e-03,3.151575795232e-06
4.000000000000e-04,2.799020963761e-07
4.000000000000e-04,5.375460011375e-08
4.000000000000e-04,1.389207932675e-07
4.000000000000e-04,4.162444842135e-07
4.000000000000e-04,3.781389383414e-07
8.000000000000e-04,3.110464417808e-07
4.000000000000e-04,2.235536341025e-07
1.040000000000e-02,2.579076131910e-05
1.600000000000e-03,4.921054322490e-06
4.000000000000e-04,6.827320579195e-09
4.000000000000e-04,4.020878373450e-07
4.000000000000e-04,1.941772292861e-07
8.000000000000e-04,9.200618797045e-07
4.000000000000e-04,2.888153070027e-07
2.000000000000e-03,4.242081346966e-06
4.000000000000e-04,3.409424264706e-07
4.000000000000e-04,3.428492399788e-07
4.000000000000e-04,2.154003707632e-07
4.000000000000e-04,4.787041297066e-07
4.000000000000e-04,1.551843267938e-07
4.000000000000e-04,3.780365000503e-07
4.000000000000e-04,6.132118766100e-08
4.000000000000e-04,7.098308093180e-07
4.000000000000e-04,6.001470535602e-08
8.000000000000e-04,9.883145393922e-07
8.000000000000e-04,5.834663794161e-07
4.000000000000e-04,1.373927724383e-07
4.000000000000e-04,1.632102877203e-07
4.000000000000e-04,5.273725040985e-07
1.600000000000e-03,1.521109663754e-06
1.200000000000e-03,7.767803728110e-07
4.000000000000e-04,1.345553096640e-07
4.000000000000e-04,6.965354760383e-07
4.000000000000e-04,2.091608120641e-07
1.200000000000e-03,1.307647530433e-06
2.000000000000e-03,3.036768749320e-06
4.000000000000e-04,3.191694400687e-08
4.000000000000e-04,1.190736452618e-07
4.000000000000e-04,2.800141180828e-07
3.200000000000e-03,9.164485096734e-06
1.200000000000e-03,1.191758085526e-06
1.600000000000e-03,2.823373124136e-06
2.400000000000e-03,3.474682742406e-06
4.000000000000e-04,1.786825135170e-07
4.000000000000e-04,6.544486227711e-07
8.000000000000e-04,1.628967726135e-06
4.000000000000e-04,5.964687825977e-07
4.000000000000e-04,6.250543961992e-07
1.920000000000e-02,1.155536288499e-04
1.200000000000e-03,1.807001279062e-06
8.000000000000e-03,2.361395344331e-05
1.600000000000e-03,2.676921496274e-06
4.000000000000e-04,3.412849419490e-08
4.000000000000e-04,7.453098360158e-07
4.000000000000e-04,1.079556361737e-07
2.000000000000e-03,3.060234401244e-06
4.000000000000e-04,2.340561437528e-07
4.000000000000e-04,2.449788856569e-08
6.000000000000e-03,2.480672209701e-05
4.000000000000e-04,3.277318138455e-07
1.200000000000e-03,1.519727209088e-07
4.000000000000e-04,4.165678920208e-07
1.600000000000e-03,9.231457607022e-07
8.000000000000e-04,9.537318739798e-07
4.000000000000e-04,5.503467346067e-07
8.000000000000e-04,3.533120720474e-07
4.000000000000e-04,8.005745119544e-09
4.000000000000e-04,3.987878934648e-07
4.000000000000e-04,5.326604765113e-07
4.000000000000e-04,3.487711535730e-07
4.000000000000e-04,1.710323896393e-07
4.000000000000e-04,1.581475795174e-07
1.200000000000e-03,1.557133317500e-06
8.400000000000e-03,1.901690894382e-05
4.000000000000e-04,4.576500366595e-08
3.920000000000e-02,1.830539507984e-04
4.000000000000e-04,2.039003362520e-07
8.000000000000e-04,1.667755398790e-06
4.000000000000e-04,1.621226407952e-08
2.800000000000e-03,3.810894628679e-06
4.000000000000e-04,2.547236683409e-07
2.400000000000e-03,7.646212988194e-06
4.000000000000e-04,4.263556308022e-07
4.000000000000e-04,1.614289664047e-07
1.600000000000e-03,8.826852804728e-07
4.400000000000e-03,9.578325102167e-06
1.200000000000e-03,1.573086527542e-06
4.000000000000e-04,3.529120233422e-08
4.000000000000e-04,3.180329593990e-08
2.000000000000e-03,1.384615269503e-06
8.000000000000e-04,6.846460674501e-07
4.000000000000e-04,3.160824682204e-07
4.000000000000e-04,2.493243218539e-07
8.000000000000e-04,1.313268573584e-06
2.400000000000e-03,4.056277872072e-06
4.000000000000e-04,3.762473623731e-07
9.200000000000e-03,1.935218420381e-05
4.000000000000e-04,1.957360491467e-11
4.000000000000e-04,9.281894818687e-08
4.000000000000e-04,7.666897257350e-07
4.000000000000e-04,1.006567887876e-07
8.000000000000e-04,1.447097057331e-06
1.600000000000e-03,1.712890282056e-06
4.000000000000e-04,8.209625722744e-08
1.200000000000e-03,5.223764915305e-07
8.000000000000e-04,1.250145108379e-06
4.000000000000e-04,2.423166969719e-07
4.000000000000e-04,4.015201833567e-07
4.000000000000e-04,4.205443703660e-07
4.000000000000e-04,1.925209459956e-07
4.000000000000e-04,1.227791338917e-07
1.200000000000e-03,1.061765934829e-06
8.000000000000e-04,3.042582134595e-07
1.200000000000e-03,1.860720821391e-06
4.000000000000e-04,1.455892305894e-07
8.000000000000e-04,1.022589022323e-06
8.000000000000e-04,4.623850975368e-07
2.080000000000e-02,1.126028950478e-04
1.600000000000e-03,1.406537630336e-06
4.000000000000e-04,7.313199542156e-07
4.000000000000e-04,3.580828615988e-07
2.400000000000e-03,4.031531886842e-06
4.000000000000e-04,7.714791365278e-07
4.000000000000e-04,2.768349540420e-07
4.000000000000e-04,1.075572802592e-08
4.000000000000e-04,4.511528224886e-08
4.000000000000e-04,1.339229373731e-07
4.000000000000e-04,2.040350541247e-07
8.000000000000e-04,1.480999402610e-06
4.000000000000e-04,2.421585004333e-07
1.200000000000e-03,1.431184819227e-06
4.000000000000e-04,1.094797630245e-07
8.000000000000e-04,1.198979141099e-06
4.000000000000e-04,2.692037493501e-08
4.000000000000e-04,6.754456525796e-07
4.000000000000e-04,2.919386166850e-07
8.000000000000e-04,1.393242918365e-06
1.200000000000e-03,9.525901279337e-07
4.000000000000e-04,3.003711906409e-07
4.000000000000e-04,1.343189045383e-07
4.000000000000e-04,2.941053093772e-07
4.000000000000e-04,5.203096646468e-08
2.000000000000e-03,5.147309261210e-06
4.000000000000e-04,5.360022446290e-07
2.400000000000e-03,3.876508441671e-06
4.000000000000e-04,5.150704726404e-07
4.000000000000e-04,1.352632032493e-07
4.000000000000e-04,6.183255103854e-07
5.600000000000e-03,9.138557828330e-06
4.000000000000e-04,1.317554908021e-06
4.000000000000e-04,2.736636260164e-07
2.400000000000e-03,4.476330261138e-06
1.200000000000e-03,1.699280478662e-06
2.400000000000e-03,4.081216121478e-06
4.000000000000e-04,1.703213170459e-07
1.200000000000e-03,2.146449320454e-06
8.800000000000e-03,2.899527785709e-05
4.000000000000e-04,4.435717059856e-07
4.000000000000e-04,1.429948712466e-07
1.600000000000e-03,1.965764582207e-06
2.400000000000e-03,2.689927588938e-06
4.000000000000e-04,5.691074207427e-08
3.200000000000e-03,3.529334676338e-06
8.000000000000e-04,9.459877356902e-07
4.000000000000e-04,4.512652604923e-07
4.000000000000e-04,5.722058511266e-08
4.000000000000e-04,6.591684731995e-07
1.200000000000e-03,2.123795124215e-06
4.000000000000e-04,5.252113961846e-08
4.000000000000e-04,1.278306187274e-07
8.000000000000e-04,9.400616349767e-07
8.000000000000e-04,1.155608578766e-06
4.000000000000e-04,1.962982156030e-07
4.000000000000e-04,1.424372454836e-07
4.000000000000e-04,5.268996723447e-07
4.000000000000e-04,3.883280455061e-07
7.600000000000e-03,2.350967354522e-05
4.000000000000e-04,1.558088204964e-07
4.000000000000e-04,2.803407047920e-07
8.000000000000e-04,2.461862512481e-07
2.000000000000e-03,2.661110753851e-06
8.000000000000e-04,3.870461128513e-07
4.000000000000e-04,3.664463477118e-07
7.200000000000e-03,1.843724091480e-05
1.200000000000e-03,1.940037972746e-06
8.000000000000e-04,1.306558392474e-06
1.200000000000e-03,6.932382854918e-07
1.200000000000e-03,7.374347752412e-07
4.000000000000e-04,8.409735851114e-08
8.000000000000e-04,1.741084919163e-07
4.000000000000e-04,6.378040260039e-07
4.000000000000e-04,3.256328514297e-08
1.600000000000e-03,6.523746708763e-06
8.000000000000e-04,6.777009460034e-07
4.000000000000e-04,7.713693544357e-07
1.200000000000e-03,1.361599100765e-06
4.000000000000e-04,1.224062697402e-09
4.000000000000e-04,1.616565260109e-07
1.200000000000e-03,1.456053284574e-06
1.600000000000e-03,2.594222246588e-06
1.200000000000e-03,1.172061428872e-06
4.000000000000e-03,5.741306292756e-06
4.000000000000e-04,6.075135291634e-07
4.000000000000e-04,8.201640283158e-07
1.200000000000e-03,1.342177160306e-06
4.000000000000e-04,3.289205014912e-07
4.000000000000e-04,2.245673366878e-07
2.000000000000e-03,3.355641095318e-06
4.000000000000e-04,6.060004419290e-08
2.400000000000e-03,7.644013822644e-06
4.000000000000e-04,5.491591747975e-07
4.000000000000e-04,8.824456930441e-08
4.000000000000e-04,2.869207294174e-07
4.000000000000e-04,2.217901674743e-07
1.200000000000e-03,4.383756553870e-07
8.000000000000e-04,5.003138949371e-08
4.000000000000e-04,7.071140261496e-07
2.800000000000e-03,2.531286456890e-06
4.800000000000e-03,8.828402143343e-06
4.000000000000e-04,2.500535095816e-07
8.000000000000e-04,2.099098178733e-07
1.200000000000e-03,1.311958054248e-06
1.200000000000e-03,1.671435594337e-06
4.400000000000e-03,1.323304197265e-05
8.000000000000e-04,1.863187080592e-07
4.000000000000e-04,5.717383287429e-07
4.000000000000e-04,4.487337215590e-07
1.160000000000e-02,5.439060534257e-05
4.000000000000e-04,1.131961809046e-07
4.000000000000e-04,4.839780939218e-08
4.000000000000e-04,6.974511786562e-07
4.000000000000e-04,1.655352316067e-07
8.000000000000e-04,7.288899972366e-07
3.600000000000e-03,5.275748651376e-06
4.000000000000e-04,2.020301611111e-07
4.000000000000e-04,3.532805064481e-07
4.000000000000e-04,9.200232983334e-07
4.000000000000e-04,1.964199314084e-07
2.000000000000e-03,4.132007839074e-06
4.000000000000e-04,3.027847277745e-07
8.000000000000e-04,1.564015597316e-06
4.000000000000e-04,3.772847805204e-07
4.000000000000e-04,3.752514536479e-07
4.000000000000e-04,1.046950168479e-06
4.000000000000e-04,8.718625762538e-07
4.000000000000e-04,4.689701118656e-08
6.800000000000e-03,1.142438366679e-05
4.000000000000e-04,2.406919558545e-07
2.400000000000e-03,3.753641673056e-06
4.000000000000e-03,4.881628700112e-06
8.000000000000e-04,3.789891184317e-07
8.000000000000e-04,7.701763186622e-07
4.000000000000e-04,7.145258949445e-08
4.000000000000e-04,4.191866854446e-07
4.000000000000e-04,3.151645662135e-07
4.000000000000e-04,4.672594012687e-07
4.000000000000e-04,2.071169039450e-07
4.000000000000e-04,2.195535870110e-07
3.200000000000e-03,5.464971302679e-06
1.200000000000e-03,6.766544179233e-07
4.000000000000e-04,2.692890679302e-07
4.000000000000e-04,3.366671306395e-07
4.000000000000e-04,1.154371197369e-07
4.000000000000e-04,1.725124425364e-07
4.000000000000e-04,6.218168731145e-08
5.200000000000e-03,1.043419050049e-05
4.000000000000e-04,1.021823695828e-08
4.000000000000e-04,2.899877070400e-07
3.200000000000e-03,6.878708315802e-06
4.000000000000e-04,3.760954080567e-07
4.000000000000e-04,8.304766009748e-09
4.000000000000e-04,3.170075530654e-07
4.000000000000e-04,1.607645451165e-07
8.400000000000e-03,2.115691787151e-05
8.000000000000e-04,1.500602145977e-06
8.000000000000e-04,5.137868224671e-07
4.400000000000e-03,5.846266975366e-06
4.000000000000e-04,4.104031844285e-08
8.000000000000e-04,9.228441290730e-07
4.000000000000e-04,1.160584393820e-08
4.000000000000e-04,4.483287420167e-08
4.000000000000e-04,3.917164247506e-08
4.000000000000e-04,3.934086481466e-07
4.000000000000e-04,4.287529971135e-08
4.000000000000e-04,4.395580683716e-07
4.000000000000e-04,3.820990120501e-07
4.000000000000e-04,3.461359986962e-07
4.000000000000e-04,2.420680022652e-07
4.000000000000e-04,2.928096820536e-08
4.000000000000e-04,1.307225990190e-07
4.000000000000e-04,5.783939537510e-07
8.000000000000e-04,1.129745555218e-06
6.400000000000e-03,1.511766778967e-05
4.000000000000e-04,1.542661090286e-07
4.000000000000e-04,1.758544490947e-07
2.000000000000e-03,2.819834427599e-06
4.000000000000e-04,6.280937390175e-08
4.000000000000e-04,6.322528667631e-08
4.000000000000e-04,1.467118562071e-07
4.000000000000e-04,1.018399369371e-07
3.200000000000e-03,6.998460199852e-06
4.000000000000e-04,8.594356443385e-08
4.000000000000e-04,5.907928616271e-08
4.000000000000e-04,4.840306264588e-07
4.000000000000e-04,2.719473117456e-07
4.000000000000e-04,2.051964788438e-08
4.000000000000e-04,4.062291664801e-07
4.000000000000e-04,6.727700808327e-08
4.000000000000e-04,4.089098475798e-07
4.000000000000e-04,3.732240311305e-08
1.600000000000e-03,3.319828565565e-06
2.000000000000e-03,5.461637582998e-06
3.200000000000e-03,5.791680613080e-06
1.200000000000e-03,9.534649350458e-07
4.000000000000e-04,4.670693201392e-07
4.000000000000e-04,6.123310414272e-08
1.200000000000e-03,1.764002293642e-06
4.000000000000e-04,7.928195170998e-07
4.000000000000e-04,5.419864302033e-07
4.000000000000e-04,7.394877290445e-07
4.000000000000e-04,1.825999706395e-09
8.000000000000e-04,4.928476380878e-08
1.600000000000e-03,1.151191425620e-06
4.000000000000e-04,1.819668372108e-07
4.000000000000e-04,7.751745454167e-07
4.000000000000e-04,7.012102357846e-08
1.200000000000e-03,2.131410189693e-06
4.000000000000e-04,2.906782188670e-07
4.000000000000e-04,1.285366529535e-07
1.960000000000e-02,5.213369414921e-05
8.000000000000e-04,2.236674305971e-07
5.200000000000e-03,9.936417871570e-06
4.000000000000e-04,3.997011179967e-07
4.000000000000e-04,5.963555409054e-08
6.160000000000e-02,4.782593735688e-04
4.000000000000e-04,1.549439293248e-07
4.000000000000e-04,2.326076295508e-07
4.000000000000e-04,6.288906641897e-07
3.600000000000e-03,5.341677791380e-06
8.000000000000e-04,2.878633292940e-06
4.000000000000e-04,7.550930972078e-07
4.000000000000e-04,8.168437879705e-08
4.000000000000e-04,5.653482075130e-07
4.000000000000e-04,6.165149517044e-07
4.000000000000e-04,1.351951484347e-07
4.000000000000e-04,6.199702858939e-07
4.000000000000e-04,6.824145195239e-08
4.000000000000e-04,3.677380469365e-07
4.000000000000e-04,8.388934225990e-08
4.000000000000e-04,2.096152563029e-07
4.000000000000e-04,2.877636224847e-07
2.800000000000e-03,5.071467428262e-06
1.200000000000e-03,1.228990621025e-06
4.000000000000e-04,2.320600496206e-07
3.200000000000e-03,4.104951724806e-06
1.840000000000e-02,7.691886059822e-05
4.000000000000e-04,2.346272120323e-07
8.000000000000e-04,8.946724725638e-07
8.000000000000e-04,9.310047908544e-07
4.000000000000e-04,1.448793359170e-07
4.000000000000e-04,1.367417856794e-08
4.000000000000e-04,1.518860790247e-07
4.000000000000e-04,3.255353927558e-07
4.000000000000e-04,4.042691110764e-08
4.000000000000e-04,1.046789814441e-06
4.000000000000e-04,2.534333394617e-07
4.000000000000e-04,7.349673543136e-07
4.000000000000e-04,5.252224357103e-07
4.000000000000e-04,6.292956583871e-08
4.000000000000e-04,6.019950668157e-07
4.000000000000e-04,4.835038550421e-07
4.000000000000e-04,4.324007949641e-10
1.200000000000e-03,1.312809515176e-06
1.600000000000e-03,1.456959157391e-06
4.000000000000e-04,3.309224178152e-07
8.000000000000e-04,6.754482843628e-07
8.000000000000e-04,8.511985925423e-07
4.000000000000e-04,3.197047168705e-07
4.000000000000e-04,3.296376339244e-07
4.000000000000e-04,1.108345123627e-07
8.000000000000e-04,1.566070289124e-07
4.000000000000e-04,5.930330575995e-07
4.000000000000e-04,7.365143994686e-07
1.200000000000e-03,3.462379805986e-06
1.200000000000e-03,2.504385545522e-06
4.000000000000e-04,1.749860045733e-07
1.200000000000e-03,1.120504698659e-06
4.000000000000e-04,1.086057439381e-09
4.000000000000e-04,8.519723976703e-08
4.000000000000e-04,1.329784151626e-07
4.000000000000e-04,2.349100637427e-07
8.000000000000e-04,4.015859443596e-07
8.000000000000e-04,5.224294209224e-07
4.000000000000e-04,4.043971412923e-07
4.000000000000e-04,1.207787211113e-07
3.200000000000e-03,5.730441968391e-06
4.000000000000e-04,6.215098922606e-07
8.400000000000e-03,1.688760872000e-05
8.000000000000e-04,5.356894830394e-07
4.000000000000e-04,3.161274773398e-07
4.000000000000e-04,1.821757730185e-07
4.000000000000e-04,2.710375857139e-07
4.000000000000e-04,3.732993245267e-08
1.192000000000e-01,1.070629386320e-03
1.600000000000e-03,9.771490405628e-07
4.000000000000e-04,1.177692247121e-07
1.480000000000e-02,3.914552780477e-05
4.000000000000e-04,2.235083697693e-07
8.000000000000e-04,1.313426036068e-06
4.000000000000e-04,1.357284224369e-07
1.200000000000e-03,2.072922306342e-06
1.200000000000e-03,1.589552936747e-06
4.000000000000e-04,1.220271136073e-07
4.000000000000e-04,1.093121104109e-07
4.000000000000e-04,9.828651558814e-08
8.000000000000e-04,7.445535253603e-07
9.200000000000e-03,4.162387985011e-05
8.000000000000e-04,3.178741079052e-07
4.000000000000e-04,7.760597451594e-07
4.000000000000e-04,4.525499318190e-08
1.720000000000e-02,7.697777571418e-05
4.000000000000e-04,7.566378120928e-08
4.000000000000e-04,1.652997068720e-08
4.000000000000e-04,1.330475043241e-06
4.000000000000e-04,4.052943301494e-07
4.000000000000e-04,5.101035844632e-08
2.400000000000e-03,2.020797040495e-06
4.000000000000e-04,3.136618432403e-07
4.000000000000e-03,7.607657523853e-06
4.000000000000e-04,1.657838846640e-08
6.280000000000e-01,8.004700701573e-03
4.000000000000e-04,7.761747436407e-07
4.000000000000e-03,6.833344474659e-06
3.200000000000e-03,7.786710035021e-06
2.400000000000e-03,7.093019279101e-06
4.000000000000e-04,1.277070918451e-07
4.000000000000e-04,4.320471026220e-07
4.000000000000e-04,1.796530257292e-08
2.000000000000e-03,2.284725872707e-06
1.200000000000e-03,1.239391692891e-06
4.000000000000e-04,1.745538850843e-07
4.000000000000e-04,7.035219214382e-07
4.000000000000e-04,4.444993772840e-07
4.000000000000e-04,6.299582690831e-07
4.000000000000e-04,3.720345133409e-07
4.000000000000e-04,2.616946244482e-07
7.200000000000e-03,2.297931213055e-05
4.000000000000e-04,1.907086468370e-07
4.000000000000e-04,3.522750505121e-07
4.000000000000e-04,7.752770215346e-08
8.000000000000e-04,5.507876974487e-07
8.000000000000e-04,1.465327523674e-06
4.000000000000e-04,4.958928775491e-08
8.000000000000e-04,2.231821353609e-06
8.000000000000e-04,4.487394559782e-07
4.000000000000e-04,1.996386497849e-07
1.600000000000e-03,1.180120296828e-06
4.000000000000e-04,1.863982415435e-07
1.200000000000e-03,1.411230562904e-06
8.000000000000e-04,1.187049512453e-06
4.000000000000e-04,5.323186285025e-07
8.000000000000e-04,9.092092094774e-07
4.000000000000e-04,1.674362454773e-07
4.000000000000e-04,2.202936846680e-07
4.000000000000e-04,2.135531650862e-07
4.000000000000e-04,8.824811101100e-08
4.000000000000e-04,4.240592344421e-07
7.600000000000e-03,2.506308558027e-05
4.000000000000e-04,7.711392499923e-08
8.000000000000e-04,5.556632020752e-07
8.000000000000e-04,1.910844703654e-06
4.000000000000e-04,2.576820286929e-07
4.000000000000e-04,2.594300396565e-07
4.000000000000e-04,1.061543527632e-08
8.000000000000e-04,2.695675424569e-07
4.000000000000e-04,3.757318928287e-08
2.000000000000e-03,4.707723011436e-06
4.000000000000e-04,4.684894149766e-07
1.200000000000e-03,8.336587984634e-07
4.000000000000e-04,1.294698933798e-06
4.000000000000e-04,1.449022539041e-07
1.600000000000e-03,2.097166062418e-06
4.000000000000e-04,1.628766005077e-07
4.000000000000e-04,4.231845753545e-07
4.000000000000e-04,1.984912662324e-07
4.000000000000e-04,3.623790356788e-07
4.000000000000e-04,5.335853030952e-07
1.200000000000e-03,7.003154596231e-07
4.000000000000e-04,1.019856550070e-07
1.200000000000e-03,1.651282152772e-06
4.000000000000e-04,3.022190550354e-07
4.000000000000e-04,9.152402382061e-08
4.000000000000e-04,1.420822683197e-07
8.000000000000e-04,1.407293480068e-06
4.000000000000e-04,2.561475925587e-07
4.000000000000e-04,1.319640881533e-07
8.000000000000e-04,4.827554305933e-07
4.000000000000e-04,3.688093736654e-07
4.000000000000e-04,3.590141779560e-07
4.000000000000e-04,2.546781906387e-07
1.600000000000e-03,1.418260979900e-06
4.000000000000e-04,1.945863074370e-07
2.000000000000e-03,4.325895686357e-06
4.000000000000e-04,5.259576439092e-08
4.000000000000e-04,2.958944757308e-07
1.600000000000e-03,3.272886272740e-06
4.000000000000e-03,3.684895710897e-06
4.000000000000e-04,4.028644825430e-07
4.000000000000e-04,5.721616970200e-08
4.000000000000e-04,3.148412881879e-07
1.000000000000e-02,2.528927652090e-05
4.000000000000e-04,6.811871727272e-08
8.000000000000e-04,6.262560057225e-07
1.600000000000e-03,1.891495502278e-06
8.000000000000e-04,9.023178277100e-07
1.600000000000e-03,8.913007184670e-07
1.600000000000e-03,2.281719075544e-06
2.800000000000e-03,5.585525451675e-06
4.000000000000e-04,5.147451787508e-07
4.000000000000e-04,1.262365869768e-07
4.000000000000e-04,2.640889721914e-07
4.000000000000e-04,2.971852888520e-07
4.000000000000e-04,1.049080134459e-06
1.200000000000e-03,1.368819146893e-06
1.200000000000e-03,1.557232375363e-06
8.000000000000e-04,6.487086757151e-07
4.000000000000e-04,3.849400374426e-07
4.000000000000e-04,2.897419778214e-08
3.200000000000e-03,7.069491445761e-06
8.000000000000e-04,1.621128116423e-06
2.400000000000e-03,2.300521317757e-06
8.000000000000e-04,1.284454697646e-06
1.600000000000e-03,2.613555648062e-06
4.000000000000e-04,8.356196829851e-09
4.000000000000e-04,4.993927340787e-07
4.000000000000e-04,2.261836854436e-07
2.400000000000e-03,1.567498439205e-06
8.000000000000e-04,3.829260477247e-07
3.200000000000e-03,4.427035850698e-06
3.600000000000e-03,1.152213572255e-05
4.000000000000e-04,6.576653630461e-08
4.000000000000e-04,1.211143825915e-07
4.000000000000e-04,1.135444727918e-06
8.000000000000e-04,1.125833140983e-06
1.200000000000e-03,6.745732863831e-07
4.000000000000e-04,9.809250936665e-09
4.000000000000e-03,6.117905687581e-06
4.000000000000e-04,1.517028222974e-07
4.000000000000e-04,9.840129248991e-07
4.000000000000e-04,7.893801109102e-08
4.000000000000e-04,4.382615388748e-07
4.000000000000e-04,5.433399311314e-07
1.200000000000e-03,3.095181303516e-07
4.000000000000e-04,1.279882530020e-07
1.600000000000e-03,6.738334860550e-07
4.000000000000e-04,1.901535740677e-07
8.000000000000e-04,2.763539083791e-07
8.000000000000e-04,6.097942511276e-07
1.200000000000e-03,3.935563253034e-07
4.000000000000e-04,1.550095643660e-07
4.000000000000e-04,1.126318586689e-07
4.000000000000e-04,2.205774824490e-07
2.000000000000e-03,3.347582117709e-06
4.000000000000e-04,2.387523064259e-07
4.000000000000e-04,3.607604505108e-07
4.000000000000e-04,5.989770156941e-07
4.000000000000e-04,6.132702414102e-07
8.000000000000e-04,5.327719306509e-07
4.000000000000e-04,4.440595539913e-08
4.000000000000e-04,2.126546928477e-07
2.400000000000e-03,3.840300307132e-06
2.880000000000e-02,1.014967938279e-04
4.000000000000e-04,3.146508012986e-07
4.000000000000e-04,1.025774725821e-07
4.000000000000e-04,2.175406470531e-08
1.000000000000e-02,4.683237182539e-05
4.000000000000e-04,1.014605753495e-06
4.000000000000e-04,6.123702086488e-07
4.000000000000e-04,2.371577045887e-07
4.000000000000e-04,8.643761014979e-08
4.000000000000e-04,8.566931429765e-07
4.000000000000e-04,3.386025468411e-07
8.000000000000e-04,7.300699816517e-07
4.000000000000e-04,1.928596659134e-07
4.800000000000e-03,1.266332402734e-05
8.000000000000e-04,1.226560987821e-07
1.200000000000e-03,1.091078679261e-06
6.840000000000e-02,5.867838858236e-04
4.000000000000e-04,1.738022512080e-07
4.000000000000e-04,6.347948778041e-07
4.000000000000e-04,2.112913056115e-07
4.000000000000e-04,1.391724360905e-07
4.000000000000e-04,2.034820137933e-08
4.000000000000e-04,1.212658051086e-10
8.000000000000e-04,7.190638393714e-07
4.000000000000e-04,6.115998745225e-07
4.400000000000e-03,1.163792412837e-05
4.000000000000e-04,7.351437507541e-08
4.000000000000e-04,1.623203875385e-07
4.000000000000e-04,1.077269562384e-07
8.000000000000e-04,6.461987850352e-07
8.000000000000e-04,1.752182653797e-06
2.800000000000e-03,3.526848473479e-06
4.000000000000e-04,8.343387036070e-07
4.000000000000e-04,2.505973164035e-07
4.000000000000e-04,1.127155834214e-07
1.200000000000e-03,8.099378599521e-07
8.000000000000e-04,6.853453558674e-07
4.000000000000e-04,2.015872995732e-07
4.000000000000e-04,5.472556461287e-08
4.000000000000e-04,2.284107281841e-08
4.000000000000e-04,2.940462508899e-07
4.000000000000e-04,6.366857057132e-07
4.000000000000e-04,5.192988552476e-07
3.200000000000e-03,5.764669569506e-06
4.000000000000e-04,4.949104964167e-08
4.000000000000e-04,2.801016965490e-07
4.000000000000e-04,4.569806492464e-07
4.000000000000e-03,1.138809156233e-05
4.000000000000e-04,2.820641437377e-08
2.400000000000e-03,7.867298509621e-06
4.000000000000e-04,2.703617746552e-07
1.200000000000e-03,8.089729239975e-07
4.000000000000e-04,7.955015046357e-08
4.000000000000e-04,1.112970719797e-06
4.000000000000e-04,5.844363871652e-07
4.000000000000e-04,3.862934158581e-08
4.000000000000e-04,5.189967373520e-07
4.000000000000e-04,2.909233640300e-08
4.000000000000e-04,2.870868363509e-07
4.000000000000e-04,1.127818523733e-07
1.600000000000e-03,9.870746620665e-07
4.000000000000e-04,1.977086318355e-07
4.000000000000e-04,1.100667426178e-07
4.000000000000e-04,1.503233373928e-07
4.000000000000e-04,9.819150196938e-08
8.000000000000e-04,3.222738251752e-07
4.000000000000e-04,6.616525364669e-07
4.000000000000e-04,2.349259269328e-07
8.000000000000e-04,1.004683920723e-06
4.000000000000e-04,3.823878838723e-07
4.000000000000e-04,6.010112574883e-09
8.000000000000e-04,8.176250697960e-08
4.000000000000e-04,3.376725405400e-07
4.000000000000e-04,1.370429134031e-08
4.000000000000e-04,5.008652887927e-07
2.680000000000e-02,9.978355319607e-05
1.600000000000e-03,1.841505294598e-06
4.000000000000e-04,3.205719752257e-07
8.000000000000e-04,7.476706494115e-07
4.000000000000e-04,3.646971914001e-07
4.000000000000e-04,5.720073493893e-07
6.000000000000e-03,9.870528270932e-06
1.200000000000e-03,1.253327975014e-06
8.000000000000e-04,2.804010737990e-07
8.000000000000e-04,1.446164962412e-06
4.000000000000e-04,1.593369554160e-07
4.000000000000e-04,2.897752747992e-07
1.600000000000e-03,1.271679065213e-06
4.000000000000e-04,2.409126846617e-07
8.000000000000e-04,5.388750995297e-07
4.000000000000e-04,4.612479554713e-07
4.000000000000e-04,6.308123256111e-07
1.600000000000e-03,1.983059459251e-06
4.000000000000e-04,3.144774569585e-07
8.000000000000e-04,1.858029246415e-06
4.000000000000e-04,1.204217871602e-06
8.000000000000e-04,6.501037689792e-07
1.200000000000e-03,5.535755056198e-07
8.000000000000e-04,1.177801978821e-06
4.000000000000e-04,6.341885522345e-08
4.000000000000e-04,7.316010584983e-07
4.000000000000e-04,6.959069060872e-07
4.000000000000e-04,2.214348522261e-07
4.000000000000e-04,6.976768475586e-07
2.000000000000e-03,2.526388457772e-06
4.000000000000e-04,1.623667816947e-07
4.000000000000e-04,2.634845894933e-07
4.000000000000e-04,9.845523970057e-08
2.640000000000e-02,9.916407644647e-05
3.600000000000e-03,7.767180907113e-06
4.000000000000e-04,3.520893597495e-07
4.000000000000e-04,3.539213606418e-08
1.200000000000e-03,7.470134800768e-07
4.000000000000e-04,2.764342386377e-07
4.000000000000e-04,3.958734225293e-08
4.000000000000e-04,3.572316324215e-07
8.000000000000e-04,2.379657426390e-07
4.000000000000e-04,4.826168576860e-07
8.000000000000e-04,7.636625556305e-07
4.000000000000e-04,8.846457568066e-07
4.000000000000e-04,1.091758469521e-07
1.600000000000e-02,7.653839419804e-05
1.600000000000e-03,1.829015433658e-06
1.200000000000e-03,1.552803874774e-06
4.000000000000e-04,1.083988986312e-07
4.000000000000e-04,1.461488217160e-07
4.000000000000e-04,3.460355172384e-07
4.000000000000e-04,7.358869708421e-08
4.000000000000e-04,6.285805255956e-07
4.000000000000e-04,5.763128782139e-07
4.000000000000e-04,7.576235807367e-07
4.000000000000e-04,1.718264609494e-08
4.000000000000e-04,1.866657187697e-07
2.000000000000e-03,1.641527619654e-06
4.000000000000e-04,1.294026567872e-07
4.000000000000e-04,4.758006984068e-07
4.000000000000e-04,9.154037607281e-08
4.000000000000e-04,3.000125345084e-07
8.000000000000e-04,3.062337380764e-07
3.200000000000e-03,9.317333262145e-06
4.000000000000e-04,7.767665181506e-08
1.600000000000e-03,3.745361617038e-06
4.000000000000e-04,1.142925829501e-07
4.000000000000e-04,1.715851147020e-07
4.000000000000e-04,4.806133661049e-07
4.000000000000e-04,2.844343209608e-07
8.000000000000e-04,1.583087698922e-07
8.000000000000e-04,2.137643390301e-07
4.000000000000e-04,3.358763588699e-07
4.000000000000e-04,8.580077851370e-08
1.200000000000e-03,1.793940716406e-06
4.000000000000e-04,1.323251882329e-07
4.000000000000e-04,5.117996746549e-08
2.720000000000e-02,2.072842264221e-04
4.000000000000e-04,6.532621793045e-07
4.000000000000e-04,8.713364919242e-08
4.000000000000e-04,4.508230076051e-07
8.000000000000e-04,1.084980160409e-06
4.000000000000e-04,2.905266598712e-07
8.000000000000e-04,7.287791480474e-07
4.000000000000e-04,1.442088158524e-07
4.000000000000e-04,1.323356453290e-07
1.200000000000e-03,1.906769327358e-06
8.000000000000e-04,5.146769751130e-07
4.000000000000e-04,5.811332811860e-08
4.000000000000e-04,1.291852394443e-07
1.200000000000e-03,1.269450394956e-06
4.000000000000e-04,1.121520341631e-07
4.000000000000e-04,6.664914034070e-08
5.200000000000e-03,1.891760187167e-05
4.000000000000e-04,1.367020772829e-08
4.000000000000e-04,8.322441864270e-07
2.800000000000e-03,3.733725622107e-06
6.000000000000e-03,1.324836670611e-05
8.000000000000e-04,5.909901535241e-07
4.000000000000e-04,9.143911788758e-08
4.000000000000e-04,5.162813993639e-07
2.000000000000e-03,4.103975329943e-06
4.000000000000e-04,1.091635804874e-07
4.000000000000e-04,1.651335263887e-07
1.200000000000e-03,1.535571070098e-06
1.200000000000e-03,1.292416959753e-06
1.200000000000e-03,1.592062961066e-06
1.600000000000e-03,1.877339009145e-06
8.000000000000e-04,2.239785217056e-07
8.000000000000e-04,8.511897048545e-07
4.000000000000e-04,5.615987705541e-07
4.000000000000e-04,3.111175635377e-07
1.200000000000e-03,9.675576436156e-07
8.000000000000e-04,6.179384748551e-07
4.000000000000e-04,2.986580609199e-07
4.000000000000e-04,2.567944940640e-07
8.000000000000e-04,8.508084086396e-07
3.200000000000e-03,5.334345377191e-06
8.000000000000e-04,1.056687715338e-06
8.000000000000e-04,1.409542706415e-06
4.000000000000e-04,4.215564730267e-07
1.600000000000e-03,3.324033563775e-06
4.000000000000e-04,5.752707783087e-08
4.000000000000e-04,6.616325813573e-07
4.000000000000e-04,2.325581358861e-07
1.600000000000e-03,1.762207577850e-06
4.000000000000e-04,3.233102838565e-07
4.000000000000e-04,2.909812509135e-07
8.800000000000e-03,2.767887244302e-05
3.200000000000e-03,5.256925168378e-06
4.000000000000e-04,8.062587226740e-07
4.000000000000e-04,5.893966597048e-07
8.000000000000e-04,3.254884983071e-07
4.600000000000e-02,3.661483304180e-04
4.000000000000e-04,4.589185176217e-07
4.000000000000e-04,4.069067313567e-07
4.000000000000e-04,5.383634191991e-08
8.000000000000e-04,1.051852467784e-06
8.000000000000e-04,6.757492337729e-07
8.000000000000e-04,1.890562422298e-06
2.800000000000e-03,3.825475709033e-06
4.000000000000e-04,6.543566610509e-08
4.000000000000e-04,2.805737848390e-08
1.600000000000e-03,2.348109599453e-06
4.000000000000e-04,3.677044186058e-07
2.800000000000e-03,3.345413456870e-06
4.000000000000e-04,7.290444155858e-07
1.600000000000e-03,1.782935221977e-06
8.000000000000e-04,1.308708031612e-06
4.000000000000e-04,8.844108702400e-08
4.000000000000e-03,7.712735216270e-06
4.000000000000e-04,4.176543040458e-08
4.000000000000e-04,7.190667142021e-07
2.800000000000e-03,4.414108388863e-06
4.000000000000e-04,1.189108340692e-07
4.000000000000e-04,3.255100979845e-07
1.600000000000e-03,2.053841509819e-06
4.000000000000e-04,4.523443689103e-07
4.000000000000e-04,2.130090798411e-07
4.000000000000e-04,2.718171945204e-07
4.000000000000e-04,3.619033584996e-07
4.000000000000e-04,4.025044134569e-07
4.000000000000e-04,4.581560946361e-07
4.000000000000e-04,7.561818229438e-08
4.000000000000e-04,8.736320729056e-08
4.000000000000e-04,5.633992172128e-08
4.000000000000e-04,4.105153997972e-08
4.400000000000e-03,1.030377569389e-05
4.000000000000e-04,2.523278223614e-07
1.960000000000e-02,6.378480637373e-05
4.400000000000e-03,4.992142169676e-06
4.000000000000e-04,5.070279736432e-08
2.000000000000e-03,2.800065612029e-06
6.800000000000e-03,2.089915702052e-05
8.000000000000e-04,1.722012233768e-06
4.000000000000e-04,2.869851012843e-08
4.000000000000e-04,2.876122106564e-07
1.616000000000e-01,3.181015728361e-03
4.000000000000e-04,6.352534077283e-07
8.000000000000e-04,2.346913049844e-07
4.000000000000e-04,1.899509024836e-08
8.000000000000e-04,3.559524832185e-07
8.000000000000e-04,2.133544895471e-07
4.000000000000e-04,1.483789319310e-07
4.000000000000e-04,7.070790160031e-08
4.000000000000e-04,8.303150775122e-07
4.000000000000e-04,1.368974231427e-08
4.400000000000e-03,1.014355633562e-05
8.000000000000e-04,1.252614601469e-06
4.000000000000e-04,2.581014708182e-07
2.800000000000e-03,2.486198067409e-06
4.000000000000e-04,1.158871497147e-07
1.200000000000e-03,2.058630855372e-06
4.000000000000e-04,3.540477724645e-07
4.000000000000e-04,6.071694857057e-08
4.000000000000e-04,2.191670418226e-07
4.000000000000e-04,5.186936625122e-07
4.000000000000e-04,1.207059410048e-07
4.800000000000e-03,8.411655283629e-06
8.000000000000e-04,6.598438788804e-07
4.000000000000e-04,1.544212734005e-07
7.600000000000e-03,2.496181056977e-05
4.000000000000e-04,6.505466845288e-08
4.000000000000e-04,3.143901529616e-07
4.000000000000e-04,1.579740705231e-07
8.000000000000e-04,1.601351262755e-06
4.000000000000e-04,3.846146684281e-08
4.000000000000e-04,2.165262176400e-07
4.000000000000e-04,4.320165736504e-09
4.000000000000e-04,1.414253368195e-06
1.600000000000e-03,1.403353025268e-06
4.000000000000e-04,1.442838301812e-07
4.000000000000e-04,2.931926234413e-07
4.000000000000e-04,2.704879377654e-07
4.000000000000e-04,1.645119658986e-07
4.000000000000e-04,1.919171540301e-07
4.000000000000e-04,9.261625802925e-09
4.000000000000e-04,5.593271402261e-07
4.000000000000e-04,2.333906333317e-07
4.000000000000e-04,9.407902136283e-08
4.000000000000e-04,5.037164417917e-08
4.000000000000e-04,1.610021697537e-07
4.000000000000e-04,3.477470808391e-08
8.000000000000e-04,4.264317456905e-07
4.000000000000e-04,4.723630860098e-08
4.000000000000e-04,2.910579253863e-07
2.000000000000e-03,2.298291936358e-06
4.000000000000e-04,4.002259431121e-07
4.000000000000e-04,6.069756086488e-08
4.000000000000e-04,1.289658046685e-07
4.000000000000e-04,1.010266902713e-06
4.000000000000e-04,5.994815730889e-07
1.200000000000e-03,1.988671833937e-06
4.000000000000e-04,2.967023595728e-07
7.600000000000e-03,1.940482670814e-05
1.200000000000e-03,4.585196683252e-07
4.000000000000e-04,1.153378228016e-07
4.000000000000e-04,2.322429620973e-07
4.000000000000e-04,3.408211120408e-07
4.000000000000e-04,7.039199734397e-07
4.000000000000e-04,6.945956426054e-07
4.000000000000e-04,2.067281538378e-07
4.000000000000e-04,6.219693808155e-07
4.000000000000e-04,4.221839451079e-07
4.000000000000e-04,3.351085841380e-08
4.000000000000e-04,1.981145136037e-07
8.000000000000e-04,8.182201116612e-07
8.000000000000e-04,6.813696592359e-07
4.000000000000e-04,1.986204660288e-07
1.200000000000e-03,1.923472330410e-06
3.200000000000e-03,9.703860108369e-06
4.000000000000e-04,3.014792495801e-07
4.000000000000e-04,6.658036026719e-08
4.000000000000e-04,2.849403957728e-07
4.000000000000e-04,1.855755517920e-07
4.000000000000e-04,4.806633211283e-07
8.000000000000e-04,6.779898326155e-07
4.000000000000e-04,7.550493204683e-08
4.000000000000e-04,8.261432748236e-10
4.000000000000e-04,4.932504318886e-07
2.400000000000e-03,5.414106738224e-06
8.000000000000e-04,9.288723168944e-07
4.000000000000e-04,3.230605954205e-08
4.000000000000e-04,5.099663298773e-07
8.000000000000e-04,5.644623294805e-07
4.000000000000e-04,2.945331921407e-07
4.000000000000e-04,2.517204870634e-07
4.000000000000e-04,8.078712858711e-08
4.000000000000e-04,5.919878916586e-07
4.800000000000e-03,1.919525656014e-05
1.200000000000e-03,1.474789482273e-06
4.000000000000e-04,7.229204561025e-08
4.000000000000e-04,1.361125198759e-07
1.800000000000e-02,9.291880165624e-05
1.160000000000e-02,8.492221744434e-05
3.600000000000e-03,2.371447101193e-05
8.000000000000e-03,6.458760902713e-05
1.200000000000e-03,1.211760787590e-06
6.800000000000e-03,4.760553989185e-05
1.920000000000e-02,8.341921980711e-05
4.000000000000e-04,7.126227333451e-07
2.400000000000e-03,6.536041134028e-06
8.000000000000e-04,5.018448698758e-07
2.000000000000e-03,1.965916111763e-06
1.280000000000e-02,7.856429242297e-05
4.000000000000e-04,3.725133736897e-07
1.200000000000e-03,2.107485397138e-06
2.156000000000e-01,3.812513208176e-03
4.000000000000e-04,5.212625211167e-07
4.000000000000e-04,6.695653421940e-08
4.000000000000e-04,1.710046339197e-07
4.000000000000e-04,6.876340495048e-08
4.000000000000e-04,1.341526279431e-08
4.000000000000e-04,3.833789015835e-07
4.000000000000e-04,3.578219586485e-07
4.000000000000e-04,2.232239898236e-07
4.000000000000e-04,7.791552772179e-08
1.200000000000e-03,1.211311669015e-06
8.000000000000e-04,5.349620326051e-07
4.000000000000e-04,1.158732817287e-06
8.000000000000e-04,1.558315312480e-06
2.400000000000e-03,3.816540743544e-06
4.000000000000e-04,1.150363858825e-07
4.000000000000e-04,1.163255839355e-07
4.000000000000e-04,8.032330223461e-07
4.000000000000e-04,1.008717214262e-06
4.000000000000e-04,6.120976272609e-07
4.000000000000e-04,5.494606993801e-08
4.000000000000e-04,2.537165335273e-07
4.000000000000e-04,2.952882064701e-07
4.000000000000e-04,1.482641335859e-07
1.200000000000e-03,1.526890273537e-06
4.000000000000e-04,2.974800333620e-07
4.000000000000e-04,4.567537673078e-07
4.000000000000e-04,2.524078898501e-07
4.000000000000e-04,5.063259498692e-08
3.200000000000e-03,8.132266011058e-06
4.000000000000e-04,5.706804116032e-09
4.000000000000e-04,2.138795702994e-07
2.000000000000e-03,3.235377309223e-06
4.000000000000e-04,8.564209065818e-08
4.000000000000e-04,4.512916139227e-07
4.000000000000e-04,4.147641008944e-07
2.800000000000e-03,2.797322616941e-06
1.880000000000e-02,7.506801422185e-05
4.800000000000e-03,8.966772478923e-06
2.000000000000e-03,2.659258788465e-06
8.000000000000e-04,1.042903854082e-06
3.200000000000e-03,1.041424249400e-05
4.000000000000e-04,3.819964322306e-08
4.000000000000e-04,9.414378089283e-08
1.200000000000e-03,1.892804080435e-06
2.400000000000e-03,3.366387647530e-06
4.000000000000e-04,2.380300345848e-07
8.000000000000e-04,1.218925535605e-06
4.000000000000e-04,2.954249113696e-07
4.000000000000e-04,1.038120843813e-07
1.200000000000e-03,1.471265984282e-06
1.600000000000e-03,2.227007306770e-06
4.000000000000e-04,2.886989521756e-07
4.000000000000e-04,2.746529542230e-07
1.200000000000e-03,1.496797942754e-06
4.000000000000e-04,1.079993340155e-06
4.000000000000e-04,4.689717679431e-07
4.000000000000e-04,5.314477077900e-07
4.000000000000e-04,1.194917979306e-07
1.200000000000e-03,1.186362713016e-06
4.000000000000e-04,1.123121015917e-07
4.000000000000e-04,3.118103057479e-08
4.000000000000e-04,4.776969402894e-07
8.000000000000e-04,1.004324298523e-06
2.840000000000e-02,1.775607380757e-04
4.000000000000e-04,1.634341804142e-07
4.000000000000e-04,2.266986398610e-07
4.000000000000e-04,3.682080102036e-07
4.000000000000e-04,4.378591109403e-08
4.000000000000e-04,7.845504392852e-07
4.000000000000e-04,2.060310361903e-07
4.000000000000e-04,9.322736429687e-08
4.000000000000e-04,2.159154719847e-07
4.000000000000e-04,2.571674614472e-07
4.000000000000e-04,1.402164601148e-08
4.000000000000e-04,1.475377752621e-07
4.000000000000e-04,2.028886609510e-07
4.000000000000e-04,2.239889689656e-07
8.000000000000e-04,7.748462824505e-07
4.000000000000e-04,1.090130525139e-07
8.000000000000e-04,2.944404319420e-06
8.000000000000e-04,1.008734521350e-06
4.000000000000e-04,1.621138074903e-06
4.000000000000e-04,1.313073240917e-06
4.000000000000e-04,4.907811304489e-08
4.000000000000e-03,1.184759641113e-05
4.000000000000e-04,3.369234215468e-07
8.000000000000e-04,3.395249656658e-07
4.000000000000e-04,7.036693994755e-08
8.000000000000e-04,2.217940998642e-06
1.600000000000e-03,1.095858683306e-06
4.000000000000e-04,3.426205478530e-07
8.800000000000e-03,1.453171906290e-05
2.000000000000e-03,2.162235753385e-06
4.000000000000e-04,1.048547754279e-06
4.000000000000e-04,3.000100153837e-07
4.000000000000e-04,5.939212555830e-08
4.000000000000e-04,9.385730069547e-07
4.000000000000e-04,5.642006953984e-07
4.000000000000e-04,8.703752586714e-09
1.200000000000e-03,2.664860461076e-06
4.000000000000e-04,1.145595311054e-07
4.000000000000e-04,1.208859187867e-07
1.200000000000e-03,1.005299886380e-06
4.000000000000e-04,4.712773695945e-08
4.000000000000e-04,5.433756965030e-07
4.000000000000e-04,2.925305892137e-07
8.000000000000e-04,1.048678186316e-06
8.000000000000e-04,5.039309400800e-07
1.200000000000e-03,6.609515995101e-07
8.000000000000e-04,1.102316905945e-06
4.000000000000e-04,3.595532428528e-07
4.000000000000e-04,1.564864423198e-07
2.000000000000e-03,4.716823097096e-06
8.000000000000e-04,8.155059795691e-07
1.200000000000e-03,2.363196739508e-06
8.000000000000e-04,1.189503946923e-06
5.200000000000e-03,1.678008891767e-05
8.000000000000e-04,2.099209967116e-07
1.600000000000e-03,1.911459844240e-06
1.600000000000e-03,4.197550814302e-06
4.000000000000e-04,6.325674622956e-07
4.000000000000e-04,2.433459226997e-07
4.000000000000e-04,7.883257182211e-07
4.000000000000e-04,5.117672626122e-08
4.000000000000e-04,2.396949413010e-07
2.360000000000e-02,1.197860025253e-04
4.000000000000e-04,7.057185895552e-07
4.000000000000e-04,2.923731171848e-07
4.000000000000e-04,1.374360929127e-07
8.000000000000e-04,8.633306841296e-07
4.000000000000e-04,5.468174048781e-07
1.600000000000e-03,1.072801127811e-06
4.000000000000e-04,7.235134077694e-08
4.000000000000e-04,6.135988219232e-07
8.000000000000e-04,2.436683052421e-07
2.400000000000e-03,4.398669014025e-06
4.000000000000e-04,2.030895716828e-07
4.000000000000e-04,1.185981672325e-06
4.000000000000e-04,8.382736152502e-08
4.000000000000e-04,1.453122633903e-07
4.000000000000e-04,2.197749829897e-07
4.000000000000e-04,1.232912048927e-07
1.600000000000e-03,3.918644284298e-06
4.000000000000e-04,3.973142137395e-08
8.000000000000e-04,1.338522035800e-06
8.000000000000e-04,1.977291981278e-06
6.800000000000e-03,2.367868611426e-05
4.000000000000e-04,2.237238094770e-08
4.000000000000e-04,1.739672902543e-07
4.000000000000e-04,4.663688314456e-08
4.000000000000e-04,1.853550597431e-07
1.600000000000e-03,1.468711634685e-06
4.000000000000e-04,4.030040796161e-08
4.000000000000e-04,1.644209560290e-07
8.000000000000e-04,1.317859197760e-06
4.000000000000e-04,1.104388636259e-08
4.000000000000e-04,1.725420638952e-07
3.000000000000e-02,1.067381167438e-04
8.000000000000e-04,1.381619311208e-06
4.000000000000e-04,6.608966569877e-07
4.000000000000e-04,1.165691387593e-06
4.000000000000e-04,6.191734494797e-07
4.000000000000e-04,1.851179277937e-07
4.000000000000e-04,2.435160902102e-07
4.000000000000e-04,1.027324556882e-06
4.000000000000e-04,9.301211032700e-07
1.200000000000e-03,1.592920396911e-06
4.000000000000e-04,6.992789311235e-07
4.000000000000e-04,2.079736768974e-07
4.000000000000e-04,7.925095770882e-07
4.000000000000e-04,4.498819625519e-07
4.000000000000e-04,3.536860588062e-07
1.200000000000e-03,1.541762459759e-06
8.000000000000e-04,4.616799278846e-07
8.000000000000e-04,5.281104377403e-07
2.400000000000e-03,4.349292421200e-06
1.200000000000e-03,2.647389812741e-06
4.000000000000e-04,2.191455743522e-07
8.000000000000e-04,9.543460274832e-07
4.000000000000e-04,1.024111678778e-07
1.600000000000e-03,1.827883410084e-06
8.000000000000e-04,4.728605930302e-07
2.000000000000e-03,3.238289621343e-06
1.200000000000e-03,2.005423065064e-06
8.000000000000e-04,3.413714193354e-07
2.000000000000e-03,5.048396745654e-06
4.000000000000e-04,4.179798599875e-07
4.000000000000e-04,3.989907360428e-07
1.200000000000e-03,2.334541176953e-06
4.000000000000e-04,1.834592108155e-07
4.000000000000e-04,5.173533510764e-07
4.000000000000e-04,4.834119522492e-07
4.000000000000e-04,1.030825032616e-07
2.400000000000e-03,4.983094379008e-06
4.000000000000e-04,5.242456355081e-09
1.200000000000e-03,5.998273546779e-07
1.600000000000e-03,3.211385077815e-06
4.000000000000e-04,2.479803859447e-07
4.000000000000e-04,2.457259267080e-08
4.000000000000e-04,1.623597464844e-07
1.040000000000e-02,3.738622213677e-05
1.200000000000e-03,2.391173765716e-06
4.000000000000e-04,2.543564211042e-07
4.000000000000e-04,3.487464443328e-07
4.000000000000e-04,2.723011294106e-07
4.000000000000e-04,9.273801765478e-07
8.000000000000e-04,6.946345181750e-07
4.000000000000e-04,3.621435194829e-07
8.000000000000e-04,1.548981198182e-06
4.000000000000e-04,7.568783645779e-07
8.000000000000e-04,4.888010507136e-07
4.000000000000e-04,9.198161110650e-07
8.000000000000e-04,1.917700214573e-06
2.800000000000e-03,1.761324655087e-06
4.000000000000e-04,5.864825833574e-07
4.000000000000e-04,8.318485163530e-08
4.000000000000e-04,2.217318722203e-07
4.000000000000e-04,5.574719225743e-08
4.000000000000e-04,9.085461666680e-09
8.000000000000e-03,2.917837138974e-05
3.200000000000e-03,1.384461423837e-05
2.800000000000e-03,5.818441035021e-06
4.000000000000e-04,2.503012462973e-07
4.000000000000e-04,4.505164830857e-07
1.200000000000e-03,3.213046570942e-06
8.000000000000e-04,1.287540543223e-06
3.600000000000e-03,4.809333933510e-06
4.000000000000e-04,1.407384403461e-07
4.000000000000e-04,3.143439346620e-07
4.000000000000e-04,5.512609824037e-08
4.000000000000e-04,4.249841258156e-07
8.000000000000e-04,1.019467636937e-06
2.000000000000e-03,4.232497500188e-06
4.000000000000e-04,1.882018943622e-07
2.080000000000e-02,1.063018703281e-04
4.000000000000e-04,4.603152667144e-07
4.000000000000e-04,2.848872917459e-07
4.000000000000e-04,7.626630782361e-07
4.000000000000e-04,4.784068838101e-08
4.000000000000e-04,9.625595124182e-08
8.000000000000e-04,1.351377752965e-06
4.000000000000e-04,8.041290870558e-07
1.600000000000e-03,1.831156569062e-06
4.000000000000e-04,6.871711659071e-07
4.880000000000e-02,2.376415023936e-04
4.000000000000e-04,7.701924496196e-08
4.000000000000e-04,7.258033603670e-07
4.000000000000e-04,1.034436565318e-06
4.000000000000e-04,7.376409125239e-08
2.800000000000e-03,2.585100849778e-06
1.200000000000e-03,3.682825589513e-06
4.000000000000e-04,4.536480540387e-07
4.000000000000e-04,6.602180638446e-08
8.000000000000e-04,5.466457158303e-07
4.400000000000e-03,1.213181718580e-05
4.000000000000e-04,2.784304692479e-08
8.000000000000e-04,2.899967028685e-07
4.000000000000e-04,1.341074400489e-07
2.000000000000e-03,4.351825913319e-06
8.000000000000e-04,1.022010110321e-06
3.200000000000e-03,4.773310893327e-06
3.200000000000e-03,9.237195732047e-06
4.000000000000e-04,2.130582644014e-07
4.000000000000e-04,8.138699793773e-07
8.000000000000e-04,6.807805022641e-07
4.000000000000e-04,6.265706865218e-08
8.000000000000e-04,1.423164601000e-06
1.200000000000e-03,1.537452362362e-06
8.000000000000e-04,6.000811872169e-07
1.200000000000e-03,2.872184287499e-06
4.000000000000e-04,6.189290530784e-08
4.000000000000e-04,5.391266405405e-07
1.600000000000e-03,1.779538245873e-06
4.000000000000e-04,1.175433442305e-06
4.000000000000e-04,1.010658988166e-07
4.000000000000e-04,1.168949396999e-08
4.000000000000e-04,4.159074399356e-07
4.000000000000e-04,2.772041221591e-07
4.000000000000e-04,1.074489961363e-07
4.000000000000e-04,1.902999762715e-07
4.000000000000e-04,2.261314958488e-07
5.600000000000e-03,1.113612825929e-05
4.000000000000e-04,4.509716567693e-07
4.000000000000e-04,4.724734301942e-07
4.000000000000e-04,3.941798971309e-08
4.000000000000e-04,1.576655454419e-07
4.000000000000e-04,3.725739719318e-07
5.200000000000e-03,1.272560423481e-05
4.000000000000e-04,2.031776778286e-07
8.000000000000e-04,3.619164411632e-07
1.200000000000e-03,2.798220127541e-07
4.000000000000e-04,8.691270232383e-07
4.000000000000e-04,8.207935918051e-08
8.000000000000e-04,4.293294112199e-07
1.200000000000e-03,1.191066549656e-06
4.000000000000e-04,3.050316832860e-07
4.000000000000e-04,1.396407109069e-07
4.000000000000e-04,1.090437952553e-07
8.000000000000e-04,1.395480447843e-06
4.000000000000e-04,1.132426712225e-06
1.600000000000e-02,7.846852936942e-05
4.000000000000e-04,2.779780446511e-07
1.600000000000e-03,3.332972065213e-06
8.000000000000e-04,4.534787884847e-07
4.000000000000e-04,5.907607811485e-07
2.400000000000e-03,1.022527338864e-05
8.000000000000e-04,2.303713027518e-06
8.000000000000e-04,1.016391505413e-06
4.000000000000e-04,7.993827305208e-10
8.000000000000e-04,1.587538617779e-06
4.000000000000e-04,3.711252014348e-07
4.000000000000e-04,2.821785053787e-07
4.000000000000e-04,5.543029049710e-07
4.000000000000e-04,7.484945178994e-07
4.000000000000e-04,5.454881830740e-07
1.200000000000e-03,1.408755252721e-06
2.400000000000e-03,7.694587737883e-06
1.200000000000e-03,5.516677505866e-07
6.000000000000e-03,1.209450103011e-05
4.000000000000e-04,1.430688738930e-07
4.000000000000e-04,1.424899147784e-06
4.000000000000e-04,1.910817746591e-08
2.000000000000e-03,5.477831176262e-06
1.200000000000e-03,1.176440766929e-06
4.000000000000e-04,2.659193184768e-07
4.000000000000e-04,2.324647778890e-07
2.000000000000e-03,7.662827927845e-06
4.000000000000e-04,1.786768813407e-07
4.000000000000e-04,8.190110369080e-07
4.000000000000e-04,2.322101379173e-07
4.000000000000e-04,1.737941162052e-08
8.000000000000e-04,4.944630355959e-07
1.200000000000e-03,1.428377492848e-06
1.200000000000e-03,2.440598890611e-06
4.000000000000e-04,3.008836508248e-07
4.000000000000e-04,4.094619755022e-07
4.000000000000e-04,2.164187345630e-07
4.000000000000e-04,1.324619233246e-07
4.000000000000e-04,3.011985046818e-07
4.000000000000e-04,3.278965770066e-08
4.000000000000e-04,1.171704561733e-07
4.000000000000e-04,5.307208771348e-07
4.000000000000e-04,3.520284613775e-07
2.560000000000e-02,8.892363126252e-05
4.000000000000e-04,7.155746266844e-08
4.000000000000e-04,3.252903344355e-08
4.000000000000e-04,1.071780544024e-07
4.000000000000e-04,2.189430836221e-08
4.000000000000e-04,5.923797915445e-07
4.000000000000e-04,2.095730594222e-07
4.000000000000e-04,2.429279027315e-07
3.200000000000e-03,9.214519735920e-06
3.600000000000e-03,1.196458770102e-05
4.000000000000e-04,1.586296666391e-07
4.000000000000e-04,4.502883910988e-07
4.000000000000e-04,5.761180026197e-07
4.000000000000e-04,6.957091887292e-07
8.000000000000e-04,6.312800672286e-07
1.200000000000e-03,7.872305650362e-07
8.000000000000e-04,8.897776201859e-07
4.000000000000e-04,2.679909852064e-07
4.000000000000e-04,7.206744870872e-07
1.200000000000e-03,5.116871162929e-07
1.840000000000e-02,1.075246208459e-04
8.000000000000e-04,2.593572431489e-07
4.000000000000e-04,3.767442725528e-07
4.000000000000e-04,2.837945554331e-08
4.000000000000e-04,4.336661545234e-08
4.000000000000e-04,6.820466892999e-07
4.000000000000e-04,1.200274968733e-06
1.200000000000e-03,2.173397695287e-06
4.000000000000e-04,4.099074750372e-07
4.000000000000e-04,2.231635339952e-08
8.400000000000e-02,5.144249230443e-04
4.000000000000e-04,7.845496941191e-08
4.000000000000e-04,1.964698663072e-07
4.000000000000e-04,1.832815752949e-07
8.000000000000e-04,1.271930209044e-06
4.000000000000e-04,2.036870887589e-07
4.000000000000e-04,1.170782973600e-06
8.000000000000e-04,1.604272936714e-06
2.400000000000e-03,4.246331796888e-06
4.000000000000e-04,2.969531602736e-07
8.000000000000e-04,1.994383383581e-06
4.000000000000e-04,7.602124377757e-07
4.000000000000e-04,8.389349216054e-09
2.000000000000e-03,6.496456909734e-06
4.000000000000e-04,3.671255746140e-07
8.000000000000e-04,1.034496342822e-06
2.800000000000e-03,4.564971337577e-06
4.000000000000e-04,2.756887427701e-07
4.000000000000e-04,1.695943896433e-07
8.000000000000e-04,1.042487558094e-06
4.000000000000e-04,8.013638462829e-07
4.000000000000e-04,5.803681437064e-08
1.200000000000e-03,9.190817337822e-07
8.000000000000e-04,8.853165584417e-07
1.200000000000e-03,3.370445906484e-06
4.000000000000e-04,1.561227453431e-08
4.000000000000e-04,4.824962483645e-07
1.200000000000e-03,2.452337909767e-06
4.000000000000e-04,3.969651239196e-07
4.000000000000e-04,2.970348508553e-07
4.000000000000e-04,1.686994292069e-07
4.000000000000e-04,1.262196845881e-07
4.000000000000e-04,2.306834128285e-07
3.240000000000e-02,1.282205214892e-04
8.000000000000e-04,5.636898287055e-07
8.000000000000e-04,8.353262959977e-07
4.000000000000e-04,4.697739132961e-07
4.000000000000e-04,8.081723921443e-08
1.200000000000e-03,1.305185148825e-06
8.000000000000e-04,3.594662714831e-07
4.000000000000e-04,1.079220755147e-06
2.000000000000e-03,4.754340571948e-06
4.000000000000e-04,2.586220664126e-08
4.000000000000e-04,3.996290164397e-07
1.600000000000e-03,5.059018774367e-06
4.000000000000e-04,5.717490508075e-07
4.000000000000e-04,4.007130060811e-07
4.000000000000e-04,4.853607749838e-08
2.800000000000e-03,4.326836953480e-06
4.000000000000e-04,3.171002038718e-07
4.000000000000e-04,9.400213574746e-08
3.400000000000e-02,2.799795535640e-04
8.000000000000e-04,1.632743721899e-06
8.000000000000e-04,1.219180478021e-06
8.000000000000e-04,1.918717110148e-06
4.000000000000e-04,1.656692347833e-07
2.000000000000e-03,3.034288092048e-06
4.000000000000e-04,9.049441971968e-08
4.000000000000e-04,1.270031531842e-06
4.000000000000e-04,3.651428615748e-07
8.000000000000e-04,1.384270113117e-06
1.200000000000e-03,1.838826955049e-06
4.000000000000e-04,3.478347173257e-08
7.480000000000e-02,4.555772611185e-04
4.000000000000e-04,2.921494062389e-07
8.000000000000e-04,1.794878911633e-06
1.200000000000e-03,1.452742545743e-06
1.600000000000e-03,1.690433190667e-06
4.000000000000e-04,2.495560637584e-07
4.000000000000e-04,1.367868559449e-07
4.000000000000e-04,1.743820300590e-07
4.000000000000e-04,2.843577451175e-07
4.000000000000e-04,7.923601293542e-08
6.800000000000e-03,1.772978945625e-05
1.200000000000e-03,2.713282914778e-06
8.000000000000e-04,9.578249550983e-07
6.800000000000e-03,2.385823829318e-05
8.000000000000e-04,3.902695519592e-07
4.000000000000e-04,5.748021505193e-07
4.000000000000e-04,9.000440319196e-07
4.000000000000e-04,2.001225767375e-07
4.000000000000e-04,6.388142576082e-07
7.120000000000e-02,4.766267820700e-04
2.400000000000e-03,5.589135554105e-06
8.000000000000e-04,1.196613161254e-06
1.768000000000e-01,2.881766285274e-03
8.000000000000e-04,4.539840523497e-07
4.000000000000e-04,2.498861713405e-08
4.000000000000e-04,2.926977525231e-07
4.000000000000e-04,1.162247773865e-07
4.000000000000e-04,4.371409995573e-07
4.000000000000e-04,1.631319487242e-07
1.200000000000e-03,7.942346324852e-07
4.000000000000e-04,1.608962251961e-07
4.000000000000e-04,5.790477848576e-07
4.000000000000e-04,7.846892104338e-08
8.000000000000e-04,2.964142933850e-06
4.000000000000e-04,5.903841896856e-07
4.000000000000e-04,4.785601786970e-07
4.000000000000e-04,4.665375420899e-07
4.000000000000e-04,1.193143492128e-06
1.200000000000e-03,1.146519259013e-06
1.600000000000e-03,3.188605583363e-06
4.000000000000e-04,7.070062762489e-07
1.200000000000e-03,4.073873087890e-07
4.000000000000e-04,2.605046723126e-07
4.280000000000e-02,2.091702847763e-04
4.000000000000e-04,3.344168520713e-07
4.000000000000e-04,2.966544663672e-07
4.000000000000e-04,1.219362312396e-07
4.000000000000e-04,5.046697105880e-07
4.000000000000e-04,8.267380466737e-07
4.000000000000e-04,1.113808248534e-07
4.000000000000e-04,1.549459028657e-07
4.000000000000e-04,4.947847106594e-08
4.000000000000e-04,2.850897370844e-07
8.000000000000e-04,9.545180637631e-07
4.000000000000e-04,5.022753306542e-08
8.000000000000e-04,1.394294332124e-06
4.000000000000e-04,2.198522831363e-07
4.000000000000e-04,1.742973658348e-07
4.000000000000e-04,3.901732039433e-08
4.000000000000e-04,1.682825223275e-07
4.000000000000e-04,5.495084299911e-09
4.000000000000e-04,1.150145091918e-06
8.000000000000e-04,6.434634035612e-07
4.000000000000e-04,5.045011988502e-07
8.000000000000e-04,6.300611202441e-07
1.200000000000e-03,1.161211247091e-06
4.000000000000e-04,5.412012394122e-07
4.000000000000e-04,3.723813659616e-08
4.000000000000e-04,1.078226223329e-06
4.000000000000e-04,2.101971368611e-07
8.000000000000e-04,1.687127354160e-06
1.200000000000e-03,2.320773143257e-06
1.080000000000e-02,3.270391148991e-05
8.000000000000e-04,4.698436861641e-07
2.000000000000e-03,6.365514298637e-06
8.000000000000e-04,1.217944228173e-06
4.000000000000e-04,1.775896316173e-07
1.200000000000e-03,1.490204930118e-06
4.000000000000e-04,1.122810840753e-07
4.000000000000e-04,7.041761843354e-07
8.000000000000e-04,4.048654388357e-07
9.200000000000e-03,2.623892420351e-05
4.000000000000e-04,3.679753230950e-08
4.000000000000e-04,1.390561302107e-07
4.000000000000e-04,3.840961511908e-07
4.000000000000e-04,2.482810550796e-07
4.000000000000e-04,1.950735191890e-07
1.600000000000e-03,3.092240257389e-06
4.000000000000e-04,5.493273400681e-07
4.000000000000e-04,8.634728501641e-07
4.000000000000e-04,1.119111109342e-07
4.000000000000e-04,1.575457447973e-08
4.000000000000e-04,2.423260030376e-07
4.000000000000e-04,1.005883621722e-07
4.000000000000e-04,1.319179523052e-07
6.000000000000e-03,1.322762485513e-05
8.000000000000e-04,9.847219646374e-07
4.000000000000e-04,4.005775904914e-08
4.000000000000e-04,5.812496064419e-07
4.000000000000e-04,3.479832361954e-07
4.000000000000e-04,2.968728027723e-07
1.200000000000e-03,2.018687135709e-06
4.000000000000e-04,2.710506032298e-07
4.000000000000e-04,1.337679440239e-07
4.000000000000e-04,4.363005498752e-08
3.600000000000e-03,1.161140725438e-05
2.400000000000e-03,2.542821612351e-06
4.000000000000e-04,2.088021359092e-08
3.600000000000e-03,4.136059022837e-06
4.000000000000e-04,8.324894542481e-07
4.000000000000e-04,1.666819294899e-09
4.000000000000e-04,6.060243811742e-07
4.000000000000e-04,3.724598591896e-07
1.600000000000e-03,2.095369450211e-06
4.000000000000e-04,1.731101520590e-07
4.000000000000e-04,2.592663590204e-07
4.000000000000e-04,3.971006318619e-07
1.200000000000e-03,1.546355018814e-06
6.000000000000e-03,2.207303943841e-05
8.000000000000e-04,6.918015475467e-07
4.000000000000e-04,3.653168458556e-07
4.000000000000e-04,9.945528952832e-07
4.000000000000e-04,6.986267242831e-07
6.000000000000e-03,3.344336347018e-05
4.000000000000e-04,7.076529395578e-08
6.800000000000e-03,2.832320723395e-05
4.000000000000e-04,5.034393201978e-07
4.000000000000e-04,4.704062361131e-07
1.600000000000e-03,2.489197412114e-06
8.000000000000e-04,1.219434444916e-06
4.000000000000e-04,1.115479736204e-07
8.000000000000e-03,3.920449553912e-05
4.400000000000e-03,3.619635613176e-06
4.000000000000e-04,4.036652747449e-08
2.000000000000e-03,8.024900204425e-07
4.000000000000e-04,2.737164598610e-07
4.000000000000e-04,1.100191124403e-06
8.400000000000e-03,1.786207026916e-05
4.000000000000e-04,1.232340435858e-06
9.600000000000e-03,2.851181973598e-05
4.000000000000e-04,3.818303555342e-07
4.000000000000e-04,1.330171011931e-07
4.000000000000e-04,6.034266144133e-07
8.000000000000e-04,1.179751535200e-06
4.000000000000e-04,1.255113872295e-07
4.000000000000e-04,1.018349159559e-09
4.000000000000e-04,7.277229666615e-07
4.000000000000e-04,4.660745021212e-09
1.600000000000e-03,7.425719129791e-07
2.000000000000e-03,5.612577687209e-06
4.000000000000e-04,3.115798446544e-07
3.200000000000e-03,8.555396013152e-06
2.000000000000e-03,3.798452833519e-06
4.000000000000e-04,8.791017385059e-08
4.000000000000e-04,2.666466837276e-07
8.000000000000e-04,9.070505151775e-07
4.000000000000e-04,4.167845295964e-07
4.000000000000e-04,2.318494755242e-07
4.000000000000e-04,7.743532921767e-08
4.000000000000e-04,6.011633386535e-07
8.000000000000e-04,1.448389663973e-06
2.000000000000e-03,4.716474998938e-06
4.000000000000e-04,1.329317971996e-07
2.400000000000e-03,6.111359023834e-06
1.440000000000e-02,5.093108814011e-05
4.000000000000e-04,4.745678165638e-07
4.000000000000e-04,2.230115315510e-07
4.000000000000e-04,7.462355479389e-07
4.000000000000e-04,1.021477230268e-06
4.000000000000e-04,4.632226568219e-08
8.000000000000e-04,8.496917526766e-07
4.000000000000e-04,5.082968777003e-07
1.640000000000e-02,7.921001452169e-05
1.600000000000e-03,1.651911035141e-06
4.000000000000e-04,7.549542684229e-07
4.000000000000e-04,7.126387662200e-07
8.000000000000e-04,2.888634726692e-07
4.000000000000e-04,9.756541594121e-08
4.000000000000e-04,6.193203974566e-07
4.000000000000e-04,1.759521339810e-08
8.000000000000e-04,5.057248576558e-07
8.000000000000e-04,1.343071896591e-07
4.000000000000e-04,3.556177386650e-07
4.000000000000e-04,1.695860861846e-07
4.000000000000e-04,1.681465734582e-07
8.000000000000e-04,1.636463500036e-07
4.000000000000e-04,2.878423068592e-07
3.600000000000e-03,6.502501200134e-06
4.000000000000e-04,5.623239232823e-07
8.000000000000e-04,1.365340161020e-06
1.200000000000e-03,1.272815913405e-06
4.000000000000e-04,2.337039008838e-07
4.000000000000e-04,4.237631515465e-07
4.000000000000e-04,1.762037149216e-08
8.000000000000e-04,2.349637129735e-07
4.000000000000e-04,1.003307105816e-06
1.600000000000e-03,2.121158021172e-06
4.000000000000e-04,9.282570905480e-08
4.000000000000e-04,9.194727702910e-08
2.400000000000e-03,8.343177908163e-06
3.200000000000e-03,9.191712459994e-06
1.200000000000e-03,1.340293255571e-06
1.200000000000e-03,8.926363375279e-07
4.000000000000e-04,2.480294926912e-07
4.000000000000e-04,6.048495434899e-07
2.400000000000e-03,8.319552153433e-06
8.000000000000e-04,1.084506264412e-07
1.200000000000e-03,1.973139429399e-06
4.000000000000e-04,4.077201843298e-07
4.000000000000e-04,8.874741833054e-08
4.000000000000e-04,1.229725326710e-06
1.200000000000e-03,1.304206893535e-06
4.000000000000e-04,3.510570967352e-08
4.000000000000e-04,5.490060924762e-08
8.000000000000e-04,2.371486544176e-06
4.000000000000e-04,4.184295816390e-07
4.000000000000e-04,6.684849410454e-08
1.200000000000e-03,9.827032766501e-07
8.000000000000e-04,1.114591145581e-06
4.800000000000e-03,7.281228438278e-06
9.600000000000e-03,3.192788644536e-05
2.000000000000e-03,2.104048387933e-06
1.200000000000e-03,1.176733915313e-06
4.000000000000e-04,1.560141863996e-07
4.000000000000e-04,3.143073135313e-07
4.000000000000e-04,5.794227335770e-07
8.000000000000e-04,4.395256983507e-07
8.000000000000e-04,2.415994338767e-07
8.000000000000e-04,1.972441861552e-07
4.000000000000e-04,2.881568247745e-07
4.000000000000e-04,4.827107356198e-08
4.000000000000e-04,2.106411600911e-07
4.000000000000e-04,1.806224021874e-07
4.000000000000e-04,1.028538242997e-06
8.400000000000e-03,3.603867078716e-05
4.000000000000e-04,8.457115092619e-09
3.600000000000e-03,4.618776644061e-06
3.600000000000e-03,1.253442531905e-05
4.000000000000e-04,2.255220923195e-07
4.000000000000e-04,6.729148314706e-08
1.200000000000e-03,1.328158717016e-06
1.160000000000e-02,5.038700796899e-05
8.000000000000e-04,4.711090988786e-07
4.000000000000e-04,6.533894450044e-07
3.120000000000e-02,1.813028873458e-04
2.400000000000e-03,5.708319402500e-06
1.600000000000e-03,1.556605164269e-06
4.000000000000e-04,1.696132708588e-07
8.000000000000e-04,7.601999771412e-07
4.000000000000e-04,6.374721733541e-07
4.000000000000e-04,7.331541087377e-07
1.600000000000e-03,2.377642413211e-06
4.000000000000e-04,3.329420896823e-07
6.000000000000e-03,9.433895023870e-06
4.000000000000e-04,1.597249708063e-07
2.400000000000e-03,4.849862184162e-06
4.000000000000e-04,7.659944963213e-08
4.000000000000e-04,9.207943824974e-10
4.000000000000e-04,7.178212671904e-07
4.000000000000e-04,3.470619359078e-08
1.200000000000e-03,2.087871329255e-06
1.600000000000e-03,3.773617340966e-06
3.200000000000e-03,1.127148111173e-05
8.000000000000e-04,8.755019912003e-07
4.000000000000e-04,6.006807279335e-07
4.000000000000e-04,1.215339691475e-06
4.000000000000e-04,6.296435132465e-07
8.000000000000e-04,8.805189311672e-07
8.000000000000e-04,1.409039110128e-06
1.200000000000e-03,1.271426852637e-06
4.000000000000e-04,1.983540031246e-07
8.000000000000e-04,1.063588945826e-06
4.000000000000e-04,9.847087566103e-08
8.000000000000e-04,1.441887994501e-06
4.000000000000e-04,1.808637547225e-07
1.600000000000e-03,2.497411989270e-06
4.000000000000e-04,7.723894021386e-07
4.000000000000e-04,1.385890603424e-07
4.000000000000e-04,9.200436833098e-07
2.000000000000e-03,4.256926167895e-06
4.000000000000e-04,6.377160618306e-07
4.000000000000e-04,4.074223174080e-08
8.000000000000e-04,2.175706016316e-07
4.000000000000e-04,5.726987915483e-07
4.000000000000e-04,2.630488923583e-09
1.600000000000e-03,1.529918533262e-06
4.000000000000e-04,1.861309499128e-07
2.000000000000e-03,2.189356520828e-06
4.000000000000e-04,3.123353614986e-08
1.200000000000e-03,6.972252234586e-07
4.000000000000e-04,1.516114873019e-07
4.000000000000e-04,2.781452582072e-07
1.600000000000e-03,2.067017696527e-06
8.000000000000e-04,1.950966736875e-06
4.000000000000e-04,2.733988709710e-07
4.000000000000e-04,8.686775234757e-07
4.000000000000e-04,4.127521661261e-07
4.000000000000e-04,1.698853969315e-07
4.000000000000e-03,9.990746502694e-06
1.200000000000e-03,1.112282258042e-06
1.600000000000e-03,4.664933827337e-06
4.000000000000e-04,3.382135254564e-07
8.000000000000e-04,9.941233275061e-08
8.000000000000e-04,7.130639814124e-07
4.000000000000e-04,4.302618619884e-07
4.000000000000e-04,6.203653265980e-08
8.000000000000e-04,9.036198725651e-07
4.000000000000e-04,1.021207835603e-08
2.000000000000e-03,1.542226849432e-06
8.000000000000e-04,5.716733525277e-07
4.000000000000e-04,1.432829222860e-07
4.000000000000e-04,4.897183794125e-07
4.000000000000e-04,6.102260369058e-07
2.340000000000e-01,3.046840837697e-03
4.000000000000e-04,3.096200568531e-07
4.000000000000e-04,3.830798349880e-07
4.000000000000e-04,3.167589086220e-07
8.000000000000e-04,8.763801690746e-07
4.000000000000e-04,6.242397523050e-07
4.000000000000e-04,1.057596339750e-07
4.000000000000e-04,2.421612721844e-07
4.000000000000e-04,1.509435242989e-07
1.200000000000e-03,8.228323441164e-07
1.200000000000e-03,1.059369456596e-06
1.520000000000e-02,6.830779952618e-05
8.000000000000e-04,1.661268353575e-06
4.000000000000e-04,1.506732197508e-08
2.480000000000e-02,1.489332437694e-04
2.000000000000e-03,7.816025070728e-06
4.000000000000e-04,3.088250067912e-07
4.400000000000e-03,9.642782542988e-06
3.600000000000e-03,6.527234655422e-06
5.200000000000e-03,1.574061836024e-05
8.000000000000e-04,2.544087689425e-06
4.000000000000e-04,1.037576647124e-07
4.000000000000e-04,1.338532661165e-07
4.000000000000e-04,7.305854724837e-09
4.000000000000e-04,1.930493225433e-07
4.000000000000e-04,2.457082084855e-07
2.400000000000e-03,7.818232264334e-06
4.000000000000e-04,2.906914148016e-08
4.000000000000e-04,2.191984358034e-07
4.000000000000e-04,1.589688075130e-07
4.000000000000e-04,3.658587114803e-07
4.000000000000e-04,2.373440870631e-08
8.000000000000e-04,3.455974333202e-07
1.200000000000e-03,2.298947555841e-06
8.000000000000e-04,9.983031402004e-07
4.000000000000e-04,5.174675543046e-07
1.600000000000e-03,3.255317602542e-06
8.000000000000e-04,1.749705032934e-06
8.000000000000e-04,8.527983864355e-07
4.000000000000e-04,2.724101602054e-08
1.600000000000e-03,1.032759596474e-06
4.000000000000e-04,1.106025040389e-06
4.000000000000e-04,9.555856759750e-08
8.000000000000e-04,7.980978103086e-07
4.000000000000e-04,1.003627206707e-07
8.000000000000e-04,9.364297499620e-07
8.000000000000e-04,4.941924187799e-07
1.200000000000e-03,1.139110023245e-06
4.000000000000e-04,6.244889816646e-08
4.000000000000e-04,2.449850236567e-07
4.000000000000e-04,5.958889554758e-07
4.000000000000e-04,1.559742394483e-07
4.000000000000e-04,1.052579095415e-07
8.000000000000e-04,4.840867376812e-07
4.000000000000e-04,4.426212759157e-07
4.000000000000e-04,7.652335212784e-07
8.000000000000e-04,1.537055560568e-06
4.000000000000e-04,6.023158288085e-08
4.000000000000e-04,8.499968439456e-07
3.200000000000e-03,8.403189712613e-06
8.000000000000e-04,4.221090488315e-07
4.000000000000e-04,8.072529238561e-07
4.000000000000e-04,6.341575899488e-08
8.000000000000e-04,7.379093264212e-07
4.000000000000e-04,4.872101243256e-07
4.000000000000e-04,4.249303461557e-07
4.000000000000e-04,5.347851676005e-07
1.000000000000e-02,3.601678366356e-05
4.000000000000e-04,3.585236767407e-07
2.800000000000e-03,5.721252034709e-06
4.000000000000e-04,3.280495092461e-07
4.000000000000e-04,3.998652967673e-08
4.000000000000e-04,1.506303397701e-08
2.000000000000e-03,4.081802193762e-06
3.200000000000e-03,4.668107313181e-06
2.000000000000e-03,4.235137853501e-06
4.000000000000e-04,2.574903737503e-07
4.000000000000e-04,7.635433439058e-08
4.000000000000e-04,1.992770927818e-07
4.000000000000e-04,5.971002188724e-07
4.000000000000e-04,9.598874537786e-09
1.600000000000e-03,2.162077577208e-06
4.000000000000e-04,3.039423960440e-07
4.000000000000e-04,3.605211054798e-07
4.000000000000e-04,7.023104026137e-07
4.000000000000e-04,6.875083387331e-07
8.000000000000e-04,1.220270118182e-06
4.000000000000e-04,4.666710736219e-07
4.000000000000e-04,1.369504257661e-07
1.200000000000e-03,2.419745535740e-06
4.000000000000e-04,5.885688044359e-07
4.000000000000e-04,2.261555493317e-07
4.000000000000e-04,2.164014304187e-07
4.000000000000e-04,2.069686681084e-07
4.000000000000e-04,7.870228495778e-07
4.000000000000e-04,1.260565269802e-07
4.000000000000e-04,5.546690246556e-07
8.000000000000e-04,4.867862103152e-07
2.800000000000e-03,5.201990452913e-06
4.000000000000e-04,3.168156787665e-07
4.000000000000e-04,3.869853925325e-07
1.600000000000e-03,1.540565233885e-06
1.600000000000e-03,2.212977316049e-06
4.000000000000e-04,3.546339852309e-07
4.000000000000e-04,4.813562346113e-07
4.000000000000e-04,1.677316186985e-07
4.000000000000e-04,3.217697147301e-07
2.000000000000e-03,6.923976343801e-06
5.200000000000e-03,9.813983905680e-06
4.000000000000e-04,5.254983950895e-07
4.000000000000e-04,8.469103098028e-07
4.000000000000e-04,1.049458148364e-07
8.000000000000e-04,5.286171276555e-07
8.000000000000e-04,7.173671192880e-07
8.000000000000e-04,2.298707632484e-06
4.000000000000e-04,7.328084602153e-07
2.000000000000e-03,3.242831604236e-06
4.000000000000e-04,9.602729791066e-07
4.000000000000e-04,1.107531147152e-07
4.000000000000e-04,6.396497193381e-07
4.000000000000e-04,8.801103533824e-07
4.000000000000e-03,1.177757417506e-05
3.600000000000e-03,1.098195497454e-05
8.000000000000e-04,3.493880850163e-07
4.000000000000e-04,6.097467152022e-09
2.400000000000e-03,7.464559208152e-06
4.000000000000e-04,2.530259640345e-07
4.000000000000e-04,2.660371136072e-07
4.000000000000e-04,8.429647719473e-07
1.200000000000e-03,2.381776560561e-06
4.000000000000e-04,1.647998244733e-07
4.000000000000e-04,4.040162715423e-07
4.000000000000e-04,2.236705565583e-07
4.000000000000e-04,1.815325722667e-08
8.000000000000e-04,7.591860086765e-07
4.000000000000e-04,3.426944401373e-07
4.000000000000e-04,1.750458905522e-08
2.000000000000e-03,2.629759327350e-06
1.600000000000e-03,3.325182499778e-06
4.000000000000e-04,1.956583931038e-07
4.000000000000e-04,9.478800455538e-08
4.000000000000e-04,4.479239501266e-07
1.200000000000e-03,1.354160030015e-06
4.000000000000e-04,1.990706686387e-06
4.000000000000e-04,1.321389145328e-08
1.200000000000e-03,2.594284539489e-06
4.000000000000e-04,3.629957707592e-08
4.000000000000e-04,2.509426540147e-07
4.000000000000e-04,1.835307938563e-07
4.000000000000e-04,5.580131512091e-08
4.000000000000e-04,5.037282343230e-07
2.000000000000e-03,3.294487191796e-06
4.000000000000e-04,2.483348814484e-08
4.000000000000e-04,5.441648215976e-07
4.000000000000e-04,1.116570608594e-07
4.000000000000e-04,7.880916905862e-08
3.600000000000e-03,1.620818295971e-05
4.000000000000e-04,1.016757479926e-07
2.240000000000e-02,1.012189101846e-04
4.000000000000e-04,2.433786084158e-07
4.000000000000e-04,1.530628159868e-07
4.000000000000e-04,6.216904444639e-07
4.000000000000e-04,3.438245447156e-07
4.000000000000e-04,2.647423286934e-07
4.000000000000e-04,4.873330449412e-07
1.200000000000e-03,2.009624913375e-06
4.000000000000e-04,1.852069596341e-07
8.000000000000e-04,2.132961471138e-06
4.000000000000e-04,5.096052903954e-07
4.000000000000e-04,3.633599259996e-07
4.000000000000e-04,1.635409082633e-07
4.000000000000e-04,1.479012780840e-07
8.000000000000e-04,1.623862068250e-06
4.000000000000e-04,6.276932195421e-08
4.000000000000e-04,3.103258671347e-07
4.000000000000e-04,2.152690191006e-07
4.000000000000e-03,8.624716786197e-06
4.000000000000e-04,9.104604636864e-08
4.000000000000e-04,2.702413077893e-07
4.000000000000e-04,3.090211161560e-09
1.200000000000e-03,6.977435325288e-07
1.160000000000e-02,2.533509603989e-05
1.200000000000e-03,8.951313610993e-07
4.000000000000e-04,1.388368475936e-07
4.000000000000e-04,4.877398926169e-08
4.000000000000e-04,1.220658854641e-07
4.000000000000e-04,4.386347166838e-08
4.000000000000e-04,4.331928118959e-07
2.000000000000e-03,1.834063172482e-06
4.000000000000e-04,2.864776990397e-07
1.640000000000e-02,4.929552104444e-05
2.400000000000e-03,7.625137729406e-06
3.200000000000e-03,4.493958582687e-06
4.000000000000e-04,1.759781030661e-07
4.000000000000e-04,1.095026071767e-07
4.000000000000e-04,5.847366985512e-09
8.000000000000e-04,1.674758712458e-06
4.000000000000e-04,2.580688300081e-08
4.000000000000e-04,4.373543940924e-07
5.600000000000e-03,1.831372648778e-05
4.000000000000e-04,1.461219528952e-07
4.000000000000e-04,2.631269559976e-07
1.600000000000e-03,2.721175417245e-06
4.000000000000e-04,2.705005505059e-07
4.000000000000e-04,5.240625291586e-07
4.000000000000e-04,8.458649552533e-07
8.000000000000e-04,1.458554299737e-06
4.000000000000e-04,1.310962875687e-07
6.000000000000e-03,1.292754563056e-05
2.400000000000e-03,4.259709585256e-06
8.000000000000e-04,7.049251624153e-07
4.000000000000e-04,5.485309074723e-07
4.000000000000e-04,5.421641804284e-07
8.000000000000e-04,5.881572083067e-07
4.000000000000e-04,3.635386787306e-07
4.000000000000e-04,2.960318800858e-07
4.000000000000e-04,3.527430161062e-08
8.000000000000e-04,1.204631306849e-06
1.600000000000e-03,1.645208402443e-06
4.000000000000e-04,1.818853969644e-07
4.000000000000e-04,4.372159567484e-08
4.000000000000e-04,4.547021934785e-07
8.000000000000e-04,5.474077302770e-07
1.680000000000e-02,4.308841278349e-05
4.000000000000e-04,1.607468812199e-07
8.000000000000e-04,9.313015904327e-07
8.000000000000e-04,4.574169678355e-07
4.000000000000e-04,4.347599318362e-08
4.000000000000e-04,1.331598032380e-07
4.000000000000e-04,3.288278563875e-08
4.000000000000e-04,8.331139207655e-08
8.000000000000e-04,1.029576968259e-06
4.000000000000e-04,1.080636532068e-06
4.000000000000e-04,2.047337419066e-07
4.000000000000e-04,4.602958024225e-07
4.000000000000e-04,2.477475824487e-07
3.600000000000e-03,6.174148069549e-06
4.000000000000e-04,1.425476476200e-07
4.000000000000e-04,3.667608745095e-07
4.000000000000e-04,2.510775841288e-07
4.000000000000e-04,4.778544711780e-07
4.000000000000e-04,6.352186938995e-07
4.000000000000e-04,6.171243773251e-07
8.000000000000e-04,1.248392802193e-06
4.000000000000e-04,1.260769527004e-07
4.000000000000e-04,5.548082344229e-07
2.400000000000e-03,7.178817341575e-06
4.000000000000e-04,3.922057115878e-07
4.000000000000e-04,5.198352880849e-07
4.000000000000e-04,5.721922562561e-07
4.000000000000e-04,2.023849242570e-07
4.000000000000e-04,4.061225428858e-07
3.200000000000e-03,5.548769182042e-06
4.000000000000e-04,4.578353390556e-07
3.600000000000e-03,1.042591250110e-05
4.000000000000e-04,1.858824771811e-07
4.000000000000e-04,2.546741490328e-07
1.200000000000e-03,1.162533674114e-06
4.000000000000e-04,3.720082644607e-08
4.000000000000e-04,1.099002994430e-06
4.000000000000e-04,8.407121111772e-08
4.000000000000e-04,1.347832975088e-07
4.000000000000e-04,4.578523054961e-08
1.200000000000e-03,2.015652365223e-06
4.000000000000e-04,7.251697101252e-08
4.000000000000e-04,3.092725726258e-07
4.000000000000e-04,4.875228151408e-07
4.000000000000e-04,5.386235530218e-07
4.000000000000e-04,1.628077916605e-07
8.000000000000e-04,1.407880537669e-06
8.000000000000e-04,7.499277135518e-07
8.000000000000e-04,6.153563460433e-07
4.000000000000e-04,1.046572142998e-07
8.000000000000e-04,9.856956927955e-07
4.000000000000e-04,1.104934006823e-07
4.000000000000e-04,3.956166442105e-07
8.000000000000e-04,3.513912308506e-07
4.000000000000e-04,5.526382502958e-07
4.000000000000e-04,1.797895308716e-07
2.400000000000e-03,3.825601288718e-06
2.400000000000e-03,6.024012714068e-06
4.000000000000e-04,3.416009238422e-07
8.000000000000e-04,3.727925260309e-07
4.000000000000e-04,3.697008892934e-07
3.200000000000e-03,6.590429741148e-06
4.000000000000e-04,1.181914500900e-07
4.000000000000e-04,8.632297570005e-08
4.000000000000e-04,5.343457970002e-08
8.000000000000e-04,8.727999629000e-07
8.000000000000e-04,5.104083475356e-07
5.600000000000e-03,1.295835151345e-05
4.000000000000e-04,6.872869526132e-07
1.200000000000e-03,2.811337805639e-06
4.400000000000e-03,1.263183156907e-05
8.000000000000e-04,4.380236990777e-07
4.000000000000e-04,1.901239679721e-07
4.000000000000e-04,4.488623991439e-07
4.000000000000e-04,2.404590769036e-08
3.200000000000e-03,8.524570290253e-06
1.600000000000e-03,2.862921699311e-06
8.000000000000e-04,8.151627812049e-07
4.000000000000e-04,4.179665281091e-07
4.000000000000e-04,2.679586587444e-08
2.800000000000e-03,6.527347379961e-06
2.400000000000e-03,5.803897451395e-06
4.000000000000e-04,2.809235919048e-07
6.800000000000e-03,1.778708673045e-05
4.000000000000e-04,4.219737852915e-07
2.000000000000e-03,3.943604743673e-06
4.000000000000e-03,1.306724863723e-05
4.000000000000e-04,2.812241778487e-07
4.000000000000e-04,4.469309112133e-07
4.000000000000e-04,2.611588742357e-07
1.600000000000e-03,4.352312270731e-06
4.400000000000e-03,7.123816808585e-06
4.000000000000e-04,4.060793238627e-07
4.000000000000e-04,1.654101647160e-07
8.000000000000e-04,1.023516562236e-07
8.000000000000e-04,1.107234590859e-06
1.720000000000e-02,7.923787712853e-05
4.000000000000e-04,4.284417763008e-07
1.200000000000e-03,1.640615050253e-06
4.000000000000e-04,1.745188569388e-07
4.000000000000e-04,5.326860187402e-07
1.200000000000e-03,1.662823163965e-06
1.240000000000e-02,5.360115877412e-05
1.880000000000e-02,1.094833893906e-04
4.000000000000e-04,5.127660334597e-07
4.000000000000e-04,1.575748484062e-07
4.000000000000e-04,6.061110641338e-07
4.000000000000e-04,1.720218866711e-07
1.160000000000e-02,5.237932327510e-05
4.000000000000e-04,5.720511974048e-07
4.000000000000e-04,5.590449579557e-08
4.000000000000e-04,1.814018558848e-07
4.000000000000e-04,4.195783930765e-08
2.800000000000e-03,9.810684983459e-06
1.200000000000e-03,2.088114576249e-06
4.000000000000e-04,5.067283071463e-08
1.200000000000e-03,2.274748840118e-06
8.000000000000e-04,4.425965526897e-07
4.000000000000e-04,4.683311540339e-08
1.100000000000e-01,1.002953362900e-03
4.000000000000e-04,1.977401403698e-07
1.200000000000e-03,2.387297032232e-06
8.000000000000e-04,9.629430678280e-07
4.000000000000e-04,1.381305890497e-07
1.680000000000e-02,7.519743262873e-05
4.000000000000e-04,6.270575502739e-07
4.000000000000e-04,9.509949034189e-07
1.600000000000e-03,3.474505181398e-06
4.000000000000e-04,4.531713167977e-07
8.000000000000e-04,1.448081511977e-06
4.000000000000e-04,1.672675888858e-07
2.720000000000e-02,2.451445154086e-04
4.000000000000e-04,3.399722714980e-07
1.200000000000e-03,1.425323048451e-06
8.000000000000e-04,1.039887038765e-06
4.000000000000e-04,2.690884426526e-09
4.000000000000e-04,4.385536412005e-08
8.000000000000e-04,1.140949030819e-06
4.000000000000e-04,1.507744683418e-08
4.000000000000e-04,1.855359712982e-07
4.000000000000e-04,3.504519922475e-07
4.000000000000e-04,4.663395206193e-07
4.000000000000e-04,1.336533388352e-08
3.200000000000e-03,4.741840892808e-06
1.600000000000e-03,4.448465627680e-06
6.400000000000e-03,1.680391996149e-05
8.000000000000e-04,4.017917212863e-07
8.000000000000e-04,1.541502284415e-06
1.600000000000e-03,4.659974375346e-06
4.000000000000e-04,1.205197954909e-07
4.000000000000e-04,7.481160884930e-08
2.080000000000e-02,1.191914769973e-04
4.000000000000e-04,1.671153992438e-07
4.000000000000e-03,5.027705457777e-06
4.000000000000e-04,5.012674917974e-07
4.000000000000e-04,4.926902678904e-07
8.000000000000e-04,1.089500810638e-06
4.000000000000e-04,9.650774371683e-09
4.000000000000e-04,2.331628432135e-07
8.000000000000e-04,1.562029703626e-07
8.000000000000e-04,6.825778170951e-07
3.600000000000e-03,7.974476399179e-06
4.000000000000e-04,3.361682618261e-08
1.600000000000e-03,5.071973254922e-06
8.000000000000e-04,1.223288664781e-06
1.200000000000e-03,1.790909262926e-06
4.000000000000e-04,6.709950370261e-08
4.000000000000e-04,1.492292407949e-08
8.000000000000e-04,1.761246560318e-07
1.200000000000e-03,3.376782996475e-06
4.000000000000e-04,2.014511904015e-07
8.000000000000e-04,9.043003933826e-07
4.000000000000e-04,8.505373281948e-08
4.000000000000e-04,5.675871134441e-08
8.000000000000e-04,7.659173324834e-07
1.200000000000e-03,2.927283233687e-06
4.000000000000e-04,3.436763388282e-07
4.000000000000e-04,1.619711889604e-07
4.000000000000e-04,3.328507928855e-07
4.000000000000e-04,9.317304098562e-08
4.000000000000e-04,3.102958307303e-08
1.600000000000e-03,2.419826232141e-06
1.600000000000e-03,3.730721998325e-06
4.000000000000e-04,2.203036621134e-07
4.000000000000e-04,3.297244819079e-07
4.000000000000e-04,1.861918580115e-07
1.600000000000e-03,1.608500743295e-06
1.600000000000e-03,1.572311314460e-06
1.200000000000e-03,2.076555273438e-06
4.000000000000e-04,1.105390908870e-07
8.000000000000e-04,4.590124261487e-07
4.000000000000e-04,5.505344133778e-07
4.000000000000e-04,8.547498088950e-07
7.600000000000e-03,2.263486262359e-05
1.200000000000e-03,2.485248216905e-06
4.000000000000e-04,3.709732549698e-07
4.000000000000e-04,2.341016702884e-07
4.000000000000e-04,6.329091347824e-07
8.000000000000e-04,1.433538230738e-06
8.000000000000e-04,7.579551340777e-07
1.600000000000e-03,2.282278433295e-06
2.000000000000e-03,3.598538670657e-06
1.600000000000e-03,5.641047284258e-06
2.800000000000e-03,9.472262564772e-06
7.200000000000e-03,2.027533319913e-05
4.000000000000e-04,6.638378041935e-07
4.000000000000e-04,1.749084592900e-07
4.000000000000e-04,6.483697299553e-07
4.000000000000e-04,1.103271158364e-07
4.000000000000e-04,1.110300709721e-07
4.000000000000e-04,3.904991716409e-07
4.000000000000e-04,9.818732566851e-07
4.000000000000e-04,4.110474609514e-08
4.000000000000e-04,2.798267330706e-07
2.000000000000e-03,9.158301987806e-07
4.000000000000e-04,1.083023087375e-07
4.000000000000e-04,3.006637203715e-08
8.000000000000e-04,1.100812226683e-06
1.600000000000e-03,2.612262305063e-06
2.400000000000e-03,3.799109785457e-06
4.000000000000e-04,3.537727772168e-07
1.200000000000e-03,9.391443427424e-07
2.400000000000e-03,6.778871836580e-06
4.000000000000e-04,2.788649793004e-07
4.000000000000e-04,4.276963486109e-08
1.560000000000e-02,9.186251004995e-05
4.000000000000e-04,4.401474527484e-07
4.000000000000e-04,4.314538373779e-07
4.000000000000e-04,6.702303284225e-07
4.000000000000e-04,1.960123917879e-07
4.000000000000e-04,2.107562301182e-08
4.000000000000e-04,1.358487776921e-07
8.000000000000e-04,3.610614651832e-07
4.000000000000e-04,1.081735205174e-06
4.000000000000e-04,5.961165219044e-07
4.000000000000e-04,7.445488675650e-07
4.000000000000e-04,5.096243382377e-07
4.000000000000e-04,9.986110211009e-08
3.600000000000e-03,3.699881285090e-06
4.000000000000e-04,6.251515763069e-07
4.000000000000e-04,3.312886480419e-07
4.000000000000e-04,2.799900431971e-07
4.000000000000e-04,7.779064281973e-07
4.000000000000e-04,4.557054698164e-07
2.000000000000e-03,2.515888573903e-06
4.000000000000e-04,2.409506847959e-07
1.200000000000e-03,1.447398204273e-06
4.000000000000e-04,7.077237721416e-08
8.000000000000e-04,1.112978750289e-06
1.200000000000e-03,2.116414580250e-06
4.000000000000e-04,2.584163326080e-07
4.000000000000e-04,5.498896395267e-07
2.400000000000e-03,6.718433109543e-06
4.000000000000e-04,1.079003846929e-07
8.000000000000e-04,6.394004033410e-07
1.200000000000e-03,4.621479306538e-06
8.000000000000e-04,1.722671786759e-06
4.000000000000e-04,3.129134094313e-07
4.000000000000e-04,6.610462931297e-07
4.000000000000e-04,1.012358122050e-08
4.000000000000e-04,3.278436317557e-07
1.200000000000e-03,1.638069120001e-06
4.000000000000e-04,3.017758826005e-07
1.200000000000e-03,3.140364246116e-07
4.000000000000e-04,6.783377939072e-07
4.000000000000e-04,1.951367065391e-08
8.000000000000e-04,1.091497422226e-06
4.000000000000e-04,2.549629031938e-07
4.000000000000e-04,7.443456221201e-07
4.000000000000e-04,3.048760582470e-08
5.200000000000e-03,9.009308328555e-06
4.000000000000e-04,5.520740624756e-08
4.000000000000e-04,2.656108235236e-07
8.000000000000e-04,8.489587085439e-07
2.400000000000e-03,5.329037313069e-06
4.000000000000e-04,2.531364745464e-08
4.000000000000e-04,2.088820211335e-07
4.000000000000e-04,8.921869007733e-07
4.000000000000e-04,1.544104818908e-07
3.600000000000e-03,8.590652413256e-06
5.200000000000e-03,1.729470128974e-05
4.000000000000e-04,7.642539551225e-07
4.000000000000e-04,2.778312839895e-07
1.200000000000e-03,8.676209158594e-07
4.000000000000e-04,3.380481546836e-07
4.000000000000e-04,5.913818375847e-07
4.000000000000e-04,2.947802074742e-07
8.000000000000e-04,7.846611214718e-07
5.200000000000e-03,7.999286693672e-06
4.000000000000e-04,1.815432593087e-08
1.200000000000e-03,3.897702507152e-07
2.000000000000e-03,7.231300896564e-06
4.000000000000e-04,5.059848368115e-07
8.000000000000e-04,1.193705624523e-06
4.000000000000e-04,4.216758818916e-07
4.000000000000e-04,4.824741823131e-08
4.000000000000e-04,3.100528277385e-07
4.000000000000e-04,2.994868548323e-07
4.000000000000e-04,2.756441569220e-07
4.000000000000e-04,7.175160519171e-08
1.200000000000e-03,1.614236827036e-06
4.000000000000e-04,1.947574341116e-07
1.600000000000e-03,3.009303533472e-06
1.200000000000e-03,2.498138806586e-06
4.000000000000e-04,8.667074845599e-07
4.000000000000e-04,3.608713124000e-07
4.000000000000e-04,6.140727415915e-09
1.200000000000e-03,1.144158028186e-06
4.000000000000e-04,4.301348803848e-07
4.000000000000e-04,1.603169072315e-08
4.000000000000e-04,5.622760991748e-07
4.000000000000e-04,8.585869837896e-09
4.000000000000e-04,1.918122066944e-07
2.400000000000e-03,2.130768915495e-06
4.000000000000e-04,2.954516889433e-07
8.000000000000e-04,3.046311771479e-07
4.000000000000e-04,3.057783150585e-07
7.600000000000e-03,1.487632635332e-05
4.000000000000e-04,1.496445443879e-07
4.000000000000e-04,9.409829384999e-09
8.000000000000e-04,1.150037409673e-06
4.000000000000e-04,4.990458991572e-07
4.000000000000e-04,1.683617660912e-07
4.000000000000e-04,4.176463619822e-07
2.800000000000e-03,4.729246354788e-06
4.000000000000e-04,1.001155083533e-07
4.000000000000e-04,8.454705787546e-07
1.200000000000e-03,2.909027138874e-06
4.000000000000e-04,3.217272724882e-08
4.000000000000e-04,3.832095393413e-07
3.200000000000e-03,5.328450929089e-06
8.320000000000e-01,3.197186256365e-02
4.000000000000e-04,1.882048002704e-08
1.120000000000e-02,2.325041247191e-05
4.000000000000e-04,8.573949750508e-07
1.600000000000e-03,3.522375478390e-06
4.000000000000e-04,2.445222902446e-07
4.000000000000e-04,3.540590050887e-08
1.200000000000e-03,2.065054540938e-06
4.000000000000e-04,8.164924090546e-07
4.000000000000e-04,3.187148075634e-07
4.000000000000e-04,5.014529418514e-07
4.000000000000e-04,1.471797698741e-06
8.000000000000e-04,1.069840104684e-06
4.000000000000e-04,5.502077926677e-07
4.000000000000e-04,1.806030458679e-07
4.000000000000e-04,1.504175950976e-06
8.000000000000e-04,2.112265002091e-06
1.200000000000e-03,8.409565709265e-07
8.000000000000e-04,7.208663974713e-07
4.400000000000e-03,1.153674311261e-05
8.000000000000e-04,1.584014518589e-06
2.400000000000e-03,5.248478939445e-06
4.000000000000e-04,2.983146139432e-07
1.160000000000e-02,3.037801469732e-05
4.000000000000e-04,1.485577909760e-07
4.000000000000e-04,2.175548655101e-07
4.000000000000e-04,2.418545840537e-08
4.000000000000e-04,7.259448705928e-07
4.000000000000e-04,3.675807107683e-07
4.000000000000e-04,5.229608744351e-07
4.000000000000e-04,1.196698038819e-08
4.000000000000e-04,6.019977314777e-07
1.200000000000e-03,1.113012331201e-06
2.400000000000e-03,3.753775373383e-06
4.000000000000e-04,1.374060746573e-06
4.000000000000e-04,1.583578214040e-07
8.000000000000e-04,5.828309179559e-07
4.000000000000e-04,6.090215580384e-07
8.000000000000e-04,7.932854077750e-07
4.000000000000e-04,2.614759842773e-07
5.600000000000e-03,1.228885789024e-05
8.000000000000e-04,8.708542055113e-07
4.000000000000e-04,5.888542834388e-07
4.000000000000e-04,8.028793864608e-07
4.000000000000e-04,6.943479988938e-07
8.000000000000e-04,1.026698720936e-06
5.600000000000e-03,7.925780124800e-06
4.000000000000e-04,4.051874583985e-08
8.000000000000e-04,2.104332521075e-07
1.200000000000e-03,7.708561649118e-07
4.000000000000e-04,2.921449083946e-07
4.000000000000e-04,1.274527464213e-07
4.000000000000e-04,5.887896173940e-07
4.000000000000e-04,4.318410737093e-07
8.000000000000e-04,5.153828944144e-07
1.200000000000e-03,2.288101925287e-06
4.000000000000e-04,9.528086890709e-08
4.000000000000e-04,6.202259039872e-07
4.000000000000e-04,5.127385915892e-08
4.000000000000e-04,1.907452257895e-07
4.000000000000e-04,2.010342206306e-07
4.000000000000e-04,5.793760154874e-07
4.000000000000e-04,5.148794228183e-07
4.000000000000e-04,1.082220498893e-06
8.000000000000e-04,1.648478548950e-06
4.000000000000e-04,4.303302172422e-07
8.000000000000e-04,3.359001085324e-07
4.000000000000e-04,1.400681052267e-07
4.000000000000e-04,1.441977475533e-07
3.600000000000e-03,1.595294763097e-05
4.000000000000e-04,2.709741703801e-07
5.600000000000e-03,2.066942846345e-05
4.000000000000e-04,1.936317458213e-07
4.000000000000e-04,2.500851638175e-07
8.000000000000e-04,2.571563996185e-06
4.000000000000e-04,4.177060696346e-07
4.000000000000e-04,8.388588638000e-07
4.000000000000e-04,5.706605667530e-07
4.000000000000e-04,4.211605242545e-07
4.000000000000e-04,2.094485451181e-08
4.000000000000e-04,1.571182351638e-08
4.000000000000e-04,3.683654562627e-08
8.000000000000e-04,1.853531558110e-06
8.000000000000e-04,5.340848118863e-07
8.000000000000e-04,4.206016671889e-07
8.000000000000e-04,9.580895511856e-07
4.000000000000e-04,5.452343016569e-07
8.000000000000e-04,1.236647509954e-06
1.600000000000e-03,2.022473199077e-06
4.000000000000e-04,4.657196933511e-07
4.000000000000e-04,5.274082954640e-08
4.000000000000e-04,1.006514559994e-06
1.600000000000e-03,2.163535370308e-06
4.000000000000e-04,1.380381699914e-07
4.000000000000e-04,3.662305563775e-08
4.000000000000e-04,1.178226926190e-07
5.600000000000e-03,8.249013032892e-06
4.000000000000e-04,4.055866895150e-08
4.000000000000e-04,2.078738336468e-07
5.600000000000e-03,1.085754552760e-05
8.000000000000e-04,9.794196161290e-07
1.600000000000e-03,2.835222756581e-06
2.400000000000e-03,3.078417978682e-06
1.600000000000e-03,1.831916741618e-06
4.000000000000e-04,7.647733566442e-08
4.000000000000e-04,4.331259031741e-08
8.000000000000e-04,2.706610590743e-07
4.000000000000e-04,9.026136134875e-07
4.000000000000e-04,3.335898490422e-08
1.200000000000e-03,2.541668537923e-06
4.000000000000e-04,2.362002537064e-07
3.200000000000e-03,1.626444854213e-05
4.000000000000e-04,4.751478199339e-08
4.000000000000e-04,2.365844022080e-07
4.000000000000e-04,1.837443036218e-07
2.000000000000e-03,3.650472948299e-06
4.000000000000e-04,8.886772191288e-08
4.000000000000e-04,3.091440370456e-08
4.000000000000e-04,4.377769416205e-08
4.000000000000e-04,5.117874590422e-08
1.600000000000e-03,1.346108749853e-06
4.000000000000e-04,5.026953942984e-08
4.000000000000e-04,1.409273477247e-07
4.000000000000e-04,4.615890050413e-07
1.600000000000e-03,1.965599103917e-06
7.600000000000e-03,1.995564621146e-05
4.000000000000e-04,8.549644455223e-07
4.000000000000e-04,2.918209045581e-07
3.200000000000e-03,5.240678156027e-06
1.200000000000e-03,8.184569852816e-07
4.000000000000e-04,2.026140570105e-07
1.600000000000e-03,2.679543965798e-06
4.000000000000e-04,2.889260059900e-07
4.000000000000e-04,3.618470504763e-07
1.200000000000e-03,1.579932210432e-06
4.000000000000e-04,5.510842135808e-07
8.000000000000e-04,6.978992158953e-07
9.200000000000e-03,3.196914131882e-05
1.600000000000e-03,1.518883606314e-06
8.000000000000e-04,1.242257818470e-06
1.080000000000e-02,3.800340613508e-05
2.400000000000e-03,3.284424758326e-06
4.000000000000e-04,5.369933846308e-07
4.000000000000e-04,5.958888635080e-08
4.000000000000e-04,3.974024986115e-07
1.600000000000e-03,2.870056131185e-06
4.000000000000e-04,8.385690445861e-08
4.000000000000e-04,1.995013574602e-08
1.200000000000e-03,2.173298281709e-06
6.800000000000e-03,3.045141828374e-05
4.000000000000e-04,4.558362736319e-07
4.000000000000e-04,1.310656030567e-07
4.000000000000e-04,7.446857857984e-09
4.000000000000e-04,5.572883380664e-07
2.000000000000e-03,2.985509940361e-06
8.000000000000e-04,8.250581657516e-07
1.200000000000e-03,1.255874673957e-06
4.000000000000e-04,2.985334573399e-07
4.000000000000e-04,1.151029066495e-06
7.200000000000e-03,1.873154500460e-05
4.000000000000e-04,2.352183310824e-07
1.960000000000e-02,6.946268848288e-05
4.000000000000e-04,3.827485775569e-07
8.000000000000e-04,2.726422300496e-06
6.800000000000e-03,1.164413554831e-05
1.200000000000e-03,2.807038491299e-07
1.200000000000e-03,1.775981136384e-06
8.000000000000e-04,1.441653895303e-06
8.400000000000e-03,3.372687257934e-05
4.000000000000e-04,1.126503462155e-06
4.000000000000e-04,6.860094267491e-09
4.000000000000e-04,9.121915029527e-08
4.000000000000e-04,2.051752837321e-07
4.000000000000e-04,5.326272308888e-07
4.000000000000e-04,3.383951728650e-07
4.000000000000e-04,1.614262539922e-07
4.000000000000e-04,6.354489443585e-07
4.000000000000e-04,7.690395153358e-07
4.000000000000e-04,5.450155056441e-07
4.000000000000e-04,3.850730555797e-07
4.000000000000e-04,7.984915636965e-08
4.000000000000e-04,9.119240489797e-08
8.000000000000e-04,1.053814893545e-06
1.200000000000e-03,6.878273944841e-07
4.000000000000e-04,1.972251479419e-07
8.000000000000e-04,1.352635067264e-06
4.000000000000e-04,3.538537711153e-07
4.000000000000e-04,4.620070184727e-08
4.000000000000e-04,3.904504263561e-07
1.200000000000e-03,1.262547533639e-06
4.000000000000e-04,2.520096409502e-08
4.000000000000e-04,3.459599965831e-07
2.800000000000e-03,8.780921539818e-06
4.000000000000e-04,4.127336108556e-07
4.000000000000e-04,5.350698863267e-07
8.000000000000e-04,5.517673534833e-07
4.000000000000e-04,5.481114296100e-07
1.600000000000e-03,7.408128742543e-06
4.000000000000e-04,2.087155007440e-08
4.000000000000e-04,3.747500885172e-07
4.000000000000e-04,6.005489566812e-07
4.000000000000e-04,2.170185175302e-07
4.000000000000e-04,1.919807023401e-07
1.200000000000e-03,1.523569984842e-06
1.600000000000e-03,7.745602703399e-07
1.600000000000e-03,2.208654230961e-06
1.200000000000e-03,9.941604751995e-07
4.000000000000e-04,9.672786483752e-08
4.000000000000e-04,5.705315474172e-08
2.800000000000e-03,1.090312672715e-05
8.000000000000e-04,6.993512081394e-07
4.000000000000e-04,2.029422884831e-07
8.000000000000e-04,8.859812100247e-07
1.600000000000e-03,8.875951830238e-07
2.000000000000e-03,2.400183976122e-06
2.800000000000e-03,3.868031506605e-06
2.800000000000e-03,7.139667034629e-06
1.600000000000e-03,1.113357748917e-06
1.200000000000e-03,2.248550344609e-06
4.000000000000e-04,3.293314217686e-07
4.000000000000e-04,6.103511710754e-08
4.000000000000e-04,2.464471380359e-07
4.000000000000e-04,3.076726030579e-07
4.000000000000e-04,7.155068677440e-08
8.000000000000e-04,1.054694789555e-06
4.000000000000e-04,2.665472531771e-07
4.000000000000e-04,3.750118340368e-07
4.000000000000e-04,4.837692191423e-07
2.800000000000e-03,8.625536737770e-06
4.000000000000e-04,7.950941979503e-07
8.000000000000e-04,1.822457563713e-06
4.000000000000e-04,3.075546053814e-07
4.000000000000e-04,2.845904885259e-07
4.000000000000e-04,5.905143130457e-07
4.000000000000e-04,1.921875249907e-07
8.000000000000e-04,1.156042436026e-06
4.000000000000e-04,4.948349081575e-08
4.000000000000e-04,6.675709390432e-07
8.000000000000e-04,7.228401616020e-07
4.000000000000e-04,2.535509200940e-07
4.000000000000e-04,4.651948913425e-07
4.000000000000e-04,2.128276047034e-07
4.000000000000e-04,8.166276063624e-08
8.000000000000e-04,5.607162756045e-07
4.000000000000e-04,5.713236299698e-08
8.000000000000e-04,1.408627559965e-06
4.000000000000e-04,6.347512432639e-07
2.000000000000e-03,3.123930667390e-06
4.000000000000e-04,1.817623083163e-07
2.800000000000e-03,8.202625475711e-06
4.000000000000e-04,2.338671689201e-07
4.000000000000e-04,7.995082655914e-08
4.000000000000e-04,3.287155907315e-07
1.200000000000e-03,1.956722053012e-06
4.000000000000e-04,1.332199670705e-08
4.000000000000e-04,2.469421118391e-07
4.400000000000e-03,9.434712132953e-06
9.600000000000e-03,4.199891370732e-05
4.000000000000e-04,2.338242582111e-07
4.000000000000e-04,6.278597766466e-07
4.000000000000e-04,2.290414354904e-07
4.000000000000e-04,8.664720624729e-09
4.000000000000e-04,3.184631139432e-07
8.000000000000e-04,1.095964060931e-07
5.600000000000e-03,9.162599565427e-06
6.000000000000e-03,1.890607843013e-05
4.000000000000e-04,3.498474669025e-07
4.000000000000e-04,2.359501190249e-07
4.000000000000e-04,3.184083542384e-07
4.000000000000e-04,1.442471922693e-07
4.000000000000e-04,6.114049135658e-07
4.000000000000e-04,9.225974790716e-08
4.000000000000e-04,3.183867347339e-07
4.000000000000e-04,5.708642732889e-07
4.000000000000e-04,1.549863471475e-07
4.000000000000e-04,3.835612281106e-07
8.000000000000e-04,1.420369231542e-06
1.200000000000e-03,2.607900360932e-06
4.000000000000e-04,9.235392742653e-08
4.000000000000e-04,3.944705713126e-07
2.400000000000e-03,3.952239833788e-06
4.000000000000e-04,1.881579272016e-07
5.600000000000e-03,1.613622205127e-05
8.000000000000e-04,2.261305428851e-06
2.000000000000e-03,4.227694241493e-06
3.600000000000e-03,1.411728883623e-05
4.000000000000e-04,7.022125147598e-08
4.000000000000e-04,7.016752894166e-07
2.000000000000e-03,2.907911127610e-06
4.000000000000e-04,9.255828223780e-08
4.000000000000e-04,3.117365885739e-07
8.000000000000e-04,1.687073704267e-06
8.000000000000e-04,6.547032643557e-07
4.000000000000e-04,9.647562918208e-09
2.400000000000e-03,3.476451022279e-06
4.000000000000e-04,9.615269368098e-07
2.080000000000e-02,1.324583590884e-04
2.400000000000e-03,6.063587316328e-06
3.600000000000e-03,1.082681533322e-05
4.000000000000e-04,8.283153458217e-07
4.000000000000e-04,1.941082948575e-07
4.000000000000e-04,1.690464820549e-07
1.600000000000e-03,3.337990973282e-06
1.200000000000e-03,1.494614161672e-06
8.000000000000e-04,1.120092433725e-06
4.000000000000e-04,4.092994368799e-07
4.000000000000e-04,4.524900915754e-07
4.000000000000e-04,5.110983021564e-07
8.000000000000e-04,2.464463998870e-06
4.000000000000e-04,5.439096413878e-07
4.000000000000e-04,5.705628583883e-07
4.000000000000e-04,3.035282062219e-07
2.000000000000e-03,3.357255061295e-06
4.000000000000e-04,4.155747688452e-07
4.000000000000e-04,2.034994684728e-08
4.000000000000e-04,4.009849726865e-07
4.000000000000e-04,3.939424144785e-08
4.000000000000e-04,8.928974397642e-08
4.000000000000e-04,1.198424446242e-06
4.800000000000e-03,9.677932653144e-06
4.000000000000e-04,1.004778944627e-07
4.000000000000e-04,3.929382720642e-07
4.000000000000e-04,1.075037509446e-06
4.000000000000e-04,5.547819451126e-08
2.400000000000e-03,5.186516074117e-06
4.000000000000e-04,5.385533440464e-07
4.000000000000e-04,6.455706680326e-07
4.000000000000e-04,5.134284650789e-07
2.400000000000e-03,6.913580163290e-06
8.000000000000e-04,1.876318893295e-07
4.000000000000e-04,3.933809125637e-07
4.000000000000e-04,6.390870079753e-07
4.000000000000e-04,1.119582600897e-07
8.000000000000e-04,2.615276663824e-07
4.000000000000e-04,6.111743590561e-07
4.000000000000e-04,7.123581305954e-08
1.600000000000e-03,1.425937764523e-06
2.800000000000e-03,3.038085982415e-06
4.000000000000e-04,8.579015739756e-08
4.000000000000e-04,1.554172348929e-07
8.000000000000e-04,4.638946728803e-07
4.000000000000e-04,2.529369721457e-08
4.000000000000e-04,1.755646340826e-07
4.000000000000e-04,8.462302932608e-07
4.000000000000e-04,1.972164067200e-07
4.000000000000e-04,5.321666408632e-07
4.000000000000e-04,5.607651335353e-08
4.000000000000e-04,1.353105201396e-07
4.000000000000e-04,4.900147593248e-07
4.000000000000e-04,2.213305092779e-08
1.600000000000e-03,3.373695615280e-06
4.000000000000e-04,6.406175471393e-07
5.600000000000e-03,1.018690384336e-05
8.000000000000e-04,9.109908986493e-07
4.000000000000e-04,1.149811313077e-07
5.600000000000e-03,1.285116067451e-05
4.000000000000e-04,6.048784061455e-08
1.200000000000e-03,2.319639247304e-06
1.200000000000e-03,4.006489205505e-06
4.000000000000e-04,7.195004752310e-07
4.000000000000e-04,4.801215310968e-08
4.400000000000e-03,2.455319306622e-05
1.040000000000e-02,4.228394788187e-05
8.000000000000e-04,1.758216665736e-06
4.000000000000e-04,3.845344199301e-07
4.000000000000e-04,1.019743373396e-06
1.600000000000e-03,2.584582021932e-06
4.000000000000e-04,2.337237020293e-07
8.000000000000e-04,2.295713898333e-06
4.000000000000e-04,3.171653471839e-07
8.000000000000e-04,4.738533105008e-07
4.000000000000e-04,3.305941249280e-07
4.000000000000e-04,3.181809194989e-07
8.000000000000e-04,5.545422514337e-07
9.200000000000e-03,3.155937980490e-05
8.000000000000e-04,5.617992639195e-08
6.000000000000e-03,1.344443934721e-05
8.000000000000e-04,9.483272630941e-07
4.000000000000e-04,5.524584020414e-07
4.000000000000e-04,5.346218530386e-07
1.600000000000e-03,3.927977449990e-06
4.000000000000e-04,3.111178227963e-07
4.000000000000e-04,6.282273439635e-07
2.800000000000e-03,4.442960948565e-06
1.600000000000e-03,3.152238227693e-06
4.000000000000e-04,1.203768719950e-06
4.000000000000e-04,6.160496374806e-08
4.000000000000e-04,2.698698792432e-07
4.000000000000e-04,4.793230715456e-07
8.000000000000e-04,9.899762576175e-07
4.000000000000e-04,3.485976992300e-07
2.000000000000e-03,3.128381293547e-06
4.000000000000e-04,1.844160192025e-08
2.000000000000e-03,3.488268110539e-06
2.000000000000e-03,2.372551616888e-06
4.000000000000e-04,4.742830217786e-07
4.000000000000e-04,3.372931386613e-07
8.000000000000e-04,1.242146550186e-07
4.000000000000e-04,2.057229548739e-07
4.000000000000e-04,7.518211389364e-07
4.000000000000e-04,2.289631317127e-07
4.000000000000e-04,3.992839444633e-11
4.000000000000e-04,1.907046419792e-07
4.000000000000e-04,5.390010492066e-07
4.000000000000e-04,1.183232018040e-08
8.000000000000e-04,6.649177505822e-07
2.800000000000e-03,8.626465339600e-06
1.200000000000e-03,1.385885406934e-07
4.000000000000e-04,3.018974476298e-07
4.000000000000e-04,2.679765956371e-07
4.000000000000e-04,5.148778896510e-07
4.000000000000e-04,1.695066474441e-07
4.000000000000e-04,7.285016796776e-08
1.080000000000e-02,4.680033197270e-05
4.000000000000e-04,3.737195828550e-07
2.400000000000e-03,5.826493524263e-06
4.000000000000e-04,1.386271401012e-08
8.000000000000e-04,1.279815903075e-06
4.000000000000e-04,1.208232989661e-07
4.000000000000e-04,7.423286735298e-07
6.400000000000e-03,1.828911967962e-05
4.000000000000e-04,4.466943702480e-07
4.000000000000e-04,1.210985519504e-07
4.000000000000e-04,1.076689409452e-07
4.000000000000e-04,4.817582029181e-07
4.000000000000e-04,3.825937034756e-07
8.000000000000e-04,1.486543110169e-06
4.000000000000e-04,1.649603226142e-07
4.000000000000e-04,1.401308607858e-07
2.000000000000e-03,7.566796234399e-06
4.000000000000e-04,4.488290459626e-07
8.000000000000e-04,7.886797214410e-07
4.000000000000e-04,6.857998129330e-07
4.000000000000e-04,1.723911091080e-08
8.000000000000e-04,7.442136491025e-07
4.000000000000e-04,5.611941195609e-07
1.200000000000e-03,3.823201608491e-06
8.000000000000e-04,6.142312960250e-07
4.000000000000e-04,1.345644430325e-07
2.400000000000e-03,3.044319415533e-06
1.200000000000e-03,1.455562172804e-06
4.000000000000e-04,2.049707956732e-07
4.000000000000e-04,6.522957085745e-07
4.000000000000e-04,2.611402690580e-07
8.000000000000e-04,9.244199395414e-07
4.000000000000e-04,1.455532461866e-07
8.000000000000e-04,1.107227637082e-06
4.000000000000e-04,2.796011654841e-07
4.000000000000e-04,1.380133629762e-07
4.000000000000e-04,2.718226647122e-07
1.840000000000e-02,8.442957173331e-05
4.000000000000e-04,3.474054578481e-07
1.200000000000e-03,1.876215177102e-06
1.200000000000e-03,8.973737883428e-07
8.000000000000e-04,2.460626573999e-06
8.000000000000e-04,2.374364866796e-06
1.600000000000e-03,2.332724186187e-06
4.000000000000e-04,3.012974796751e-07
8.000000000000e-04,4.163519469280e-07
4.000000000000e-04,5.696463385630e-07
2.400000000000e-03,9.891815178646e-06
4.000000000000e-04,4.176685893320e-08
1.200000000000e-03,2.006874584346e-06
8.000000000000e-04,1.310045949183e-06
4.000000000000e-04,5.362176381883e-07
4.000000000000e-04,5.784639509970e-07
4.000000000000e-04,5.009598878672e-07
8.000000000000e-04,1.372769963200e-06
1.600000000000e-03,1.293158485117e-06
1.600000000000e-03,2.962145623142e-06
1.200000000000e-03,1.937843466433e-06
4.000000000000e-04,6.404458749876e-08
4.000000000000e-04,6.142667789262e-07
4.000000000000e-04,1.599696249809e-07
4.000000000000e-04,5.953792381224e-07
4.000000000000e-04,4.486301363433e-07
4.000000000000e-04,2.519695681270e-07
4.000000000000e-04,2.870683637951e-07
4.000000000000e-04,9.696178766459e-07
4.000000000000e-04,1.211256230608e-06
4.000000000000e-04,3.547814559626e-08
4.000000000000e-04,1.317921531891e-06
4.000000000000e-04,4.478087429507e-07
4.000000000000e-04,2.075850170018e-08
2.400000000000e-03,7.241746176821e-06
4.000000000000e-04,1.159260294126e-06
4.000000000000e-04,3.946466442032e-07
4.000000000000e-04,5.485590246329e-08
4.000000000000e-04,1.034663586297e-07
4.000000000000e-04,7.328175727087e-08
4.000000000000e-04,1.866997337242e-08
8.000000000000e-04,7.537580041075e-07
4.000000000000e-04,2.661528584321e-07
4.000000000000e-04,7.010630439324e-07
4.000000000000e-04,3.958026158584e-07
4.000000000000e-04,1.231312992899e-08
4.000000000000e-04,2.104653553061e-07
4.000000000000e-04,4.476954623957e-07
8.000000000000e-04,5.698900061916e-07
3.200000000000e-03,4.062816056915e-06
4.000000000000e-04,1.261264377390e-06
4.000000000000e-04,3.989834723285e-07
4.000000000000e-04,5.064636721584e-07
4.000000000000e-04,2.011396395907e-07
2.000000000000e-03,1.746622967058e-06
4.000000000000e-04,1.073759375375e-07
4.000000000000e-04,1.534903975922e-08
4.000000000000e-04,2.135289198132e-07
8.000000000000e-03,2.395582667411e-05
4.000000000000e-04,7.973864081442e-07
4.000000000000e-04,7.481232242894e-08
8.000000000000e-04,7.463767401884e-07
4.000000000000e-04,3.314544220179e-07
4.000000000000e-04,1.667480924465e-07
4.000000000000e-04,2.030968848341e-07
4.000000000000e-04,6.108131224385e-07
4.000000000000e-04,3.420685760574e-07
4.000000000000e-04,6.781489895107e-07
4.000000000000e-04,2.188648327013e-08
2.000000000000e-03,2.185060903066e-06
4.000000000000e-04,5.682455318419e-07
4.000000000000e-04,1.404204915605e-07
4.000000000000e-04,3.039354740938e-07
8.000000000000e-04,1.511452586167e-06
1.600000000000e-03,1.601166156076e-06
4.000000000000e-04,1.860581540490e-07
4.000000000000e-04,3.943860412893e-08
4.000000000000e-04,1.241042551861e-06
4.000000000000e-04,4.082233122940e-07
6.400000000000e-03,2.246653532327e-05
8.000000000000e-04,1.090861039380e-07
4.000000000000e-04,5.829848102572e-08
1.200000000000e-03,2.914784928153e-06
4.000000000000e-04,5.846018399595e-08
8.000000000000e-04,1.167087327860e-06
4.000000000000e-04,6.471120822493e-07
1.600000000000e-03,1.894190317511e-06
4.000000000000e-04,8.812523830282e-07
4.000000000000e-04,4.565590608892e-07
4.000000000000e-04,5.316341929453e-08
1.200000000000e-03,1.002062029866e-06
8.000000000000e-04,1.873980214375e-06
8.000000000000e-04,7.002335671294e-07
4.000000000000e-04,2.210893461766e-07
4.000000000000e-04,3.990881535230e-08
4.000000000000e-04,1.008387587974e-06
4.000000000000e-04,8.209425305803e-07
4.000000000000e-04,3.063507120521e-07
8.000000000000e-04,3.811807499062e-07
8.000000000000e-04,3.081001699835e-07
4.000000000000e-04,2.701703777491e-08
4.000000000000e-04,2.577499825977e-07
8.000000000000e-04,1.254643402467e-06
4.000000000000e-04,5.327237022776e-07
4.000000000000e-04,1.869885427557e-07
4.000000000000e-04,6.088762682928e-08
4.000000000000e-04,5.564462413807e-07
7.200000000000e-03,2.072844108662e-05
2.400000000000e-03,8.762953754005e-06
8.000000000000e-04,1.092098969901e-06
1.320000000000e-02,5.546558876420e-05
4.000000000000e-04,1.066584800824e-06
2.800000000000e-03,1.988535104743e-06
1.200000000000e-03,1.376661980859e-06
2.000000000000e-03,2.350317784729e-06
8.400000000000e-03,2.172462198915e-05
4.000000000000e-04,1.240500317527e-06
8.000000000000e-04,1.691582015493e-06
1.200000000000e-03,1.726060692876e-06
6.400000000000e-03,1.833887300432e-05
4.000000000000e-04,2.575515722803e-07
4.000000000000e-04,5.732311366908e-07
4.000000000000e-04,8.447781804298e-07
4.000000000000e-04,6.027339154900e-07
8.000000000000e-04,4.257154130065e-07
4.000000000000e-04,1.151229780331e-07
4.000000000000e-04,2.386511856308e-07
4.000000000000e-04,8.016884469213e-08
4.000000000000e-04,1.435783816732e-07
4.000000000000e-04,6.598970944472e-07
4.000000000000e-04,6.281596133045e-07
8.000000000000e-04,7.235368260651e-07
4.000000000000e-04,2.314860581647e-08
4.000000000000e-04,3.389290693959e-07
8.000000000000e-04,8.662943746475e-07
4.000000000000e-04,5.176518775900e-07
8.000000000000e-04,6.123246401395e-07
1.200000000000e-03,5.643391089231e-07
4.000000000000e-04,2.270597251078e-07
4.000000000000e-04,4.471971184370e-07
1.880000000000e-02,5.588986189161e-05
4.000000000000e-04,5.073737953416e-07
9.480000000000e-02,5.705059502042e-04
4.000000000000e-04,6.477843650243e-08
4.000000000000e-04,4.476815442672e-07
2.400000000000e-03,4.110263677054e-06
4.000000000000e-04,1.836472440856e-07
4.000000000000e-04,1.798899538293e-07
8.000000000000e-04,1.556756808565e-06
4.000000000000e-04,2.199642803573e-07
4.000000000000e-04,1.950403465426e-07
8.000000000000e-04,2.345750820430e-06
4.000000000000e-04,3.457794237149e-07
4.000000000000e-04,7.583304440386e-07
4.000000000000e-04,2.465512160768e-07
4.000000000000e-04,3.268202945701e-07
1.200000000000e-03,3.177464521048e-06
4.000000000000e-04,1.247696782440e-06
4.000000000000e-04,4.430614619423e-07
8.000000000000e-04,2.460354399288e-06
4.000000000000e-04,8.955680779127e-08
4.000000000000e-04,3.325589559486e-08
4.000000000000e-04,3.503265715946e-07
4.000000000000e-04,1.402046335646e-06
1.200000000000e-03,1.312550052988e-06
1.960000000000e-02,6.639822550801e-05
8.000000000000e-04,1.528686049500e-06
4.000000000000e-04,2.079385543958e-07
4.000000000000e-04,2.214132240183e-07
4.000000000000e-04,1.009326309298e-06
1.200000000000e-03,7.701411702428e-07
2.400000000000e-03,3.102248155410e-06
4.636000000000e-01,1.147246826635e-02
1.200000000000e-03,3.220704057919e-06
4.000000000000e-04,2.537589695446e-07
4.000000000000e-04,1.100126145521e-07
4.000000000000e-04,1.894071578917e-07
4.000000000000e-04,1.753499452013e-07
2.000000000000e-03,2.001630330492e-06
4.000000000000e-04,9.463605989309e-07
4.000000000000e-03,1.044321169288e-05
4.000000000000e-04,3.569201861464e-09
4.000000000000e-04,3.129390094102e-07
4.000000000000e-04,1.403250722852e-07
4.000000000000e-04,4.781731523817e-08
4.000000000000e-04,3.710080483864e-07
4.000000000000e-04,3.970125269662e-07
8.000000000000e-04,8.053000782409e-07
4.000000000000e-04,1.172241665718e-07
8.000000000000e-04,1.642262975977e-06
4.000000000000e-04,4.385350635402e-07
8.000000000000e-04,2.055218756558e-06
4.000000000000e-04,2.664077361700e-07
2.000000000000e-03,2.455070487557e-06
4.000000000000e-04,1.759897993321e-08
1.200000000000e-03,1.522698175958e-06
4.000000000000e-04,5.362050339905e-08
4.000000000000e-04,5.131756671249e-07
4.000000000000e-04,6.460973136825e-07
1.200000000000e-03,1.697774628601e-06
8.000000000000e-04,5.496996800455e-07
4.000000000000e-04,5.881858199694e-07
4.000000000000e-04,8.533647686804e-07
4.000000000000e-04,5.901164542078e-07
8.000000000000e-04,3.309988156489e-07
4.000000000000e-04,2.189370380639e-07
1.600000000000e-03,2.763470085826e-06
4.000000000000e-04,4.552281462051e-08
1.200000000000e-03,1.546408256002e-06
8.000000000000e-04,2.649261887879e-06
4.000000000000e-04,8.191597718287e-07
4.000000000000e-04,1.146706603238e-06
4.000000000000e-04,7.790513938380e-07
1.200000000000e-03,1.079634883134e-06
4.000000000000e-04,7.585352526296e-09
4.000000000000e-04,3.074268724253e-07
8.000000000000e-04,1.233736460807e-06
4.000000000000e-04,2.839501160814e-08
2.000000000000e-03,2.625322017840e-06
2.000000000000e-03,5.936090834793e-06
1.000000000000e-02,3.592479131081e-05
4.000000000000e-04,4.934965188085e-07
8.000000000000e-04,1.390449296081e-06
4.800000000000e-03,1.585112658796e-05
2.800000000000e-03,7.337209827194e-06
4.000000000000e-04,4.366549763524e-07
2.400000000000e-03,6.733297191404e-06
2.000000000000e-03,2.801067111514e-06
1.200000000000e-03,6.954661553643e-07
4.000000000000e-04,2.829822199746e-07
4.000000000000e-04,3.045036138047e-07
1.600000000000e-03,1.283695593842e-06
4.000000000000e-04,1.734821130753e-06
4.000000000000e-04,7.079618907007e-07
4.000000000000e-04,1.131214062406e-08
4.000000000000e-04,1.395201136453e-07
4.000000000000e-04,1.018784969291e-06
4.000000000000e-04,7.553407510825e-08
4.000000000000e-04,3.764988020192e-07
4.000000000000e-04,2.913875624906e-08
1.600000000000e-02,9.693156286606e-05
4.000000000000e-04,8.007930450396e-07
4.000000000000e-04,8.417455646679e-08
4.000000000000e-04,3.370891530859e-07
4.000000000000e-04,9.128295549639e-08
8.000000000000e-04,1.955176634075e-07
4.000000000000e-04,7.426819305526e-07
4.000000000000e-04,7.161304040920e-07
4.000000000000e-04,3.367209072546e-07
3.200000000000e-03,4.764871007936e-06
8.000000000000e-04,1.739260223458e-06
4.000000000000e-04,3.835286520725e-07
4.000000000000e-04,3.494182415595e-07
4.000000000000e-04,1.217987070566e-07
4.000000000000e-04,1.489731979569e-08
4.800000000000e-03,1.399886368027e-05
4.000000000000e-04,2.194170337785e-07
1.600000000000e-03,9.176560110415e-07
4.000000000000e-04,2.384638222596e-07
3.600000000000e-03,1.097120488774e-05
4.000000000000e-04,8.450236169962e-07
8.000000000000e-04,3.514896660378e-07
4.000000000000e-04,1.448888208725e-07
1.200000000000e-02,7.798557511526e-05
4.000000000000e-04,9.575877481975e-08
4.000000000000e-04,1.019386705445e-07
4.000000000000e-04,9.633500281534e-07
1.600000000000e-03,3.225582652561e-06
4.000000000000e-04,1.145676028736e-07
8.000000000000e-04,6.262972896929e-07
4.000000000000e-04,6.238578524255e-07
4.000000000000e-04,1.693172013255e-07
1.200000000000e-03,1.903469222600e-06
4.000000000000e-04,6.106806842617e-07
4.000000000000e-04,5.489045521247e-07
8.000000000000e-04,1.456203807108e-06
4.000000000000e-04,2.928738947402e-07
8.000000000000e-04,3.725320237161e-07
1.600000000000e-03,2.450554199778e-06
6.800000000000e-03,2.731215509225e-05
4.000000000000e-04,8.301153704547e-07
2.000000000000e-03,4.645540509321e-06
4.000000000000e-04,4.250518029403e-07
8.000000000000e-04,8.259606023997e-07
8.000000000000e-04,1.841703964567e-06
4.000000000000e-04,7.316481573234e-08
2.000000000000e-03,4.627282596868e-06
4.000000000000e-04,4.050239306788e-07
1.200000000000e-03,2.377893907994e-06
4.000000000000e-04,8.103722116751e-07
4.000000000000e-04,6.081833731048e-07
8.000000000000e-04,1.640814383650e-06
4.000000000000e-04,1.144312539133e-06
8.000000000000e-04,3.825784622236e-07
4.000000000000e-04,1.490380347426e-07
4.000000000000e-04,1.015531413057e-06
8.000000000000e-04,8.710281166403e-07
4.000000000000e-04,1.288614335083e-07
4.000000000000e-03,1.217320876900e-05
8.000000000000e-04,2.395707505904e-07
4.000000000000e-04,1.942854618924e-07
4.000000000000e-04,8.091711240800e-07
4.000000000000e-04,1.085629792517e-06
4.000000000000e-04,3.335788547038e-07
4.000000000000e-04,7.353052296937e-08
4.000000000000e-04,6.471028974082e-08
2.000000000000e-03,2.900664707692e-06
8.000000000000e-04,6.632982817614e-07
8.000000000000e-04,5.768156681551e-07
4.000000000000e-04,4.377404408742e-07
4.000000000000e-04,3.093071875849e-07
4.000000000000e-04,1.119932829268e-07
8.000000000000e-04,1.612603410876e-06
4.000000000000e-04,1.467011646708e-07
4.000000000000e-04,5.374137750976e-07
8.000000000000e-04,5.438991614543e-07
4.000000000000e-04,8.623086803543e-07
4.000000000000e-04,6.099006298396e-07
3.200000000000e-03,1.154765487387e-05
4.000000000000e-04,3.815942189661e-07
4.000000000000e-04,1.205569460586e-06
4.000000000000e-04,5.259304387848e-07
1.600000000000e-03,6.091654869513e-06
4.000000000000e-04,6.993885462668e-07
4.000000000000e-04,8.176541576170e-08
4.000000000000e-04,7.090596959431e-07
8.000000000000e-04,2.809435363149e-06
4.000000000000e-04,1.099595085178e-07
4.000000000000e-04,3.024505757753e-07
4.000000000000e-04,6.581197760628e-08
4.000000000000e-04,2.895401398596e-07
8.000000000000e-04,2.569888979149e-06
4.400000000000e-03,1.108649336659e-05
4.000000000000e-04,4.196455262980e-07
4.000000000000e-04,1.003981228761e-06
3.600000000000e-03,1.401256761850e-05
4.000000000000e-04,6.694503233055e-07
1.200000000000e-03,4.607346123802e-06
4.000000000000e-04,6.161043504208e-07
4.000000000000e-04,2.865334628186e-07
4.000000000000e-04,2.826293507434e-07
4.000000000000e-04,1.330091013493e-07
4.000000000000e-04,5.380032137327e-08
4.000000000000e-04,3.787799709094e-08
8.000000000000e-04,5.028686910486e-07
4.000000000000e-04,1.866966506765e-07
4.000000000000e-04,8.833263389687e-07
4.000000000000e-04,8.505126720570e-08
8.000000000000e-04,3.206853321892e-07
4.000000000000e-04,5.062588023291e-07
4.000000000000e-04,1.280661064183e-07
1.600000000000e-03,3.268030410413e-06
4.000000000000e-04,2.416532423349e-07
4.000000000000e-04,4.626739699349e-08
2.400000000000e-03,6.211077657270e-06
4.000000000000e-04,4.357704012941e-07
4.000000000000e-04,1.021171234748e-07
4.000000000000e-04,3.336501442763e-07
4.000000000000e-04,7.098613397882e-07
6.000000000000e-03,1.542177913852e-05
4.000000000000e-04,5.520421865382e-07
8.000000000000e-04,2.342894205259e-06
1.200000000000e-03,2.678476853781e-06
4.000000000000e-04,3.584279864438e-07
4.000000000000e-04,8.158236272724e-07
4.000000000000e-04,7.300183225452e-08
4.000000000000e-04,1.789093681521e-07
1.200000000000e-03,1.473423492004e-06
8.000000000000e-04,4.780958692037e-07
1.200000000000e-03,1.940462697836e-06
2.400000000000e-03,3.711336603177e-06
8.000000000000e-04,1.507374873472e-06
7.600000000000e-03,2.207885275390e-05
4.000000000000e-04,6.433032409923e-07
4.000000000000e-04,3.332747291707e-07
4.000000000000e-04,4.836503480240e-07
5.200000000000e-03,1.119008766012e-05
4.000000000000e-04,1.890371345146e-07
2.000000000000e-03,4.196736342864e-06
8.000000000000e-04,4.169888173220e-07
4.000000000000e-04,2.004978619417e-08
1.600000000000e-03,1.280970751435e-06
8.000000000000e-04,5.559776067803e-07
4.000000000000e-04,9.021514041112e-08
8.000000000000e-04,8.297180103104e-07
2.520000000000e-02,1.762562179275e-04
8.000000000000e-04,8.060602503596e-07
4.000000000000e-04,5.393215033055e-07
8.000000000000e-04,9.847789410597e-07
4.000000000000e-04,2.957175822643e-07
2.400000000000e-03,7.490703389393e-06
4.000000000000e-04,2.789347646894e-08
4.000000000000e-04,7.925724629860e-07
4.000000000000e-04,3.600894950263e-07
4.000000000000e-04,6.283806463148e-09
1.200000000000e-03,1.883313721449e-06
2.000000000000e-03,2.657562337762e-06
4.000000000000e-04,1.257950266405e-06
8.000000000000e-04,8.358510381264e-07
4.000000000000e-04,1.007290352651e-06
4.000000000000e-03,7.669824889577e-06
4.000000000000e-04,5.649163808014e-07
4.000000000000e-04,9.824950699489e-07
8.000000000000e-04,7.526703246168e-07
4.000000000000e-04,1.349689962019e-07
4.000000000000e-04,1.786032338867e-07
1.200000000000e-03,1.077147729034e-06
4.000000000000e-04,2.449050512097e-07
4.000000000000e-04,2.995681693622e-07
5.200000000000e-03,1.058781591058e-05
4.000000000000e-04,5.186117494361e-07
3.200000000000e-03,9.520061481279e-06
4.000000000000e-04,6.241955345574e-07
1.200000000000e-03,2.430816682132e-06
1.200000000000e-03,1.385788486380e-06
1.600000000000e-03,3.972449504112e-06
8.000000000000e-04,1.628032478058e-06
4.000000000000e-04,6.763135772654e-07
4.000000000000e-04,2.471297277534e-07
4.000000000000e-04,1.442390153197e-07
4.000000000000e-04,6.922118047907e-08
3.200000000000e-03,6.557139110390e-06
4.000000000000e-04,1.183046903335e-06
8.000000000000e-04,5.845653128010e-07
4.000000000000e-04,2.665462335580e-08
4.000000000000e-04,2.641611516534e-07
4.000000000000e-04,6.130413528135e-07
5.600000000000e-03,1.412911452428e-05
4.000000000000e-04,7.918891770683e-07
4.000000000000e-04,4.233472783736e-07
4.000000000000e-04,9.060489147313e-07
4.000000000000e-04,2.339617713392e-08
4.000000000000e-04,8.423414766513e-07
8.000000000000e-04,3.545304250889e-07
4.000000000000e-04,1.204149288685e-06
4.000000000000e-04,1.924909286388e-08
4.000000000000e-04,6.526129369417e-08
4.000000000000e-04,1.809609322153e-07
4.000000000000e-04,2.007014129297e-07
4.000000000000e-04,2.276471521624e-07
4.000000000000e-04,8.000396329937e-07
4.000000000000e-04,6.730462914435e-08
4.000000000000e-04,1.208964343586e-07
4.000000000000e-04,7.490075225201e-07
4.000000000000e-04,7.619695506582e-08
4.000000000000e-04,4.546693185743e-07
5.200000000000e-03,1.591172406343e-05
3.600000000000e-03,5.171964603515e-06
8.000000000000e-04,1.094283756249e-06
4.000000000000e-04,9.110567918188e-07
1.240000000000e-02,4.175753172682e-05
1.600000000000e-03,1.608660944397e-06
1.040000000000e-02,3.052106202729e-05
4.000000000000e-04,4.052207772989e-07
4.000000000000e-04,3.725195419336e-07
2.400000000000e-03,5.133763521737e-06
4.000000000000e-04,8.658479348104e-07
4.000000000000e-04,1.007163271317e-06
4.000000000000e-04,1.817622654134e-07
4.000000000000e-04,2.626414122489e-08
8.000000000000e-04,6.497966581012e-07
3.200000000000e-03,3.175826393842e-06
2.120000000000e-02,8.829840067928e-05
3.200000000000e-03,8.993591783910e-06
4.000000000000e-04,9.671697230587e-07
6.520000000000e-02,4.611070828875e-04
2.108000000000e-01,2.814022759055e-03
4.000000000000e-04,6.337136716985e-07
1.620000000000e-01,2.224270159318e-03
8.000000000000e-04,4.638482978963e-07
8.000000000000e-04,1.010233057182e-06
4.000000000000e-04,2.745776842826e-07
4.000000000000e-04,6.018749719805e-07
1.600000000000e-03,2.025794437971e-06
4.000000000000e-04,9.800587539000e-07
1.200000000000e-03,2.246291594127e-06
1.200000000000e-03,1.348656245978e-06
4.000000000000e-04,2.907250548786e-08
2.400000000000e-03,6.516734517960e-06
8.000000000000e-04,7.346921111244e-07
1.600000000000e-03,3.162190103590e-06
2.800000000000e-03,8.318172813572e-06
4.000000000000e-04,1.316889928733e-07
4.000000000000e-04,5.967957369681e-07
8.000000000000e-04,1.322369719979e-06
2.000000000000e-03,3.794341574907e-06
4.000000000000e-04,7.814597766917e-07
8.000000000000e-04,1.228980216925e-06
8.000000000000e-04,9.792702461008e-07
1.200000000000e-03,2.227904820580e-06
2.000000000000e-03,3.497197903494e-06
4.000000000000e-04,3.473974046318e-07
8.000000000000e-04,1.099559298044e-06
8.000000000000e-04,1.390527498178e-06
8.000000000000e-04,2.908550843743e-07
4.000000000000e-04,3.795959882334e-07
8.000000000000e-04,8.279070579551e-07
4.000000000000e-04,9.385398229451e-07
4.000000000000e-04,2.848816158409e-07
1.600000000000e-03,1.719239394636e-06
4.000000000000e-04,2.530101796285e-07
8.000000000000e-04,9.289731022965e-07
1.200000000000e-03,2.804396481630e-06
8.000000000000e-04,7.280281206833e-07
8.000000000000e-04,8.649493825234e-07
4.000000000000e-04,3.951653299408e-07
6.000000000000e-03,2.181374364109e-05
4.000000000000e-04,4.773791980892e-08
4.000000000000e-04,5.097392734777e-07
2.000000000000e-03,4.173221527062e-06
4.000000000000e-04,4.289061809446e-07
4.000000000000e-04,4.885235785161e-07
4.000000000000e-04,7.688934000176e-08
1.200000000000e-03,1.950791089354e-06
8.000000000000e-04,6.717115123256e-07
1.200000000000e-03,5.904311959149e-07
1.360000000000e-02,6.667535482545e-05
1.600000000000e-03,2.410387915766e-06
4.000000000000e-04,1.178659843555e-07
8.000000000000e-04,7.547838477637e-07
1.600000000000e-03,1.019173153402e-06
4.000000000000e-04,7.392936130572e-07
8.000000000000e-04,6.976117564266e-07
4.000000000000e-04,1.015699989321e-07
1.600000000000e-03,1.195559147425e-06
3.200000000000e-03,1.146098418347e-05
4.000000000000e-04,5.866928513243e-08
4.000000000000e-04,5.363448441730e-07
4.000000000000e-04,9.315900328613e-08
1.200000000000e-03,1.415425770337e-06
4.000000000000e-04,5.414425222299e-08
4.000000000000e-04,4.871856056066e-07
8.000000000000e-04,2.889888197310e-07
4.000000000000e-04,4.681918327299e-07
4.000000000000e-04,8.375630719952e-08
4.000000000000e-04,1.685132175211e-07
1.200000000000e-03,2.444857462789e-06
4.000000000000e-04,3.632859466925e-07
4.000000000000e-04,6.267258952937e-07
4.000000000000e-04,2.310543765978e-08
4.000000000000e-04,2.927005865791e-07
4.000000000000e-04,7.519309384042e-07
2.640000000000e-02,1.540896444153e-04
4.000000000000e-04,2.630227051150e-07
4.000000000000e-04,9.467922462199e-08
4.000000000000e-04,9.354292428023e-07
8.000000000000e-04,8.927138698170e-07
4.000000000000e-04,9.270111247782e-07
4.000000000000e-04,1.431676619234e-07
4.000000000000e-04,1.583513562242e-06
4.000000000000e-04,3.297533676261e-07
8.000000000000e-03,2.794578013736e-05
4.000000000000e-04,8.047371752453e-08
4.000000000000e-04,1.317188174536e-06
4.000000000000e-04,6.763779501216e-07
4.000000000000e-04,4.597800454040e-07
5.200000000000e-03,1.723429073866e-05
4.000000000000e-04,8.222892498113e-08
8.000000000000e-04,1.682355714636e-06
4.000000000000e-04,2.315327588082e-08
4.000000000000e-04,2.238892665337e-07
4.000000000000e-04,8.000741624479e-07
1.200000000000e-03,1.389120735228e-06
4.000000000000e-04,6.749995454459e-07
2.000000000000e-03,3.696373016292e-06
4.000000000000e-04,3.659713816832e-07
4.400000000000e-03,7.256958405614e-06
8.000000000000e-04,1.524618246763e-06
4.000000000000e-04,3.163139101456e-07
2.000000000000e-03,4.779867291839e-06
4.000000000000e-04,2.487044131958e-07
4.000000000000e-04,7.386340439246e-07
4.000000000000e-04,1.881733852102e-07
4.000000000000e-04,9.623326196486e-07
8.000000000000e-04,3.647251124577e-07
8.000000000000e-04,1.061441347375e-06
8.000000000000e-04,3.965474523135e-07
2.000000000000e-03,3.367499809612e-06
2.800000000000e-03,5.835271640841e-06
8.000000000000e-04,9.947247772965e-07
8.000000000000e-04,5.758567407906e-07
4.000000000000e-04,1.014775229417e-07
8.000000000000e-04,4.628294617303e-07
1.200000000000e-03,3.630231288971e-06
1.200000000000e-03,2.327863470211e-06
4.000000000000e-04,1.375366504908e-10
4.000000000000e-04,4.537986601181e-08
8.000000000000e-04,1.437220072707e-06
4.000000000000e-04,3.398685771001e-07
4.000000000000e-04,3.762080093749e-07
8.000000000000e-04,6.515783301439e-07
4.000000000000e-04,7.642363498288e-07
4.000000000000e-04,4.397321171838e-08
3.440000000000e-02,2.344135964060e-04
3.960000000000e-02,2.356456796159e-04
4.000000000000e-04,3.073689478452e-07
4.000000000000e-04,3.374301994157e-07
4.800000000000e-03,7.193872770927e-06
4.000000000000e-04,3.933424597235e-07
1.600000000000e-03,3.297117764999e-06
4.000000000000e-04,6.872467839067e-07
4.000000000000e-04,7.618497687067e-09
4.000000000000e-04,1.608130869068e-07
4.000000000000e-04,3.977084582731e-07
4.000000000000e-04,4.719056054266e-07
1.600000000000e-03,4.079137301104e-06
4.000000000000e-04,6.683944699923e-07
4.000000000000e-04,1.190303645155e-08
1.200000000000e-03,1.044677390871e-06
1.600000000000e-03,1.879095934536e-06
1.760000000000e-02,1.438251100942e-04
4.000000000000e-04,9.221535548374e-07
5.600000000000e-03,1.569876628739e-05
4.000000000000e-04,3.232517897052e-07
4.000000000000e-04,4.547921125124e-07
4.000000000000e-04,4.587634590898e-08
4.000000000000e-04,1.875217160707e-08
1.200000000000e-03,1.387610510739e-06
4.000000000000e-04,3.334803343664e-08
2.400000000000e-03,5.473936739296e-06
4.000000000000e-04,8.260508470134e-07
4.000000000000e-04,1.226512066266e-07
3.200000000000e-03,9.413648148296e-06
1.200000000000e-03,1.382765644476e-06
1.200000000000e-03,1.188318966290e-06
4.000000000000e-04,2.394961985874e-08
1.200000000000e-03,2.842092066681e-06
4.000000000000e-04,8.387129985099e-07
4.000000000000e-04,4.768293571751e-08
4.000000000000e-04,9.388347974226e-08
8.000000000000e-04,1.358557246296e-06
5.600000000000e-03,2.177399063805e-05
4.000000000000e-04,2.526166852694e-07
4.000000000000e-04,6.662250992795e-09
3.600000000000e-03,1.417790449893e-05
4.000000000000e-04,4.162930571905e-07
4.000000000000e-04,1.541148264764e-07
8.000000000000e-04,5.766923111804e-07
1.200000000000e-03,9.358613957777e-07
6.000000000000e-03,1.674545267936e-05
8.000000000000e-04,1.067900998401e-06
3.200000000000e-03,4.873463286356e-06
4.000000000000e-04,1.684477310888e-07
1.600000000000e-03,4.001556338843e-06
4.000000000000e-04,5.239207309193e-08
8.000000000000e-04,1.643153006090e-06
4.000000000000e-04,2.226294773160e-07
2.800000000000e-03,7.045841581655e-06
8.000000000000e-04,2.290380703167e-07
4.000000000000e-04,3.485016090065e-07
4.000000000000e-04,5.749776135727e-08
4.000000000000e-04,1.967267172623e-07
4.000000000000e-04,4.101660841203e-07
4.000000000000e-04,7.520703861754e-07
1.080000000000e-02,3.838259179064e-05
2.800000000000e-03,6.185232840493e-06
4.000000000000e-04,1.708856703842e-07
4.000000000000e-04,1.058446012770e-07
1.600000000000e-03,5.526627767252e-06
8.000000000000e-04,4.022996611743e-07
4.000000000000e-04,2.017244226145e-07
4.000000000000e-04,2.920487487562e-07
4.000000000000e-04,3.081749553337e-07
4.000000000000e-04,2.381527340390e-07
4.000000000000e-04,3.096067868532e-07
8.000000000000e-04,4.048679970756e-07
4.000000000000e-04,3.016485629831e-07
4.000000000000e-04,2.757501851078e-08
1.200000000000e-03,5.352229789639e-07
4.000000000000e-04,5.291543306475e-07
1.600000000000e-03,3.995225827194e-06
8.000000000000e-03,2.161346463907e-05
4.000000000000e-04,5.909046728748e-07
4.000000000000e-04,1.293526456437e-07
4.000000000000e-04,4.914960447588e-07
4.000000000000e-04,1.544576401602e-07
8.000000000000e-04,4.083417050012e-07
1.200000000000e-03,6.440659938583e-07
4.000000000000e-04,1.031776513151e-07
2.000000000000e-03,2.803997558055e-06
4.000000000000e-04,8.026418820681e-08
4.000000000000e-04,2.191154225215e-07
4.000000000000e-04,2.175011555134e-07
8.000000000000e-04,8.770805772439e-07
1.600000000000e-03,1.800056198802e-06
1.600000000000e-03,3.801705411944e-06
4.400000000000e-03,1.686773875239e-05
8.000000000000e-04,7.639084870775e-07
4.000000000000e-04,1.082231298079e-06
4.000000000000e-04,2.229375802272e-07
4.000000000000e-04,3.258892194008e-07
4.000000000000e-04,1.890818123302e-06
6.800000000000e-03,2.188590933726e-05
4.000000000000e-04,1.168253839376e-07
4.000000000000e-04,8.232259267253e-07
4.000000000000e-04,8.488654972061e-08
4.000000000000e-04,1.443431977940e-07
4.000000000000e-04,1.646750467290e-07
4.000000000000e-04,6.681859101508e-07
4.000000000000e-04,6.783661593879e-07
4.000000000000e-04,4.694571125374e-09
4.000000000000e-04,3.083079441446e-07
1.600000000000e-03,4.876002437784e-06
4.000000000000e-04,6.390078354118e-07
4.000000000000e-04,3.560487628588e-07
4.000000000000e-04,2.602457064649e-08
4.000000000000e-04,1.859228248964e-07
8.000000000000e-04,1.121870378735e-06
4.000000000000e-04,2.189025048920e-07
4.000000000000e-04,2.627506154397e-07
6.400000000000e-03,2.357984003436e-05
1.240000000000e-02,4.760521296776e-05
8.000000000000e-04,6.295662524672e-07
2.400000000000e-03,6.681406807256e-06
4.000000000000e-04,2.306096986762e-07
4.000000000000e-04,1.904804701312e-07
1.200000000000e-03,1.413850091216e-06
4.000000000000e-04,1.275068575493e-06
1.200000000000e-03,1.802687734447e-06
4.000000000000e-04,6.421190784060e-07
4.000000000000e-04,9.921973226752e-08
4.000000000000e-04,1.687734269090e-07
4.000000000000e-04,4.692581386898e-07
4.000000000000e-04,3.598649722704e-07
8.000000000000e-03,1.721429871641e-05
8.000000000000e-04,1.159160176742e-06
8.000000000000e-04,4.058637406888e-07
8.000000000000e-04,1.209745374662e-06
2.000000000000e-03,3.063035404139e-06
4.000000000000e-04,6.786282594846e-07
2.000000000000e-03,6.156565077040e-06
4.000000000000e-04,2.125414023597e-07
8.000000000000e-04,1.319935921874e-06
4.000000000000e-04,1.978575796939e-07
4.000000000000e-04,2.732683912249e-07
4.000000000000e-04,3.079483263684e-07
4.000000000000e-04,1.282137990457e-08
4.000000000000e-04,3.725141416214e-07
1.200000000000e-03,1.010190735081e-06
8.000000000000e-04,1.083019351073e-06
8.000000000000e-04,1.892317857256e-06
4.000000000000e-04,4.890477790243e-07
4.000000000000e-04,5.355444793641e-07
4.000000000000e-03,1.871598174359e-05
1.200000000000e-03,1.187520545690e-06
2.000000000000e-03,3.743379342501e-06
4.000000000000e-04,2.569386793719e-07
4.000000000000e-04,5.375519647683e-07
4.000000000000e-04,1.809616534829e-07
5.600000000000e-03,1.422529966787e-05
4.000000000000e-04,3.730665796561e-07
4.000000000000e-04,1.454507562885e-07
3.360000000000e-02,2.442877593084e-04
4.000000000000e-04,1.508037571643e-07
4.000000000000e-04,2.478650083668e-07
8.000000000000e-04,8.017516684527e-07
4.000000000000e-04,1.013089785632e-06
4.000000000000e-04,4.058356698571e-08
4.000000000000e-04,1.243151031520e-06
4.000000000000e-04,3.007069448795e-07
8.000000000000e-04,1.197422011659e-06
4.000000000000e-04,2.362664762025e-07
8.000000000000e-04,1.143739199082e-06
4.000000000000e-04,2.185025714338e-07
8.000000000000e-04,9.097238437629e-07
4.000000000000e-04,3.511696208924e-07
8.000000000000e-04,4.431865288261e-07
4.000000000000e-04,2.073597689010e-08
5.520000000000e-02,4.839493473347e-04
1.600000000000e-03,3.261210160271e-06
4.000000000000e-04,8.419471750098e-08
4.000000000000e-04,2.494240049827e-07
2.800000000000e-03,6.599839397173e-06
8.000000000000e-04,1.349826223917e-06
3.200000000000e-03,1.042551902090e-05
1.200000000000e-03,1.476007727547e-06
4.000000000000e-04,2.350462646885e-07
8.000000000000e-04,5.552013938257e-07
4.000000000000e-04,6.571646267541e-07
4.000000000000e-04,9.821412550173e-08
4.000000000000e-04,4.451281411448e-07
4.000000000000e-04,1.464844715498e-06
4.000000000000e-04,1.698114931325e-06
4.000000000000e-04,2.247209424430e-07
8.000000000000e-04,7.027329660803e-07
4.000000000000e-04,2.097354596298e-08
4.000000000000e-04,1.310860522460e-06
8.000000000000e-04,1.957215844828e-06
4.800000000000e-03,2.247705985309e-05
4.000000000000e-04,2.192361436171e-08
4.000000000000e-04,4.053623253422e-08
4.000000000000e-04,9.662683313880e-07
1.200000000000e-03,2.160725185009e-06
4.000000000000e-04,2.259319715170e-08
8.000000000000e-04,6.663397538524e-07
4.000000000000e-04,9.622867364500e-09
1.600000000000e-03,1.649335307478e-06
4.000000000000e-04,1.433400188941e-07
6.400000000000e-03,1.974733500255e-05
8.000000000000e-04,1.358707886669e-06
4.000000000000e-04,4.138045474261e-07
1.200000000000e-03,1.891553364820e-06
4.000000000000e-04,1.148707223433e-07
2.800000000000e-03,4.214054117028e-06
9.600000000000e-03,4.348569346907e-05
4.000000000000e-04,8.223942565041e-07
1.200000000000e-03,7.667458049853e-07
4.000000000000e-04,2.167216309638e-07
4.000000000000e-04,3.611541054334e-07
1.200000000000e-03,2.401505767832e-06
4.000000000000e-04,7.289997717230e-07
8.000000000000e-04,1.138734046844e-06
4.000000000000e-04,1.846877706370e-07
4.000000000000e-04,9.174616675114e-08
4.000000000000e-04,5.541591843332e-07
1.160000000000e-02,5.504116607775e-05
4.000000000000e-04,2.330576021664e-07
8.000000000000e-04,1.409496646203e-06
4.000000000000e-04,2.433177139392e-07
4.000000000000e-04,2.842070722961e-07
1.200000000000e-03,4.835358456612e-06
3.200000000000e-03,6.680179608289e-06
4.000000000000e-04,9.563883074276e-07
4.000000000000e-04,3.169224592363e-07
7.000000000000e-02,4.884521726743e-04
4.000000000000e-04,2.025373301219e-07
4.000000000000e-04,1.570924479713e-07
4.000000000000e-04,1.561859216431e-07
4.000000000000e-04,7.937134302782e-07
4.000000000000e-04,5.737959924657e-07
4.000000000000e-04,3.594512217908e-07
4.000000000000e-04,2.587624697894e-07
4.000000000000e-04,2.037877059892e-07
8.000000000000e-04,8.577061889987e-07
4.000000000000e-04,3.044296982534e-07
4.000000000000e-04,2.991270581974e-07
4.000000000000e-04,9.512359803927e-07
4.000000000000e-04,3.398605553825e-07
8.000000000000e-04,4.271858033258e-07
4.000000000000e-04,2.858850950863e-07
2.000000000000e-03,3.405303455512e-06
4.000000000000e-04,1.037806106978e-07
4.000000000000e-04,2.286345907818e-07
4.000000000000e-04,4.352673787145e-08
3.200000000000e-03,9.894630192411e-06
1.200000000000e-03,1.249276295105e-06
2.800000000000e-03,6.782214359559e-06
4.000000000000e-04,2.969732879388e-07
4.000000000000e-04,1.064997680662e-07
4.000000000000e-04,8.940464143929e-07
4.000000000000e-04,5.782168565754e-07
8.000000000000e-04,1.090534811459e-06
4.000000000000e-04,7.429293783191e-07
8.000000000000e-04,1.522034313942e-07
4.000000000000e-04,3.406223126491e-07
1.600000000000e-03,1.058260498804e-06
1.200000000000e-03,3.331519092872e-06
4.000000000000e-04,1.554895923329e-07
4.000000000000e-04,3.060027087030e-07
4.000000000000e-04,6.763735145239e-07
4.000000000000e-04,1.126546965138e-08
8.000000000000e-04,9.082679590579e-07
2.000000000000e-03,4.123447867947e-06
4.000000000000e-04,2.967704522784e-07
4.000000000000e-04,9.016549381667e-07
8.000000000000e-04,1.191119588861e-06
4.000000000000e-04,5.845950526480e-07
4.000000000000e-04,4.773752794999e-07
4.000000000000e-04,1.281933819521e-07
4.000000000000e-04,9.815397120717e-07
4.000000000000e-04,5.133945901989e-07
2.400000000000e-03,5.427296988811e-06
4.000000000000e-04,1.544682597456e-07
4.000000000000e-04,7.084286536581e-08
4.000000000000e-04,4.931193864207e-08
4.000000000000e-04,4.487606362796e-07
4.000000000000e-04,1.436624544273e-07
4.000000000000e-04,5.801127464378e-07
2.240000000000e-02,1.170536681867e-04
4.000000000000e-04,2.292213089408e-08
1.040000000000e-02,2.544952064510e-05
8.000000000000e-04,1.901213061608e-06
2.000000000000e-03,7.020884256301e-06
4.000000000000e-04,3.676587268635e-07
1.600000000000e-03,3.484507204640e-06
4.000000000000e-04,6.037421160253e-07
4.000000000000e-04,2.844509109690e-07
4.000000000000e-04,4.530287780202e-09
1.600000000000e-03,5.042249737638e-07
4.000000000000e-04,9.719386509299e-08
4.000000000000e-04,1.011017507224e-06
4.000000000000e-04,2.765174914005e-07
1.600000000000e-03,1.399690043422e-06
4.000000000000e-04,4.044680160586e-07
8.000000000000e-04,1.599651941455e-06
4.000000000000e-04,7.281887002904e-07
3.200000000000e-03,1.280701018943e-05
1.200000000000e-03,1.105377897998e-06
4.000000000000e-04,2.928340858639e-07
4.000000000000e-04,1.968346769376e-07
8.000000000000e-04,2.442664990240e-07
1.440000000000e-02,4.097087643365e-05
1.200000000000e-03,2.380629245291e-06
8.000000000000e-04,9.579352787552e-07
4.000000000000e-04,3.578338709487e-07
2.800000000000e-03,9.250753922557e-06
8.000000000000e-04,1.621036853014e-06
4.000000000000e-04,1.538771915792e-07
4.000000000000e-04,1.456929617661e-07
8.000000000000e-04,9.647957632071e-07
4.000000000000e-04,4.863594835157e-07
4.000000000000e-04,1.078592930719e-07
4.000000000000e-04,1.051874328882e-07
4.000000000000e-04,1.956444669853e-07
3.600000000000e-03,4.615687072836e-06
4.000000000000e-04,1.271440167702e-07
2.000000000000e-03,3.959278165022e-06
8.000000000000e-04,1.707750094821e-06
4.000000000000e-04,3.136102760891e-07
4.000000000000e-04,6.799628017242e-08
4.000000000000e-04,5.646806973596e-07
4.000000000000e-04,9.050483943434e-08
4.000000000000e-04,5.371794155171e-07
8.000000000000e-04,2.000835251578e-06
4.000000000000e-04,8.829393509408e-07
4.000000000000e-04,1.217182869246e-06
2.000000000000e-03,6.067088864103e-06
1.200000000000e-03,2.492566208741e-06
8.000000000000e-04,9.048165299686e-07
4.000000000000e-04,1.522159610340e-07
4.000000000000e-04,1.335502779187e-06
2.400000000000e-03,4.491050303027e-06
8.000000000000e-04,1.347924629524e-06
4.000000000000e-04,5.146916669558e-07
4.000000000000e-04,2.743581739151e-07
4.000000000000e-04,1.014275373601e-07
3.600000000000e-03,1.221119877093e-05
4.000000000000e-04,1.517774878807e-07
3.200000000000e-03,1.634900866582e-05
4.000000000000e-04,7.177371543250e-07
2.000000000000e-03,5.696424682713e-06
2.000000000000e-03,4.044800444193e-06
8.000000000000e-04,1.286533112864e-07
4.000000000000e-04,5.610630756034e-08
4.000000000000e-04,3.862923470856e-07
4.000000000000e-04,6.888006120235e-07
4.000000000000e-04,3.973114453400e-07
4.000000000000e-04,1.078842357525e-06
4.000000000000e-04,5.854291335557e-07
4.000000000000e-04,5.116943421467e-07
6.400000000000e-03,2.111099218709e-05
4.000000000000e-04,3.160287497163e-07
1.200000000000e-03,8.947138085357e-07
4.000000000000e-04,7.553127005624e-07
4.000000000000e-04,3.304530203212e-08
4.000000000000e-04,3.351191734259e-07
4.000000000000e-04,2.275760033297e-08
1.200000000000e-03,9.033704574602e-07
4.000000000000e-04,8.835838413694e-08
4.000000000000e-04,6.174856536532e-07
4.000000000000e-04,2.599278363258e-07
4.000000000000e-04,6.557951475384e-07
4.000000000000e-04,4.133327904133e-07
1.200000000000e-03,2.693173732350e-06
8.000000000000e-04,4.897593924964e-07
8.000000000000e-04,1.199748482366e-06
4.000000000000e-04,7.349011046404e-07
4.000000000000e-04,3.647408476187e-07
8.000000000000e-04,1.015789573071e-06
4.000000000000e-04,1.708557871390e-07
4.000000000000e-04,8.280441308124e-07
4.000000000000e-04,2.242871801366e-07
1.200000000000e-03,9.888947042938e-07
2.000000000000e-02,1.238615075019e-04
4.800000000000e-03,1.718204968415e-05
4.000000000000e-04,3.114133936704e-07
4.000000000000e-04,4.164984295627e-08
4.000000000000e-03,1.204884773210e-05
4.000000000000e-04,5.019962671251e-07
4.000000000000e-04,4.956671150074e-07
4.000000000000e-04,1.503691771810e-07
4.000000000000e-04,4.252718319029e-07
4.000000000000e-04,7.203783368150e-07
4.000000000000e-04,2.639477314904e-07
4.000000000000e-04,7.494912046400e-07
4.000000000000e-04,2.435112906846e-07
4.000000000000e-04,9.283862726182e-07
4.000000000000e-04,2.507324492085e-07
4.000000000000e-04,6.730602581969e-07
1.200000000000e-03,1.200945781537e-06
4.000000000000e-04,3.009649860730e-07
4.000000000000e-04,2.094490016102e-07
1.200000000000e-03,1.101745380459e-06
8.000000000000e-04,1.100787978915e-06
8.000000000000e-04,8.923488151861e-08
8.000000000000e-04,7.621556920136e-07
4.000000000000e-04,4.357098147232e-07
4.000000000000e-04,1.645954136346e-07
4.000000000000e-04,1.059682968838e-07
8.000000000000e-04,8.620534921459e-07
4.000000000000e-04,6.802713334247e-07
4.000000000000e-04,1.230089888545e-07
4.000000000000e-04,1.546827364064e-07
1.600000000000e-03,2.916927632625e-06
4.000000000000e-04,7.825494550895e-08
9.200000000000e-03,4.693154031265e-05
4.000000000000e-04,3.866618387935e-08
3.200000000000e-03,7.568902582239e-06
2.240000000000e-02,8.581035349325e-05
1.600000000000e-03,1.431689695866e-06
4.000000000000e-04,2.304197561631e-07
8.000000000000e-04,1.897871878272e-06
4.000000000000e-04,5.373982237423e-07
2.400000000000e-03,3.362153376572e-06
4.000000000000e-04,2.963324624238e-07
4.000000000000e-04,4.326807838817e-08
4.000000000000e-04,2.195133589696e-07
6.800000000000e-03,3.137712003520e-05
4.000000000000e-04,5.800808983939e-07
4.000000000000e-04,4.493772546041e-07
4.000000000000e-04,1.100655427628e-06
8.000000000000e-04,8.677638731574e-07
1.160000000000e-02,4.819170985258e-05
4.000000000000e-04,8.499171800460e-08
5.600000000000e-03,2.177808495812e-05
4.000000000000e-04,2.680046882683e-07
1.600000000000e-03,4.462758883736e-06
4.000000000000e-04,3.214955383435e-09
4.000000000000e-04,1.437862022611e-06
4.000000000000e-04,3.039888008749e-07
1.600000000000e-03,3.063056601579e-06
4.000000000000e-04,3.200723871763e-07
1.040000000000e-02,3.112362843936e-05
4.000000000000e-04,8.716362067287e-08
4.000000000000e-04,2.692657439786e-07
8.000000000000e-04,8.208404864672e-07
4.000000000000e-04,9.137524966896e-09
1.600000000000e-03,4.290862725805e-06
4.000000000000e-04,2.041495122537e-07
2.800000000000e-03,3.655466489463e-06
2.400000000000e-02,1.389578105293e-04
1.200000000000e-03,1.641150097367e-06
4.000000000000e-04,6.266944523023e-07
1.600000000000e-03,2.260317945101e-06
1.600000000000e-03,2.903681648841e-06
4.000000000000e-04,3.066772373232e-08
8.000000000000e-04,4.638022840318e-07
8.000000000000e-04,1.038516495138e-06
4.000000000000e-04,9.099978275046e-07
4.000000000000e-04,2.974422073936e-07
4.000000000000e-04,1.361057172795e-07
4.000000000000e-04,1.566177311553e-07
8.000000000000e-04,4.782310284522e-07
4.000000000000e-04,2.617396076680e-07
4.000000000000e-04,2.563538871371e-07
1.600000000000e-03,2.038781296994e-06
4.000000000000e-04,1.795161474144e-08
4.400000000000e-03,1.252616592354e-05
4.000000000000e-04,8.304648320297e-07
4.000000000000e-04,1.573083030619e-07
4.000000000000e-04,1.200198238381e-06
8.000000000000e-04,7.680733011066e-07
8.000000000000e-04,7.366790457993e-07
4.000000000000e-04,3.436229238420e-07
4.000000000000e-04,7.251725537812e-08
8.000000000000e-04,1.251319041274e-06
4.000000000000e-04,1.270369600359e-07
4.000000000000e-04,4.861595851718e-08
4.000000000000e-04,1.834889726846e-07
1.600000000000e-03,2.566639867535e-06
1.600000000000e-03,2.988827467707e-06
8.000000000000e-04,1.699075297677e-07
1.200000000000e-03,3.372685805311e-06
2.000000000000e-03,3.533617207814e-06
4.000000000000e-04,5.319569705595e-08
4.000000000000e-04,3.251562491566e-08
4.000000000000e-04,9.392801654877e-07
4.000000000000e-04,2.474608284277e-07
3.200000000000e-03,1.016366681755e-05
8.000000000000e-04,3.412882462101e-07
3.200000000000e-03,6.463798758895e-06
2.800000000000e-03,5.907189369328e-06
8.000000000000e-04,3.149179419994e-06
8.000000000000e-04,5.349852507423e-07
4.000000000000e-04,3.955322929253e-07
4.000000000000e-04,9.829933866358e-08
8.000000000000e-04,1.991147721114e-07
8.000000000000e-04,4.700350986125e-07
4.000000000000e-04,3.041810248907e-07
8.000000000000e-04,9.152036824270e-07
8.000000000000e-04,4.831394870604e-07
4.000000000000e-04,2.049084039563e-07
4.000000000000e-04,1.891190303866e-07
4.000000000000e-04,8.360937377031e-07
4.000000000000e-04,4.567868047345e-07
4.000000000000e-04,1.415707221708e-07
6.000000000000e-03,2.297631321148e-05
1.600000000000e-03,3.489120893621e-06
4.000000000000e-04,4.353151150939e-07
4.800000000000e-03,1.296292230567e-05
4.000000000000e-04,2.055675759247e-07
6.800000000000e-03,2.732562315171e-05
4.000000000000e-04,4.637259216480e-07
4.000000000000e-04,1.810758520777e-07
8.000000000000e-04,1.145024307461e-06
8.000000000000e-04,1.128922618148e-06
2.800000000000e-03,8.699486734486e-06
4.000000000000e-04,2.581405728818e-08
4.000000000000e-04,9.102107929020e-08
4.000000000000e-04,2.438680439063e-07
4.000000000000e-04,3.346170361881e-07
4.000000000000e-04,5.853720554549e-09
4.000000000000e-04,6.358709890183e-07
1.600000000000e-03,3.608695949243e-06
4.000000000000e-04,1.669130094777e-07
6.400000000000e-03,2.041600888254e-05
8.000000000000e-04,8.982414160307e-07
4.000000000000e-04,5.012081061684e-08
4.000000000000e-04,2.314945716404e-07
4.000000000000e-04,1.149241813539e-07
4.000000000000e-04,4.086522581828e-07
1.200000000000e-03,1.532783002002e-06
4.000000000000e-04,1.168557266784e-08
8.000000000000e-04,1.513525953626e-06
8.000000000000e-04,3.347831510501e-07
8.000000000000e-04,1.058465546338e-06
4.000000000000e-04,1.137151789582e-07
4.400000000000e-03,1.115522963743e-05
8.000000000000e-04,3.511660373307e-07
4.000000000000e-04,3.557534417076e-07
1.600000000000e-03,4.738877344083e-07
4.000000000000e-04,8.743632464209e-08
4.000000000000e-04,5.957988904459e-08
1.200000000000e-03,6.652992285368e-07
1.600000000000e-03,2.788230511680e-06
4.000000000000e-04,5.936630760660e-07
2.800000000000e-03,2.242458455126e-06
4.000000000000e-04,4.960334923379e-07
4.000000000000e-04,7.001416910767e-07
8.000000000000e-04,5.761770040041e-07
4.000000000000e-04,2.383080687485e-07
4.000000000000e-04,9.773111372604e-07
1.600000000000e-03,1.212227209308e-06
4.000000000000e-04,3.299178287094e-07
1.200000000000e-03,1.932591933069e-06
4.000000000000e-04,3.273173664238e-07
4.000000000000e-04,1.958447298109e-07
4.000000000000e-04,1.696628440816e-07
8.000000000000e-04,2.943924733756e-06
4.000000000000e-04,1.058162237637e-07
4.000000000000e-04,1.586109397454e-07
4.000000000000e-04,5.219556873778e-07
4.000000000000e-04,6.728494388983e-08
8.000000000000e-04,1.677044031283e-06
4.000000000000e-04,3.759300779580e-07
4.000000000000e-04,4.749382669814e-07
4.000000000000e-04,5.862616718671e-07
4.000000000000e-04,3.698633316982e-07
4.000000000000e-04,4.361762168633e-07
4.000000000000e-04,1.510140633409e-07
4.000000000000e-04,9.283374177462e-07
6.000000000000e-03,2.498635593351e-05
8.000000000000e-04,8.932025580745e-07
4.000000000000e-04,1.089867163112e-06
8.000000000000e-04,8.332968016137e-07
4.000000000000e-03,1.448971623063e-05
1.200000000000e-03,2.178853749272e-06
4.000000000000e-04,8.180642154978e-07
2.080000000000e-02,1.843631399308e-04
1.200000000000e-03,2.775854564362e-06
4.000000000000e-04,1.115863293330e-07
4.000000000000e-04,1.543561563974e-07
4.000000000000e-03,2.175223390215e-05
4.000000000000e-04,6.639104870314e-08
4.000000000000e-04,1.097426595153e-06
4.000000000000e-04,1.872437594989e-08
6.880000000000e-02,3.345824313496e-04
4.000000000000e-04,4.149955235476e-08
4.000000000000e-04,1.723305027900e-07
8.000000000000e-04,1.433718716631e-06
8.000000000000e-04,9.772562223696e-07
4.000000000000e-04,1.417757816041e-06
2.000000000000e-03,3.807100536944e-06
4.000000000000e-04,5.911701804559e-07
4.000000000000e-04,2.022861813278e-09
4.000000000000e-04,7.941886791869e-08
4.000000000000e-04,1.884150498512e-07
4.000000000000e-04,8.101569230605e-07
8.000000000000e-04,6.504002744455e-07
4.000000000000e-04,5.646792994820e-08
4.000000000000e-04,1.064335326223e-07
8.000000000000e-04,1.423671013559e-06
4.000000000000e-04,7.209911957952e-08
8.000000000000e-04,2.411916948012e-06
1.200000000000e-03,2.035309914378e-06
1.360000000000e-02,7.216800107203e-05
1.200000000000e-03,2.817761424728e-06
4.000000000000e-04,2.673549091780e-07
4.000000000000e-04,1.133005609115e-08
1.200000000000e-03,1.042885481024e-06
3.200000000000e-03,6.296451019755e-06
4.000000000000e-04,1.589794698282e-07
4.000000000000e-04,9.151928062945e-08
4.000000000000e-04,2.876236084884e-07
8.000000000000e-04,1.027917021506e-06
5.880000000000e-02,5.350080688529e-04
4.000000000000e-04,3.135616671451e-07
4.000000000000e-04,5.236699403860e-07
4.000000000000e-04,7.517195846999e-08
4.000000000000e-04,1.878503205613e-07
8.000000000000e-04,1.804888865278e-06
8.000000000000e-04,9.039685152939e-07
4.000000000000e-04,1.188334718327e-06
8.000000000000e-04,2.990333089330e-06
4.000000000000e-04,5.107455290255e-07
2.960000000000e-02,1.581765261478e-04
1.200000000000e-03,1.014896881326e-06
1.200000000000e-03,1.033379044705e-06
4.000000000000e-04,8.559597111096e-07
8.000000000000e-04,1.295163176815e-06
4.000000000000e-03,1.129252787640e-05
4.000000000000e-04,1.583846685284e-06
4.000000000000e-04,1.655790455273e-07
7.200000000000e-03,2.312828017813e-05
8.000000000000e-04,5.978615710475e-07
4.000000000000e-04,2.583508774574e-07
8.000000000000e-04,7.577322003396e-07
4.000000000000e-04,3.495601391903e-07
4.000000000000e-04,4.770642383509e-07
4.000000000000e-04,2.675331811157e-07
4.000000000000e-04,2.285374379246e-07
4.000000000000e-04,3.609066200953e-07
4.000000000000e-04,8.040548524284e-08
4.000000000000e-04,3.849198843167e-08
4.000000000000e-04,3.322691116102e-07
8.000000000000e-04,6.546112239088e-07
4.000000000000e-04,4.309770141007e-07
4.000000000000e-04,2.789471723447e-07
4.000000000000e-04,2.186057590667e-08
4.000000000000e-04,9.161395983921e-07
4.000000000000e-04,2.014196767057e-07
4.000000000000e-04,3.399541722942e-08
4.000000000000e-04,1.110191867806e-07
4.000000000000e-04,3.069931841875e-07
2.120000000000e-02,1.317294928018e-04
4.000000000000e-04,1.455227157127e-07
4.000000000000e-04,1.582133945191e-07
4.000000000000e-04,7.389831272834e-08
4.000000000000e-04,4.321312006097e-07
1.200000000000e-03,4.519201623467e-07
8.000000000000e-04,1.127366553963e-06
4.000000000000e-04,2.186773495421e-08
8.000000000000e-04,3.897779701230e-07
4.000000000000e-04,1.058366658566e-07
4.000000000000e-04,3.871230762967e-07
4.000000000000e-04,8.546730334076e-07
4.000000000000e-04,3.503249643324e-07
4.000000000000e-04,2.262268591943e-07
4.000000000000e-04,4.106828261452e-08
4.000000000000e-04,9.635538921095e-07
4.000000000000e-04,2.952280971794e-07
4.000000000000e-04,8.631160551223e-07
4.000000000000e-04,5.231313284372e-07
4.000000000000e-04,6.791277874851e-07
3.200000000000e-03,1.054296720209e-05
3.600000000000e-03,6.871384831279e-06
4.000000000000e-04,1.906749189964e-07
4.000000000000e-04,3.312814998614e-07
4.000000000000e-04,1.325912097167e-07
4.000000000000e-04,5.482255413610e-07
4.000000000000e-04,1.855230423192e-07
2.000000000000e-03,3.701920105743e-06
2.400000000000e-03,3.670631758656e-06
4.000000000000e-04,7.460209646256e-08
4.000000000000e-04,2.869303208388e-07
8.000000000000e-04,2.372298296195e-06
4.000000000000e-04,2.843437420039e-07
2.000000000000e-03,4.263032569473e-06
4.000000000000e-04,1.653054877236e-07
4.000000000000e-04,3.076837080053e-07
4.000000000000e-04,1.225358624453e-08
8.000000000000e-04,4.065033183875e-07
2.400000000000e-03,5.094959968454e-06
6.400000000000e-03,2.967158304065e-05
4.000000000000e-04,9.306785090142e-07
4.000000000000e-04,1.542622804530e-07
8.400000000000e-03,4.088481535458e-05
4.000000000000e-04,2.651239289775e-08
4.000000000000e-04,1.400383737200e-08
4.000000000000e-04,3.877220281181e-07
4.000000000000e-04,2.475098173351e-07
4.000000000000e-04,8.149235857388e-08
4.000000000000e-04,1.143279237407e-07
4.000000000000e-04,1.089419515043e-09
4.000000000000e-04,3.340628790357e-07
8.000000000000e-04,2.010323183516e-07
8.000000000000e-04,1.097218217897e-06
1.640000000000e-02,5.709758172050e-05
4.000000000000e-04,9.397046428651e-07
4.000000000000e-04,2.116191620372e-08
2.000000000000e-03,3.215309240085e-06
4.000000000000e-04,4.110594453188e-08
5.600000000000e-03,1.463579675064e-05
8.000000000000e-04,4.271553396962e-07
9.600000000000e-03,3.842766027551e-05
4.000000000000e-04,8.727434981837e-07
4.000000000000e-04,9.090015391383e-08
4.000000000000e-04,1.061890898452e-07
8.000000000000e-04,8.051651377546e-07
1.200000000000e-03,7.854615245075e-07
8.000000000000e-04,3.945618749494e-07
1.200000000000e-03,1.529256533655e-06
4.000000000000e-04,9.432694104516e-09
2.040000000000e-02,9.410897538375e-05
4.000000000000e-04,2.927751561425e-07
4.000000000000e-04,2.098645333614e-07
8.000000000000e-04,1.179849135685e-06
4.000000000000e-04,7.767729963461e-07
4.000000000000e-04,2.156736056463e-07
4.000000000000e-04,1.487773518819e-07
2.000000000000e-03,2.295442014177e-06
4.000000000000e-04,2.030544121601e-07
8.000000000000e-04,8.912003546540e-07
1.200000000000e-03,1.319340257664e-06
8.000000000000e-04,1.323680053527e-06
1.600000000000e-03,3.170199659294e-06
4.000000000000e-04,4.480698870990e-07
4.000000000000e-04,8.917067895041e-07
4.000000000000e-04,2.545055410648e-07
2.800000000000e-03,6.678828206534e-06
4.000000000000e-04,4.339426180731e-08
4.000000000000e-04,6.965311252273e-07
6.000000000000e-03,2.195857779247e-05
4.000000000000e-04,1.013656285469e-08
3.600000000000e-03,6.761413509563e-06
4.000000000000e-04,3.919716502011e-07
4.000000000000e-04,2.092285499325e-07
4.000000000000e-04,3.906913487388e-08
4.000000000000e-04,1.541165668130e-07
8.000000000000e-04,5.731618943155e-07
4.000000000000e-04,1.737722358388e-08
4.000000000000e-04,1.389370554572e-07
4.000000000000e-04,5.215920394335e-07
4.000000000000e-04,1.050299847431e-06
4.000000000000e-04,4.728658748131e-07
8.000000000000e-04,6.370481216775e-07
4.000000000000e-04,1.823803730152e-07
4.000000000000e-04,4.376741640923e-08
8.000000000000e-04,1.906647808630e-07
8.000000000000e-04,4.508111077083e-07
4.000000000000e-04,2.987358796304e-07
4.000000000000e-04,2.692578752990e-08
4.000000000000e-04,9.943391275317e-08
4.000000000000e-04,9.093849224202e-08
4.000000000000e-04,2.553395016082e-07
4.000000000000e-04,2.001075276046e-07
4.000000000000e-04,1.798325484486e-07
4.000000000000e-04,1.514051446039e-07
4.000000000000e-04,3.160678245050e-08
4.000000000000e-04,5.178615564455e-07
4.000000000000e-04,4.658496371890e-07
4.000000000000e-04,9.125412099337e-09
4.000000000000e-04,2.141834057181e-07
4.000000000000e-04,5.626318203045e-07
4.000000000000e-04,1.823023973091e-07
4.000000000000e-04,1.672748817032e-07
4.000000000000e-04,7.247222494553e-07
4.000000000000e-04,1.195035550946e-06
3.600000000000e-03,5.519978797390e-06
1.200000000000e-03,6.435608237951e-07
4.000000000000e-04,2.011719355928e-06
4.000000000000e-04,3.332165997363e-08
4.000000000000e-04,3.060699532945e-07
1.200000000000e-03,2.073461763294e-06
4.000000000000e-04,1.923391601943e-07
4.000000000000e-03,1.152836668021e-05
2.400000000000e-03,6.408183933211e-06
4.000000000000e-04,8.810504322588e-07
4.000000000000e-04,4.969254535610e-07
4.000000000000e-04,3.695896882357e-08
4.000000000000e-04,2.585449729687e-07
8.000000000000e-04,1.451715961146e-06
4.000000000000e-04,2.141440119661e-07
1.200000000000e-03,1.846013792420e-06
4.000000000000e-04,2.880260093198e-08
3.200000000000e-03,8.852964404337e-06
1.200000000000e-03,1.673417114924e-06
4.000000000000e-04,3.636223491075e-07
4.000000000000e-04,3.769018716097e-07
4.000000000000e-04,2.190204196569e-07
4.000000000000e-04,2.883312312407e-07
4.000000000000e-04,5.384983038274e-07
4.000000000000e-04,1.223735856637e-07
4.000000000000e-04,1.843559557774e-08
1.600000000000e-03,2.614114567610e-06
4.000000000000e-04,1.026326567682e-06
1.200000000000e-03,5.418080572399e-07
4.400000000000e-03,1.240515589680e-05
1.600000000000e-03,2.362872793578e-06
4.000000000000e-04,6.383768310150e-08
4.000000000000e-04,8.898866913176e-07
4.000000000000e-04,5.965121169157e-07
4.000000000000e-04,1.709660838396e-07
4.000000000000e-04,3.887949594469e-07
8.000000000000e-04,8.202713536098e-07
8.000000000000e-04,2.460201482707e-07
1.200000000000e-03,1.102229238051e-06
4.000000000000e-04,4.607138508942e-07
1.240000000000e-02,4.780973658157e-05
1.000000000000e-02,4.573706133374e-05
1.200000000000e-03,2.299241815080e-06
1.600000000000e-03,4.090427557530e-06
8.000000000000e-04,7.269104437945e-07
4.000000000000e-04,3.689958260705e-07
4.000000000000e-04,7.832538778599e-07
8.000000000000e-04,4.297967817331e-06
1.200000000000e-03,2.348029376112e-06
4.000000000000e-04,5.705236645215e-09
4.000000000000e-04,6.589303367417e-08
4.000000000000e-04,7.058257446458e-08
4.000000000000e-04,4.720167075563e-07
4.000000000000e-04,1.442518720344e-06
4.000000000000e-04,2.245755857623e-07
3.600000000000e-03,7.562935631330e-06
8.000000000000e-04,1.056497511005e-06
4.000000000000e-04,5.211538545048e-07
6.560000000000e-02,9.075330637737e-04
4.000000000000e-04,3.065213282662e-07
4.000000000000e-04,4.216316500517e-07
4.400000000000e-03,7.571551190079e-06
4.000000000000e-04,3.542081998277e-07
4.000000000000e-04,9.617082228854e-07
4.000000000000e-04,2.254048935196e-07
2.000000000000e-03,3.416286686148e-06
8.000000000000e-04,3.329999589799e-06
3.200000000000e-03,3.664716178094e-06
1.520000000000e-02,5.199200503201e-05
4.000000000000e-04,4.086229460435e-07
8.000000000000e-04,2.918532272433e-06
2.800000000000e-03,5.248884180427e-06
4.000000000000e-04,3.174561667617e-07
4.000000000000e-03,9.550786092992e-06
4.000000000000e-04,7.445866392121e-07
4.000000000000e-04,9.146700252052e-07
4.000000000000e-04,2.229865303364e-07
4.000000000000e-04,1.717510446017e-07
4.000000000000e-04,1.344989675194e-07
4.000000000000e-04,1.086780604058e-06
1.960000000000e-02,1.270544906879e-04
1.600000000000e-03,1.561989442980e-06
1.600000000000e-03,2.848977037815e-06
4.000000000000e-04,6.739353326364e-07
8.800000000000e-03,3.044203873820e-05
1.600000000000e-03,2.416354843620e-06
4.000000000000e-04,1.473695164167e-07
5.600000000000e-03,1.691778029200e-05
1.200000000000e-03,9.206993754413e-07
1.240000000000e-02,5.090387875944e-05
4.000000000000e-04,5.975930692510e-08
1.200000000000e-03,7.466923256106e-07
4.000000000000e-04,5.653808611396e-07
4.000000000000e-04,1.422537308342e-07
4.000000000000e-04,5.383698385148e-07
8.000000000000e-04,9.773529775889e-07
1.200000000000e-03,1.848386004957e-06
8.000000000000e-04,6.722784284405e-07
8.000000000000e-04,4.201748102437e-07
1.200000000000e-03,2.171767983347e-06
4.000000000000e-04,6.776127775969e-07
3.200000000000e-03,1.068697505963e-05
4.000000000000e-04,7.742742097134e-07
4.000000000000e-04,4.163709041883e-07
4.000000000000e-04,1.007332314813e-06
1.600000000000e-03,4.114275078161e-06
8.000000000000e-04,7.659567773060e-07
4.000000000000e-04,1.035891412762e-07
4.000000000000e-04,6.097691791032e-07
8.000000000000e-04,2.261335222207e-06
4.000000000000e-04,2.250823418497e-07
4.400000000000e-03,1.362771460879e-05
8.000000000000e-04,1.799154597522e-06
4.000000000000e-04,7.322727838790e-08
8.000000000000e-04,1.440813789406e-06
1.200000000000e-03,1.894369430230e-06
2.000000000000e-03,6.885902937873e-07
4.000000000000e-04,3.254996833617e-08
6.000000000000e-03,3.402903313188e-05
1.200000000000e-03,7.399203083102e-07
4.000000000000e-04,2.777293178741e-07
4.000000000000e-04,3.578190109547e-07
4.000000000000e-04,1.028307852461e-06
8.000000000000e-04,1.023347175503e-06
4.000000000000e-04,1.826221062307e-09
4.000000000000e-04,2.480681725341e-08
4.000000000000e-04,8.867572475281e-07
1.600000000000e-03,3.071789107319e-06
8.000000000000e-04,3.045788880707e-07
8.000000000000e-04,1.408445931052e-06
4.000000000000e-04,5.037218500507e-07
4.000000000000e-04,7.778476883009e-08
4.000000000000e-04,4.871047413202e-07
4.000000000000e-04,4.364266346500e-07
4.000000000000e-04,1.053108474844e-07
4.000000000000e-04,3.284931151661e-07
4.000000000000e-04,6.698279378296e-07
4.000000000000e-04,4.350733061036e-07
4.000000000000e-04,9.936530346829e-07
6.000000000000e-03,1.561686485063e-05
1.200000000000e-03,2.295169024187e-06
4.000000000000e-04,1.732053309056e-07
4.000000000000e-04,2.873556206195e-07
1.600000000000e-03,4.053391300121e-06
8.000000000000e-04,5.262006157675e-07
4.000000000000e-04,2.187502422524e-07
4.000000000000e-04,3.402616309802e-07
4.000000000000e-04,1.496767510800e-07
4.000000000000e-04,1.715136303702e-07
6.800000000000e-03,2.701683177121e-05
4.000000000000e-04,1.654593882710e-07
8.000000000000e-04,1.632879859539e-06
8.000000000000e-04,1.042114661634e-06
8.000000000000e-04,7.186783164419e-07
4.000000000000e-04,9.166839573547e-08
4.000000000000e-04,6.883344943103e-08
1.200000000000e-02,3.688503496579e-05
4.000000000000e-04,4.239835290279e-07
8.000000000000e-04,6.278619353236e-07
4.000000000000e-04,1.073940366682e-06
4.000000000000e-04,7.716705272742e-07
8.000000000000e-04,6.293989478420e-07
4.000000000000e-04,8.586461208702e-08
4.000000000000e-04,1.870908930095e-07
4.000000000000e-04,2.285067171062e-07
6.000000000000e-03,2.128729132099e-05
4.000000000000e-04,1.026374326451e-07
3.600000000000e-03,8.597244871705e-06
4.000000000000e-04,5.485525371037e-07
4.000000000000e-04,1.896708200523e-07
4.000000000000e-04,7.336074840636e-08
4.000000000000e-04,1.342889717752e-06
4.000000000000e-04,4.482583998755e-08
4.000000000000e-04,1.110507499202e-08
8.000000000000e-04,9.317045432927e-07
8.000000000000e-04,1.416799938505e-06
4.000000000000e-04,7.706125899516e-08
1.200000000000e-03,2.545800369643e-06
4.000000000000e-04,3.443401033030e-07
4.000000000000e-04,9.195807198372e-07
8.000000000000e-04,5.553661326280e-07
4.000000000000e-04,1.266284467271e-07
4.000000000000e-04,6.486580901513e-07
1.200000000000e-03,1.733443449116e-06
4.000000000000e-04,2.981608246868e-07
4.000000000000e-04,6.254555874153e-07
4.000000000000e-04,3.684407055508e-07
4.000000000000e-04,3.309536500447e-07
4.000000000000e-04,2.784776119314e-08
4.000000000000e-04,5.478239629912e-07
8.000000000000e-04,3.957616039699e-07
5.600000000000e-03,2.440068884380e-05
4.000000000000e-04,2.797355362115e-07
4.000000000000e-04,2.188116674394e-07
4.000000000000e-04,1.604022686304e-07
1.600000000000e-03,2.403078791605e-06
4.000000000000e-04,1.598528247058e-07
1.200000000000e-03,6.769693723635e-07
1.600000000000e-03,4.210314574339e-06
4.000000000000e-03,1.132639710732e-05
8.000000000000e-04,7.607107416160e-07
8.000000000000e-04,1.580234567816e-07
4.000000000000e-04,3.938396724396e-07
4.000000000000e-04,1.269965396836e-07
3.600000000000e-03,8.090634556421e-06
4.000000000000e-04,2.416566257587e-07
8.000000000000e-04,1.699520505581e-06
1.600000000000e-03,1.504671457069e-06
4.000000000000e-04,3.708448643734e-07
4.000000000000e-04,8.038892756608e-07
4.000000000000e-04,1.027732296321e-07
4.000000000000e-04,2.885121400123e-07
8.000000000000e-04,2.930140354561e-07
4.000000000000e-04,1.882953485015e-08
8.000000000000e-04,3.301688971119e-07
4.000000000000e-04,4.329419273056e-08
4.000000000000e-04,4.156936602580e-07
4.000000000000e-04,5.886822816470e-07
1.200000000000e-03,2.776319150788e-06
4.000000000000e-04,4.878836439132e-07
4.000000000000e-04,1.601558364018e-08
4.000000000000e-04,6.538639609870e-07
1.200000000000e-03,2.023985425976e-06
4.000000000000e-04,3.618676946690e-07
4.000000000000e-04,4.295428895202e-08
4.000000000000e-04,4.659081352851e-07
4.000000000000e-04,5.621723712121e-08
8.000000000000e-04,4.278921323366e-07
8.000000000000e-04,1.013197579171e-06
4.000000000000e-04,2.231021932933e-07
4.000000000000e-04,2.376397845113e-07
4.000000000000e-04,4.002066380029e-07
4.000000000000e-04,4.592301686963e-07
4.000000000000e-04,5.277034684449e-07
4.000000000000e-04,7.768918487328e-09
4.000000000000e-04,5.414776335823e-07
4.000000000000e-04,2.401112341079e-07
4.000000000000e-04,2.182990565444e-07
4.000000000000e-04,3.613477976655e-07
4.000000000000e-04,6.325763227780e-08
4.000000000000e-04,2.248661592522e-07
4.000000000000e-04,8.743910150251e-08
4.000000000000e-04,5.490182535079e-07
5.200000000000e-03,1.976336554923e-05
4.000000000000e-04,2.050817712288e-07
1.600000000000e-03,2.305014520174e-06
4.000000000000e-04,6.167961665461e-07
4.000000000000e-04,1.001308543548e-06
4.000000000000e-04,1.105919273194e-07
1.200000000000e-03,3.395585689925e-06
8.000000000000e-04,1.217404278643e-06
4.000000000000e-04,1.456025337960e-07
2.000000000000e-03,3.637748672880e-06
4.000000000000e-04,2.963984175629e-07
8.000000000000e-04,1.753438288363e-06
2.000000000000e-03,6.763377138936e-06
4.000000000000e-04,4.156910855349e-08
8.000000000000e-04,1.982723553554e-06
4.000000000000e-04,3.879865606090e-08
8.000000000000e-04,6.030060021243e-07
4.000000000000e-04,3.159710235880e-08
1.600000000000e-03,4.295052041034e-06
4.000000000000e-04,5.745370415904e-07
4.400000000000e-03,9.642719735720e-06
4.000000000000e-04,7.897940209510e-07
4.000000000000e-04,1.634362078539e-07
8.000000000000e-04,3.624942623165e-07
4.000000000000e-04,8.128676237922e-08
4.000000000000e-04,8.429047629400e-08
1.200000000000e-03,1.673015932065e-06
4.000000000000e-04,9.455432062115e-07
2.400000000000e-03,5.796348064479e-06
2.800000000000e-02,1.407446619122e-04
4.000000000000e-04,1.837056559727e-07
4.000000000000e-04,1.029530695960e-07
8.000000000000e-04,9.763092346349e-07
4.000000000000e-04,3.892084468602e-07
4.000000000000e-04,2.321222695639e-07
4.000000000000e-04,3.171983011530e-07
4.000000000000e-04,1.001991591071e-06
4.000000000000e-04,4.898599403508e-07
4.000000000000e-04,3.996211503460e-07
4.000000000000e-04,1.462184954597e-07
1.600000000000e-02,4.339052286810e-05
8.000000000000e-04,1.820676643132e-06
4.000000000000e-04,8.429777455217e-08
4.000000000000e-04,4.505509626444e-07
4.000000000000e-04,4.639385633636e-07
4.000000000000e-04,3.435106004461e-07
1.600000000000e-03,3.757692347931e-06
4.000000000000e-04,9.832591485495e-08
4.000000000000e-04,6.264927285568e-07
8.000000000000e-04,1.031759526902e-06
4.000000000000e-04,4.989838819020e-07
4.000000000000e-04,4.382193672626e-08
4.000000000000e-04,5.891454193696e-09
4.000000000000e-04,6.525214543433e-07
4.000000000000e-04,8.735900639585e-07
4.000000000000e-04,8.035161549448e-08
4.000000000000e-04,6.950031557930e-07
4.000000000000e-04,7.932158700331e-07
8.000000000000e-04,7.095850515762e-07
4.000000000000e-04,6.340874880432e-07
8.000000000000e-04,1.265014386239e-07
4.000000000000e-04,5.591241472800e-07
4.000000000000e-04,2.884469476627e-08
1.600000000000e-03,9.170627389419e-07
4.000000000000e-04,9.992532646836e-08
4.000000000000e-04,5.554488878654e-07
4.000000000000e-04,3.421916232670e-07
4.000000000000e-04,1.520166080034e-06
4.000000000000e-04,3.274305749234e-07
4.000000000000e-04,3.428046192615e-07
1.320000000000e-02,4.708014076132e-05
4.000000000000e-04,4.804424139432e-07
2.000000000000e-03,2.994411170738e-06
8.000000000000e-04,4.244928530573e-07
4.000000000000e-04,1.078677006968e-07
2.000000000000e-03,3.836402084395e-06
4.000000000000e-04,4.992156906826e-07
8.000000000000e-04,2.321043773594e-06
5.600000000000e-03,1.820819814335e-05
8.000000000000e-04,3.557464531663e-07
4.000000000000e-04,4.481291993562e-07
4.000000000000e-04,5.765426003335e-07
4.000000000000e-04,1.076924767288e-06
4.000000000000e-04,1.706006015163e-07
2.000000000000e-03,5.207517640136e-06
4.000000000000e-04,7.180195535978e-07
4.000000000000e-04,5.155667719256e-07
3.600000000000e-03,1.460085911612e-05
4.000000000000e-04,1.231214123589e-07
1.200000000000e-03,7.876292151326e-07
4.000000000000e-04,8.726033876770e-07
4.000000000000e-04,3.417246438214e-07
4.000000000000e-04,1.243007396231e-06
4.000000000000e-04,5.945004749814e-08
4.800000000000e-02,2.822167894901e-04
4.000000000000e-04,1.803431077510e-07
8.000000000000e-04,7.438796851639e-07
4.000000000000e-04,7.902743297862e-07
2.000000000000e-03,3.884173296654e-06
4.000000000000e-04,1.389142714604e-07
7.600000000000e-03,2.445313812694e-05
4.000000000000e-04,1.800990768551e-07
1.600000000000e-03,1.028286597019e-06
4.000000000000e-04,2.474714491866e-08
8.000000000000e-04,7.208632766810e-07
4.000000000000e-04,6.965440320230e-08
4.000000000000e-04,1.882122182040e-07
4.000000000000e-04,3.497913366678e-07
4.000000000000e-04,8.969479651477e-07
4.000000000000e-04,1.091186595861e-06
4.000000000000e-04,1.080158827230e-06
4.000000000000e-04,6.552548538521e-08
4.000000000000e-04,7.073650572304e-07
4.000000000000e-04,1.648036471692e-07
6.000000000000e-03,1.100252625502e-05
9.600000000000e-03,5.115062446619e-05
4.000000000000e-04,4.978219918175e-08
8.000000000000e-04,1.147694827911e-06
8.000000000000e-04,8.649539663407e-07
8.000000000000e-04,1.255710298301e-06
4.000000000000e-04,1.330380739073e-07
4.000000000000e-04,9.502249944503e-07
4.000000000000e-04,5.094413111577e-07
4.400000000000e-03,1.188729815198e-05
4.000000000000e-04,1.606423951254e-07
4.000000000000e-04,1.195383266284e-07
4.000000000000e-04,4.089877130845e-07
2.800000000000e-03,9.562108076918e-06
4.000000000000e-04,2.269859759659e-07
4.000000000000e-04,1.887499970723e-07
4.000000000000e-04,2.983717416872e-07
4.000000000000e-04,5.575120003680e-07
4.000000000000e-04,5.192412197596e-07
1.600000000000e-03,1.442493586950e-06
4.000000000000e-04,1.842253957476e-07
4.000000000000e-04,8.861363140438e-07
4.000000000000e-04,4.101758486152e-07
4.000000000000e-04,5.297069316432e-07
1.600000000000e-03,1.248265882630e-06
2.800000000000e-03,6.552262150356e-06
4.000000000000e-04,1.602082707642e-07
8.800000000000e-03,1.752590535808e-05
1.320000000000e-02,6.816928705713e-05
4.000000000000e-04,4.939456481006e-07
3.600000000000e-03,1.018812600667e-05
4.000000000000e-04,5.050414546189e-07
2.800000000000e-03,6.876021171869e-06
4.000000000000e-04,3.051104852030e-07
4.000000000000e-04,1.120184813732e-06
5.600000000000e-03,2.030352597058e-05
1.600000000000e-03,3.641553307785e-06
4.000000000000e-04,5.408294277549e-07
4.000000000000e-04,3.489489340293e-08
4.000000000000e-04,8.182865488896e-08
4.000000000000e-04,1.218288599461e-07
4.000000000000e-04,7.557734376099e-08
8.000000000000e-04,1.162031616743e-06
4.000000000000e-04,2.652927342508e-07
4.000000000000e-04,9.388602787868e-08
4.000000000000e-04,1.808179379621e-07
4.000000000000e-04,6.326799820750e-07
1.200000000000e-03,1.808398524975e-06
1.200000000000e-03,1.007000777823e-06
3.200000000000e-03,1.201229262221e-05
8.000000000000e-04,1.105674359305e-06
8.000000000000e-04,2.116032819985e-06
4.000000000000e-04,3.598294856119e-07
1.600000000000e-03,3.086607545311e-06
4.000000000000e-04,1.952672559572e-07
1.200000000000e-03,1.163541120995e-06
4.000000000000e-04,1.040834893550e-07
4.000000000000e-04,4.148744416215e-07
4.000000000000e-04,1.239728349991e-07
4.000000000000e-04,4.870844933198e-08
4.000000000000e-04,2.364821879600e-08
4.000000000000e-04,4.911947447561e-08
4.000000000000e-04,4.464744642565e-07
4.000000000000e-04,7.513291731888e-08
4.000000000000e-04,2.107119462432e-07
4.000000000000e-04,1.479586304284e-07
1.360000000000e-02,7.558697952345e-05
4.000000000000e-04,1.308859823675e-07
4.400000000000e-03,1.043564739540e-05
4.000000000000e-04,8.175635657077e-07
8.000000000000e-04,4.245017594710e-07
4.000000000000e-04,8.051093760246e-07
2.120000000000e-01,3.945490667925e-03
4.000000000000e-04,2.625941459046e-07
4.000000000000e-04,1.275139160717e-08
4.000000000000e-04,4.702844194404e-09
8.000000000000e-04,4.909227754578e-07
4.000000000000e-04,2.071938546633e-07
4.000000000000e-04,6.870600610817e-07
8.000000000000e-04,4.612302130321e-07
4.000000000000e-04,8.839232274178e-08
2.800000000000e-03,5.769286177085e-06
4.800000000000e-03,1.398795521121e-05
4.000000000000e-04,3.527577057894e-07
4.000000000000e-04,1.047546411010e-07
7.200000000000e-03,2.326456718177e-05
4.000000000000e-04,3.854915173204e-07
4.000000000000e-04,4.424405490650e-07
4.000000000000e-04,3.596946462648e-07
1.200000000000e-03,1.982251908761e-06
2.000000000000e-03,1.962746390239e-06
1.200000000000e-03,3.390148621414e-06
4.000000000000e-04,1.409760561910e-09
8.000000000000e-04,8.494600411616e-07
4.000000000000e-04,2.160493192589e-08
6.800000000000e-03,2.437294602011e-05
9.600000000000e-03,4.755272147780e-05
4.000000000000e-04,4.824776145786e-08
4.000000000000e-04,3.326997063348e-07
1.600000000000e-03,3.124967056620e-06
4.000000000000e-04,5.585900727459e-07
8.000000000000e-04,1.356562034696e-07
4.000000000000e-04,4.165382689677e-07
4.000000000000e-04,4.448188441918e-08
1.600000000000e-03,5.481896874972e-06
4.000000000000e-04,2.026055412406e-07
4.000000000000e-04,9.240433310514e-08
4.000000000000e-04,8.979524304850e-07
4.000000000000e-04,4.259345383759e-07
4.000000000000e-04,3.291834182728e-07
4.000000000000e-04,3.523273439662e-07
4.000000000000e-04,1.969048793526e-07
3.600000000000e-03,8.208664392792e-06
4.000000000000e-04,1.420270352742e-08
1.200000000000e-03,1.777700131660e-06
8.000000000000e-04,1.137232497061e-06
4.000000000000e-04,5.886173720152e-07
4.000000000000e-04,3.334894525520e-07
4.000000000000e-04,2.404313459793e-07
1.200000000000e-03,2.517322141180e-06
4.000000000000e-04,3.498585102439e-07
3.000000000000e-02,2.692966417785e-04
8.000000000000e-04,2.037337381681e-06
4.000000000000e-04,2.843778029483e-07
4.000000000000e-04,6.495046264098e-08
1.600000000000e-03,3.153073259551e-06
8.000000000000e-04,7.783864305982e-07
4.000000000000e-04,8.980607161359e-07
4.000000000000e-04,7.965880165050e-07
4.000000000000e-04,1.220850448921e-06
4.000000000000e-04,1.183578770909e-07
8.000000000000e-04,7.195192379239e-07
4.000000000000e-04,2.619497768581e-07
1.600000000000e-03,5.156126454346e-06
1.200000000000e-03,1.349510584247e-06
1.200000000000e-03,1.770488871108e-06
4.000000000000e-04,5.891896253385e-07
8.000000000000e-04,1.247591271250e-07
8.000000000000e-04,4.286222545085e-07
4.000000000000e-04,4.132565495577e-07
4.000000000000e-04,4.744460789531e-07
4.000000000000e-04,8.915015862587e-07
1.600000000000e-03,4.002870587226e-06
4.000000000000e-04,9.166204246023e-08
4.000000000000e-04,1.159447931066e-06
4.000000000000e-04,1.198289927673e-07
1.480000000000e-02,8.967823621549e-05
4.400000000000e-03,1.717761044911e-05
4.000000000000e-04,2.758841092105e-07
2.000000000000e-03,6.694572530040e-06
4.000000000000e-04,2.663245720247e-07
8.000000000000e-04,2.213257301503e-07
4.000000000000e-04,8.134864969995e-08
4.000000000000e-04,4.341470994733e-07
8.000000000000e-04,1.651526121393e-06
4.000000000000e-04,2.680543802053e-07
4.000000000000e-04,4.110966408298e-07
4.000000000000e-04,2.842176476940e-07
1.600000000000e-03,4.974151780876e-06
4.400000000000e-03,1.196365297482e-05
4.000000000000e-04,2.105641229336e-07
1.200000000000e-03,1.909113641744e-06
4.000000000000e-04,5.236467896675e-08
1.200000000000e-03,2.578774635632e-06
4.000000000000e-04,1.087860239558e-06
4.000000000000e-03,1.030618953710e-05
8.000000000000e-04,1.432995664601e-06
4.000000000000e-04,4.376187038639e-07
8.000000000000e-04,4.272911510162e-07
4.000000000000e-04,1.629637128971e-08
4.000000000000e-04,7.303919358626e-07
8.000000000000e-04,1.548172954600e-06
7.240000000000e-02,6.683516877698e-04
8.000000000000e-04,1.391998159948e-06
4.000000000000e-04,1.701067281170e-07
4.000000000000e-04,7.574940481697e-07
4.000000000000e-04,4.364267981311e-07
4.000000000000e-04,6.144614835516e-07
4.000000000000e-04,9.099749594345e-07
1.200000000000e-03,2.345527233492e-06
4.000000000000e-04,1.876812546633e-06
4.000000000000e-04,5.307817668420e-07
4.000000000000e-04,5.337773270567e-07
4.000000000000e-04,7.579171145030e-07
1.600000000000e-03,3.121170330605e-06
4.000000000000e-04,3.063836128459e-07
8.000000000000e-04,1.758558223389e-06
4.000000000000e-04,6.595563392563e-07
4.000000000000e-04,3.194030581503e-07
4.000000000000e-04,3.212186934082e-07
4.000000000000e-04,6.146787185807e-07
1.600000000000e-03,1.242397840184e-06
1.720000000000e-02,7.549721374862e-05
9.600000000000e-03,3.473676805185e-05
8.000000000000e-04,3.889343988822e-07
3.200000000000e-03,5.719066883976e-06
8.000000000000e-04,1.419969876983e-06
4.000000000000e-04,1.241773221905e-06
4.000000000000e-04,7.506641049722e-08
4.000000000000e-04,1.271102454137e-06
6.800000000000e-03,2.083117721011e-05
4.000000000000e-04,6.085161120207e-07
4.000000000000e-04,1.467642864448e-06
8.000000000000e-04,1.948217125260e-07
4.000000000000e-04,9.232685599230e-07
4.000000000000e-04,1.038309640600e-07
8.000000000000e-04,1.126152510986e-06
4.000000000000e-04,2.737259982648e-07
8.000000000000e-04,7.887669554624e-07
4.000000000000e-04,2.220727105506e-07
4.000000000000e-04,2.528092036950e-07
4.000000000000e-04,3.361187618892e-07
2.200000000000e-02,2.218600971825e-04
8.000000000000e-04,1.357357425256e-06
4.000000000000e-04,1.292453866455e-07
4.000000000000e-04,6.704865308191e-07
4.000000000000e-04,9.278273512514e-09
4.000000000000e-04,2.752970281885e-07
4.000000000000e-04,1.591749154877e-06
4.000000000000e-04,5.153431159977e-07
2.000000000000e-03,4.850092153384e-06
4.000000000000e-04,2.153083539058e-07
4.000000000000e-04,2.961786163199e-07
1.200000000000e-03,2.178740610273e-06
4.000000000000e-04,2.588991175114e-07
4.000000000000e-04,4.205965200961e-07
2.640000000000e-02,1.647393120841e-04
4.000000000000e-04,5.184156687187e-07
1.200000000000e-03,1.035926462429e-06
4.000000000000e-04,5.074486854458e-07
4.000000000000e-04,4.280963767598e-07
4.000000000000e-04,1.426576841536e-07
4.000000000000e-04,6.942742278888e-07
4.000000000000e-04,1.160835592624e-07
4.000000000000e-04,1.248233518688e-08
4.000000000000e-04,8.489803490892e-08
1.600000000000e-03,2.790666349440e-06
4.000000000000e-04,5.848539921463e-07
4.000000000000e-04,8.236062151457e-09
7.200000000000e-03,5.606780514441e-05
8.000000000000e-04,1.229570122514e-06
4.000000000000e-04,3.977515574318e-07
7.600000000000e-03,2.297496075645e-05
4.000000000000e-04,5.731497660957e-07
4.000000000000e-04,4.581114758737e-07
4.000000000000e-04,1.556114846729e-07
4.000000000000e-04,1.010528510382e-07
4.000000000000e-04,3.666570160987e-07
2.400000000000e-03,4.678539940116e-06
8.000000000000e-04,1.049207936015e-06
2.000000000000e-03,3.083495885263e-06
1.600000000000e-03,7.117789508539e-06
4.000000000000e-04,1.516692522444e-07
1.200000000000e-03,2.167738414502e-06
4.000000000000e-04,1.073474862247e-06
4.000000000000e-04,3.804044912796e-08
2.800000000000e-03,1.301203226489e-05
4.000000000000e-04,5.166000929591e-10
2.800000000000e-03,1.879608237210e-05
1.200000000000e-03,2.471887416367e-06
4.000000000000e-04,7.826037945593e-07
4.000000000000e-04,1.002023372109e-06
1.200000000000e-03,2.107689330071e-06
4.000000000000e-04,5.970898366672e-07
4.000000000000e-04,8.206686235529e-08
4.000000000000e-04,6.906927249194e-07
4.000000000000e-04,2.632252273122e-07
4.000000000000e-04,8.737039388295e-07
4.000000000000e-04,2.849477641201e-07
1.200000000000e-03,3.896622532266e-06
2.000000000000e-03,3.094224122712e-06
4.000000000000e-04,1.254029972184e-07
1.072000000000e-01,8.724748011823e-04
4.000000000000e-04,2.293993858453e-07
4.000000000000e-04,8.801844879258e-07
4.000000000000e-04,1.778564158563e-06
1.000000000000e-02,6.236060668114e-05
8.000000000000e-04,8.851094142900e-07
2.056000000000e-01,2.226203855504e-03
4.000000000000e-04,3.097452217380e-07
4.000000000000e-04,1.256794499454e-06
2.680000000000e-02,1.338222961461e-04
4.720000000000e-02,6.584396099780e-04
2.040000000000e-02,1.252742705211e-04
3.200000000000e-03,6.971356042670e-06
4.000000000000e-03,4.408405563335e-06
6.000000000000e-03,2.513558856927e-05
4.000000000000e-04,1.465084288008e-06
4.000000000000e-04,7.157610710206e-07
4.000000000000e-04,2.194668091281e-07
4.000000000000e-04,4.069459941462e-07
4.000000000000e-04,2.904228170962e-07
3.400000000000e-02,2.493527752960e-04
4.000000000000e-04,1.169710879503e-07
4.000000000000e-04,4.959944847141e-07
6.800000000000e-03,2.208083092223e-05
4.000000000000e-04,2.234089873738e-07
4.000000000000e-04,5.597903435507e-08
4.000000000000e-04,8.342420754497e-07
4.000000000000e-04,4.896107465695e-08
2.800000000000e-03,6.405065967204e-06
4.000000000000e-04,8.544474577989e-08
8.000000000000e-04,1.507127608349e-07
4.000000000000e-04,9.615295734379e-07
4.000000000000e-04,9.883429216157e-07
4.000000000000e-04,6.367334636784e-08
2.400000000000e-03,2.743691582339e-06
4.000000000000e-04,5.707632525482e-08
4.000000000000e-04,1.916422431623e-07
8.000000000000e-04,3.169653499630e-07
2.532000000000e-01,5.138796011640e-03
4.000000000000e-04,1.507228251232e-07
4.000000000000e-04,7.101122846746e-07
4.000000000000e-04,2.594065313730e-07
4.000000000000e-04,1.140943482561e-06
5.600000000000e-03,1.298982618339e-05
8.000000000000e-04,1.314567648122e-07
4.000000000000e-04,1.116396922886e-06
4.000000000000e-04,7.959969742538e-07
4.000000000000e-04,2.694218891113e-07
4.000000000000e-04,1.036523930687e-07
4.000000000000e-04,2.698682299491e-07
5.200000000000e-03,1.507208389486e-05
8.000000000000e-04,9.726900165903e-07
4.000000000000e-04,1.273496044803e-07
2.400000000000e-03,4.588769070726e-06
4.000000000000e-04,2.432629608168e-07
4.000000000000e-04,2.975699582181e-07
8.000000000000e-04,8.678056228477e-07
4.000000000000e-04,6.176596852652e-08
1.200000000000e-03,6.267578484824e-07
6.000000000000e-03,2.166393072037e-05
6.400000000000e-03,2.204174330487e-05
4.000000000000e-04,7.417945401804e-08
4.000000000000e-04,9.359579110114e-08
8.000000000000e-04,1.551866452397e-06
4.000000000000e-04,8.155662369558e-07
1.200000000000e-03,2.364307496688e-06
4.000000000000e-04,1.371143821290e-07
4.000000000000e-04,1.442474942978e-07
1.200000000000e-03,2.723613548113e-06
4.000000000000e-04,6.360870957635e-08
8.000000000000e-04,1.030578338485e-06
8.000000000000e-04,1.152693982431e-06
4.000000000000e-04,7.086790973178e-07
4.000000000000e-03,8.106339123238e-06
1.160000000000e-02,4.275171683302e-05
4.000000000000e-04,1.743023174969e-07
4.000000000000e-04,2.561743159550e-07
2.960000000000e-02,2.455234182457e-04
8.000000000000e-04,5.785348233824e-07
4.000000000000e-04,1.226860904473e-06
8.000000000000e-04,2.437500617200e-06
4.000000000000e-04,3.794699375537e-07
4.000000000000e-04,1.346945848222e-07
1.200000000000e-03,2.611736647760e-06
8.000000000000e-04,1.096140244465e-06
4.000000000000e-04,6.443635954924e-08
4.000000000000e-04,2.572598031103e-07
4.000000000000e-04,2.743796256320e-07
4.000000000000e-04,1.309860295582e-07
4.000000000000e-04,4.825460669636e-07
4.000000000000e-04,1.717654239451e-07
1.600000000000e-03,2.046047843146e-06
4.000000000000e-04,1.389700607569e-07
8.000000000000e-04,7.482012609569e-07
4.000000000000e-04,3.430875592259e-08
4.000000000000e-04,5.230613944041e-08
3.200000000000e-03,1.126400965306e-05
4.000000000000e-04,4.342134690468e-07
1.200000000000e-03,2.156564627866e-06
2.400000000000e-03,4.631123563957e-06
4.000000000000e-04,1.752264780192e-07
4.000000000000e-04,3.399422189196e-07
4.000000000000e-04,3.038332218473e-07
4.000000000000e-04,2.110209960226e-07
4.000000000000e-04,1.523170917445e-07
4.000000000000e-04,2.854763312351e-07
1.200000000000e-03,1.137174065718e-06
1.600000000000e-03,3.179057514398e-06
4.000000000000e-04,1.846754452390e-08
4.000000000000e-04,1.708777712254e-07
4.000000000000e-04,2.662084789866e-08
8.000000000000e-04,6.888206074909e-08
1.200000000000e-03,1.131441518980e-06
1.600000000000e-03,1.660869740303e-06
1.200000000000e-03,1.380577932183e-06
1.600000000000e-03,3.713436924110e-06
8.000000000000e-04,1.884163313845e-07
4.000000000000e-04,2.685155840361e-07
2.800000000000e-03,6.284865129947e-06
4.000000000000e-04,1.027601707307e-07
8.000000000000e-04,2.940186073670e-07
4.000000000000e-04,5.326910115553e-07
1.200000000000e-03,1.801783459729e-06
4.000000000000e-04,2.454483560411e-06
8.000000000000e-04,1.294196810156e-06
4.000000000000e-04,4.799575550978e-07
1.200000000000e-03,1.925168777345e-06
4.000000000000e-04,3.197105090885e-08
4.000000000000e-04,5.017626312867e-07
4.000000000000e-04,2.612652754776e-07
4.000000000000e-04,1.792930768446e-07
8.000000000000e-04,2.685487365962e-07
2.000000000000e-03,6.131563105082e-06
4.000000000000e-04,2.459015768807e-07
8.000000000000e-04,1.589299077052e-06
3.600000000000e-03,1.345266491094e-05
8.000000000000e-04,2.019301597401e-06
4.000000000000e-04,1.114595766545e-07
7.200000000000e-03,3.174579691177e-05
1.200000000000e-03,9.848874699438e-07
4.000000000000e-04,7.436654399920e-08
1.200000000000e-03,3.308940640858e-06
4.000000000000e-04,5.881781378584e-07
4.000000000000e-04,7.196613385920e-07
4.000000000000e-04,3.948844259566e-07
2.400000000000e-03,5.221927055473e-06
4.000000000000e-04,2.021315344044e-07
8.000000000000e-04,6.161147624569e-07
8.000000000000e-04,6.936680342918e-07
2.800000000000e-03,6.878173331560e-06
1.600000000000e-03,2.776637204182e-06
1.680000000000e-02,6.941601152134e-05
4.000000000000e-04,9.085477694419e-08
4.000000000000e-04,2.720110313824e-07
4.000000000000e-04,8.705135605505e-07
4.000000000000e-04,1.439694180143e-08
1.200000000000e-03,2.380496409472e-06
4.000000000000e-04,8.938542315721e-08
1.200000000000e-03,1.470071879090e-06
4.000000000000e-04,1.894448202410e-07
4.000000000000e-04,2.456531675057e-07
4.000000000000e-04,3.487618423928e-07
4.000000000000e-04,2.411286588601e-07
4.000000000000e-04,3.161292721387e-07
8.000000000000e-04,1.290325915134e-06
8.000000000000e-04,2.574187024214e-06
4.000000000000e-04,3.353870367866e-07
5.600000000000e-03,1.908526320461e-05
4.000000000000e-04,1.125934155952e-07
4.000000000000e-04,9.621668219351e-08
4.000000000000e-04,8.762417646218e-07
4.000000000000e-04,2.642520755447e-07
4.000000000000e-04,5.948456443041e-08
4.000000000000e-04,1.399798324656e-07
8.000000000000e-04,2.905357995118e-07
1.120000000000e-02,3.570691112018e-05
1.600000000000e-03,3.492669413631e-06
4.000000000000e-04,3.460078388855e-07
8.000000000000e-04,9.545798594177e-07
8.000000000000e-04,1.830666899570e-07
4.000000000000e-04,4.178473295942e-07
4.000000000000e-04,4.817087149464e-07
4.000000000000e-04,6.332949753454e-07
1.600000000000e-03,2.066548950899e-06
2.400000000000e-03,9.148840655593e-06
4.000000000000e-04,1.300631092077e-07
4.000000000000e-04,2.976406260560e-07
1.919200000000e+00,4.363672024593e-02
1.200000000000e-03,1.192319853440e-06
8.000000000000e-04,6.839570544305e-07
4.000000000000e-04,3.629520665336e-07
4.000000000000e-04,4.439393023774e-07
4.000000000000e-04,1.134614626315e-07
7.600000000000e-03,1.871809409132e-05
4.000000000000e-04,1.489151242780e-07
8.000000000000e-04,1.061676799461e-06
4.000000000000e-04,2.485091387227e-07
4.000000000000e-04,7.953841583759e-08
4.000000000000e-04,5.895291408174e-07
4.000000000000e-04,2.739703587435e-08
2.800000000000e-03,3.944868921054e-06
8.000000000000e-04,1.581982058709e-06
1.200000000000e-03,8.960775788859e-07
4.000000000000e-04,2.223741142998e-07
8.000000000000e-04,4.137055383101e-07
4.000000000000e-04,3.150885981583e-07
3.600000000000e-03,1.115265713676e-05
4.000000000000e-04,3.873483556742e-08
4.000000000000e-04,9.408981312148e-07
4.400000000000e-03,1.372576013701e-05
4.000000000000e-04,1.677016534179e-07
4.000000000000e-04,8.078192428522e-07
8.000000000000e-04,9.227411385944e-07
4.000000000000e-04,4.122932823386e-07
4.000000000000e-04,3.874832691585e-07
4.000000000000e-04,1.182642376860e-08
4.000000000000e-04,1.351169794681e-07
4.000000000000e-04,1.525541393677e-07
4.000000000000e-04,1.902485994504e-07
4.000000000000e-04,1.176041557145e-06
4.000000000000e-04,7.568544410495e-07
4.000000000000e-04,4.512490073119e-07
4.000000000000e-04,4.923972286827e-07
1.200000000000e-03,1.071559644662e-06
4.000000000000e-04,1.480790443458e-07
4.000000000000e-04,9.800827199158e-09
8.000000000000e-04,9.487084557742e-07
4.000000000000e-04,4.272704980883e-07
1.600000000000e-03,1.740893060730e-06
8.400000000000e-03,2.910625167382e-05
4.000000000000e-04,2.098828107331e-07
4.000000000000e-04,4.931996879254e-09
4.000000000000e-04,1.928382475238e-07
4.000000000000e-04,6.807752813939e-07
8.000000000000e-04,1.135460525631e-06
4.000000000000e-04,1.134526357944e-06
4.000000000000e-04,5.969167727943e-08
4.000000000000e-04,5.526150140696e-07
4.000000000000e-04,4.013804431504e-07
4.000000000000e-04,7.593018017782e-09
4.000000000000e-04,1.714690293483e-08
4.000000000000e-04,3.797939657827e-07
1.040000000000e-02,3.808661489021e-05
1.600000000000e-03,3.586719039259e-06
8.000000000000e-04,4.391324838692e-07
3.600000000000e-03,4.397247521645e-06
4.000000000000e-04,3.434609757474e-07
6.400000000000e-03,1.694213843164e-05
4.000000000000e-04,1.169283634294e-08
6.800000000000e-03,2.795519136422e-05
4.000000000000e-04,3.138598683771e-07
4.000000000000e-04,2.431785919547e-07
4.000000000000e-04,4.763564757460e-07
4.000000000000e-04,2.796508043688e-07
4.000000000000e-04,2.839543588941e-07
4.000000000000e-04,1.411565912493e-07
4.000000000000e-04,4.049182939557e-07
1.200000000000e-03,2.126312975819e-06
4.000000000000e-04,4.778016034840e-07
4.000000000000e-04,3.800293490444e-07
4.000000000000e-04,5.221172910044e-07
1.200000000000e-03,2.201376695587e-06
4.000000000000e-04,5.645102094214e-07
1.600000000000e-03,3.382352621128e-06
4.000000000000e-04,6.291493378083e-08
4.000000000000e-04,3.009718767788e-09
4.000000000000e-04,3.252297536092e-07
4.000000000000e-04,3.755002800100e-08
4.000000000000e-04,2.698943915404e-07
1.200000000000e-03,1.903511301430e-06
4.000000000000e-04,1.089163764896e-07
4.000000000000e-04,1.029266531343e-07
7.200000000000e-03,3.915621505493e-05
1.200000000000e-03,2.165385088986e-06
8.000000000000e-04,4.402085282415e-07
4.000000000000e-04,9.127622319360e-09
4.000000000000e-04,1.849348408036e-07
4.000000000000e-04,5.228591774344e-07
4.000000000000e-04,6.594554243327e-07
4.000000000000e-04,7.919601696295e-07
4.000000000000e-04,2.001274366344e-07
8.000000000000e-04,1.629907184101e-06
2.400000000000e-03,5.168498983251e-06
1.200000000000e-03,8.516090835170e-08
1.600000000000e-03,2.678584253089e-06
1.200000000000e-03,2.304037204831e-06
4.000000000000e-04,6.569874426391e-07
4.000000000000e-04,2.429760706368e-08
4.000000000000e-04,7.502613581344e-07
4.000000000000e-04,4.753012811599e-07
4.000000000000e-04,2.090735763322e-07
4.000000000000e-04,1.446147811048e-08
4.000000000000e-04,2.213919473061e-07
4.000000000000e-04,2.244605403618e-08
4.000000000000e-04,1.624622474918e-07
8.000000000000e-04,4.309858163935e-07
4.000000000000e-04,5.041497036295e-07
4.000000000000e-04,5.231831453896e-08
4.000000000000e-04,1.016436746335e-07
4.000000000000e-04,2.658563380096e-07
3.200000000000e-03,6.976719741260e-06
1.120000000000e-02,3.221116838734e-05
4.000000000000e-04,1.223160069340e-06
1.200000000000e-03,1.176013992179e-06
1.200000000000e-03,5.541559041177e-07
1.600000000000e-03,2.791484393654e-06
8.000000000000e-04,2.251188730311e-06
4.000000000000e-04,2.323765312354e-07
4.000000000000e-04,5.050645967519e-07
4.000000000000e-04,5.121188497605e-07
8.000000000000e-04,1.270177200218e-06
1.600000000000e-03,4.518148208136e-06
4.000000000000e-02,3.074841593160e-04
4.000000000000e-04,2.160818466746e-07
1.200000000000e-03,2.637295741592e-06
4.000000000000e-04,1.660544478916e-07
8.000000000000e-04,2.407981747901e-06
4.000000000000e-04,3.858181836268e-08
8.000000000000e-04,2.007233358313e-06
4.000000000000e-04,6.747175284205e-08
4.000000000000e-04,1.261076588971e-07
4.000000000000e-04,8.514046963155e-07
8.000000000000e-04,4.846327189764e-07
4.000000000000e-04,6.458993326818e-07
4.000000000000e-04,3.319831886964e-07
4.000000000000e-04,2.580669880404e-07
4.000000000000e-04,1.382079872408e-07
4.000000000000e-04,6.877502999523e-08
2.400000000000e-03,6.267811995166e-06
4.000000000000e-04,1.087479342597e-07
4.000000000000e-04,2.100967628741e-07
4.000000000000e-04,8.653491843849e-08
1.160000000000e-02,3.272469722357e-05
8.000000000000e-04,1.011004739748e-06
4.000000000000e-04,2.577329076805e-07
4.000000000000e-04,3.819317471235e-07
4.000000000000e-04,1.617368524663e-07
8.000000000000e-04,8.823642029298e-07
3.200000000000e-03,8.524199404112e-06
4.000000000000e-04,9.782793286275e-07
4.000000000000e-04,1.301979977726e-07
4.000000000000e-04,1.328751339933e-07
8.000000000000e-04,1.330344971291e-06
4.000000000000e-04,3.049824972678e-07
4.000000000000e-04,1.314294218478e-06
4.000000000000e-04,1.831323690425e-08
4.000000000000e-04,4.923202758585e-07
4.000000000000e-04,1.114994402107e-09
4.000000000000e-04,1.007384801994e-07
4.000000000000e-04,3.181150006881e-07
4.000000000000e-04,1.907808097885e-07
4.520000000000e-02,3.154034063969e-04
1.600000000000e-03,3.395363181926e-06
2.400000000000e-03,3.979793772577e-06
2.800000000000e-03,5.123027915509e-06
4.000000000000e-04,2.638774357021e-07
4.000000000000e-04,3.539301486495e-08
8.000000000000e-04,1.282727054895e-06
8.000000000000e-04,7.102547202910e-07
4.800000000000e-03,1.667395175444e-05
4.000000000000e-04,3.830391293416e-07
4.000000000000e-04,1.858525722012e-07
1.200000000000e-03,1.630205865097e-06
4.000000000000e-04,2.154178504073e-07
8.000000000000e-04,9.431677432218e-07
4.000000000000e-04,6.041557670985e-08
1.600000000000e-03,2.474979248007e-06
4.000000000000e-04,2.157171376019e-08
4.000000000000e-04,2.864767918880e-07
4.000000000000e-04,4.757918003175e-08
4.000000000000e-04,3.263287317925e-07
2.000000000000e-03,2.900283154416e-06
4.000000000000e-04,5.041892484945e-07
2.400000000000e-03,6.580105768094e-06
2.800000000000e-03,3.596249820690e-06
1.200000000000e-03,8.037467470832e-07
3.200000000000e-03,4.704110799248e-06
4.000000000000e-04,6.800456797342e-08
8.000000000000e-04,7.083053880752e-07
4.000000000000e-04,3.003376563451e-07
4.000000000000e-04,2.842428951566e-07
1.600000000000e-03,1.268971806267e-06
6.400000000000e-03,1.192793654551e-05
4.000000000000e-04,7.548319820116e-09
4.000000000000e-04,2.928126670033e-07
4.000000000000e-04,4.131119611185e-07
1.200000000000e-03,1.405510471514e-06
1.200000000000e-03,2.690796802967e-07
6.400000000000e-03,3.313575473088e-05
3.600000000000e-03,7.101827545099e-06
4.000000000000e-04,2.481280738122e-07
1.600000000000e-03,2.718134131450e-06
4.000000000000e-04,3.463996716892e-07
4.000000000000e-04,6.550863557594e-08
4.000000000000e-04,1.109249369198e-07
8.000000000000e-04,9.029095724612e-07
4.000000000000e-04,1.891816993236e-07
4.000000000000e-04,1.155080524651e-06
4.000000000000e-04,1.295893259095e-06
8.000000000000e-04,5.958285370756e-07
2.000000000000e-03,3.901796558387e-06
2.540000000000e-01,2.801439762980e-03
8.000000000000e-04,1.908774469115e-06
4.000000000000e-04,8.781668685664e-07
4.000000000000e-04,7.915959745086e-07
8.000000000000e-04,2.886979609097e-07
8.000000000000e-04,8.826920348907e-08
4.000000000000e-04,9.563335960809e-08
1.200000000000e-03,1.267277566901e-06
4.000000000000e-04,8.622728800408e-07
4.000000000000e-04,5.351187698759e-07
4.000000000000e-04,2.717396544449e-07
4.000000000000e-04,2.691677851300e-07
4.000000000000e-04,1.287800790302e-06
4.000000000000e-04,3.488839545765e-07
4.000000000000e-04,5.963118986239e-07
4.000000000000e-04,4.685245331550e-07
1.200000000000e-03,8.526855791034e-07
4.000000000000e-04,1.800464462818e-07
4.000000000000e-04,4.324930484827e-07
8.000000000000e-04,1.999279546000e-07
4.000000000000e-04,1.390867956655e-07
4.000000000000e-04,3.758938528398e-07
4.000000000000e-04,1.373972381102e-07
4.000000000000e-04,4.470582801749e-07
4.000000000000e-04,2.751218564065e-07
4.000000000000e-04,7.623223210635e-07
8.000000000000e-04,2.311797469009e-07
4.000000000000e-04,9.346852819173e-08
4.000000000000e-04,7.379746120632e-07
4.000000000000e-04,3.622580247551e-07
4.000000000000e-04,3.054727712130e-07
4.000000000000e-04,1.053237052990e-06
4.000000000000e-04,5.816897663253e-07
4.000000000000e-04,3.476318890131e-07
4.000000000000e-04,7.027199022760e-08
8.000000000000e-04,4.035062818114e-07
8.000000000000e-04,7.717567516608e-07
1.600000000000e-03,3.001817562025e-06
4.000000000000e-04,8.119780591195e-08
1.200000000000e-03,3.795841544967e-06
1.200000000000e-03,1.118087654096e-06
1.200000000000e-03,1.189592076034e-06
8.000000000000e-04,1.797710056117e-06
1.600000000000e-03,2.799769614942e-06
8.000000000000e-04,1.208838870953e-06
8.000000000000e-04,2.974826711899e-07
4.000000000000e-04,4.483035017017e-08
4.000000000000e-04,1.417041963598e-07
8.000000000000e-04,9.023026666088e-07
4.000000000000e-04,4.492502771757e-08
4.000000000000e-04,6.912551919910e-07
4.000000000000e-04,1.551852199054e-06
4.000000000000e-04,1.406291314995e-08
2.800000000000e-03,3.629108739337e-06
4.000000000000e-04,2.328223465723e-07
4.000000000000e-04,1.383033821043e-07
4.000000000000e-04,5.197851548259e-08
4.000000000000e-04,7.181023259616e-07
2.800000000000e-03,5.198925341982e-06
2.000000000000e-03,7.090699723524e-06
3.200000000000e-03,1.475022660308e-05
8.000000000000e-04,2.391257133369e-06
4.000000000000e-04,1.337409854278e-08
4.000000000000e-04,2.066970133045e-07
8.000000000000e-04,4.641035911529e-07
8.000000000000e-04,7.209296262289e-07
4.000000000000e-04,2.632931655830e-07
8.000000000000e-04,1.046581907002e-06
4.000000000000e-04,2.965755851297e-07
4.000000000000e-04,1.138288442446e-07
8.000000000000e-04,2.245346280798e-06
1.200000000000e-03,1.421699268766e-06
1.600000000000e-03,4.335577921502e-06
8.000000000000e-04,1.501076792774e-06
4.000000000000e-04,1.134261914690e-06
4.000000000000e-04,1.728421207080e-07
4.000000000000e-04,2.847919174618e-07
2.800000000000e-03,7.717005010428e-06
4.000000000000e-04,3.623658994195e-07
4.000000000000e-04,6.833796147175e-07
4.000000000000e-04,4.914572159675e-07
4.000000000000e-04,4.322195979063e-07
4.000000000000e-04,1.043956547681e-06
4.000000000000e-04,3.295144370724e-07
8.000000000000e-04,1.045095449688e-06
1.200000000000e-03,1.629545276848e-06
4.000000000000e-04,2.109142306044e-07
8.000000000000e-04,4.915246895359e-07
4.000000000000e-04,2.177340828744e-08
2.800000000000e-03,8.016513442404e-06
4.000000000000e-04,1.507943613563e-07
4.000000000000e-04,3.457268484766e-07
2.800000000000e-03,4.403605325080e-06
4.000000000000e-04,1.067793994111e-06
8.000000000000e-04,8.297749142458e-07
4.000000000000e-04,9.798376980735e-07
4.000000000000e-04,3.784907174082e-07
4.000000000000e-04,2.088152047812e-07
4.000000000000e-04,1.703330183116e-07
4.000000000000e-04,2.636016536048e-07
4.000000000000e-04,2.516289443311e-07
3.600000000000e-03,1.199769722444e-05
8.000000000000e-04,1.436694796487e-06
8.000000000000e-04,1.601351676244e-06
1.600000000000e-03,3.984954191008e-06
4.000000000000e-04,8.147738959050e-07
8.000000000000e-04,6.880224086030e-07
6.760000000000e-02,8.824118572181e-04
4.000000000000e-04,6.506828228593e-07
8.000000000000e-04,5.251544703155e-07
4.000000000000e-04,3.252510658899e-07
5.200000000000e-03,1.832001173866e-05
4.000000000000e-04,1.752921601828e-06
4.000000000000e-04,1.456788477337e-07
4.000000000000e-03,1.428597693396e-05
8.400000000000e-03,2.143522192856e-05
4.000000000000e-04,7.128917968394e-07
4.000000000000e-04,1.068999187440e-07
8.000000000000e-04,7.259873875072e-07
4.000000000000e-04,1.402255549035e-07
4.000000000000e-04,4.897811357006e-07
4.000000000000e-04,3.085966002411e-07
1.600000000000e-03,3.959518024548e-06
4.000000000000e-04,6.414674132064e-07
1.600000000000e-03,2.542170056827e-06
2.400000000000e-03,4.465780238059e-06
8.000000000000e-04,1.267308018738e-06
8.000000000000e-04,2.120141373799e-06
4.000000000000e-04,1.205309792676e-07
1.200000000000e-03,1.326493333053e-06
4.000000000000e-04,8.884916511842e-07
4.000000000000e-04,6.595933335851e-07
4.000000000000e-04,5.882166627480e-09
4.000000000000e-04,5.347649446508e-07
4.000000000000e-04,4.901937175527e-07
4.000000000000e-04,5.996081019468e-07
4.000000000000e-04,9.737233520708e-07
8.000000000000e-04,2.362893894122e-06
4.000000000000e-04,2.978230648212e-07
8.000000000000e-04,2.128626629809e-06
4.000000000000e-04,5.287573766132e-07
4.000000000000e-04,2.240511168673e-07
8.000000000000e-04,1.332030305841e-06
4.000000000000e-04,1.469932284361e-07
4.000000000000e-04,2.485166864136e-07
4.000000000000e-04,3.004280412573e-07
4.000000000000e-04,4.574136912792e-08
4.000000000000e-04,1.887303718499e-07
1.200000000000e-03,2.630614000140e-06
3.600000000000e-03,8.181822543611e-06
4.000000000000e-04,2.237761037967e-07
8.000000000000e-04,2.529291541256e-07
4.000000000000e-04,3.628801637218e-07
4.000000000000e-04,2.450386727990e-07
4.000000000000e-04,2.011586444863e-07
1.200000000000e-03,2.294976409014e-06
4.000000000000e-04,1.767231895150e-07
4.000000000000e-04,1.853408704265e-07
4.000000000000e-04,7.176146951590e-07
4.000000000000e-04,3.082125841441e-07
1.600000000000e-03,1.245811359594e-06
1.200000000000e-03,9.279950538977e-07
4.000000000000e-04,4.234301684281e-07
1.600000000000e-03,2.589931758079e-07
4.000000000000e-04,2.318940851373e-07
4.000000000000e-04,1.619235107787e-07
4.000000000000e-04,2.404190691333e-07
4.000000000000e-04,2.703271757074e-08
4.000000000000e-04,4.306153223789e-07
4.000000000000e-04,3.556275531253e-07
4.000000000000e-04,3.997581381092e-08
2.000000000000e-03,2.457305675206e-06
4.000000000000e-04,8.438725041828e-08
4.000000000000e-04,4.644590454964e-07
8.000000000000e-04,1.593640265761e-06
4.000000000000e-04,2.272299498161e-07
2.800000000000e-03,9.287095136127e-06
4.000000000000e-04,2.450512617947e-07
4.000000000000e-04,2.803364491571e-07
4.000000000000e-04,9.880267922750e-07
4.000000000000e-04,1.266842961172e-07
4.000000000000e-04,2.652431222778e-07
4.000000000000e-04,9.131607080342e-07
4.000000000000e-04,7.996636991817e-07
4.000000000000e-04,1.844299616763e-08
2.400000000000e-03,4.381019429070e-06
4.000000000000e-04,2.774473708760e-07
4.000000000000e-04,2.060196761667e-07
4.000000000000e-03,1.219053881841e-05
4.000000000000e-04,1.045679560757e-07
1.600000000000e-03,2.431388578642e-06
8.000000000000e-04,4.179279517561e-07
8.000000000000e-04,1.421731148496e-06
4.000000000000e-04,4.727657838248e-07
4.000000000000e-04,1.056967037314e-06
4.000000000000e-04,1.137288679488e-06
8.000000000000e-04,6.751585699749e-07
8.000000000000e-04,8.737320947802e-07
4.000000000000e-04,1.003002504272e-06
4.800000000000e-03,1.924762191522e-05
4.000000000000e-04,4.304627663989e-08
3.200000000000e-03,8.915704644855e-06
4.000000000000e-04,6.504653986587e-08
1.476000000000e-01,1.296406066414e-03
4.000000000000e-04,1.073887085092e-06
8.000000000000e-04,4.361681341035e-07
4.000000000000e-04,4.777025001640e-07
3.200000000000e-03,6.611970518765e-06
1.600000000000e-03,5.266452842740e-06
4.000000000000e-04,4.155797944235e-07
4.000000000000e-04,1.152413476910e-07
4.000000000000e-04,1.337153261951e-07
4.000000000000e-04,8.247541300556e-08
4.000000000000e-04,5.491365440196e-08
1.200000000000e-03,2.318548805461e-06
8.000000000000e-04,1.258497501861e-06
1.520000000000e-02,7.510900546771e-05
1.200000000000e-03,1.241710873293e-06
4.000000000000e-04,8.186231707656e-08
4.000000000000e-04,4.474550819765e-07
4.000000000000e-04,9.055506999464e-07
4.000000000000e-04,7.121799377862e-07
8.000000000000e-04,1.075768343690e-06
1.600000000000e-03,2.256059335861e-06
8.000000000000e-04,1.436176691776e-06
4.000000000000e-04,3.291982027941e-08
1.600000000000e-03,2.065576325385e-06
2.000000000000e-03,3.616003617138e-06
4.000000000000e-04,8.035089091148e-07
4.000000000000e-04,3.205819405149e-07
4.000000000000e-04,1.358166288441e-06
4.000000000000e-04,5.207305837866e-07
6.800000000000e-03,2.125478885816e-05
4.800000000000e-03,2.256434575987e-05
4.000000000000e-04,2.508469701091e-07
4.000000000000e-04,3.205306005681e-07
4.000000000000e-04,1.015827777346e-06
4.000000000000e-04,1.307864348120e-07
4.000000000000e-04,3.492362232259e-07
4.000000000000e-04,2.079853468991e-08
1.240000000000e-02,3.554881612650e-05
8.000000000000e-04,9.447366060696e-07
1.200000000000e-03,2.070894741608e-06
4.000000000000e-04,1.221427193746e-06
4.000000000000e-04,3.031813892496e-10
4.000000000000e-04,7.306724053561e-07
4.000000000000e-04,2.468860107615e-07
2.800000000000e-03,7.144154161660e-06
4.000000000000e-04,2.649819726598e-07
4.000000000000e-04,5.282044364907e-07
1.200000000000e-03,2.933613370279e-06
8.000000000000e-04,1.775352560335e-07
4.000000000000e-04,3.726178961183e-07
4.000000000000e-04,5.359033980236e-07
4.000000000000e-04,4.026615128271e-08
2.000000000000e-03,3.214199811993e-06
4.000000000000e-04,6.581656552617e-07
4.000000000000e-04,3.100931287753e-07
4.000000000000e-04,2.198813730021e-07
4.000000000000e-04,3.033673430783e-07
8.000000000000e-04,2.224794356967e-06
4.000000000000e-04,6.470854177749e-08
1.600000000000e-03,4.147114203241e-06
2.840000000000e-02,1.850477884025e-04
4.000000000000e-04,1.135596719484e-07
4.000000000000e-04,8.369783371075e-07
4.000000000000e-04,3.141486609597e-08
8.000000000000e-04,3.605190290006e-06
8.000000000000e-04,8.877310352538e-07
4.000000000000e-04,1.940972423677e-07
4.000000000000e-04,1.409504588511e-07
2.800000000000e-03,1.083647745243e-05
4.000000000000e-04,1.171342878144e-07
4.000000000000e-04,2.727077071164e-08
4.000000000000e-04,8.399765288095e-08
5.600000000000e-03,1.760222418919e-05
4.000000000000e-04,1.445489181978e-06
4.000000000000e-04,6.802216143133e-07
8.000000000000e-04,2.199120978441e-06
4.000000000000e-03,1.149177466270e-05
4.000000000000e-04,7.623545210182e-07
1.480000000000e-02,6.403707209832e-05
8.000000000000e-04,1.477840569642e-06
4.000000000000e-04,3.315032800888e-07
4.000000000000e-04,5.842843194282e-07
8.000000000000e-04,5.950272005068e-07
4.000000000000e-04,1.301542949298e-07
2.000000000000e-03,7.628185779792e-06
6.800000000000e-03,2.240887415070e-05
8.000000000000e-04,6.198073278955e-07
8.000000000000e-04,9.833174630808e-07
8.000000000000e-04,9.948245459761e-07
4.000000000000e-04,1.364149019618e-07
4.000000000000e-04,3.702186423541e-07
4.000000000000e-04,1.482740008640e-07
3.200000000000e-03,4.286041379893e-06
4.000000000000e-04,8.197681866671e-08
4.000000000000e-04,3.336527171842e-07
4.000000000000e-04,6.918113346727e-08
8.000000000000e-04,1.282355554245e-06
8.000000000000e-04,4.398669992496e-07
4.000000000000e-04,6.912348378083e-07
4.000000000000e-04,2.637578571254e-08
1.200000000000e-03,6.008914836399e-07
4.000000000000e-04,2.749670774524e-08
4.000000000000e-04,2.391359771883e-07
4.000000000000e-04,4.982939839958e-08
4.000000000000e-04,2.423057565285e-07
1.600000000000e-03,2.016057659983e-06
1.200000000000e-03,1.279496420240e-06
8.000000000000e-04,7.261124835439e-07
1.200000000000e-03,7.882628348948e-07
4.000000000000e-04,3.460205612656e-07
4.000000000000e-04,2.258621262838e-07
4.000000000000e-04,3.626467784736e-07
4.000000000000e-04,4.413599832139e-07
3.600000000000e-03,8.769992795321e-06
4.000000000000e-04,1.755798847573e-07
1.200000000000e-03,2.705640887849e-06
2.000000000000e-03,3.004059240460e-06
8.000000000000e-04,3.328367603238e-07
4.000000000000e-04,3.776466680560e-07
4.000000000000e-04,5.856054848520e-07
4.000000000000e-04,3.779372008573e-07
6.400000000000e-03,1.757819984722e-05
6.000000000000e-03,2.208470200646e-05
4.000000000000e-04,4.516391477003e-07
1.200000000000e-03,1.191345388479e-06
4.000000000000e-04,6.081212700071e-10
4.000000000000e-04,2.043557144369e-07
1.200000000000e-03,1.220355779885e-06
1.200000000000e-03,1.976046035166e-06
4.000000000000e-04,1.173496199415e-07
4.000000000000e-04,7.914428066580e-09
4.000000000000e-04,3.103001827311e-08
4.000000000000e-03,1.025529334533e-05
4.000000000000e-04,2.344991851495e-07
4.000000000000e-04,3.251954186041e-07
4.000000000000e-04,5.499928910496e-09
4.000000000000e-04,2.252067668369e-07
4.000000000000e-03,1.136945258284e-05
1.600000000000e-03,5.189429484497e-06
4.000000000000e-04,3.198545635657e-07
1.640000000000e-02,6.988842713883e-05
2.800000000000e-03,1.079301223967e-05
4.000000000000e-04,1.409381448552e-07
2.400000000000e-03,4.793227559913e-06
8.000000000000e-04,6.500527880498e-07
4.000000000000e-04,1.204515492560e-07
4.000000000000e-04,1.902412126174e-06
1.200000000000e-03,1.959239386556e-06
4.000000000000e-04,5.876570750788e-08
4.000000000000e-04,3.628977676837e-07
4.000000000000e-04,9.418165142016e-08
4.000000000000e-04,2.503289815550e-07
8.000000000000e-04,1.015369651516e-06
4.000000000000e-04,1.376369493127e-07
4.000000000000e-04,6.497337992902e-08
1.600000000000e-03,2.757076631058e-06
8.000000000000e-04,1.747977691209e-06
6.400000000000e-03,1.816359729943e-05
4.000000000000e-04,6.833216362104e-07
4.000000000000e-04,1.806415607557e-07
2.400000000000e-03,2.440919283726e-06
4.000000000000e-04,1.179957150370e-06
4.000000000000e-04,3.997200045427e-07
4.000000000000e-04,3.425050146911e-07
3.200000000000e-03,5.281462429013e-06
4.000000000000e-04,1.740470534699e-07
4.000000000000e-04,2.612322487120e-07
4.000000000000e-04,6.308877681466e-07
4.000000000000e-04,6.237196180439e-08
4.000000000000e-04,5.527295467963e-07
8.000000000000e-04,1.241702835931e-06
4.000000000000e-04,1.938911494998e-07
8.000000000000e-04,8.821951924493e-07
1.200000000000e-03,2.498533435881e-06
4.000000000000e-04,2.206908169403e-06
4.000000000000e-04,1.500933597335e-07
4.000000000000e-04,4.598569369498e-07
4.000000000000e-04,4.077667726112e-08
4.000000000000e-04,5.533764052189e-08
1.600000000000e-03,2.096797642257e-06
4.000000000000e-04,8.087559185529e-07
4.000000000000e-04,1.028562718677e-07
4.000000000000e-04,2.164181061950e-08
4.000000000000e-04,1.570108332135e-07
4.000000000000e-04,1.438402590725e-07
4.000000000000e-04,4.138229102203e-07
1.600000000000e-03,3.104988856579e-06
4.000000000000e-04,9.776552226314e-08
4.000000000000e-04,4.648263557304e-07
2.400000000000e-03,5.614349232120e-06
2.800000000000e-03,6.797345632131e-06
4.000000000000e-04,1.065413527213e-07
4.000000000000e-04,4.444774563713e-08
4.000000000000e-04,6.717291636327e-07
4.800000000000e-03,2.286878846118e-05
4.000000000000e-04,3.545030153804e-07
4.000000000000e-04,4.374538226451e-07
5.200000000000e-03,1.780461532988e-05
8.000000000000e-04,1.475502031064e-06
4.000000000000e-04,6.892578544571e-09
4.000000000000e-04,6.056847139889e-07
4.000000000000e-04,6.275334686459e-08
4.000000000000e-04,1.141366098759e-07
4.000000000000e-04,7.549354267831e-07
1.200000000000e-03,1.429506059912e-06
4.000000000000e-04,8.057899246838e-07
4.000000000000e-04,1.978114472798e-07
4.000000000000e-04,1.004654905700e-06
4.000000000000e-04,1.462371795924e-07
4.000000000000e-04,6.955326692052e-08
4.000000000000e-04,1.843323824054e-08
4.000000000000e-04,5.559016821769e-07
8.000000000000e-04,2.066408322539e-06
4.000000000000e-04,2.855295296405e-07
4.000000000000e-04,8.279633946980e-08
3.600000000000e-03,2.950788857892e-06
4.000000000000e-04,3.082242666441e-07
8.000000000000e-04,4.734939551938e-07
4.000000000000e-04,4.382915548233e-07
8.000000000000e-04,1.573181611114e-06
4.000000000000e-04,5.041309587254e-07
2.000000000000e-03,2.643818721945e-06
4.000000000000e-04,5.690084822902e-07
4.000000000000e-04,2.840149465684e-07
2.400000000000e-03,8.196664257110e-06
4.000000000000e-04,1.573673952503e-07
4.000000000000e-04,3.832868601942e-07
4.000000000000e-04,2.542162331213e-07
8.000000000000e-04,9.104683185742e-07
4.000000000000e-04,2.569017494682e-08
1.600000000000e-03,3.709583317617e-06
4.000000000000e-04,2.887756893201e-08
3.600000000000e-03,5.347732940957e-06
1.040000000000e-02,2.843662211397e-05
3.200000000000e-03,8.775285049069e-06
4.000000000000e-04,8.176035983548e-07
4.000000000000e-04,1.645698328446e-07
8.000000000000e-04,5.491167794135e-07
4.000000000000e-04,1.283067757342e-07
4.000000000000e-04,7.011807805324e-07
4.000000000000e-04,5.569321532335e-07
3.668000000000e-01,4.685242751900e-03
1.200000000000e-03,1.251176807445e-06
1.000000000000e-02,3.445842165086e-05
8.000000000000e-04,1.599612352585e-06
4.000000000000e-04,5.613673631280e-07
4.000000000000e-04,3.109650103092e-07
4.000000000000e-04,4.920108702838e-07
4.000000000000e-04,8.817853157869e-08
4.000000000000e-04,1.989407464297e-07
8.000000000000e-04,1.462106615600e-06
4.000000000000e-04,3.426821085217e-08
4.000000000000e-04,4.161806157619e-07
4.000000000000e-04,2.289790571773e-07
4.800000000000e-03,1.014971412885e-05
8.000000000000e-04,2.647483527504e-06
1.200000000000e-03,1.788885896902e-06
1.200000000000e-03,2.077118654110e-06
4.000000000000e-04,7.398818702864e-09
4.000000000000e-04,5.078248445444e-07
8.000000000000e-04,1.648362106655e-07
4.000000000000e-04,1.583133815330e-07
4.000000000000e-04,4.655665182914e-07
4.000000000000e-04,6.849118071238e-07
4.000000000000e-04,7.196476638479e-07
4.000000000000e-03,1.145079339314e-05
4.000000000000e-04,3.515161678356e-08
4.000000000000e-04,2.574802387311e-07
4.000000000000e-04,3.044399882223e-07
4.000000000000e-04,3.274167563516e-07
1.560000000000e-02,8.286101446303e-05
8.800000000000e-03,3.290955991106e-05
4.000000000000e-04,6.239376798017e-07
8.000000000000e-04,2.105825399042e-07
4.000000000000e-04,4.358464560207e-07
4.000000000000e-04,1.936106320429e-07
4.000000000000e-04,2.739889390384e-08
4.000000000000e-04,1.209993438753e-07
4.000000000000e-04,1.452681818406e-07
4.000000000000e-04,1.154544615341e-06
4.000000000000e-04,6.073398765052e-07
4.000000000000e-04,4.744022788403e-07
4.000000000000e-04,3.855586509240e-08
4.000000000000e-04,1.118599265515e-07
4.000000000000e-04,7.927202287002e-08
1.200000000000e-03,2.734136034185e-06
4.000000000000e-04,1.801975709994e-07
8.000000000000e-04,9.178365712721e-07
4.000000000000e-04,6.294916094844e-07
2.800000000000e-03,4.825301837792e-06
4.000000000000e-04,7.722505204875e-07
4.000000000000e-04,5.651844396148e-08
1.600000000000e-03,2.101793665724e-06
4.000000000000e-04,3.527874760597e-07
4.000000000000e-04,4.933528484924e-07
4.000000000000e-04,3.915093073387e-08
1.600000000000e-03,2.899710549842e-06
4.000000000000e-04,4.863747795408e-09
2.400000000000e-03,2.261961763439e-06
3.200000000000e-03,6.078957504764e-06
1.200000000000e-03,2.030866762967e-06
1.880000000000e-02,8.880296681771e-05
4.000000000000e-04,1.498347408964e-07
4.000000000000e-04,4.806517264992e-08
4.000000000000e-04,1.535206910835e-07
4.000000000000e-04,5.974961966524e-07
4.000000000000e-04,6.948796841600e-07
4.000000000000e-04,6.661242261900e-07
3.200000000000e-03,3.911163899316e-06
4.000000000000e-04,8.133812690966e-07
8.000000000000e-04,1.338019247293e-06
4.000000000000e-04,1.691168195534e-07
4.000000000000e-04,1.850298437069e-07
4.000000000000e-04,9.183040162239e-08
1.600000000000e-03,1.188141987201e-06
1.600000000000e-03,3.548965486246e-06
4.000000000000e-04,8.982246951343e-08
2.800000000000e-03,8.085904038707e-06
1.200000000000e-03,1.964192770191e-06
4.000000000000e-04,4.410366698059e-07
4.000000000000e-04,5.846752716789e-07
4.000000000000e-04,1.692835884575e-08
4.000000000000e-04,1.000880404627e-08
1.640000000000e-02,6.275981822757e-05
1.600000000000e-03,2.721290587799e-06
4.000000000000e-04,2.349171126227e-07
4.000000000000e-04,2.846150795631e-08
2.000000000000e-03,4.658989974883e-06
4.000000000000e-04,3.938347900774e-07
4.000000000000e-04,2.068326222695e-07
4.000000000000e-04,3.126808903626e-07
4.000000000000e-04,6.376265714911e-07
4.000000000000e-04,2.276542128045e-07
4.000000000000e-04,1.854994848692e-07
4.000000000000e-04,3.374578686224e-07
2.400000000000e-03,7.506589172614e-06
8.000000000000e-04,1.403630166697e-06
4.000000000000e-04,9.522973121406e-07
4.000000000000e-04,4.116031583987e-07
2.800000000000e-03,4.099468630868e-06
1.600000000000e-03,3.750656451500e-06
8.000000000000e-04,7.363120415850e-07
4.000000000000e-04,4.803913914576e-07
8.000000000000e-04,2.229693706656e-06
6.400000000000e-03,1.669736043493e-05
4.000000000000e-04,7.436989497823e-07
4.000000000000e-04,3.335672547293e-07
2.000000000000e-03,3.138477014735e-06
4.000000000000e-04,2.673707379778e-07
4.000000000000e-04,2.374587528981e-07
4.000000000000e-04,5.987804574392e-10
4.000000000000e-04,8.294257389184e-07
4.000000000000e-04,7.310512694936e-08
1.600000000000e-03,2.224198183994e-06
4.000000000000e-04,1.645323646352e-07
1.200000000000e-03,1.748431581641e-06
4.000000000000e-04,1.911091482087e-09
4.000000000000e-04,9.856004294501e-07
8.000000000000e-04,5.156332489851e-07
1.600000000000e-03,3.086471609367e-06
4.000000000000e-04,3.435344776882e-07
8.000000000000e-04,6.006023494690e-07
4.000000000000e-04,3.607766702308e-07
1.600000000000e-03,2.762336936913e-06
4.800000000000e-03,1.121149397625e-05
8.000000000000e-04,5.178135094584e-07
4.000000000000e-04,3.052709089633e-07
4.000000000000e-04,1.227024292096e-07
4.000000000000e-04,8.753477340533e-07
7.200000000000e-03,1.703333515445e-05
8.000000000000e-04,8.228966321338e-08
4.000000000000e-04,1.215086464978e-07
4.000000000000e-04,2.878367093778e-07
8.000000000000e-04,1.629861675013e-06
4.000000000000e-04,9.377923638274e-07
4.000000000000e-04,1.167450244163e-07
4.000000000000e-04,1.451066852939e-06
8.000000000000e-04,1.870051307661e-06
4.000000000000e-04,1.558532417377e-07
4.000000000000e-04,1.075961068687e-06
4.000000000000e-04,1.820485060253e-07
2.000000000000e-03,5.097853874521e-06
4.000000000000e-04,3.751188829105e-08
4.000000000000e-04,3.624149877657e-07
5.200000000000e-03,9.842135895638e-06
4.000000000000e-04,9.782579200244e-08
2.000000000000e-03,2.679467629027e-06
8.000000000000e-04,1.543575965183e-06
7.600000000000e-03,2.485933191161e-05
4.000000000000e-04,3.478293043900e-07
8.000000000000e-04,5.184685200148e-07
4.000000000000e-04,7.806073761216e-07
4.000000000000e-04,3.286624356834e-07
4.000000000000e-04,8.783812924245e-07
4.000000000000e-04,1.900940717564e-07
4.000000000000e-04,6.038967968556e-07
4.000000000000e-04,1.354085811889e-06
1.600000000000e-03,1.772494392207e-06
4.000000000000e-04,2.499380852928e-07
4.000000000000e-04,2.711371399485e-07
4.000000000000e-04,7.684647486999e-07
4.000000000000e-04,8.030512173735e-07
4.000000000000e-04,1.245012541369e-07
4.000000000000e-04,7.622297665778e-07
4.000000000000e-04,7.640912303084e-07
4.000000000000e-04,4.112216000327e-07
4.000000000000e-04,8.712191031091e-08
1.200000000000e-03,9.799520658600e-07
3.520000000000e-02,3.308767877572e-04
4.000000000000e-04,5.040933357859e-07
3.120000000000e-02,1.849636118841e-04
4.000000000000e-04,1.200169307766e-07
8.000000000000e-04,1.122819240131e-06
4.000000000000e-04,2.069205276088e-07
8.000000000000e-04,2.110364491758e-06
2.000000000000e-03,3.758822485616e-06
4.000000000000e-04,4.513409618844e-07
4.000000000000e-04,1.102100459975e-06
8.000000000000e-04,1.069458227594e-06
8.000000000000e-04,8.003154978089e-07
8.000000000000e-04,3.948267343891e-07
4.000000000000e-04,6.727366462524e-08
4.000000000000e-04,1.013932817081e-07
8.000000000000e-04,5.652436298056e-07
4.000000000000e-04,1.179245470706e-07
4.000000000000e-04,1.464027353042e-06
4.800000000000e-03,1.431053516534e-05
4.000000000000e-04,2.632063905284e-07
4.000000000000e-04,5.441077533786e-07
1.040000000000e-02,3.434542367665e-05
4.000000000000e-04,8.275868432401e-07
4.000000000000e-04,3.536805964302e-07
4.000000000000e-04,7.344325433078e-07
4.000000000000e-04,6.924340976869e-07
4.000000000000e-04,3.006331470102e-07
1.200000000000e-03,2.453738124040e-06
4.000000000000e-04,5.759280912791e-08
4.000000000000e-04,4.517936692265e-07
4.000000000000e-04,7.381243223012e-07
4.000000000000e-04,2.899246021055e-08
4.000000000000e-04,3.554573292503e-07
4.000000000000e-04,5.264325873543e-07
4.000000000000e-04,5.235002223020e-07
4.000000000000e-04,4.274215408003e-08
4.000000000000e-04,8.244330707646e-07
4.000000000000e-04,3.547692580587e-08
4.000000000000e-04,1.458851698625e-06
8.000000000000e-04,5.530309739988e-07
4.000000000000e-04,3.492272506120e-07
2.400000000000e-03,4.919015948208e-06
1.200000000000e-03,1.398246304274e-06
2.400000000000e-03,4.098843436953e-06
4.000000000000e-04,3.067657002265e-07
4.000000000000e-04,5.436355577625e-07
1.600000000000e-02,8.369817101422e-05
4.000000000000e-04,1.128507422773e-07
2.000000000000e-03,2.034472144949e-06
4.000000000000e-04,4.920862789069e-07
1.960000000000e-02,1.053779637791e-04
1.200000000000e-03,2.028331003148e-06
2.800000000000e-03,1.080253707847e-05
8.000000000000e-04,9.080783443341e-07
1.600000000000e-03,6.442555880540e-06
2.400000000000e-03,3.358681911819e-06
8.000000000000e-04,8.156502653729e-07
6.800000000000e-03,3.505469201347e-05
4.000000000000e-04,1.093512797095e-06
4.000000000000e-04,1.827127239143e-07
8.000000000000e-04,7.409095181518e-07
4.000000000000e-04,3.067961806390e-07
1.200000000000e-03,8.728405321552e-07
4.000000000000e-04,3.768394357934e-07
4.000000000000e-04,2.901140994811e-07
8.000000000000e-04,4.598836629238e-07
4.000000000000e-04,7.167905734676e-07
4.000000000000e-04,9.475708604361e-07
4.000000000000e-04,3.116714195715e-07
4.000000000000e-04,3.181409377933e-07
4.000000000000e-04,7.478726149501e-08
4.000000000000e-04,7.691517279361e-08
6.800000000000e-03,1.196652590457e-05
2.400000000000e-03,2.882013551578e-06
4.000000000000e-04,5.814596209072e-07
5.200000000000e-03,1.796994266792e-05
2.200000000000e-02,1.393734410259e-04
4.000000000000e-04,4.673370432300e-07
4.000000000000e-04,3.391203290496e-07
4.000000000000e-04,5.941504406390e-07
2.000000000000e-03,4.012412031531e-06
4.000000000000e-04,4.468160408142e-07
4.000000000000e-04,1.353240159498e-07
4.000000000000e-04,8.135897081603e-08
4.000000000000e-04,3.749405976654e-07
4.000000000000e-04,5.662120475986e-07
4.000000000000e-04,5.417901888337e-07
2.600000000000e-02,1.163003437287e-04
2.400000000000e-03,3.080328571171e-06
8.000000000000e-04,1.068267623483e-06
4.000000000000e-04,3.777040220152e-08
4.000000000000e-04,2.081437210879e-07
4.000000000000e-04,3.814673554281e-09
4.000000000000e-04,6.166643332210e-07
4.000000000000e-04,5.347261680857e-08
4.000000000000e-04,6.470571737358e-07
2.400000000000e-03,6.164022801715e-06
4.000000000000e-04,5.987825442015e-08
4.000000000000e-04,1.407382265894e-08
4.000000000000e-04,2.517465146359e-07
2.000000000000e-03,6.092053944861e-06
4.000000000000e-04,1.209512844947e-07
1.600000000000e-03,4.873723752857e-06
4.000000000000e-04,3.605717905035e-08
4.000000000000e-04,6.142438040223e-07
4.000000000000e-04,4.148064878578e-07
4.000000000000e-04,5.077531528385e-07
4.000000000000e-04,3.606028799411e-07
8.000000000000e-04,4.615722264056e-07
4.000000000000e-04,9.756383644171e-08
1.200000000000e-03,1.877657446652e-06
4.000000000000e-04,2.681341310716e-07
8.000000000000e-04,1.150971355927e-06
4.000000000000e-04,2.644604719550e-07
2.000000000000e-03,5.944004934926e-06
4.000000000000e-04,6.151764987144e-07
1.600000000000e-03,3.171576122438e-06
2.688000000000e-01,4.619304007370e-03
4.000000000000e-04,1.571619822064e-08
4.000000000000e-04,4.858029947459e-07
8.000000000000e-04,4.773840278065e-07
1.200000000000e-03,8.520610047751e-07
4.000000000000e-04,7.440170724126e-07
4.000000000000e-04,4.232853004330e-07
1.200000000000e-03,1.386403970100e-06
5.360000000000e-02,3.283205080148e-04
2.000000000000e-03,1.908583561695e-06
4.000000000000e-04,4.356261439575e-09
1.200000000000e-03,2.955575148734e-06
4.000000000000e-04,5.412531817869e-07
8.000000000000e-04,1.095209295889e-06
4.000000000000e-04,2.107621751876e-07
2.800000000000e-03,4.014668011219e-06
4.000000000000e-04,1.380429064137e-07
2.000000000000e-03,2.588407025295e-06
8.000000000000e-04,8.007415587968e-07
1.200000000000e-03,1.257418672819e-06
8.000000000000e-04,3.016661776369e-07
4.000000000000e-04,3.516184252752e-07
4.000000000000e-04,1.841593795558e-07
1.200000000000e-03,1.840964507021e-06
8.000000000000e-04,1.662263300771e-06
4.800000000000e-03,1.129473873902e-05
8.000000000000e-04,1.094459115418e-06
4.000000000000e-04,3.155654167280e-07
1.600000000000e-03,1.869922654174e-06
1.200000000000e-03,1.939487931396e-06
4.000000000000e-04,1.881462575434e-07
4.000000000000e-04,4.334810469933e-07
3.600000000000e-03,5.382374702866e-06
8.000000000000e-04,5.571128882393e-07
8.000000000000e-04,3.842335456204e-07
4.000000000000e-04,1.141363644841e-07
8.000000000000e-04,2.087667085895e-06
4.000000000000e-04,1.394931492515e-07
4.000000000000e-04,3.967951256234e-10
4.000000000000e-04,9.433016359945e-07
4.000000000000e-04,6.429234568560e-07
4.000000000000e-04,6.615690295920e-07
4.000000000000e-04,5.597245585705e-07
4.000000000000e-04,1.951517695692e-07
8.000000000000e-04,1.275967178536e-06
2.800000000000e-03,4.223452606317e-06
8.000000000000e-04,3.133259038974e-07
8.000000000000e-04,8.900345809436e-07
4.000000000000e-04,1.527359425723e-07
1.200000000000e-03,1.166825797169e-06
8.000000000000e-04,6.638533468574e-07
1.600000000000e-03,2.425434257294e-06
4.000000000000e-04,7.315758718662e-09
4.000000000000e-04,3.716427165854e-08
4.000000000000e-04,1.213254725305e-07
1.600000000000e-03,2.906133791680e-06
4.000000000000e-04,9.641010179951e-07
4.000000000000e-04,1.613709648062e-07
4.000000000000e-04,3.224132144351e-07
1.200000000000e-03,1.093428234311e-06
4.000000000000e-04,3.702340418356e-07
8.000000000000e-04,2.241569664382e-06
4.000000000000e-04,2.193699431418e-07
1.200000000000e-03,2.034287232028e-06
8.000000000000e-04,1.204624325863e-06
4.000000000000e-04,2.320000674967e-07
4.000000000000e-04,1.168544445008e-06
4.000000000000e-04,3.561641029947e-07
3.600000000000e-03,8.089732887682e-06
8.000000000000e-04,6.767017517921e-07
8.000000000000e-04,2.221815206090e-06
8.000000000000e-04,5.897396682596e-07
2.800000000000e-03,3.147902345482e-06
4.000000000000e-04,1.870705333209e-07
4.000000000000e-04,7.509397977906e-07
4.000000000000e-04,4.540513378788e-07
4.000000000000e-04,4.199905980928e-07
4.000000000000e-04,3.639566819006e-07
4.000000000000e-04,2.175692168397e-07
4.000000000000e-04,2.417582954595e-07
4.000000000000e-04,1.583329018392e-07
4.000000000000e-04,2.622143268184e-07
8.000000000000e-04,6.324312837148e-07
4.000000000000e-04,2.743960675579e-07
4.000000000000e-04,2.960874404111e-07
4.000000000000e-04,5.967508812843e-07
8.000000000000e-04,7.174214196241e-07
4.000000000000e-04,8.424303558898e-07
4.000000000000e-04,2.901639881911e-07
7.200000000000e-03,1.898580474599e-05
4.000000000000e-04,3.465019946771e-07
1.200000000000e-03,9.323030096988e-07
6.000000000000e-03,1.183904461132e-05
4.000000000000e-04,9.400976177940e-07
4.000000000000e-04,3.639110742505e-07
4.000000000000e-04,2.101759961435e-07
4.000000000000e-04,3.707255271271e-07
4.000000000000e-04,3.750186508071e-07
2.400000000000e-03,3.324565366248e-06
5.200000000000e-03,6.612338619825e-06
2.400000000000e-03,5.394427511740e-06
4.000000000000e-04,1.557945418629e-08
1.200000000000e-03,1.681712239792e-06
1.200000000000e-03,3.038064175705e-06
4.000000000000e-04,7.614744782540e-07
8.000000000000e-04,7.382943829494e-07
4.000000000000e-04,2.940471416917e-08
4.000000000000e-04,6.559241954495e-08
8.000000000000e-04,1.191200272528e-06
8.000000000000e-04,4.826522353519e-07
2.000000000000e-03,2.939129558844e-06
4.000000000000e-04,8.287104777704e-07
4.000000000000e-04,2.694883244549e-07
4.000000000000e-04,2.579204320319e-07
4.000000000000e-04,2.170579407753e-07
2.400000000000e-03,6.019568399615e-06
4.000000000000e-04,6.992169781007e-07
4.000000000000e-04,6.589524348413e-08
4.000000000000e-04,7.346506234635e-07
4.000000000000e-04,9.698451770318e-07
4.000000000000e-04,1.707582118570e-07
8.000000000000e-04,2.884118744000e-06
4.000000000000e-04,3.561753632805e-07
1.200000000000e-03,1.771627219343e-06
4.000000000000e-04,2.071205507964e-07
4.000000000000e-04,1.641393033969e-07
4.000000000000e-04,2.574364502621e-08
4.000000000000e-04,1.605682799817e-08
8.800000000000e-03,2.753438137618e-05
4.000000000000e-04,2.018953581565e-07
3.200000000000e-03,1.416122176640e-05
4.000000000000e-04,4.638191143266e-07
4.000000000000e-04,3.110231211988e-07
8.000000000000e-04,1.089163528774e-06
4.000000000000e-04,4.110327116158e-07
1.600000000000e-03,1.951523688541e-06
4.000000000000e-04,4.545139673232e-07
4.000000000000e-04,8.314595917747e-08
4.000000000000e-04,4.826924554755e-07
4.000000000000e-04,8.796857924907e-08
4.000000000000e-04,1.211435773055e-07
2.800000000000e-03,6.429902493448e-06
5.200000000000e-03,1.506640839927e-05
8.000000000000e-03,2.681439516198e-05
3.200000000000e-03,9.728678151357e-06
4.000000000000e-04,3.249246545055e-08
4.000000000000e-04,3.999474834482e-09
4.000000000000e-04,1.353348362109e-07
8.000000000000e-04,2.667890676754e-07
4.000000000000e-04,1.123516912962e-06
1.600000000000e-03,2.390490748876e-06
8.000000000000e-04,1.672711359536e-06
4.000000000000e-04,7.961150952740e-09
1.600000000000e-03,4.221890892521e-06
8.000000000000e-04,4.789412221720e-07
4.000000000000e-04,1.732511145587e-07
4.000000000000e-04,5.244481705794e-07
4.000000000000e-04,3.589482108693e-07
2.400000000000e-03,4.863614365247e-06
4.000000000000e-04,6.223582786667e-08
4.000000000000e-04,5.096740939566e-07
4.000000000000e-04,3.573905846885e-07
4.000000000000e-04,2.370014634993e-07
4.000000000000e-04,8.097797364202e-08
8.000000000000e-04,1.318452250948e-06
4.000000000000e-04,3.723153052324e-08
4.000000000000e-04,3.115369973319e-07
4.000000000000e-04,3.410446429115e-07
8.000000000000e-04,1.327382500228e-06
4.000000000000e-04,1.009135872509e-06
4.000000000000e-04,1.979153462126e-07
2.000000000000e-03,6.646569633668e-06
8.000000000000e-04,1.245023241556e-06
8.000000000000e-04,1.609867542581e-06
1.200000000000e-03,3.714897047646e-06
1.200000000000e-03,2.906667091539e-06
4.000000000000e-04,8.145081749126e-08
4.000000000000e-04,5.104708123804e-07
4.000000000000e-04,3.767909054089e-08
4.000000000000e-04,2.721555312880e-07
4.000000000000e-04,2.656691832262e-08
4.000000000000e-04,3.319654008070e-07
4.000000000000e-04,2.148004642559e-07
4.000000000000e-04,1.050448618950e-07
1.320000000000e-02,4.181324836081e-05
7.920000000000e-02,7.045677910028e-04
8.000000000000e-04,4.875878411087e-07
4.000000000000e-04,5.749493643624e-07
4.000000000000e-04,5.957877222788e-07
4.000000000000e-04,2.253461242174e-07
4.000000000000e-04,5.457245414371e-07
4.000000000000e-04,2.519909708028e-08
1.200000000000e-03,5.751362300918e-07
1.200000000000e-03,4.762315467991e-06
4.000000000000e-04,3.287594950283e-07
4.000000000000e-04,3.680548207941e-08
4.000000000000e-04,3.808255366366e-07
4.000000000000e-04,1.559072869759e-07
8.000000000000e-04,3.735361415956e-07
1.200000000000e-03,1.008520759007e-06
4.000000000000e-04,9.686847053092e-09
8.000000000000e-04,1.441231508599e-06
4.000000000000e-04,1.958216335963e-07
9.860000000000e-01,4.188974489525e-02
1.600000000000e-03,2.903462460842e-06
4.000000000000e-04,2.274427366999e-07
2.000000000000e-03,2.759260786124e-06
1.200000000000e-03,1.128898433690e-06
4.000000000000e-04,3.121533036864e-07
4.000000000000e-04,6.134228830148e-08
8.000000000000e-04,1.285399165754e-07
4.000000000000e-04,5.712529193550e-07
2.800000000000e-03,1.106569085133e-05
8.000000000000e-04,1.848492724839e-06
4.000000000000e-04,7.651430030833e-08
4.000000000000e-04,2.313771795899e-07
4.000000000000e-04,9.037242592430e-08
4.000000000000e-04,1.540649429381e-08
4.000000000000e-04,1.081316966775e-07
8.000000000000e-04,5.742027627068e-07
1.200000000000e-03,1.492990563093e-06
8.000000000000e-04,1.154704417882e-06
4.000000000000e-04,1.104236214915e-07
2.000000000000e-03,2.042838517517e-06
4.000000000000e-04,4.635128188800e-07
2.400000000000e-03,4.168550579194e-06
1.120000000000e-02,4.719477381574e-05
8.000000000000e-04,1.278516726853e-06
4.000000000000e-04,5.213382491375e-07
4.000000000000e-04,1.833563852988e-08
3.200000000000e-03,8.266047217154e-06
4.000000000000e-04,9.753461640942e-08
4.000000000000e-04,9.582312286381e-07
1.600000000000e-03,2.958140736290e-06
4.000000000000e-04,9.101079524624e-07
5.200000000000e-03,1.999590307938e-05
5.600000000000e-03,1.881771198287e-05
4.000000000000e-04,1.308911750376e-07
4.000000000000e-04,2.394113032572e-07
4.000000000000e-04,6.231513660248e-08
4.000000000000e-04,5.159827579396e-07
4.000000000000e-04,2.312313697721e-07
8.000000000000e-04,4.611556698591e-07
4.000000000000e-04,1.108077477512e-07
2.800000000000e-03,7.856943441252e-06
1.200000000000e-03,1.463608255103e-06
4.000000000000e-04,5.616284330248e-07
2.000000000000e-03,3.050813150356e-06
4.000000000000e-04,4.269083002211e-07
4.000000000000e-04,1.341395421705e-07
8.000000000000e-04,8.625899483990e-07
4.000000000000e-04,1.619124695083e-08
8.000000000000e-04,8.320395302665e-07
1.200000000000e-03,2.117621799926e-06
4.000000000000e-04,2.345633988123e-06
4.000000000000e-04,3.904866570810e-07
4.000000000000e-04,6.202967404825e-07
4.000000000000e-04,5.188459847798e-07
4.000000000000e-04,1.695602823616e-07
4.000000000000e-04,1.516014530382e-07
4.000000000000e-04,9.804650849570e-07
4.000000000000e-04,1.259064302696e-06
2.000000000000e-03,5.785868401801e-06
4.000000000000e-04,4.248617932485e-07
4.000000000000e-04,1.028198126492e-06
4.000000000000e-04,2.432096614936e-07
3.200000000000e-03,6.539442146901e-06
4.000000000000e-04,1.998321697135e-07
2.800000000000e-03,4.400355046724e-06
4.000000000000e-04,8.180213381820e-08
8.000000000000e-04,3.302404505319e-07
4.000000000000e-04,2.667086473371e-08
5.600000000000e-03,1.427983660106e-05
2.480000000000e-02,1.771387263277e-04
4.000000000000e-04,5.564972819662e-07
4.000000000000e-04,3.207559674009e-08
4.000000000000e-04,1.540172958762e-07
4.000000000000e-04,9.827706408780e-08
4.000000000000e-04,1.448245075959e-07
1.600000000000e-03,1.963043952289e-06
4.000000000000e-04,1.520608011126e-07
4.000000000000e-04,5.367417105657e-08
4.000000000000e-04,7.183812691860e-07
1.600000000000e-03,3.302959092574e-06
4.000000000000e-04,8.884053502580e-08
4.000000000000e-04,9.625157650993e-08
2.800000000000e-03,4.391087807529e-06
4.000000000000e-04,8.067042251675e-07
4.000000000000e-04,2.327680927538e-07
4.000000000000e-04,3.667235602467e-07
4.000000000000e-04,8.765872836030e-08
8.000000000000e-04,8.824721604937e-07
3.600000000000e-03,6.083137749960e-06
4.000000000000e-04,1.454714441156e-06
2.000000000000e-03,2.714080606450e-06
4.000000000000e-04,4.640728687164e-07
4.000000000000e-04,5.592719976036e-07
1.200000000000e-03,1.807563709514e-06
1.600000000000e-03,1.927473238816e-06
4.000000000000e-04,8.173673841120e-08
8.000000000000e-04,1.121332360273e-06
2.400000000000e-03,6.562063476255e-06
6.720000000000e-02,8.286069879412e-04
1.200000000000e-03,1.325708609681e-06
4.000000000000e-04,2.243977167204e-08
4.000000000000e-04,5.154147557717e-07
8.000000000000e-04,3.991336742364e-07
1.600000000000e-03,3.290388968434e-06
4.000000000000e-04,3.557355378374e-07
4.000000000000e-04,3.387710259346e-07
4.000000000000e-04,2.594862583833e-07
4.000000000000e-04,7.416265965789e-07
4.000000000000e-04,1.043600091686e-06
4.000000000000e-04,4.745133538050e-07
1.200000000000e-03,2.421005700525e-06
8.000000000000e-04,1.246250186965e-06
4.000000000000e-04,1.989703403386e-07
4.000000000000e-04,9.548748259294e-07
1.200000000000e-03,1.099010881505e-06
2.000000000000e-03,7.387886464832e-06
1.600000000000e-03,2.139788365438e-06
4.000000000000e-04,3.553211739206e-07
4.000000000000e-04,6.184906613573e-07
4.000000000000e-04,1.429660146461e-07
4.000000000000e-04,1.448144132135e-07
8.000000000000e-04,2.061345284865e-06
4.000000000000e-04,1.228189655295e-06
1.200000000000e-03,2.472095581492e-06
4.000000000000e-04,1.279983659145e-06
3.200000000000e-03,8.881448988642e-06
4.000000000000e-04,5.517004767636e-08
4.000000000000e-04,4.149633153848e-07
8.000000000000e-04,1.837862416367e-06
3.200000000000e-03,1.044901588509e-05
4.000000000000e-03,1.323681102101e-05
6.400000000000e-03,3.205398203185e-05
4.000000000000e-04,3.384083914075e-07
4.000000000000e-04,5.576192242093e-07
4.000000000000e-04,1.905859288508e-07
4.000000000000e-04,3.320951130854e-07
4.000000000000e-04,3.150621400440e-07
8.000000000000e-04,6.751080571228e-07
8.000000000000e-04,4.787170415203e-07
4.000000000000e-04,7.753721403768e-08
4.000000000000e-04,1.518874140513e-06
4.000000000000e-04,7.616571284536e-07
4.000000000000e-04,1.332952429145e-07
4.000000000000e-04,1.148125137148e-07
4.000000000000e-04,3.926094857028e-07
4.400000000000e-03,1.468458044421e-05
1.000000000000e-02,4.141401458910e-05
8.000000000000e-04,2.246747825368e-06
1.200000000000e-03,2.396794943430e-06
8.000000000000e-04,1.032719773528e-06
4.000000000000e-04,2.300871220625e-07
4.000000000000e-04,7.544281763244e-07
4.000000000000e-04,1.235774850412e-08
4.000000000000e-04,9.189690899897e-07
2.400000000000e-03,4.118143208092e-06
1.200000000000e-03,2.347311665393e-06
4.000000000000e-04,8.519515283505e-07
4.000000000000e-04,5.279574282468e-07
3.040000000000e-02,1.321285463847e-04
4.000000000000e-03,1.136568681280e-05
1.200000000000e-03,1.383962914333e-06
4.000000000000e-04,1.317131666028e-07
4.000000000000e-04,2.399163279030e-07
1.600000000000e-03,1.887623476551e-06
4.000000000000e-04,1.698199014402e-07
4.000000000000e-04,5.509099249797e-07
4.000000000000e-04,9.765632965500e-08
1.600000000000e-03,3.602313846611e-06
4.000000000000e-04,1.942367850632e-07
4.000000000000e-04,2.496429594458e-07
4.000000000000e-04,2.014016201854e-07
4.000000000000e-04,5.598533371583e-07
4.000000000000e-04,7.393593524748e-07
4.000000000000e-04,1.908134918034e-07
1.600000000000e-03,3.335108420070e-06
1.200000000000e-03,1.571211067185e-06
4.000000000000e-04,8.883496960271e-07
3.200000000000e-03,8.647378892662e-06
4.000000000000e-04,3.988127508477e-07
4.000000000000e-04,2.197786849561e-07
4.000000000000e-04,5.664091388676e-08
2.000000000000e-03,3.775096534020e-06
4.000000000000e-04,2.376803060863e-07
8.000000000000e-04,8.923659426076e-07
4.000000000000e-04,2.392778132129e-07
8.000000000000e-04,1.078752381227e-06
4.000000000000e-04,2.486500030892e-08
4.000000000000e-04,1.898232225606e-07
4.000000000000e-04,8.125030496042e-09
1.200000000000e-03,1.644747680143e-06
5.200000000000e-03,1.707640883996e-05
8.000000000000e-04,4.205956756245e-07
4.000000000000e-04,2.398164521066e-07
4.000000000000e-04,7.797273959765e-07
4.000000000000e-04,1.004246155793e-07
2.000000000000e-03,2.525801445366e-06
8.000000000000e-04,6.960208344449e-07
4.000000000000e-04,4.179547233453e-07
8.000000000000e-04,8.554462825491e-07
1.200000000000e-03,1.790370060986e-06
4.000000000000e-04,8.603969545262e-08
4.800000000000e-03,1.941763020077e-05
4.000000000000e-04,6.187678986503e-07
2.000000000000e-03,3.481305645355e-06
4.000000000000e-04,5.572497162705e-07
4.000000000000e-04,2.559532000130e-07
4.000000000000e-04,1.364746863690e-06
8.000000000000e-04,8.346558431333e-07
4.000000000000e-04,1.614728402914e-07
2.000000000000e-03,1.575177208574e-06
8.000000000000e-04,6.229766657147e-07
4.000000000000e-04,6.263963301025e-07
3.600000000000e-03,1.846271685922e-05
4.000000000000e-04,2.609737590092e-07
4.000000000000e-04,4.784736034474e-07
4.000000000000e-04,8.978191083100e-08
1.200000000000e-03,2.940878602598e-06
4.000000000000e-04,1.752133537542e-07
4.000000000000e-04,3.323272539674e-09
1.600000000000e-03,5.049250127794e-06
4.000000000000e-04,5.168679386036e-07
4.000000000000e-03,9.547995932033e-06
4.000000000000e-04,1.847432823270e-07
3.200000000000e-03,7.747892167277e-06
4.000000000000e-04,1.076509148361e-06
4.000000000000e-04,6.948298802238e-07
4.000000000000e-04,3.224216017426e-08
8.000000000000e-04,1.102935989381e-06
4.000000000000e-04,2.106301710204e-07
1.440000000000e-02,4.550886698491e-05
4.000000000000e-04,4.286925503610e-07
4.000000000000e-04,4.883262915692e-07
1.200000000000e-03,5.654464654760e-06
8.000000000000e-04,2.524398863904e-06
4.000000000000e-04,1.348204594082e-06
4.000000000000e-04,1.814782001126e-07
1.600000000000e-03,2.927723888520e-06
3.600000000000e-03,7.754094208402e-06
1.600000000000e-03,2.630105513063e-06
4.000000000000e-04,3.138336963902e-07
4.800000000000e-03,1.634191855872e-05
4.000000000000e-04,8.337036150240e-07
4.000000000000e-04,1.420804869486e-07
5.600000000000e-03,1.308252353264e-05
4.000000000000e-04,4.244345089676e-07
4.000000000000e-04,2.446779862129e-08
4.000000000000e-04,4.665598333375e-07
4.000000000000e-04,1.176973387608e-07
8.000000000000e-04,1.137519632479e-06
1.200000000000e-03,2.664205051501e-06
1.200000000000e-03,3.155739347349e-06
4.000000000000e-04,1.868607046727e-07
4.000000000000e-04,9.613621462603e-07
8.000000000000e-04,1.163417564504e-07
4.000000000000e-04,2.027091882129e-08
4.000000000000e-04,1.236670103789e-06
4.000000000000e-04,6.404739867132e-07
4.000000000000e-04,1.463088951880e-07
8.000000000000e-04,1.003832226227e-06
4.000000000000e-04,4.985308874620e-07
8.000000000000e-04,3.015448044851e-07
8.000000000000e-04,3.447997573250e-07
1.200000000000e-03,2.310001756229e-06
3.200000000000e-03,9.135540904444e-06
4.400000000000e-03,9.378556287314e-06
4.000000000000e-04,2.833403981147e-07
4.000000000000e-04,7.787419723209e-08
4.000000000000e-04,1.243826872279e-07
8.000000000000e-04,2.458504803359e-06
4.000000000000e-04,1.098689975578e-07
4.000000000000e-04,4.795832585297e-07
4.000000000000e-04,4.520010700675e-07
4.000000000000e-04,1.967766275343e-07
8.000000000000e-04,3.277144490460e-06
1.600000000000e-03,4.722298734895e-06
4.000000000000e-04,1.199720115125e-07
4.000000000000e-04,5.919076089701e-08
4.000000000000e-04,6.144114153357e-07
2.000000000000e-03,2.263010820039e-06
5.200000000000e-03,1.264835789793e-05
8.000000000000e-04,1.280379737373e-06
5.600000000000e-03,1.770768654583e-05
4.000000000000e-04,1.010979242871e-06
4.000000000000e-04,9.750764094698e-08
4.000000000000e-04,1.053040322385e-07
1.200000000000e-03,2.958069192034e-06
4.000000000000e-04,9.368445703781e-07
1.588400000000e+00,3.602129895421e-02
2.800000000000e-03,4.475127859422e-06
8.000000000000e-04,1.899560340552e-06
4.000000000000e-04,4.276810581218e-07
4.000000000000e-04,8.434502735049e-08
4.000000000000e-04,9.595833804323e-08
8.400000000000e-03,1.399316358525e-05
8.000000000000e-04,4.266098117563e-07
1.120000000000e-02,2.327868537821e-05
1.200000000000e-03,1.513052129757e-06
8.000000000000e-04,7.366640915304e-07
5.200000000000e-03,1.319546399486e-05
4.000000000000e-04,2.399406121341e-07
4.000000000000e-04,1.238760753371e-07
4.000000000000e-04,6.176136589757e-08
4.000000000000e-04,1.590901017090e-07
4.000000000000e-04,1.053141158003e-07
4.000000000000e-04,1.411632107515e-07
2.000000000000e-03,2.925944868118e-06
8.000000000000e-04,8.301083621379e-07
4.000000000000e-04,4.704335889806e-07
4.000000000000e-04,5.002596119479e-08
4.000000000000e-04,3.032439974667e-07
4.000000000000e-04,2.581054968076e-07
4.000000000000e-04,7.066220254157e-08
8.000000000000e-04,1.946849418040e-07
4.000000000000e-04,7.620353715554e-08
4.000000000000e-04,2.034095596644e-07
4.000000000000e-04,5.211964658669e-07
4.000000000000e-04,7.705472436122e-07
4.000000000000e-04,3.255749750077e-08
4.000000000000e-04,4.431761125500e-07
2.000000000000e-03,4.329664556371e-06
8.000000000000e-04,1.306168030429e-06
4.000000000000e-04,6.078492476210e-07
5.200000000000e-03,1.002281080453e-05
8.000000000000e-04,5.624344459889e-07
4.000000000000e-04,9.160203980022e-08
4.000000000000e-04,5.811146458489e-07
8.000000000000e-04,9.663862617282e-07
4.000000000000e-04,3.989807713778e-09
4.000000000000e-04,3.497893471314e-07
4.000000000000e-04,2.638503034126e-07
8.000000000000e-04,3.400322213607e-07
4.000000000000e-04,5.054660089418e-07
4.000000000000e-04,1.023409478364e-06
4.000000000000e-04,2.592052164377e-07
1.000000000000e-02,2.256460279883e-05
4.000000000000e-04,6.375430884826e-07
4.000000000000e-04,1.430069846687e-07
4.000000000000e-04,8.691112623191e-08
4.000000000000e-04,1.093595790565e-07
2.000000000000e-03,1.467354024977e-06
4.400000000000e-03,7.628908921316e-06
2.400000000000e-03,2.551950672340e-06
4.000000000000e-04,4.032516772967e-08
4.000000000000e-04,9.321775121243e-07
1.600000000000e-03,1.423584171481e-06
1.200000000000e-03,9.118734736186e-07
3.600000000000e-03,8.445986026767e-06
4.000000000000e-04,4.420815874778e-08
8.000000000000e-04,7.610267412657e-07
4.000000000000e-04,8.062043092620e-08
4.000000000000e-04,3.665753468094e-07
8.000000000000e-04,7.445052879686e-07
4.000000000000e-04,7.956123592360e-08
4.000000000000e-04,6.674993603231e-07
8.000000000000e-04,4.353499675703e-07
2.000000000000e-03,2.834490579041e-06
4.000000000000e-04,4.272656264824e-07
4.000000000000e-04,2.969771995778e-07
1.200000000000e-03,1.162350227061e-06
4.000000000000e-04,9.439684075843e-07
8.000000000000e-04,4.904342360797e-07
6.000000000000e-03,1.455812497296e-05
4.000000000000e-04,5.188835892223e-07
4.000000000000e-04,1.157194364939e-07
4.000000000000e-04,5.974210089462e-07
4.000000000000e-04,9.490270363114e-07
4.000000000000e-04,9.632826439963e-08
4.000000000000e-04,5.097946800065e-07
4.000000000000e-04,7.079209865956e-07
4.000000000000e-04,4.990381367561e-07
1.200000000000e-03,1.345983055598e-06
4.000000000000e-04,5.067601569615e-08
4.000000000000e-04,7.111579378283e-09
2.400000000000e-03,4.280315157341e-06
8.000000000000e-04,1.299120336037e-06
4.000000000000e-04,1.088720599741e-07
4.000000000000e-04,2.352294033552e-08
8.000000000000e-04,6.099841926496e-07
2.800000000000e-03,3.264838088650e-06
1.600000000000e-03,1.952990305025e-06
1.600000000000e-03,3.302793569548e-06
2.000000000000e-03,2.100530376600e-06
4.000000000000e-04,8.092207643268e-07
4.000000000000e-04,1.587999600284e-08
4.000000000000e-04,4.614149904609e-08
4.000000000000e-04,4.985076007250e-07
3.200000000000e-03,8.113202962082e-06
4.000000000000e-04,2.359889337390e-07
1.600000000000e-03,2.752761208001e-06
4.000000000000e-04,8.306434324566e-08
4.000000000000e-04,4.604835385387e-07
1.600000000000e-03,1.711654605708e-06
8.000000000000e-04,3.912223402885e-07
4.000000000000e-04,1.299845782539e-08
4.000000000000e-04,2.295001346706e-08
8.000000000000e-04,9.034664634888e-07
7.600000000000e-03,2.874431376565e-05
4.000000000000e-04,1.485603755789e-07
4.000000000000e-04,1.559402334014e-07
8.000000000000e-04,8.723625330626e-07
4.000000000000e-04,3.959153471000e-07
4.000000000000e-04,5.967110980515e-07
2.000000000000e-03,2.552772451704e-06
1.600000000000e-03,3.209403906840e-06
1.600000000000e-03,2.070765940156e-06
8.000000000000e-04,4.634469105941e-07
4.000000000000e-04,9.791348091626e-09
4.000000000000e-04,2.145783800206e-07
4.000000000000e-04,1.247016171711e-07
4.000000000000e-04,2.077858864482e-07
4.000000000000e-04,1.621784921728e-07
4.000000000000e-04,4.124110863831e-08
4.000000000000e-04,5.620183147348e-07
4.000000000000e-04,4.655274223430e-08
4.000000000000e-04,1.497728056584e-07
1.600000000000e-03,6.349933238396e-07
4.000000000000e-04,1.091799335847e-07
4.000000000000e-04,9.498260871377e-08
1.600000000000e-03,2.357716287065e-06
4.000000000000e-04,1.772536646176e-07
4.000000000000e-04,1.186677445241e-07
4.000000000000e-04,5.657607769580e-07
4.000000000000e-04,4.057654756450e-07
4.000000000000e-04,1.677986428237e-07
8.000000000000e-04,3.399576448329e-07
8.000000000000e-04,5.604898719828e-07
4.000000000000e-04,1.469661516256e-07
6.000000000000e-03,7.351290523605e-06
4.000000000000e-04,5.069635102304e-07
4.000000000000e-04,4.141947167722e-07
2.800000000000e-03,4.221697581197e-06
1.600000000000e-03,1.119724899996e-06
1.200000000000e-03,1.034625079111e-06
8.000000000000e-04,2.797636558500e-06
2.400000000000e-03,2.230926708694e-06
8.000000000000e-04,3.091053343813e-07
4.000000000000e-04,1.061040023866e-07
8.000000000000e-04,1.661670625446e-06
8.000000000000e-04,2.249333137754e-07
4.000000000000e-04,9.498304591207e-08
4.000000000000e-04,2.003067098972e-07
4.000000000000e-04,5.985405178454e-07
6.800000000000e-03,1.233729687686e-05
8.000000000000e-04,4.081673302556e-07
5.600000000000e-03,8.818213070085e-06
6.000000000000e-03,8.431895729534e-06
4.000000000000e-04,5.704691844446e-07
4.000000000000e-04,9.021690814223e-08
4.000000000000e-04,3.093175832343e-07
4.000000000000e-04,4.151796129924e-07
4.000000000000e-04,1.383478068713e-07
4.000000000000e-04,9.152912895194e-08
4.000000000000e-04,1.230021858191e-06
4.000000000000e-04,5.882363648018e-07
4.000000000000e-04,2.675392143670e-07
4.000000000000e-04,4.851058269554e-08
2.800000000000e-03,3.463564309904e-06
4.000000000000e-04,4.961936559653e-07
4.000000000000e-04,8.768359535413e-08
4.000000000000e-04,5.702125902207e-07
1.600000000000e-03,5.911940446137e-07
4.400000000000e-03,1.086320114962e-05
4.000000000000e-04,2.925474418679e-07
4.000000000000e-04,5.498949695522e-07
4.000000000000e-04,3.958317868770e-07
4.000000000000e-04,2.235311388017e-07
4.000000000000e-04,7.491942276437e-07
1.200000000000e-03,3.161240750522e-07
2.800000000000e-03,5.904226887825e-06
4.000000000000e-04,4.952774496575e-07
1.200000000000e-03,1.268140861112e-06
8.000000000000e-04,1.052698988484e-06
4.000000000000e-04,9.636123535720e-08
4.000000000000e-04,2.061749023459e-07
4.000000000000e-04,2.171259001828e-07
4.000000000000e-04,1.959834587938e-07
4.000000000000e-04,5.460310280025e-07
5.200000000000e-03,6.653202936034e-06
8.000000000000e-04,1.178504126501e-06
4.000000000000e-04,2.609424962457e-07
2.000000000000e-03,4.047079969012e-06
4.000000000000e-04,7.546362586819e-10
4.000000000000e-04,2.031857107198e-08
4.000000000000e-04,4.624465472475e-08
4.000000000000e-04,6.463676601752e-07
4.000000000000e-04,1.387866632603e-07
1.040000000000e-02,1.727700055681e-05
4.000000000000e-04,1.241932595619e-07
8.000000000000e-04,5.687310240601e-07
4.800000000000e-03,1.739618983277e-05
4.000000000000e-04,2.521973025299e-07
4.000000000000e-04,1.058387944246e-06
1.200000000000e-03,9.878648393420e-07
4.000000000000e-04,4.339619495290e-08
8.000000000000e-04,1.217399773278e-06
1.464000000000e-01,1.387819548928e-03
3.600000000000e-03,8.508543695637e-06
4.000000000000e-04,2.069677950338e-08
4.000000000000e-04,4.897843751638e-08
4.000000000000e-04,6.010488411961e-07
4.000000000000e-04,1.033898673309e-06
8.000000000000e-04,5.417781152978e-07
2.000000000000e-03,3.150809953720e-06
4.000000000000e-04,7.084273893676e-07
4.000000000000e-04,1.460311860159e-07
4.000000000000e-04,5.675953734474e-07
4.000000000000e-04,3.678106851607e-07
4.000000000000e-04,2.465615319509e-08
4.000000000000e-04,2.384835821795e-07
1.600000000000e-03,1.188239149294e-06
8.000000000000e-04,1.184481843210e-06
4.000000000000e-04,1.559561650652e-07
4.000000000000e-04,2.566856106562e-07
1.200000000000e-03,9.924935468729e-07
9.200000000000e-03,1.829306156243e-05
4.000000000000e-04,2.178266694356e-07
4.000000000000e-04,3.743189755999e-08
1.200000000000e-03,2.576513056829e-06
8.000000000000e-04,4.340559727567e-07
4.000000000000e-04,1.527377575602e-07
4.000000000000e-04,1.461918878772e-07
4.000000000000e-04,3.464441758602e-08
4.000000000000e-04,1.256586962264e-07
4.000000000000e-04,1.321260439796e-07
4.000000000000e-04,2.544748378274e-07
8.000000000000e-04,2.096172866147e-06
4.000000000000e-04,9.379516521265e-08
7.200000000000e-03,8.566410579607e-06
8.000000000000e-04,9.045299745226e-07
4.000000000000e-04,1.366713474609e-08
8.000000000000e-04,1.452669855695e-06
2.000000000000e-03,4.776471962088e-06
4.000000000000e-04,3.723316649974e-08
4.000000000000e-04,4.656550863344e-07
8.000000000000e-04,7.941930266355e-07
8.000000000000e-04,1.006188712851e-06
2.000000000000e-03,1.706456372635e-06
4.000000000000e-04,2.297770013246e-08
4.000000000000e-04,1.095156885537e-07
8.000000000000e-04,1.263687728827e-06
4.000000000000e-04,5.279781207369e-08
3.600000000000e-03,4.610193374760e-06
4.000000000000e-04,7.798435315998e-09
4.000000000000e-04,7.029567076429e-08
1.600000000000e-03,2.403864760519e-06
4.000000000000e-04,1.162379378598e-07
4.000000000000e-04,1.046618115460e-06
4.000000000000e-04,5.133304198161e-07
4.000000000000e-04,1.228502750223e-07
4.000000000000e-04,1.933238022054e-07
4.000000000000e-04,3.960317567405e-07
4.000000000000e-04,2.731851769369e-07
4.000000000000e-04,5.004074593855e-08
2.400000000000e-03,3.599354996020e-06
4.000000000000e-04,4.199409672152e-08
2.400000000000e-03,2.216329906523e-06
4.000000000000e-04,4.653415326025e-07
4.000000000000e-04,1.316011801599e-06
4.400000000000e-03,7.832847351115e-06
4.000000000000e-04,3.171995641667e-08
1.600000000000e-03,4.885765908563e-06
4.000000000000e-04,2.057545933679e-07
4.000000000000e-04,2.788547542194e-08
8.000000000000e-04,1.404219188837e-06
4.000000000000e-04,8.731953891378e-08
4.400000000000e-03,7.864608926928e-06
4.000000000000e-04,2.982784335001e-07
4.000000000000e-04,3.487282258832e-07
1.200000000000e-03,2.633220150400e-06
1.200000000000e-03,1.867565733094e-06
3.600000000000e-03,7.689252197730e-06
8.000000000000e-04,1.977052389151e-06
1.200000000000e-03,1.866942009803e-06
1.600000000000e-03,2.291099635903e-06
4.000000000000e-04,3.366915942773e-07
2.524000000000e-01,2.510011224397e-03
4.000000000000e-04,4.787102048049e-07
2.000000000000e-03,4.934858515977e-06
4.000000000000e-04,4.165339463347e-08
1.840000000000e-02,4.981844986538e-05
4.000000000000e-04,2.774694279159e-07
4.000000000000e-04,3.669622916957e-08
4.000000000000e-04,4.364507822640e-07
3.200000000000e-03,5.928784000559e-06
6.000000000000e-03,9.354335405882e-06
4.000000000000e-04,1.520939900155e-07
4.000000000000e-04,1.552060452969e-07
4.000000000000e-04,1.190609120082e-07
1.200000000000e-03,2.154124374383e-06
4.000000000000e-04,2.675129094406e-07
4.000000000000e-04,1.280921556771e-07
1.600000000000e-03,2.959726467489e-06
4.000000000000e-04,6.286523693628e-07
4.000000000000e-04,6.572731519161e-07
4.000000000000e-04,6.010623748554e-09
8.000000000000e-04,1.579478750670e-06
1.080000000000e-02,4.218111662568e-05
4.000000000000e-04,3.839760684173e-07
2.400000000000e-03,2.141466798425e-06
4.000000000000e-04,1.960895914945e-07
4.000000000000e-03,5.944669929115e-06
4.000000000000e-04,1.857433840109e-07
8.000000000000e-04,4.327257830920e-07
4.000000000000e-04,6.600264620372e-08
1.600000000000e-03,1.846160739829e-06
4.000000000000e-04,2.711041087241e-07
4.000000000000e-04,3.467049482297e-07
2.400000000000e-03,5.337861265296e-06
4.000000000000e-04,2.609232776312e-07
4.000000000000e-04,2.830789489321e-08
2.000000000000e-03,2.943451457387e-06
4.400000000000e-03,9.819256351655e-06
1.200000000000e-03,9.092133685596e-07
5.200000000000e-03,1.518178517737e-05
8.000000000000e-04,1.370293851289e-06
4.000000000000e-04,5.153191419619e-07
4.000000000000e-04,2.046646080579e-07
4.000000000000e-04,1.258042586450e-06
4.000000000000e-04,3.310245694520e-07
4.000000000000e-04,1.500109363071e-07
4.000000000000e-04,6.866189790189e-07
2.000000000000e-03,3.293309162485e-06
4.000000000000e-04,3.484500396994e-08
6.800000000000e-03,1.661567921702e-05
1.600000000000e-03,1.121851476122e-06
4.000000000000e-04,3.702212401516e-07
4.000000000000e-04,3.032718780546e-07
8.000000000000e-04,3.678109204407e-07
4.000000000000e-04,2.336513535090e-07
8.000000000000e-04,7.446121523312e-07
4.000000000000e-04,6.794263878395e-08
4.000000000000e-04,6.381042664020e-07
8.000000000000e-04,1.023858863695e-06
1.600000000000e-03,1.047561717590e-06
4.000000000000e-04,7.925532511251e-07
1.040000000000e-02,3.919281973024e-05
2.800000000000e-03,5.833546200835e-06
8.000000000000e-04,2.084076220631e-06
4.000000000000e-04,1.191385406132e-07
4.000000000000e-04,1.475282235940e-07
4.000000000000e-04,5.323739316723e-08
1.200000000000e-03,2.266806163854e-06
7.720000000000e-02,7.521662227438e-04
4.000000000000e-04,1.513494598519e-07
4.000000000000e-04,1.099034437505e-07
1.200000000000e-03,1.084488069229e-06
1.440000000000e-02,5.976873327569e-05
8.000000000000e-04,5.834212118656e-07
1.600000000000e-03,1.076888562382e-06
4.000000000000e-04,1.144921381289e-07
4.000000000000e-04,6.117645753452e-07
4.800000000000e-03,8.742513093474e-06
1.200000000000e-03,2.133252207969e-06
8.000000000000e-04,1.460494694816e-06
1.200000000000e-03,8.445138129039e-07
4.000000000000e-04,1.110153951924e-07
8.000000000000e-04,7.194149491506e-07
4.000000000000e-04,2.761886297629e-07
4.000000000000e-04,9.870139964007e-08
8.000000000000e-04,1.265927458734e-06
4.000000000000e-04,1.692761296389e-07
4.000000000000e-04,1.959806042738e-07
4.000000000000e-04,1.948576457727e-07
4.000000000000e-04,5.997977769643e-07
2.000000000000e-03,3.306561245763e-06
4.000000000000e-04,3.529374966380e-07
4.000000000000e-04,5.104757082721e-07
4.000000000000e-04,8.814402434587e-08
4.000000000000e-04,2.358631901136e-07
1.200000000000e-03,2.278032895927e-06
2.000000000000e-03,5.056719553246e-06
1.600000000000e-03,2.174797810423e-06
4.000000000000e-04,4.682914457790e-07
1.600000000000e-03,1.291616501212e-06
2.400000000000e-03,3.246001268969e-06
8.000000000000e-04,6.364330727934e-07
4.000000000000e-04,2.782019747726e-07
4.000000000000e-04,4.376629502627e-07
4.000000000000e-04,5.616131624154e-07
1.200000000000e-03,1.428058857699e-06
4.000000000000e-04,1.624954409688e-08
4.000000000000e-04,2.055232290780e-07
4.000000000000e-04,4.484000885879e-07
1.200000000000e-03,1.695271761002e-06
4.000000000000e-04,2.340924441106e-07
4.000000000000e-04,4.888865071614e-08
8.000000000000e-04,8.888364575534e-07
4.000000000000e-04,6.933942426658e-07
1.200000000000e-03,1.354070026315e-06
4.000000000000e-04,4.046545367074e-07
4.000000000000e-04,6.348476611731e-07
4.000000000000e-04,9.989918940871e-08
4.000000000000e-04,1.311599235745e-07
4.000000000000e-04,1.173093586904e-07
1.600000000000e-03,1.697478170066e-06
4.400000000000e-03,1.462971059445e-05
4.000000000000e-04,1.530673222787e-07
1.600000000000e-03,1.815544840470e-06
1.240000000000e-02,3.905806521015e-05
4.000000000000e-04,4.099754037603e-08
2.000000000000e-03,3.046620131443e-06
4.000000000000e-04,7.696019549644e-07
4.000000000000e-03,9.997824984449e-06
4.000000000000e-04,3.249437832764e-07
4.000000000000e-04,7.967609277196e-08
4.000000000000e-04,3.758039162041e-07
4.000000000000e-04,1.504348358096e-07
4.000000000000e-04,2.544119904692e-07
4.000000000000e-04,8.858654607213e-09
4.000000000000e-04,3.296079356736e-07
4.000000000000e-04,7.309981183438e-07
4.000000000000e-04,2.350342945363e-08
1.600000000000e-03,4.071527835439e-06
4.000000000000e-04,3.140397210457e-07
4.000000000000e-04,1.363561786338e-09
4.000000000000e-04,2.255960852714e-07
2.000000000000e-03,1.908600117370e-06
4.000000000000e-04,1.247718053756e-08
8.000000000000e-04,1.028825338522e-06
4.000000000000e-04,3.613640566492e-08
4.000000000000e-04,9.203041343939e-08
4.000000000000e-04,3.824211277708e-07
4.000000000000e-04,7.423455150295e-07
1.200000000000e-03,7.621517803020e-07
8.000000000000e-04,3.157958461491e-07
1.200000000000e-03,2.574453980314e-07
4.000000000000e-04,1.691115414504e-07
8.000000000000e-04,2.109750062388e-07
4.000000000000e-04,2.178938649444e-07
4.000000000000e-04,3.986464538317e-07
4.000000000000e-04,2.522006591714e-07
4.000000000000e-04,4.382600783319e-07
4.000000000000e-04,1.393391382187e-09
4.000000000000e-04,4.611302968981e-07
2.800000000000e-03,2.113898959364e-06
8.000000000000e-04,7.963442724958e-07
4.000000000000e-04,3.422283679549e-08
1.268000000000e-01,1.212822763248e-03
4.000000000000e-04,1.757810911390e-07
4.000000000000e-04,2.671512222242e-07
4.000000000000e-04,4.474252471459e-07
4.000000000000e-04,1.485723312552e-07
4.000000000000e-04,4.868215352058e-07
8.000000000000e-04,1.893235540031e-07
4.000000000000e-04,5.173891292168e-07
4.000000000000e-04,4.851923627855e-07
8.000000000000e-04,1.129053248155e-06
4.000000000000e-04,4.928755681570e-07
4.000000000000e-04,3.229828300261e-08
4.000000000000e-04,6.581613783745e-08
4.000000000000e-04,3.060307683549e-07
4.000000000000e-04,8.835417745314e-07
4.000000000000e-04,1.759330472469e-07
4.000000000000e-04,1.845439052808e-07
4.000000000000e-04,5.662723683286e-07
4.000000000000e-04,6.009489892397e-08
1.600000000000e-03,2.985751364045e-06
4.000000000000e-04,2.683496539363e-08
4.000000000000e-04,3.030076283407e-07
4.000000000000e-04,8.961901869932e-08
4.000000000000e-04,1.487799839325e-07
4.000000000000e-04,1.765960239467e-07
4.000000000000e-04,5.137087583302e-08
8.000000000000e-04,2.312411188771e-06
2.000000000000e-03,1.368273446967e-06
4.000000000000e-04,2.018032463743e-08
4.000000000000e-04,6.654570342101e-07
4.000000000000e-04,1.389564751227e-06
4.000000000000e-04,1.962971441140e-07
4.000000000000e-04,4.574388040209e-07
4.000000000000e-04,9.761937977309e-07
4.000000000000e-04,1.327273511608e-07
8.000000000000e-04,1.121643026645e-06
4.000000000000e-04,1.436703112505e-07
3.600000000000e-03,6.727786668291e-06
4.000000000000e-04,4.302945128554e-09
8.000000000000e-04,5.433229879067e-07
4.000000000000e-04,3.674743692468e-07
4.000000000000e-04,7.668357632853e-07
1.200000000000e-03,1.517281112581e-06
4.000000000000e-04,9.005005136431e-09
8.000000000000e-04,1.460771818410e-06
4.000000000000e-04,7.272644019095e-08
4.000000000000e-04,2.164873474126e-07
9.200000000000e-03,1.603558521325e-05
8.000000000000e-04,3.509700031732e-07
4.000000000000e-04,6.449433793831e-09
4.000000000000e-04,2.429052933024e-07
4.000000000000e-04,3.018719635462e-07
8.000000000000e-04,1.042210595708e-06
4.000000000000e-04,8.647195337602e-09
4.000000000000e-04,1.512727180671e-08
4.000000000000e-04,7.561771534877e-07
8.000000000000e-04,8.614752012014e-07
4.000000000000e-04,9.554514219559e-08
4.000000000000e-04,2.289907187755e-07
4.000000000000e-04,7.216587911322e-07
4.000000000000e-04,3.723915637426e-07
4.000000000000e-04,4.491532725797e-08
4.000000000000e-04,4.502087772612e-07
4.000000000000e-04,1.034387322365e-07
4.000000000000e-04,1.389924149640e-07
4.000000000000e-04,6.507086588011e-08
6.800000000000e-03,2.080259504829e-05
4.000000000000e-04,1.877183307019e-07
4.000000000000e-04,1.377119726983e-07
4.000000000000e-04,2.700265759067e-07
4.000000000000e-04,3.396181638541e-07
4.000000000000e-04,2.519303112797e-07
4.000000000000e-04,4.084635605145e-07
4.000000000000e-04,4.214417623744e-07
4.000000000000e-04,4.841943074578e-07
4.000000000000e-04,1.997625465990e-07
4.000000000000e-04,3.395172621603e-07
2.800000000000e-03,4.203442686557e-06
4.000000000000e-04,6.014252110444e-08
4.000000000000e-04,5.045292869649e-07
1.200000000000e-03,4.258996280801e-07
4.000000000000e-04,4.512318180587e-07
4.000000000000e-04,7.892011742671e-08
4.000000000000e-04,6.859663149497e-07
4.000000000000e-04,2.144903968625e-07
4.000000000000e-04,2.180397440833e-07
4.000000000000e-04,2.332574993179e-07
4.000000000000e-04,1.111091708698e-08
8.000000000000e-04,7.843704624779e-07
2.400000000000e-03,2.325968316925e-06
2.400000000000e-03,3.165178823755e-06
4.000000000000e-04,6.317131430659e-07
4.000000000000e-04,1.956987886919e-07
1.840000000000e-02,5.391605225240e-05
1.200000000000e-03,2.109276783489e-06
8.000000000000e-04,2.196404084245e-07
4.000000000000e-04,2.914874702292e-07
4.000000000000e-04,6.488335308224e-07
4.000000000000e-04,4.884150257655e-08
4.000000000000e-04,5.070625327647e-07
4.000000000000e-04,1.355738046388e-07
4.000000000000e-04,9.796685299736e-08
4.400000000000e-03,6.540636768684e-06
4.000000000000e-04,1.499891332579e-07
1.200000000000e-03,9.972197626746e-07
6.800000000000e-03,1.297082443240e-05
4.000000000000e-04,1.983314350881e-08
1.200000000000e-03,1.555481743714e-06
2.400000000000e-03,2.358457518323e-06
3.600000000000e-03,1.244973965186e-05
4.000000000000e-04,1.833308641057e-08
1.600000000000e-03,2.003850159187e-06
8.000000000000e-04,1.706844296036e-07
8.000000000000e-04,2.831645842507e-07
4.000000000000e-04,5.706373184133e-07
8.000000000000e-04,5.351220029274e-07
4.000000000000e-04,1.189837690819e-07
4.000000000000e-04,4.832587767552e-07
4.000000000000e-04,2.865280374398e-07
4.000000000000e-04,7.241974890454e-07
4.000000000000e-04,3.106290165571e-07
4.000000000000e-04,4.268557501238e-07
1.200000000000e-02,3.576820258206e-05
4.000000000000e-04,2.636609242660e-07
4.000000000000e-04,2.483309482977e-07
3.600000000000e-03,5.396425751310e-06
4.000000000000e-04,1.749413103926e-07
4.000000000000e-04,4.258488363627e-07
4.000000000000e-04,2.059633701759e-07
4.000000000000e-04,1.266856274973e-07
4.000000000000e-04,1.630163610562e-07
4.000000000000e-04,2.551429809879e-07
4.000000000000e-04,2.731517677702e-08
4.000000000000e-04,2.998527402970e-08
4.000000000000e-04,3.044407535573e-07
4.000000000000e-04,7.940125249702e-07
4.000000000000e-04,9.951466350130e-07
4.000000000000e-04,2.582244247379e-07
4.000000000000e-04,4.573233366597e-07
4.000000000000e-04,4.453298060621e-07
4.000000000000e-04,2.556489925658e-07
4.000000000000e-04,1.680431383409e-07
1.600000000000e-03,2.404477752184e-06
1.200000000000e-03,9.195989839002e-07
8.000000000000e-04,1.131934777243e-06
6.000000000000e-03,1.224510013087e-05
8.000000000000e-04,3.536413634641e-07
8.000000000000e-04,1.049288546378e-06
4.000000000000e-04,5.360340412659e-07
8.000000000000e-04,9.717539590619e-07
4.000000000000e-04,3.746334923484e-07
4.000000000000e-04,7.061311383263e-08
4.000000000000e-04,2.849929163073e-07
4.000000000000e-04,2.485371053287e-08
8.000000000000e-04,9.160870715613e-07
4.000000000000e-04,1.955510591266e-07
3.600000000000e-03,4.973154784447e-06
4.000000000000e-04,4.460564676584e-07
4.000000000000e-04,2.070267253961e-07
1.200000000000e-03,1.472887804500e-06
4.000000000000e-04,1.019869119368e-07
8.000000000000e-04,9.576683656517e-07
1.640000000000e-02,3.711486526838e-05
8.000000000000e-04,3.067102122100e-07
8.000000000000e-04,5.090371615025e-07
1.200000000000e-03,3.509648860735e-06
4.000000000000e-04,1.909813802327e-07
8.000000000000e-04,1.895356949046e-06
3.600000000000e-03,8.213161557505e-06
8.000000000000e-04,7.020078410608e-07
4.000000000000e-04,1.062439542936e-07
4.000000000000e-04,1.545922315374e-07
8.400000000000e-03,2.478889839305e-05
1.200000000000e-03,2.583834234894e-06
8.000000000000e-04,1.048396450755e-06
4.000000000000e-04,1.977549945881e-07
1.600000000000e-03,3.322397007839e-06
4.000000000000e-04,3.334009543491e-07
8.000000000000e-04,9.304459251088e-07
4.000000000000e-04,9.237808114793e-10
4.000000000000e-04,1.015608647215e-07
4.000000000000e-04,1.475629188552e-07
8.000000000000e-04,1.376500359515e-06
4.000000000000e-04,5.056320492578e-08
4.000000000000e-04,6.936881618405e-07
1.200000000000e-03,3.432708402036e-06
4.000000000000e-04,4.526832259862e-07
4.000000000000e-04,1.668241541657e-07
4.000000000000e-04,1.991179951896e-07
4.000000000000e-04,2.520813520714e-07
4.000000000000e-04,2.152731867096e-07
4.000000000000e-04,1.701555734934e-07
8.000000000000e-04,8.917039223495e-07
4.000000000000e-04,2.669450609939e-08
4.000000000000e-04,7.360241379735e-07
2.000000000000e-03,2.647738523537e-06
4.000000000000e-04,7.483869078111e-07
1.200000000000e-03,1.036702479015e-06
4.000000000000e-04,2.817978068911e-07
4.000000000000e-04,6.202803504663e-07
4.000000000000e-04,9.223548295179e-08
4.000000000000e-04,1.025585322574e-06
1.200000000000e-03,9.881029626552e-07
4.000000000000e-04,1.985968913941e-07
4.000000000000e-04,5.101623967201e-07
4.000000000000e-04,8.253760184843e-08
2.040000000000e-02,5.787796346126e-05
4.000000000000e-04,6.235301379057e-07
4.000000000000e-04,2.313877145232e-07
4.000000000000e-04,6.009130579213e-08
1.600000000000e-03,1.347057826941e-06
4.000000000000e-04,1.260163744743e-07
4.000000000000e-04,5.399758628326e-07
1.200000000000e-03,1.463044530459e-06
1.200000000000e-03,9.961375967883e-07
8.000000000000e-04,6.530448685879e-07
1.600000000000e-03,5.572620618423e-07
1.644000000000e-01,1.410760249624e-03
1.200000000000e-03,6.946017051285e-07
4.000000000000e-04,1.814957223110e-07
4.000000000000e-04,2.450042621115e-07
1.200000000000e-03,2.160018954191e-06
8.000000000000e-04,3.572679695506e-07
1.200000000000e-03,1.712206859811e-06
8.000000000000e-04,1.872361672365e-07
3.560000000000e-02,1.674131816306e-04
4.000000000000e-04,1.734380923192e-07
4.000000000000e-04,2.492476022305e-07
4.000000000000e-04,8.086019173041e-08
4.000000000000e-04,3.208025533150e-08
8.000000000000e-04,1.426752558917e-06
4.000000000000e-04,6.416622269033e-08
4.000000000000e-04,1.313791942142e-07
4.000000000000e-04,6.693679366330e-07
8.000000000000e-04,4.442614907507e-07
8.000000000000e-04,1.313765088373e-06
3.200000000000e-03,6.738675008281e-06
4.000000000000e-04,2.370954157384e-08
8.000000000000e-04,1.835893534993e-07
4.000000000000e-04,2.150436616794e-07
8.000000000000e-04,6.699447833705e-07
8.000000000000e-04,2.771794041620e-07
1.200000000000e-03,9.687257603867e-07
8.000000000000e-04,6.908439604050e-07
4.000000000000e-04,4.478788311540e-07
1.200000000000e-03,1.976213137513e-06
4.000000000000e-04,3.597247082521e-07
4.000000000000e-04,2.675163332728e-07
4.000000000000e-04,1.199294159886e-07
8.000000000000e-04,6.864106180050e-07
4.000000000000e-04,3.611430231153e-07
4.000000000000e-04,5.424736874887e-07
8.000000000000e-04,6.179048480544e-07
4.000000000000e-04,7.591676088918e-08
4.000000000000e-04,6.957177629880e-08
4.000000000000e-04,1.402976821240e-07
1.600000000000e-03,1.528742158139e-06
4.000000000000e-04,2.882425714272e-07
4.000000000000e-04,2.912100489615e-07
4.000000000000e-04,9.856385285342e-07
2.800000000000e-03,5.825397231930e-06
2.400000000000e-03,6.373491554244e-06
8.000000000000e-04,9.730844487855e-07
4.000000000000e-04,3.409129775902e-07
4.000000000000e-04,4.298287688913e-07
4.000000000000e-04,3.067877055739e-07
4.000000000000e-04,3.298116417141e-07
2.000000000000e-03,3.309968865614e-06
4.000000000000e-04,2.948495579225e-09
4.000000000000e-04,5.597678950562e-07
4.000000000000e-04,2.160874357421e-08
2.400000000000e-03,2.682224964164e-06
3.200000000000e-03,6.756895892664e-06
2.000000000000e-03,3.247529585315e-06
4.000000000000e-04,4.926691255373e-07
4.000000000000e-04,4.105305520371e-07
4.000000000000e-04,3.262938465302e-07
1.600000000000e-03,1.899148069805e-06
4.000000000000e-04,1.655781105465e-08
4.000000000000e-04,3.067328736413e-07
1.200000000000e-03,1.756562636094e-07
4.000000000000e-04,1.235054936308e-07
4.000000000000e-04,1.234449085274e-07
2.000000000000e-03,1.943247721075e-06
1.200000000000e-02,4.780769499655e-05
4.000000000000e-04,3.911747120007e-08
4.000000000000e-04,2.133608082690e-07
4.000000000000e-04,3.535069602445e-07
4.000000000000e-04,3.036641330016e-07
8.000000000000e-04,1.766989186716e-06
4.000000000000e-04,3.939523375999e-08
1.600000000000e-03,1.838015738463e-06
4.000000000000e-04,4.003040388851e-07
4.000000000000e-04,7.884832849018e-08
4.000000000000e-04,6.367826205788e-08
8.000000000000e-04,5.887679600232e-07
4.000000000000e-04,1.138830451175e-08
1.600000000000e-03,2.333679781890e-06
4.000000000000e-04,1.530159749062e-07
4.000000000000e-04,5.289129274365e-07
1.200000000000e-03,1.683799615017e-06
4.000000000000e-04,2.201745613129e-07
4.000000000000e-04,2.202042991329e-07
4.000000000000e-04,1.632246814202e-07
2.000000000000e-03,2.367298515590e-06
4.000000000000e-04,4.704071877644e-08
4.000000000000e-04,1.809911728792e-07
1.200000000000e-03,1.616946915378e-06
8.000000000000e-04,8.737997195992e-07
4.000000000000e-04,1.816983194981e-07
4.000000000000e-04,2.908797540926e-08
4.000000000000e-04,3.999990499527e-07
4.000000000000e-04,3.205236840449e-08
4.000000000000e-04,3.990379557949e-07
8.000000000000e-04,2.186473879975e-06
1.200000000000e-03,1.934973538545e-06
1.600000000000e-03,1.394428276641e-06
4.000000000000e-04,1.009568283380e-07
4.000000000000e-04,1.594479320337e-07
4.000000000000e-04,1.149815304152e-06
4.000000000000e-04,2.756152297102e-07
1.600000000000e-03,2.349067412140e-06
4.000000000000e-04,2.983060029042e-07
4.000000000000e-04,4.882427897915e-07
4.000000000000e-04,5.609740732297e-07
1.200000000000e-03,9.342883664326e-07
8.000000000000e-04,6.722271821645e-07
4.000000000000e-04,6.390167504479e-07
4.000000000000e-04,1.015135185107e-07
8.000000000000e-04,5.593166428409e-07
4.000000000000e-04,9.301796935670e-08
3.600000000000e-03,1.323815085366e-05
4.000000000000e-04,8.145447836195e-08
4.000000000000e-04,1.331095290231e-07
4.000000000000e-04,5.054396650855e-09
4.000000000000e-04,5.768948264602e-07
4.000000000000e-04,1.794363592444e-09
4.000000000000e-04,9.154910646234e-07
4.000000000000e-04,1.843821146598e-07
8.000000000000e-04,5.514866791019e-07
4.000000000000e-04,2.125456746998e-07
4.000000000000e-04,2.092344974673e-07
2.800000000000e-03,4.815317908011e-06
4.000000000000e-04,1.684025983212e-07
4.000000000000e-04,7.472473703012e-07
4.000000000000e-04,6.539235524388e-07
4.000000000000e-04,3.532865979066e-08
3.720000000000e-02,2.265397780558e-04
4.000000000000e-04,7.802034929326e-07
7.600000000000e-03,1.545937476492e-05
4.000000000000e-04,1.211829114280e-07
4.000000000000e-04,3.548177788980e-07
1.600000000000e-03,2.878218079410e-06
4.000000000000e-04,5.699481253180e-07
4.000000000000e-04,2.809459710617e-07
4.000000000000e-04,3.698096196642e-07
4.000000000000e-04,1.800836557536e-07
4.000000000000e-04,3.992227055234e-07
4.000000000000e-04,5.067920902634e-07
2.400000000000e-03,5.968198503806e-06
4.000000000000e-04,8.254381244776e-07
8.000000000000e-04,1.114767097633e-07
4.000000000000e-04,2.667589114000e-07
4.000000000000e-04,2.709460126940e-07
4.800000000000e-03,2.829178211073e-05
4.000000000000e-04,2.626177172343e-07
4.000000000000e-04,1.048475182624e-07
4.000000000000e-04,2.212810739981e-07
4.000000000000e-04,1.484750585862e-07
4.000000000000e-04,5.893459040908e-07
4.000000000000e-04,9.013494662323e-08
1.200000000000e-03,5.924514929651e-07
8.000000000000e-04,1.114225392460e-06
4.000000000000e-04,3.142853990569e-08
1.200000000000e-03,1.351293251492e-06
4.000000000000e-04,1.488025828801e-07
4.000000000000e-04,3.547764817671e-07
4.000000000000e-04,3.043187402765e-08
4.000000000000e-04,3.548150731102e-07
4.000000000000e-04,6.711723933766e-07
4.240000000000e-02,2.112572692645e-04
8.000000000000e-04,3.706261415984e-07
4.000000000000e-04,1.176446395498e-07
4.000000000000e-04,4.532309251428e-07
4.000000000000e-04,1.420215436882e-07
8.000000000000e-04,2.403418588629e-07
8.000000000000e-04,9.092843840493e-07
1.200000000000e-03,1.131354660816e-06
4.000000000000e-04,2.137165805035e-07
8.800000000000e-03,2.915007774039e-05
1.200000000000e-03,2.094822022159e-06
8.000000000000e-04,1.760919251574e-07
4.000000000000e-04,4.415487850360e-08
4.000000000000e-04,2.131321900092e-07
4.000000000000e-04,5.255676087532e-07
2.800000000000e-03,6.766578620706e-06
4.000000000000e-04,2.349768786384e-07
8.000000000000e-04,3.553464529732e-07
4.000000000000e-04,1.986890129853e-08
4.000000000000e-04,5.187090023813e-08
4.000000000000e-04,1.742150218494e-07
4.000000000000e-04,2.385364838343e-07
8.000000000000e-04,7.782124465279e-07
1.200000000000e-03,9.716149853982e-07
4.000000000000e-04,6.218023375194e-07
8.000000000000e-04,1.624179480327e-06
8.000000000000e-04,1.202048741540e-06
1.600000000000e-03,9.099341090487e-07
4.000000000000e-04,1.152295270599e-07
8.000000000000e-04,4.311124333535e-07
4.000000000000e-04,7.081160291391e-08
4.000000000000e-04,4.423619104954e-07
4.000000000000e-04,3.088333459458e-08
4.000000000000e-04,1.922988499224e-07
4.000000000000e-04,7.514075592050e-07
8.000000000000e-04,1.270425132800e-06
1.200000000000e-03,8.185884212789e-07
3.520000000000e-02,2.662653943521e-04
4.000000000000e-04,2.385396843986e-07
4.000000000000e-04,2.897751487311e-07
4.000000000000e-04,4.035721721023e-07
4.000000000000e-04,2.737719812986e-07
4.000000000000e-04,3.160152339245e-07
4.000000000000e-04,4.896767179663e-07
4.000000000000e-04,1.762869079592e-07
8.000000000000e-04,1.007129343740e-06
4.000000000000e-04,1.676971647631e-07
1.600000000000e-03,2.905837462379e-06
4.000000000000e-04,1.224690598046e-07
4.000000000000e-04,6.224406735276e-07
4.000000000000e-04,1.441613381143e-07
4.000000000000e-04,5.602948842327e-07
1.600000000000e-03,1.018272874965e-06
8.000000000000e-04,2.646049790445e-06
4.000000000000e-04,2.178859650806e-07
4.000000000000e-04,4.391775303812e-07
4.000000000000e-04,2.608099800405e-07
4.000000000000e-04,3.355550685660e-08
1.600000000000e-03,2.796505501948e-06
4.000000000000e-04,5.102645741775e-08
4.000000000000e-04,6.690209745825e-08
2.400000000000e-03,4.067251356877e-06
4.000000000000e-04,4.308974470981e-07
4.000000000000e-04,2.234744278517e-07
4.000000000000e-04,3.645433778570e-07
4.000000000000e-04,6.424711114826e-07
4.000000000000e-04,8.076625982319e-07
4.000000000000e-04,5.982150654927e-07
1.200000000000e-03,8.978400517184e-07
2.160000000000e-02,1.123238125725e-04
4.000000000000e-04,3.689818655763e-07
8.000000000000e-04,1.652451774357e-07
8.000000000000e-04,6.628004753554e-07
1.200000000000e-03,9.521755149446e-07
4.000000000000e-04,2.086310439612e-08
4.000000000000e-04,1.913201679824e-07
3.200000000000e-03,6.447313413948e-06
8.000000000000e-04,7.004408629020e-07
3.200000000000e-03,2.651092469326e-06
8.000000000000e-04,3.040107552157e-07
1.200000000000e-03,9.807304253421e-07
1.040000000000e-02,3.119608168536e-05
4.000000000000e-04,8.430428262269e-08
4.000000000000e-04,5.680710220548e-07
4.000000000000e-04,1.292642845059e-06
4.000000000000e-04,5.005791910890e-08
8.000000000000e-04,1.819000382123e-06
4.000000000000e-04,8.860029276336e-08
4.000000000000e-04,1.619485862543e-07
8.000000000000e-04,6.678902484070e-07
1.200000000000e-03,3.135296034084e-06
4.000000000000e-04,1.634452523998e-08
4.000000000000e-04,4.071593467047e-07
4.400000000000e-03,8.970274326650e-06
2.400000000000e-03,1.224576625088e-06
4.000000000000e-04,3.792890458721e-07
8.000000000000e-04,4.706005541812e-07
1.200000000000e-03,1.633197771591e-06
3.600000000000e-03,4.082541583765e-06
2.800000000000e-03,5.188053652723e-06
4.000000000000e-04,1.232572430729e-07
4.000000000000e-04,6.689871633510e-08
4.000000000000e-04,2.297368372666e-07
4.000000000000e-04,8.262890962918e-08
4.000000000000e-04,1.179634404088e-06
4.000000000000e-04,2.994930654854e-07
4.000000000000e-04,3.529804109766e-07
4.000000000000e-04,7.618119979832e-07
4.000000000000e-04,3.042920149166e-09
4.000000000000e-04,6.591285941641e-07
8.000000000000e-04,6.714205088517e-08
5.600000000000e-03,1.250279395241e-05
4.000000000000e-04,3.429174490895e-07
4.000000000000e-04,9.643422606727e-08
4.000000000000e-04,1.125735589822e-07
1.600000000000e-03,3.418346842869e-06
1.040000000000e-02,3.959973735142e-05
8.000000000000e-04,6.748897200306e-07
4.000000000000e-04,5.655629184567e-08
4.000000000000e-04,1.231993289873e-07
4.000000000000e-04,4.711188879349e-07
4.000000000000e-04,1.518447963793e-07
1.600000000000e-03,2.184840792735e-06
8.000000000000e-04,7.457776496113e-07
9.200000000000e-02,9.353405295272e-04
4.000000000000e-04,8.166109775112e-08
4.000000000000e-04,6.600712639886e-07
4.000000000000e-04,2.600492834792e-07
4.000000000000e-04,1.765885765597e-07
2.400000000000e-03,5.293552439343e-06
1.600000000000e-03,1.929099976978e-06
4.000000000000e-04,5.348114787620e-08
4.000000000000e-04,2.243177560638e-07
4.000000000000e-04,6.083403625397e-08
4.000000000000e-04,1.393778586570e-07
4.000000000000e-04,5.594680833025e-07
8.000000000000e-04,1.119034072765e-06
2.400000000000e-03,3.826870060817e-06
8.000000000000e-04,3.374453775777e-07
1.200000000000e-03,9.610162360619e-07
4.000000000000e-04,4.356551186540e-07
4.000000000000e-04,1.966114144383e-07
4.000000000000e-04,9.859874147097e-08
8.000000000000e-04,5.625767897716e-07
4.000000000000e-04,3.115186163970e-07
4.000000000000e-04,1.600045586902e-07
4.000000000000e-04,8.131359156756e-08
4.000000000000e-04,2.125512944472e-07
4.000000000000e-04,2.185379247914e-07
4.000000000000e-04,1.262616740482e-07
1.200000000000e-03,2.188094966497e-06
4.000000000000e-04,4.416546457732e-07
4.000000000000e-04,7.870120516112e-08
4.000000000000e-04,5.977751298348e-08
6.000000000000e-03,1.467640647815e-05
7.200000000000e-03,2.389568401496e-05
4.000000000000e-04,3.267880305812e-07
4.000000000000e-04,2.899722049539e-07
4.000000000000e-04,2.303630728070e-07
4.000000000000e-04,1.422799156109e-07
4.000000000000e-04,2.342246597171e-07
8.000000000000e-04,1.930136347736e-06
4.000000000000e-04,1.182643428622e-07
4.000000000000e-04,5.873663412850e-07
5.200000000000e-03,8.177997635954e-06
8.000000000000e-04,8.404771528719e-07
4.000000000000e-04,2.052428056027e-08
8.000000000000e-04,1.049283930791e-06
4.000000000000e-04,3.163904940485e-08
4.000000000000e-04,1.458220095656e-07
4.000000000000e-04,1.645556798622e-08
4.000000000000e-04,8.718517407920e-08
4.000000000000e-04,1.023763748796e-07
1.200000000000e-03,2.064134743566e-06
4.000000000000e-04,1.648668140788e-07
3.200000000000e-03,6.718495028333e-06
4.000000000000e-04,3.145625373086e-07
1.560000000000e-02,3.665790006532e-05
8.000000000000e-04,9.466062863612e-07
4.000000000000e-04,9.767530737443e-08
1.200000000000e-03,1.084106606141e-06
1.600000000000e-03,6.954005964708e-07
4.000000000000e-04,6.543585237254e-07
8.000000000000e-04,4.400471007663e-07
8.000000000000e-04,1.342753910425e-06
8.000000000000e-04,2.514866244033e-07
4.000000000000e-04,5.497432739052e-08
4.000000000000e-04,4.185298896818e-07
8.000000000000e-04,6.974737061920e-07
4.000000000000e-04,3.214441204186e-09
1.600000000000e-03,1.841083415997e-06
4.000000000000e-04,3.122617240309e-07
4.000000000000e-04,6.172080138687e-07
1.200000000000e-03,1.201401123222e-06
4.000000000000e-04,1.200489696734e-07
8.000000000000e-04,8.462359985902e-07
8.000000000000e-04,2.317353250706e-06
8.000000000000e-04,5.199244145849e-07
8.000000000000e-04,7.964357728822e-07
4.000000000000e-04,1.749642663493e-07
4.000000000000e-04,1.129830080993e-07
4.000000000000e-04,7.409722243839e-08
1.600000000000e-03,2.318951522068e-06
4.000000000000e-04,8.926306040170e-08
8.000000000000e-04,1.281828526422e-06
4.000000000000e-04,5.733354892919e-07
1.600000000000e-03,2.525580666664e-06
8.000000000000e-04,2.930677718004e-07
4.000000000000e-04,2.244466386579e-07
4.000000000000e-04,4.009210155002e-07
4.000000000000e-04,5.510821130397e-07
4.000000000000e-04,2.115051215186e-08
4.000000000000e-04,7.484946506453e-08
4.000000000000e-04,9.981225866662e-08
4.800000000000e-03,6.636360616922e-06
3.600000000000e-03,1.066213598473e-05
4.000000000000e-04,1.034989943907e-07
2.000000000000e-03,2.039179626543e-06
8.000000000000e-04,1.608181806296e-06
1.160000000000e-02,3.206040714947e-05
4.000000000000e-04,2.955938532900e-07
4.800000000000e-03,8.974419687196e-06
4.000000000000e-04,1.532632082143e-07
4.000000000000e-04,7.881900675921e-08
4.000000000000e-04,2.766030501844e-07
4.000000000000e-04,2.886994552638e-08
4.000000000000e-04,2.938195592524e-07
4.000000000000e-04,7.034204636816e-07
4.000000000000e-04,5.716824550978e-07
1.600000000000e-03,9.786690968444e-07
5.200000000000e-03,1.410085320905e-05
4.000000000000e-04,2.993113538552e-07
4.000000000000e-04,1.600547328988e-07
1.920000000000e-02,6.603777261983e-05
4.000000000000e-04,1.224463166321e-07
8.000000000000e-04,8.277293749577e-07
2.160000000000e-02,7.837779651676e-05
1.200000000000e-03,3.280855142701e-06
4.000000000000e-04,1.554421998573e-07
4.000000000000e-04,5.135165306154e-08
4.000000000000e-04,2.434585500720e-07
1.200000000000e-03,1.282642453382e-06
4.000000000000e-04,1.447274951892e-07
4.000000000000e-04,3.497850131140e-07
4.000000000000e-04,2.445123404643e-07
4.000000000000e-04,1.421275644614e-07
8.000000000000e-04,1.643468597263e-06
1.200000000000e-03,6.736370851409e-07
1.760000000000e-02,5.002235848775e-05
4.000000000000e-03,9.956190687871e-06
4.000000000000e-04,9.152977206082e-08
4.000000000000e-04,4.158235848168e-07
7.600000000000e-03,1.535860483238e-05
4.000000000000e-04,9.924309852603e-07
4.000000000000e-04,1.068391246319e-07
4.000000000000e-04,6.948853134262e-07
8.000000000000e-04,1.692059220754e-07
4.000000000000e-04,8.374033283371e-08
3.200000000000e-03,3.808409207360e-06
8.000000000000e-04,1.662912064701e-06
4.000000000000e-04,1.846944338557e-07
4.000000000000e-04,9.387009201429e-08
1.200000000000e-03,5.350757370009e-07
8.000000000000e-04,1.663444548367e-07
4.000000000000e-04,4.174409780131e-07
1.600000000000e-03,6.617805767442e-07
1.200000000000e-03,1.146595436520e-06
4.000000000000e-04,1.968981752492e-07
4.000000000000e-04,1.577413426361e-07
4.000000000000e-04,2.560288542376e-07
4.000000000000e-04,2.477439372615e-07
4.000000000000e-04,1.199951531357e-07
4.000000000000e-04,1.715951178186e-07
4.000000000000e-04,3.471104998067e-07
5.200000000000e-03,1.316113589094e-05
4.000000000000e-04,1.964511724087e-07
4.000000000000e-04,4.415673535787e-07
4.000000000000e-04,1.020701526580e-08
4.000000000000e-04,1.154546314370e-07
2.400000000000e-03,2.642731578434e-06
8.000000000000e-04,2.120596314444e-07
4.000000000000e-04,6.012605996874e-07
8.000000000000e-04,9.243446694903e-07
2.800000000000e-03,4.171653385759e-06
4.000000000000e-04,6.762136027263e-07
1.600000000000e-03,5.591008689180e-06
4.000000000000e-04,8.745445907238e-07
4.000000000000e-04,4.579389562598e-08
4.000000000000e-04,2.439290562910e-07
1.600000000000e-03,1.538013034875e-06
4.000000000000e-03,9.806496009392e-06
5.000000000000e-02,2.842369309608e-04
4.000000000000e-04,4.016937456227e-07
4.000000000000e-04,5.395055150081e-07
4.000000000000e-04,1.141377169459e-07
4.000000000000e-04,4.445148185254e-07
2.000000000000e-03,3.084517958871e-06
8.000000000000e-04,4.720184315493e-07
4.000000000000e-04,3.657980065675e-07
2.000000000000e-03,2.726480872069e-06
4.000000000000e-04,3.024845355979e-07
3.360000000000e-02,2.292320009355e-04
4.000000000000e-04,3.589593037972e-07
1.920000000000e-02,7.898290109550e-05
4.000000000000e-04,1.601605454811e-07
4.000000000000e-04,2.736658633572e-07
4.000000000000e-04,1.305749147300e-08
4.000000000000e-04,5.699751588893e-08
4.000000000000e-04,3.442106561488e-07
4.000000000000e-04,1.935482446458e-08
4.000000000000e-04,3.419565656954e-07
4.000000000000e-04,4.561338401481e-07
4.000000000000e-04,2.210162605848e-07
1.200000000000e-03,9.693044972085e-07
8.000000000000e-04,8.313560952567e-07
4.000000000000e-04,5.360046268509e-07
8.000000000000e-04,4.542870365596e-07
8.000000000000e-04,7.301874312214e-07
4.000000000000e-04,2.060990085240e-07
4.000000000000e-04,2.737015093246e-07
4.000000000000e-04,2.421180112095e-08
4.000000000000e-04,1.062900446857e-07
8.000000000000e-04,6.323925213878e-07
4.000000000000e-04,2.218481175911e-07
4.000000000000e-04,1.208234146273e-07
4.000000000000e-04,7.362298047732e-08
1.200000000000e-03,3.632571120109e-06
4.000000000000e-04,1.125173013357e-07
4.000000000000e-04,9.520935616113e-08
4.000000000000e-04,1.500522567672e-07
7.200000000000e-03,2.293392927443e-05
3.200000000000e-03,5.336019129988e-06
4.000000000000e-04,3.255388612215e-07
4.000000000000e-04,6.171416232394e-07
4.000000000000e-04,2.509356514112e-07
4.000000000000e-04,3.839847223564e-08
4.000000000000e-04,4.338917253413e-07
4.000000000000e-04,9.696782578248e-08
3.600000000000e-03,7.630230359747e-06
2.400000000000e-03,5.095243899910e-06
4.000000000000e-04,8.456086424875e-07
8.000000000000e-04,1.053657469713e-06
9.200000000000e-03,2.353151244320e-05
4.000000000000e-04,5.217501634230e-07
1.200000000000e-03,1.513887647974e-06
4.000000000000e-04,2.995856321839e-07
8.000000000000e-03,2.172451843437e-05
4.000000000000e-04,2.976247940507e-07
8.000000000000e-04,1.113862178483e-06
8.000000000000e-04,1.072234464782e-06
4.000000000000e-04,2.030736270312e-07
4.000000000000e-04,3.026724152023e-07
1.200000000000e-03,1.397382489790e-06
4.000000000000e-04,3.718896905465e-07
4.000000000000e-04,6.790120433030e-07
4.000000000000e-04,3.059245001370e-07
4.000000000000e-04,2.413012015634e-07
4.000000000000e-04,4.296000367353e-07
4.000000000000e-04,2.933402892775e-08
1.200000000000e-03,1.560571100927e-06
1.200000000000e-03,3.324163199955e-06
8.000000000000e-04,1.286434462496e-06
8.000000000000e-04,5.601310583070e-08
8.000000000000e-04,1.464943768898e-06
1.600000000000e-03,4.418442553300e-06
4.000000000000e-04,9.282841789493e-09
1.200000000000e-03,8.339708123890e-07
2.000000000000e-03,1.877926178113e-06
4.000000000000e-04,3.333241298022e-07
8.000000000000e-04,1.029549244001e-06
4.000000000000e-04,3.109405709481e-07
4.400000000000e-03,1.733692820010e-05
4.000000000000e-04,6.431455140764e-07
8.000000000000e-04,8.889662034808e-07
8.000000000000e-04,8.701585162711e-07
4.000000000000e-04,1.411831529606e-07
2.800000000000e-03,5.863524408617e-06
4.000000000000e-04,1.162867461304e-07
4.000000000000e-04,1.983300747987e-09
4.000000000000e-04,1.577928007805e-07
8.000000000000e-04,7.917264900289e-07
4.000000000000e-04,1.380678329836e-07
4.000000000000e-04,4.053147579405e-07
4.000000000000e-04,4.945229870641e-07
4.000000000000e-04,6.667701147540e-07
2.800000000000e-03,1.208715054639e-06
4.000000000000e-04,3.901669600970e-08
4.000000000000e-04,1.304694841251e-08
4.000000000000e-04,1.126661106212e-06
4.400000000000e-03,7.904364806917e-06
4.000000000000e-04,1.341600170271e-07
4.000000000000e-04,3.373197680799e-07
2.800000000000e-03,5.800050220401e-06
4.000000000000e-04,5.048164892762e-08
4.000000000000e-04,2.561446254525e-07
8.000000000000e-04,7.719809955749e-07
2.000000000000e-03,3.099963233732e-06
4.000000000000e-04,2.258413066867e-07
4.000000000000e-04,1.764811997437e-07
3.200000000000e-03,6.974735996447e-06
4.000000000000e-04,4.181562632657e-07
4.000000000000e-04,1.820139305937e-08
4.000000000000e-04,5.297273871307e-07
4.000000000000e-04,4.803578760134e-07
2.400000000000e-03,3.861043227525e-06
4.400000000000e-03,8.976767864873e-06
1.200000000000e-03,2.621705707654e-06
2.400000000000e-03,5.888951634479e-06
8.000000000000e-04,6.612775471780e-07
6.800000000000e-03,2.546603813236e-05
4.000000000000e-04,3.769752798206e-07
4.000000000000e-04,5.748026150849e-08
4.000000000000e-04,3.152365871453e-08
1.200000000000e-03,7.790750310155e-07
4.000000000000e-04,3.599705676205e-07
1.600000000000e-03,1.744327078224e-06
4.000000000000e-04,5.493275403639e-07
4.000000000000e-04,3.745224213335e-07
8.000000000000e-04,4.855205010506e-07
4.000000000000e-04,6.817076181035e-07
4.000000000000e-04,2.848669634234e-07
4.000000000000e-04,5.282043819447e-07
4.000000000000e-04,6.416095485731e-08
4.000000000000e-04,6.056105165352e-07
4.000000000000e-04,3.075596666944e-08
8.000000000000e-04,3.681743253331e-07
4.000000000000e-03,8.879511666680e-06
1.600000000000e-03,1.009659935448e-06
4.000000000000e-04,9.849386341013e-07
4.000000000000e-04,2.671394347156e-08
4.000000000000e-04,7.924712325513e-09
4.000000000000e-04,1.648382538710e-09
4.000000000000e-04,9.374593601295e-08
4.000000000000e-04,2.385568035760e-07
1.200000000000e-03,1.745897877486e-06
8.000000000000e-04,1.341136738410e-06
4.000000000000e-04,5.485316482519e-08
8.000000000000e-04,2.101338973185e-07
4.000000000000e-04,2.651627819033e-07
8.000000000000e-04,6.471114508284e-07
4.000000000000e-04,3.223385222702e-07
2.400000000000e-03,3.134905445997e-06
4.000000000000e-04,1.207020444540e-07
1.200000000000e-03,1.182244021586e-06
8.000000000000e-04,1.057776264807e-06
4.000000000000e-04,1.877540546937e-08
1.200000000000e-03,7.025156166235e-07
4.000000000000e-04,5.536613206754e-07
1.200000000000e-03,2.255683709640e-06
4.000000000000e-04,9.187422748909e-08
4.000000000000e-04,1.251774167014e-07
1.600000000000e-02,3.968197906610e-05
4.000000000000e-04,2.712652241115e-07
4.000000000000e-04,7.756844835183e-09
4.000000000000e-04,4.579444225904e-07
4.000000000000e-04,1.952501105810e-07
4.000000000000e-04,1.987886761988e-07
8.000000000000e-04,9.918948183632e-07
4.000000000000e-04,1.530465991306e-07
4.000000000000e-04,4.307236870441e-07
5.200000000000e-03,9.651181998196e-06
7.600000000000e-03,1.431890567190e-05
4.000000000000e-04,1.477006500979e-07
4.000000000000e-04,2.366741588582e-07
3.280000000000e-02,1.733264966968e-04
4.000000000000e-04,2.096269026140e-07
4.000000000000e-04,5.123242800611e-08
4.000000000000e-04,1.711604809396e-09
1.360000000000e-02,4.236797755300e-05
8.000000000000e-04,1.277520002608e-06
8.000000000000e-04,4.316804091666e-07
4.000000000000e-04,2.036556922306e-07
4.000000000000e-04,4.759874954837e-07
4.000000000000e-04,2.406191225897e-07
4.000000000000e-04,1.045947300824e-07
2.000000000000e-03,3.094753317074e-06
8.000000000000e-04,1.810189119218e-06
4.000000000000e-04,6.381601619587e-08
4.000000000000e-04,4.291620467026e-07
8.000000000000e-04,1.086857354149e-06
4.000000000000e-04,3.944008065734e-07
4.000000000000e-04,5.794878309578e-07
4.000000000000e-04,3.868400035997e-07
4.000000000000e-04,2.944910119277e-07
1.600000000000e-03,1.415466506413e-06
1.020000000000e-01,7.633838526213e-04
4.000000000000e-04,3.993440876715e-07
4.000000000000e-04,1.271996452767e-08
4.000000000000e-04,4.146626220684e-07
4.000000000000e-04,1.747260093355e-07
4.000000000000e-04,3.388151130878e-07
4.000000000000e-04,7.541172764574e-08
4.000000000000e-04,6.017476435924e-08
4.000000000000e-04,1.255970757888e-07
4.000000000000e-04,2.534309517429e-07
8.000000000000e-04,8.448127566971e-07
4.000000000000e-04,7.912212683206e-07
4.000000000000e-04,7.855253737441e-08
4.000000000000e-04,2.007121115553e-08
8.000000000000e-04,7.343508467045e-07
4.000000000000e-04,6.834315200190e-07
4.000000000000e-04,6.899341252271e-07
4.000000000000e-04,1.902638980731e-08
2.400000000000e-03,5.231722591058e-06
4.000000000000e-04,2.270467939100e-07
8.000000000000e-04,1.228348806576e-06
2.800000000000e-03,3.515980334833e-06
4.000000000000e-04,3.780346149278e-08
2.000000000000e-03,1.648085471228e-06
4.000000000000e-04,7.143576751225e-07
4.000000000000e-04,7.356567410848e-08
1.600000000000e-03,2.451287443911e-06
4.800000000000e-03,9.750418033641e-06
4.000000000000e-04,1.346770583218e-07
2.800000000000e-03,5.855807967155e-06
3.600000000000e-03,6.609700598362e-06
4.000000000000e-04,4.087655005084e-07
4.000000000000e-04,3.508931607047e-07
4.000000000000e-04,3.474334236315e-08
4.000000000000e-04,5.492358285934e-07
8.000000000000e-04,1.463884405315e-06
8.000000000000e-04,5.766728168368e-07
4.000000000000e-04,1.527263844070e-07
1.200000000000e-03,1.611907835164e-06
8.000000000000e-04,7.398334904895e-07
8.000000000000e-04,1.272998773348e-06
4.000000000000e-04,2.306432389092e-07
4.000000000000e-04,7.522292780358e-07
8.000000000000e-04,1.259479790352e-06
4.000000000000e-04,2.223771762329e-08
4.000000000000e-04,3.412522661006e-07
1.200000000000e-03,2.370390269343e-06
4.000000000000e-04,9.606657664833e-08
8.000000000000e-04,2.803824336684e-07
4.000000000000e-04,4.300383928114e-07
8.000000000000e-04,1.301302493185e-07
8.000000000000e-04,9.783619191210e-07
4.000000000000e-04,7.174861390893e-07
4.000000000000e-04,1.305994575942e-06
8.000000000000e-04,1.379237225000e-06
4.000000000000e-04,6.524136920720e-07
4.000000000000e-04,1.449825676681e-07
4.000000000000e-04,7.780254768397e-09
8.000000000000e-04,1.175120918953e-06
4.000000000000e-04,1.426377621385e-07
2.400000000000e-03,3.283000961468e-06
4.000000000000e-04,1.028171767764e-07
4.000000000000e-04,7.967590576974e-08
5.600000000000e-03,1.389437012761e-05
8.000000000000e-04,5.942758433797e-07
1.600000000000e-03,2.030428720815e-06
4.000000000000e-04,1.946963839109e-07
8.000000000000e-04,6.885101477651e-07
8.000000000000e-04,6.442401948807e-07
4.000000000000e-04,4.724304499522e-07
4.000000000000e-04,5.935870347618e-07
1.600000000000e-03,1.121919622042e-06
8.000000000000e-04,6.298272193550e-07
4.000000000000e-04,3.915360408622e-07
8.000000000000e-04,2.482940457776e-07
4.000000000000e-04,2.274910924625e-07
4.000000000000e-04,1.234936422372e-06
4.000000000000e-04,2.144447215664e-07
4.000000000000e-04,2.006757216355e-07
8.000000000000e-04,3.688230634745e-07
4.000000000000e-04,2.293194076864e-07
4.800000000000e-03,1.323045000320e-05
4.000000000000e-04,2.296269948086e-08
4.000000000000e-04,2.690387355889e-07
8.000000000000e-04,5.049080471796e-07
1.200000000000e-03,1.817037609752e-06
4.000000000000e-04,1.357864722144e-07
4.000000000000e-04,1.663585764601e-07
4.000000000000e-04,2.295631215857e-07
4.000000000000e-04,4.024111371168e-07
4.000000000000e-04,1.415500452960e-07
4.000000000000e-04,4.561633301975e-07
4.000000000000e-04,4.628526391921e-07
4.000000000000e-04,3.556823843441e-07
2.000000000000e-03,1.657943158808e-06
4.000000000000e-04,3.693750620747e-07
1.200000000000e-03,1.469134559673e-06
4.000000000000e-04,6.309685274539e-08
4.000000000000e-04,3.862782834284e-07
4.000000000000e-04,8.094142268800e-09
1.600000000000e-03,1.228032222369e-06
4.000000000000e-04,4.397240634165e-07
1.600000000000e-03,1.333571813835e-06
3.200000000000e-03,9.863348422471e-06
4.000000000000e-04,7.685586878309e-07
4.000000000000e-04,2.733422933507e-07
4.000000000000e-04,3.959993684304e-08
2.400000000000e-03,5.363268361906e-06
8.000000000000e-04,7.600054557647e-07
4.000000000000e-04,6.387593121100e-07
3.600000000000e-03,7.370818502501e-06
4.000000000000e-04,5.115802988253e-07
4.000000000000e-04,2.667656238707e-07
8.000000000000e-04,3.442728651136e-07
4.000000000000e-04,1.486909166794e-07
4.000000000000e-04,2.953954373085e-07
4.000000000000e-04,5.716605038902e-07
8.000000000000e-04,6.183597577880e-07
4.000000000000e-04,2.962860912878e-07
4.000000000000e-04,1.144188319295e-07
2.000000000000e-03,1.336954926937e-06
8.000000000000e-04,2.336129717043e-07
1.200000000000e-03,1.178522208667e-06
4.000000000000e-04,7.128122909504e-07
4.000000000000e-04,3.374025048685e-07
8.000000000000e-04,2.134784633516e-06
4.000000000000e-04,5.307453711973e-07
1.200000000000e-03,2.082066574192e-06
8.000000000000e-04,2.076998064554e-07
7.200000000000e-03,2.019080959024e-05
8.000000000000e-04,1.247858067939e-06
4.000000000000e-04,5.423566859766e-08
4.000000000000e-04,1.712410996650e-08
4.000000000000e-04,8.200806140466e-07
2.800000000000e-03,1.859198952038e-06
1.200000000000e-03,9.015960082530e-07
4.000000000000e-04,2.400479655549e-07
1.200000000000e-03,1.655506452079e-07
8.000000000000e-04,4.629389200568e-07
4.000000000000e-04,1.810848128642e-07
8.000000000000e-04,2.542530615401e-07
4.000000000000e-04,9.763500969204e-08
4.000000000000e-04,1.921279894770e-08
1.200000000000e-03,1.144685095067e-06
4.000000000000e-04,8.840028400670e-09
8.000000000000e-04,1.256447031378e-06
4.000000000000e-04,6.026466517493e-08
8.000000000000e-04,5.049712306135e-07
1.600000000000e-03,1.110930312343e-06
4.000000000000e-04,1.814036958083e-08
4.000000000000e-04,2.738562627810e-07
8.000000000000e-04,7.599803002816e-07
3.600000000000e-03,3.656292489879e-06
4.000000000000e-04,3.065365732363e-07
4.000000000000e-04,7.723819849975e-07
4.000000000000e-04,1.950832948759e-07
4.000000000000e-04,5.951508765059e-08
8.000000000000e-04,1.185764826115e-06
1.200000000000e-03,1.492413172451e-06
4.000000000000e-04,1.383027098256e-07
2.000000000000e-03,1.503197120947e-06
1.000000000000e-02,2.939748753882e-05
5.200000000000e-03,1.318439572087e-05
8.000000000000e-04,5.007847565555e-07
2.400000000000e-03,5.552447984555e-06
8.000000000000e-04,1.344631674903e-06
4.000000000000e-04,3.224197184828e-08
8.000000000000e-04,1.150239745927e-06
2.000000000000e-03,2.165657162915e-06
2.000000000000e-03,3.252149887637e-06
4.000000000000e-04,2.632220402360e-07
4.800000000000e-03,2.264009199663e-05
8.000000000000e-04,7.075666984254e-07
4.000000000000e-04,3.907602510870e-07
4.000000000000e-04,2.814249891089e-07
4.000000000000e-04,9.635741950639e-07
8.000000000000e-04,8.771903445212e-07
1.600000000000e-03,1.936557785209e-06
4.000000000000e-04,5.141180909973e-08
4.000000000000e-04,5.064704219232e-07
4.000000000000e-04,5.094692683328e-07
8.000000000000e-04,9.463082421764e-07
4.000000000000e-04,8.359942899662e-08
4.000000000000e-04,1.677101927460e-07
3.200000000000e-03,7.362574421627e-06
4.000000000000e-03,9.022927029313e-06
8.000000000000e-04,1.297129361726e-06
4.000000000000e-04,1.361156212388e-07
4.000000000000e-04,2.063397737539e-08
8.000000000000e-04,1.053619186010e-06
8.000000000000e-04,7.567418563955e-07
1.600000000000e-03,1.923666374184e-06
2.000000000000e-03,2.527112375216e-06
1.200000000000e-03,1.491480713551e-06
4.000000000000e-04,7.217240830759e-08
4.000000000000e-04,3.629396422082e-07
4.000000000000e-04,2.005371487444e-07
4.000000000000e-04,4.240957965471e-07
4.000000000000e-04,7.442494924392e-08
4.000000000000e-04,8.602209094821e-10
4.000000000000e-04,2.781039195246e-07
1.200000000000e-03,1.736188814020e-06
1.200000000000e-03,1.751233927825e-06
4.000000000000e-04,1.879547821430e-07
4.000000000000e-04,2.874930152914e-08
4.000000000000e-04,1.076230124206e-07
4.000000000000e-04,3.755592562249e-07
4.000000000000e-04,2.887416013228e-07
4.000000000000e-04,6.346279795034e-07
4.000000000000e-04,3.100566295439e-08
4.000000000000e-04,1.839409290167e-07
6.000000000000e-03,8.556059618194e-06
4.000000000000e-04,6.718130534411e-09
4.000000000000e-04,5.312975067819e-08
4.000000000000e-04,2.861400935464e-07
5.200000000000e-03,9.370249831818e-06
4.000000000000e-04,9.923782822558e-08
1.000000000000e-02,2.476016286375e-05
4.000000000000e-04,3.227339504902e-07
4.000000000000e-04,2.851250396171e-07
4.000000000000e-04,2.555002603238e-07
4.000000000000e-04,2.415622552112e-07
1.200000000000e-03,7.715371766271e-07
4.000000000000e-04,8.387003560892e-07
4.000000000000e-04,1.716831591413e-07
4.000000000000e-04,2.612888411780e-07
4.000000000000e-04,7.354541645563e-08
4.000000000000e-04,5.560676667304e-08
2.760000000000e-02,1.585447324660e-04
4.000000000000e-04,2.598505594186e-07
1.200000000000e-03,1.051333322091e-06
4.000000000000e-04,2.343104424370e-07
4.000000000000e-04,5.887181186552e-08
4.000000000000e-04,1.533441380492e-07
4.000000000000e-04,7.937158478939e-07
2.000000000000e-03,1.935139000654e-06
8.000000000000e-04,4.889540056486e-07
4.000000000000e-04,2.214022726164e-07
8.000000000000e-04,5.750052187631e-07
4.000000000000e-04,1.605468897068e-07
4.000000000000e-04,1.612278730415e-07
4.000000000000e-04,9.113583768396e-08
8.000000000000e-04,5.999396980895e-07
4.000000000000e-04,1.133764880090e-07
4.000000000000e-04,3.930526780546e-07
2.400000000000e-03,4.736369450429e-06
2.600000000000e-02,7.132339232339e-05
8.000000000000e-04,6.093878351540e-07
4.000000000000e-04,8.326257500542e-07
4.000000000000e-04,1.242907747833e-07
1.680000000000e-02,4.793088922933e-05
5.200000000000e-03,1.177122269325e-05
8.000000000000e-04,1.102232621300e-06
2.000000000000e-03,1.926868699519e-06
1.200000000000e-03,9.593099997597e-07
4.000000000000e-04,5.133557091370e-08
4.000000000000e-04,2.886416801117e-07
6.800000000000e-03,1.555634267270e-05
4.000000000000e-04,2.731580563281e-07
1.200000000000e-03,1.423385068546e-06
4.000000000000e-04,1.294569059898e-08
3.600000000000e-03,7.142647782151e-06
4.000000000000e-04,2.040383696972e-07
4.000000000000e-04,1.883069781306e-07
4.000000000000e-04,8.912252447549e-07
4.000000000000e-04,5.379863153594e-07
4.000000000000e-04,5.254949749691e-08
2.400000000000e-03,1.813954975418e-06
4.400000000000e-03,7.932497964569e-06
4.000000000000e-04,3.540464491112e-07
4.000000000000e-04,1.637484504720e-07
4.000000000000e-04,2.898678462670e-07
4.000000000000e-04,5.258703308775e-07
4.000000000000e-04,8.411766228879e-08
4.000000000000e-04,5.044766325770e-07
4.000000000000e-04,1.778610932930e-08
2.280000000000e-02,7.313756913381e-05
3.600000000000e-03,3.856264654955e-06
1.200000000000e-03,1.368161681284e-06
4.000000000000e-04,2.105655084613e-07
1.200000000000e-03,9.582233745046e-07
8.000000000000e-04,1.040585675016e-06
4.000000000000e-04,7.727222698694e-08
8.000000000000e-04,7.634565353917e-07
1.120000000000e-02,3.826081398863e-05
4.000000000000e-04,2.263779893951e-07
4.000000000000e-04,2.236145549845e-07
1.600000000000e-03,8.612872940034e-07
1.040000000000e-02,3.636192926103e-05
4.000000000000e-04,1.725780985545e-07
1.600000000000e-03,3.803680540365e-06
8.000000000000e-04,4.886005191169e-07
4.000000000000e-04,1.591580802716e-08
8.000000000000e-04,6.832039044753e-07
4.000000000000e-04,3.458341022113e-08
8.000000000000e-04,8.911934816944e-07
1.600000000000e-03,1.197285861717e-06
5.200000000000e-03,1.081300764659e-05
4.000000000000e-04,2.322477926398e-07
4.000000000000e-04,1.995409424659e-07
4.000000000000e-04,3.412075383693e-08
8.000000000000e-04,1.629762122764e-06
4.000000000000e-04,6.052862015078e-08
4.000000000000e-04,1.646666502820e-07
4.000000000000e-04,3.849286193944e-08
4.000000000000e-04,2.213570967193e-08
4.000000000000e-04,2.211992289465e-07
4.000000000000e-04,1.102472223069e-07
4.000000000000e-04,3.768875158712e-08
4.000000000000e-04,1.833826090465e-07
4.000000000000e-04,7.579423289666e-07
4.000000000000e-04,1.033971594293e-06
4.000000000000e-04,3.704690609270e-08
4.000000000000e-04,5.019779507787e-08
4.000000000000e-04,4.021843264207e-07
3.600000000000e-03,1.019651314191e-05
4.000000000000e-04,2.402379078164e-07
4.000000000000e-04,8.180682110170e-09
4.000000000000e-04,3.679393319779e-07
8.000000000000e-04,1.873636252115e-06
1.200000000000e-03,1.717715853547e-06
4.000000000000e-04,6.041708917457e-08
8.280000000000e-02,1.214437622239e-03
1.200000000000e-03,1.926179346317e-06
8.000000000000e-04,1.283026674178e-07
1.620000000000e-01,3.288240052071e-03
4.000000000000e-04,2.190704827371e-07
4.000000000000e-04,5.697106987046e-07
3.600000000000e-03,8.993031973116e-06
5.784000000000e-01,2.013671558480e-02
4.360000000000e-02,3.665815360488e-04
1.600000000000e-03,5.537998058848e-06
1.200000000000e-03,4.680430557249e-06
4.000000000000e-04,3.385985158445e-07
4.000000000000e-04,3.739177853478e-07
4.000000000000e-04,6.501866373784e-07
3.200000000000e-03,6.769509205009e-06
3.200000000000e-03,3.818241164888e-06
4.000000000000e-04,6.181262491663e-07
8.000000000000e-04,8.762751553620e-07
1.200000000000e-03,1.705005858116e-06
2.800000000000e-03,3.180280077132e-06
4.000000000000e-04,5.622856520823e-07
8.000000000000e-04,1.110013821438e-06
4.000000000000e-04,6.116318183335e-07
8.000000000000e-04,6.092190013915e-07
4.000000000000e-04,4.338366727677e-07
2.400000000000e-03,3.356144246708e-06
1.200000000000e-03,3.576379178301e-06
5.200000000000e-03,1.015651073451e-05
4.000000000000e-04,2.604818570339e-08
2.000000000000e-03,5.003320292802e-06
4.000000000000e-04,3.679981925020e-07
4.000000000000e-04,4.360721402920e-08
5.200000000000e-03,1.012289346850e-05
4.000000000000e-04,4.645919566929e-07
4.000000000000e-04,3.661495446687e-07
4.000000000000e-04,8.780563030542e-08
1.600000000000e-03,2.087615802216e-06
4.000000000000e-04,3.806328246021e-08
4.000000000000e-04,1.270432153260e-07
4.000000000000e-04,1.461971339113e-06
4.000000000000e-04,8.361530244091e-07
4.000000000000e-04,1.017410671019e-07
1.600000000000e-03,1.048383135291e-06
2.400000000000e-03,8.933491150008e-06
4.000000000000e-04,3.704606448696e-09
4.000000000000e-04,8.569388469224e-08
4.000000000000e-04,5.764961358750e-07
8.000000000000e-04,1.422174692938e-06
8.400000000000e-03,3.341990755662e-05
1.200000000000e-03,7.867748960081e-07
4.000000000000e-04,2.021745906680e-07
4.000000000000e-04,1.811649795943e-07
4.000000000000e-04,5.320553817616e-08
1.600000000000e-03,3.032151457340e-06
4.000000000000e-04,7.305548408775e-07
4.000000000000e-04,1.207583589242e-07
4.000000000000e-04,2.240533809050e-07
4.000000000000e-04,8.292683334067e-08
2.400000000000e-03,3.633243574722e-06
4.000000000000e-04,1.507238879019e-08
4.000000000000e-04,2.888268330560e-08
8.000000000000e-04,7.342148027237e-07
4.000000000000e-04,1.713124027761e-07
4.000000000000e-04,9.363160550349e-07
4.000000000000e-04,3.651736170516e-07
4.000000000000e-04,5.585139357022e-07
7.200000000000e-03,2.524441995800e-05
4.000000000000e-04,1.322468987794e-07
4.000000000000e-04,2.899266554657e-07
4.000000000000e-04,2.522127223512e-07
9.960000000000e-02,7.538640019780e-04
4.000000000000e-04,2.228699714416e-07
4.000000000000e-04,6.137419918191e-07
8.000000000000e-04,1.016270389274e-06
4.000000000000e-04,1.399568924084e-07
4.000000000000e-04,2.785942275880e-07
8.000000000000e-04,1.324969224098e-06
8.000000000000e-04,4.102837360068e-07
4.000000000000e-04,1.137296860303e-07
8.000000000000e-04,3.190591286972e-07
8.000000000000e-04,1.507638348811e-06
4.000000000000e-04,1.020542542780e-08
4.000000000000e-04,8.738987477661e-08
8.000000000000e-04,4.393828466196e-07
4.000000000000e-04,2.532071815431e-07
4.000000000000e-04,1.130918833031e-08
2.800000000000e-03,5.912470081003e-06
4.000000000000e-04,4.722796769401e-07
1.600000000000e-03,1.927239383760e-06
1.200000000000e-03,1.108179795276e-06
8.000000000000e-04,1.560573051728e-06
8.000000000000e-04,7.140747474586e-07
8.000000000000e-04,9.990009796053e-07
8.000000000000e-04,5.756051983615e-07
4.000000000000e-04,3.725266823401e-07
2.000000000000e-03,1.388851449782e-06
4.000000000000e-03,8.864491386005e-06
4.000000000000e-04,4.065321740081e-07
2.000000000000e-03,2.951948147964e-06
1.200000000000e-03,1.307956371573e-06
4.000000000000e-04,2.714152054343e-08
4.000000000000e-04,3.576510381571e-08
1.200000000000e-03,2.932526940254e-06
1.200000000000e-03,1.978365969529e-06
4.000000000000e-04,3.508327308118e-07
1.600000000000e-03,1.700230568690e-06
8.000000000000e-04,2.594212147273e-07
4.000000000000e-04,1.376942417835e-07
4.000000000000e-04,3.782803844894e-07
4.000000000000e-04,2.522787256033e-07
1.200000000000e-03,9.473083344623e-07
4.000000000000e-04,2.600302549286e-07
4.000000000000e-04,7.637638011610e-07
4.000000000000e-04,1.563933393292e-07
4.000000000000e-04,4.910138716705e-07
4.000000000000e-04,6.663389745555e-07
2.400000000000e-03,3.658868016585e-06
4.000000000000e-04,1.228920463469e-06
4.000000000000e-04,5.950332127720e-08
2.400000000000e-03,2.980525633147e-06
4.000000000000e-04,1.269310364680e-07
8.000000000000e-04,1.662473577044e-06
4.000000000000e-04,4.423642563984e-07
8.000000000000e-04,5.995870843925e-07
4.000000000000e-04,4.260181279160e-07
8.000000000000e-04,9.691385399532e-07
8.000000000000e-04,2.547107360644e-06
8.000000000000e-04,1.212706467620e-06
8.000000000000e-04,1.241588364763e-06
3.200000000000e-03,6.501600969526e-06
4.000000000000e-04,1.990330436373e-07
4.000000000000e-04,1.227656086775e-07
4.000000000000e-04,4.205810034674e-07
4.000000000000e-04,3.371771694391e-07
8.000000000000e-04,4.272096313717e-07
4.000000000000e-04,3.393580104606e-07
7.600000000000e-03,2.164376361404e-05
2.400000000000e-03,3.265411383745e-06
4.000000000000e-04,5.343520713682e-07
1.560000000000e-02,7.924319516147e-05
4.000000000000e-04,1.083475132737e-08
8.000000000000e-04,1.140293780920e-06
4.000000000000e-04,4.025834111228e-07
4.000000000000e-04,7.371588013600e-07
4.000000000000e-04,8.834213648237e-08
4.000000000000e-04,2.585785573370e-07
4.000000000000e-04,6.753235620427e-08
4.000000000000e-04,9.064740440660e-07
4.000000000000e-04,6.824900992793e-07
1.200000000000e-03,2.095233295670e-06
1.200000000000e-03,2.360515325160e-06
4.000000000000e-04,2.855830569141e-07
4.000000000000e-04,1.485079277414e-07
4.000000000000e-04,9.961768833129e-07
4.000000000000e-04,7.652218228973e-08
4.000000000000e-04,5.109586109515e-07
8.000000000000e-04,1.326645826697e-06
4.000000000000e-04,2.634615765780e-07
1.600000000000e-03,6.229352332489e-06
4.000000000000e-04,1.491598186343e-09
4.000000000000e-04,7.598332320580e-08
4.000000000000e-04,7.404925049099e-08
8.000000000000e-04,9.435861146272e-07
1.840000000000e-02,6.157628087050e-05
1.600000000000e-03,2.368818405229e-06
4.000000000000e-04,2.347978627722e-07
8.000000000000e-04,9.342488802910e-07
4.000000000000e-04,1.681983965225e-07
2.000000000000e-03,2.599408631002e-06
8.000000000000e-04,1.834030818493e-06
8.000000000000e-04,1.186585356948e-06
4.000000000000e-04,2.263060512719e-07
4.000000000000e-04,9.815705479236e-08
4.000000000000e-04,1.592124534297e-07
4.000000000000e-04,2.897753930797e-07
4.000000000000e-04,2.122235783864e-09
8.000000000000e-04,2.052365724506e-06
4.000000000000e-04,2.985663383657e-07
4.000000000000e-04,4.814117832679e-07
4.000000000000e-04,3.770587858910e-07
4.000000000000e-04,1.950910029182e-07
1.120000000000e-02,6.275247420173e-05
4.000000000000e-04,5.800685819522e-07
8.000000000000e-04,5.946678147045e-07
4.000000000000e-04,8.334313368121e-07
2.400000000000e-03,3.739633969270e-06
4.000000000000e-04,4.074937643165e-08
2.000000000000e-03,2.731995318628e-06
4.000000000000e-04,1.921357256951e-07
4.000000000000e-04,5.003558054939e-07
2.800000000000e-03,3.874006832191e-06
8.000000000000e-04,8.638290760340e-07
4.000000000000e-04,3.546564560288e-07
4.000000000000e-04,5.695841011595e-08
8.000000000000e-04,6.837475787559e-07
4.000000000000e-04,1.802166783088e-08
1.200000000000e-03,1.474718708378e-06
1.200000000000e-03,2.990318261266e-06
1.200000000000e-03,8.035566210278e-07
1.600000000000e-03,2.013796500195e-06
4.000000000000e-04,1.889627288138e-07
1.200000000000e-03,1.190281207941e-06
4.000000000000e-04,7.554069779464e-07
4.000000000000e-04,1.042958088499e-07
4.000000000000e-04,1.404257997497e-07
8.000000000000e-04,1.074052569691e-06
2.000000000000e-01,2.154956688600e-03
4.000000000000e-04,1.660703882545e-07
4.000000000000e-04,4.778358698910e-07
4.000000000000e-04,6.594411284692e-07
4.000000000000e-04,5.516453000405e-08
4.000000000000e-04,7.821933191231e-07
4.000000000000e-04,1.401362106089e-07
1.000000000000e-02,3.174470622851e-05
1.600000000000e-03,1.313374232008e-06
4.800000000000e-03,5.475571778399e-06
4.000000000000e-04,6.827888257678e-07
4.000000000000e-04,3.927536459977e-07
4.000000000000e-04,2.377025678539e-07
4.000000000000e-04,7.631697612932e-08
4.000000000000e-04,8.719910732253e-07
4.000000000000e-04,3.504592837510e-07
8.000000000000e-04,5.384782285077e-07
4.000000000000e-04,5.232262967887e-07
4.000000000000e-04,7.336094366901e-07
4.000000000000e-04,8.271855331210e-07
6.400000000000e-03,1.044845840055e-05
4.000000000000e-04,5.455687523712e-07
6.800000000000e-03,2.016335158444e-05
4.000000000000e-04,2.118854345599e-07
1.600000000000e-03,2.191251703295e-06
1.200000000000e-03,1.841670452032e-06
1.600000000000e-03,2.292940877237e-06
4.000000000000e-04,1.315733984787e-07
4.000000000000e-04,3.977880851059e-08
4.000000000000e-04,9.834287135674e-07
2.000000000000e-03,2.552742953876e-06
1.600000000000e-03,4.488785589586e-06
4.000000000000e-04,8.801430834371e-10
4.000000000000e-04,3.100785726790e-07
4.000000000000e-04,5.730486816479e-07
2.000000000000e-03,1.723503528210e-06
4.000000000000e-04,5.738160960462e-07
4.000000000000e-04,5.187259794587e-07
4.000000000000e-04,8.628361326943e-07
4.000000000000e-04,6.758991764104e-07
4.000000000000e-04,4.553290088694e-07
8.000000000000e-04,1.640512385157e-06
4.000000000000e-04,5.513012681149e-07
8.000000000000e-04,1.664859533048e-06
4.000000000000e-04,9.233644754438e-08
4.000000000000e-04,1.907130904380e-07
1.200000000000e-03,1.130089180671e-06
4.000000000000e-04,8.916927722686e-08
4.000000000000e-04,4.321594370326e-07
8.000000000000e-04,5.755078224537e-07
4.000000000000e-04,1.616686412899e-07
4.000000000000e-04,5.925539772645e-07
4.000000000000e-04,8.287536107912e-07
1.200000000000e-03,3.273460551701e-06
4.000000000000e-04,6.474195557350e-07
8.000000000000e-04,6.193210788200e-07
4.000000000000e-04,3.615068551964e-07
8.000000000000e-04,1.328726580809e-06
8.000000000000e-04,1.980915697086e-09
4.000000000000e-04,3.779613741124e-07
4.000000000000e-04,7.093647884536e-08
4.000000000000e-04,4.200186326511e-07
4.000000000000e-04,1.643159222858e-07
4.000000000000e-04,1.134756841521e-08
4.000000000000e-04,1.430033113817e-07
2.720000000000e-02,2.142994386779e-04
4.000000000000e-04,2.260390117208e-07
4.000000000000e-04,4.521741323792e-08
8.000000000000e-04,5.038774687095e-07
4.000000000000e-04,1.580373014596e-07
4.000000000000e-04,2.415925315075e-07
4.000000000000e-04,8.210583702922e-08
4.000000000000e-04,2.327113297625e-07
4.000000000000e-04,7.996774958261e-07
4.000000000000e-04,4.841294032041e-08
4.000000000000e-04,4.003025163795e-07
4.000000000000e-04,5.034011965508e-08
4.000000000000e-04,5.220858130786e-07
4.000000000000e-04,3.123360206770e-07
4.000000000000e-04,2.706580212716e-07
4.000000000000e-04,2.979482264768e-07
4.000000000000e-04,1.169529443682e-07
4.000000000000e-04,2.557536352028e-07
4.000000000000e-04,2.894086627507e-07
4.000000000000e-04,5.976330657430e-07
1.760000000000e-02,5.631687112984e-05
8.000000000000e-04,1.677562488809e-06
4.000000000000e-04,1.051611089842e-06
4.000000000000e-04,1.022218282867e-07
2.400000000000e-03,3.843596342476e-06
4.000000000000e-04,1.433130909731e-07
4.000000000000e-04,1.238114388005e-07
4.000000000000e-04,5.574378472413e-08
4.000000000000e-04,1.689433548695e-07
4.000000000000e-04,5.808096116318e-07
4.000000000000e-04,3.894441959700e-07
4.000000000000e-04,3.143084805557e-07
3.600000000000e-03,5.958960825460e-06
2.000000000000e-03,3.998574906942e-06
3.600000000000e-03,1.147466417319e-05
4.000000000000e-04,3.670788661764e-07
4.000000000000e-04,8.546309012219e-07
8.000000000000e-04,2.028334814560e-07
4.000000000000e-04,3.717978242877e-07
4.000000000000e-04,1.841360834093e-08
4.000000000000e-04,1.874339486184e-07
4.000000000000e-04,3.384961307963e-07
4.000000000000e-04,2.635023691359e-07
1.600000000000e-03,1.187220676878e-06
4.000000000000e-04,1.017162715784e-07
8.000000000000e-04,1.177483315430e-06
4.000000000000e-04,3.938564454944e-07
4.000000000000e-04,9.172279307120e-07
1.600000000000e-03,2.601134040617e-06
1.600000000000e-03,2.381785351652e-06
4.000000000000e-04,1.699422420234e-07
4.000000000000e-04,1.648516206212e-07
4.000000000000e-04,6.777058935207e-07
4.000000000000e-04,2.963919397946e-07
4.000000000000e-04,3.057220098759e-08
4.000000000000e-04,2.400407603143e-07
4.000000000000e-04,3.424294724009e-08
8.000000000000e-04,1.631891916712e-06
4.000000000000e-04,8.067160385807e-08
4.000000000000e-04,3.197683503572e-07
4.000000000000e-04,3.173069499307e-07
4.000000000000e-04,3.106034379956e-07
6.800000000000e-03,9.276517038589e-06
4.000000000000e-04,3.579623247304e-07
4.000000000000e-04,3.116622645996e-07
7.200000000000e-03,2.392171191747e-05
4.000000000000e-04,1.116435639824e-06
4.000000000000e-04,6.244734603835e-07
4.000000000000e-04,6.227512742248e-07
8.000000000000e-04,1.449254921362e-06
4.000000000000e-04,1.344530579171e-07
4.000000000000e-04,7.175909236585e-07
4.000000000000e-04,2.476869619441e-07
4.000000000000e-04,7.074332644664e-07
4.000000000000e-04,7.578588272906e-07
8.000000000000e-04,6.235224118780e-07
4.360000000000e-02,2.063641244032e-04
4.000000000000e-04,1.837255972864e-07
4.000000000000e-04,8.470089301368e-08
4.000000000000e-04,3.229055115889e-07
8.000000000000e-04,3.003998810473e-07
3.600000000000e-03,7.088065588285e-06
2.800000000000e-03,3.650993737281e-06
4.000000000000e-04,9.786731494665e-07
7.200000000000e-03,3.557542206221e-05
4.000000000000e-04,9.407332189708e-07
2.800000000000e-03,3.648149595416e-06
4.000000000000e-04,9.922091131632e-08
7.200000000000e-03,1.644107806468e-05
8.000000000000e-04,6.241427341797e-07
8.000000000000e-04,6.193135813982e-07
4.000000000000e-04,4.720082929482e-07
8.000000000000e-04,9.380495365598e-07
4.000000000000e-04,1.408241444816e-08
4.000000000000e-04,3.010503637714e-07
5.200000000000e-03,1.724327134948e-05
4.000000000000e-04,2.387641248555e-08
8.000000000000e-04,1.842248547599e-07
4.000000000000e-04,7.597981562485e-08
4.000000000000e-04,1.905751220404e-07
4.000000000000e-04,4.379536997394e-07
8.000000000000e-04,1.027943245691e-06
4.000000000000e-04,9.920781218753e-10
4.000000000000e-04,1.119998525668e-07
4.000000000000e-04,1.108514234196e-07
4.000000000000e-04,6.674757218668e-07
1.200000000000e-03,1.496065835863e-06
4.000000000000e-04,6.696249594902e-08
4.000000000000e-04,3.867851053718e-07
8.000000000000e-04,3.575860081180e-07
4.000000000000e-04,5.921592218209e-07
4.000000000000e-04,1.916008539050e-07
2.800000000000e-03,3.339836067175e-06
4.000000000000e-04,4.739072965857e-07
4.000000000000e-04,1.440105393159e-07
4.000000000000e-04,5.161298055160e-07
8.000000000000e-04,1.589059212454e-06
4.000000000000e-04,8.792433238823e-07
4.000000000000e-04,2.467316036582e-07
1.200000000000e-03,3.655781074528e-06
8.000000000000e-04,7.871915202938e-07
8.000000000000e-04,1.370669243681e-06
8.000000000000e-04,2.650375171490e-07
3.600000000000e-03,7.686278692680e-06
8.000000000000e-04,7.799883397776e-07
4.000000000000e-04,3.517483825541e-07
4.000000000000e-04,8.766484997810e-08
2.320000000000e-02,8.646422977444e-05
4.000000000000e-04,6.825616503755e-07
4.000000000000e-04,7.831576981557e-07
4.000000000000e-04,3.559763537464e-09
4.000000000000e-04,4.718651456201e-08
4.000000000000e-04,4.309387935630e-09
8.000000000000e-04,1.223905413746e-06
4.000000000000e-04,8.592443476798e-08
4.000000000000e-04,3.719474122228e-07
1.200000000000e-03,3.018297429016e-06
2.400000000000e-03,2.571308613100e-06
4.000000000000e-04,3.579623910847e-07
4.000000000000e-04,7.503673137831e-08
4.000000000000e-04,3.476570719921e-07
1.600000000000e-03,2.822622809540e-06
1.200000000000e-03,1.591900372220e-06
4.000000000000e-04,4.466026955693e-07
1.200000000000e-03,5.614227993562e-07
4.000000000000e-04,2.035017272235e-08
4.000000000000e-04,1.966900487821e-07
4.000000000000e-04,7.785724199418e-08
1.600000000000e-03,4.609502711455e-07
4.000000000000e-04,3.799433957238e-07
4.000000000000e-04,1.491326376627e-07
4.000000000000e-04,2.474846577592e-07
4.000000000000e-04,1.982246232399e-07
4.000000000000e-04,3.297864688510e-07
4.000000000000e-04,4.135269097524e-07
4.000000000000e-04,7.417987565966e-07
8.000000000000e-04,8.967686212024e-07
4.000000000000e-04,1.228819391636e-06
4.000000000000e-04,3.618842328876e-07
1.600000000000e-03,2.492611333558e-06
4.000000000000e-04,7.214479883978e-07
8.000000000000e-04,3.296587083924e-07
4.000000000000e-04,8.602005654650e-08
8.000000000000e-04,9.117580995825e-07
1.200000000000e-03,6.680514762959e-07
7.200000000000e-03,2.125500017008e-05
4.000000000000e-04,2.137575026158e-07
1.200000000000e-03,1.546593387430e-06
4.000000000000e-04,6.854020597192e-07
4.000000000000e-04,3.775557959804e-07
2.000000000000e-03,4.392881141869e-06
4.800000000000e-03,1.592215204246e-05
2.000000000000e-03,1.595684908501e-06
4.000000000000e-04,8.705679668423e-07
8.000000000000e-04,1.833250191857e-06
4.000000000000e-04,1.176644622988e-08
4.000000000000e-04,4.773161686558e-07
4.000000000000e-04,4.943481144469e-07
4.000000000000e-04,7.658900481308e-08
4.000000000000e-04,1.062008816934e-06
1.200000000000e-03,2.417343498022e-07
1.200000000000e-03,1.008285195606e-06
4.000000000000e-04,3.093271104828e-07
4.000000000000e-04,4.675782472075e-07
3.600000000000e-03,1.792369190434e-05
4.000000000000e-04,1.557825374672e-07
8.000000000000e-04,1.218934286414e-06
6.520000000000e-02,5.806122201235e-04
4.000000000000e-04,1.251902250503e-07
3.200000000000e-03,5.680994583757e-06
2.000000000000e-03,2.808872096292e-06
4.000000000000e-04,1.480954911813e-07
4.000000000000e-04,1.136098192214e-07
8.000000000000e-04,4.234921436474e-07
8.000000000000e-04,2.482281306583e-06
4.000000000000e-04,1.854662495690e-07
4.000000000000e-04,1.133220895257e-07
1.600000000000e-03,6.905597747752e-07
1.080000000000e-02,5.852482653532e-05
4.000000000000e-04,6.648921260291e-07
4.000000000000e-04,8.174838734452e-08
4.000000000000e-04,1.250358577967e-06
4.000000000000e-04,2.930451407539e-07
2.800000000000e-03,3.746877702387e-06
8.000000000000e-04,1.458736668945e-06
2.800000000000e-03,4.718356340331e-06
4.000000000000e-04,9.736887776279e-07
3.200000000000e-03,9.578801872627e-06
8.000000000000e-04,5.996868792066e-07
8.000000000000e-04,1.203131793503e-07
4.000000000000e-04,5.698217133713e-08
8.000000000000e-04,7.011027983512e-07
1.200000000000e-03,2.778112681942e-06
4.000000000000e-04,4.266685090878e-07
4.000000000000e-04,1.020549804629e-08
4.000000000000e-04,2.553541776636e-08
1.600000000000e-03,1.505174422138e-06
4.000000000000e-04,4.294018713752e-07
4.000000000000e-04,4.003656426511e-07
4.000000000000e-04,2.289332875506e-07
4.000000000000e-04,1.836793623047e-07
1.200000000000e-03,2.528119817476e-06
8.000000000000e-04,1.247625903768e-06
4.000000000000e-04,6.278956695820e-07
4.000000000000e-04,2.077712001772e-07
4.000000000000e-04,4.292185106598e-07
4.000000000000e-04,1.600785799622e-07
4.000000000000e-04,2.711690096150e-07
8.000000000000e-04,2.069543962488e-06
1.200000000000e-03,1.665843502145e-06
4.800000000000e-03,1.229073995099e-05
4.000000000000e-04,5.788460142891e-08
4.000000000000e-04,1.570169137535e-07
8.000000000000e-04,7.439183139660e-07
4.000000000000e-04,1.062705890519e-06
4.000000000000e-04,3.832849426164e-07
4.000000000000e-04,2.986820815774e-07
3.200000000000e-03,4.616597889713e-06
1.600000000000e-03,2.537717964890e-06
4.000000000000e-04,2.183726761319e-07
8.000000000000e-04,1.105221843558e-06
8.400000000000e-03,4.404148900267e-05
1.200000000000e-03,1.863341172244e-06
4.000000000000e-03,8.117293880657e-06
4.000000000000e-04,5.142113045481e-07
4.000000000000e-04,1.542869205287e-07
4.000000000000e-04,6.571116397369e-09
8.000000000000e-04,1.460859226367e-06
1.200000000000e-03,4.942925183347e-06
4.000000000000e-04,9.058614456357e-07
1.320000000000e-02,4.412033045746e-05
4.000000000000e-04,1.579545850226e-07
4.000000000000e-04,5.356658829682e-08
3.200000000000e-03,4.148756790260e-06
2.800000000000e-03,6.768205053684e-06
4.400000000000e-03,8.723923060009e-06
4.000000000000e-04,3.986173874044e-07
4.000000000000e-04,2.749825183288e-07
4.000000000000e-04,4.216574693122e-08
1.600000000000e-03,3.395393250142e-06
4.000000000000e-04,2.758408337585e-07
4.000000000000e-04,2.326767322513e-07
1.200000000000e-03,1.059343843874e-06
4.000000000000e-04,4.621703470805e-07
4.000000000000e-04,3.259357531523e-07
8.000000000000e-04,9.366232713519e-08
4.000000000000e-04,2.969924315420e-08
4.000000000000e-04,1.014858854256e-06
4.000000000000e-04,6.557633086376e-07
4.000000000000e-04,7.895685304281e-08
4.000000000000e-04,8.200690375403e-07
1.200000000000e-03,8.957680484592e-07
4.000000000000e-04,3.103580041580e-07
4.000000000000e-04,2.512032041461e-07
4.000000000000e-04,3.147309530556e-07
4.000000000000e-04,7.733113608749e-08
8.000000000000e-04,1.117196269877e-06
8.000000000000e-04,6.632925132373e-07
4.000000000000e-04,2.306773861754e-07
4.000000000000e-04,2.013286531426e-07
4.000000000000e-04,3.786214416168e-07
4.000000000000e-04,3.907855514148e-07
4.000000000000e-04,2.019359046678e-07
3.200000000000e-03,1.095708913675e-05
3.600000000000e-03,7.551295511926e-06
4.000000000000e-04,1.967095574145e-07
8.000000000000e-04,2.011821062201e-06
4.000000000000e-04,2.156769578911e-07
4.000000000000e-04,5.568778887799e-09
3.600000000000e-03,7.760478923569e-06
4.000000000000e-04,2.002339699504e-07
1.200000000000e-03,6.754796773506e-07
8.000000000000e-04,8.788485465917e-07
1.200000000000e-03,1.235080093061e-06
1.600000000000e-03,4.422372785613e-06
3.600000000000e-03,6.483925689481e-06
4.000000000000e-04,2.181232818425e-08
4.000000000000e-04,3.676294631166e-08
4.000000000000e-04,2.275025696539e-07
4.000000000000e-04,5.051959613859e-08
3.200000000000e-03,1.041770778033e-05
8.000000000000e-04,7.724377398408e-07
4.000000000000e-04,4.025776228018e-07
4.000000000000e-04,2.078226664125e-07
4.000000000000e-04,2.788382095941e-08
4.000000000000e-04,3.540774070820e-07
4.000000000000e-04,8.660130890465e-08
4.000000000000e-04,1.228971236084e-06
4.000000000000e-04,7.382641664174e-07
4.000000000000e-04,3.659983474225e-07
4.000000000000e-04,3.383417341613e-07
4.000000000000e-04,9.152431264167e-08
2.000000000000e-03,1.222977423358e-06
4.000000000000e-04,2.830466402150e-07
4.000000000000e-04,7.302339763030e-07
4.000000000000e-04,6.422603339258e-08
4.000000000000e-04,1.600782970480e-07
8.000000000000e-04,1.108234721676e-06
4.000000000000e-04,5.161192968038e-07
4.000000000000e-04,1.103044835337e-07
4.000000000000e-04,5.225582070375e-08
4.800000000000e-03,1.707631264138e-05
1.200000000000e-03,2.745478682338e-06
4.000000000000e-04,3.051298937622e-08
1.200000000000e-03,2.056766559745e-06
1.600000000000e-03,4.327938822723e-06
4.000000000000e-04,5.572095265238e-07
4.000000000000e-04,3.159073880812e-07
4.000000000000e-04,1.913484100337e-07
4.000000000000e-04,4.224848185476e-07
6.840000000000e-02,3.811136277867e-04
1.200000000000e-03,2.575561044936e-06
4.000000000000e-03,1.244136564160e-05
4.000000000000e-04,7.954721251783e-08
4.000000000000e-04,1.216379797096e-07
4.000000000000e-04,2.938963696663e-07
4.000000000000e-04,6.509797555858e-07
4.800000000000e-03,1.628366510934e-05
8.000000000000e-04,2.153815214487e-06
4.000000000000e-04,5.501991030292e-07
4.000000000000e-04,1.293045070693e-08
4.000000000000e-04,8.733699826543e-08
8.000000000000e-04,1.098472954091e-06
3.200000000000e-03,4.149000936870e-06
4.000000000000e-04,3.726364868042e-07
4.000000000000e-04,3.171690826331e-07
4.000000000000e-04,2.461049785274e-08
8.000000000000e-04,1.953148846303e-06
8.000000000000e-04,1.724287780464e-06
4.000000000000e-04,1.222335140580e-06
4.000000000000e-04,1.098305606313e-08
1.200000000000e-03,1.310002370387e-06
4.000000000000e-04,8.736860825480e-08
8.000000000000e-04,7.283389225258e-07
4.000000000000e-04,2.580025107084e-07
4.000000000000e-04,1.168877855083e-07
3.200000000000e-03,7.723506225421e-06
8.000000000000e-03,3.512171491397e-05
4.000000000000e-04,1.208306133499e-07
4.000000000000e-04,1.041066417828e-07
4.000000000000e-04,6.898833462405e-08
2.000000000000e-03,2.089998098233e-06
4.000000000000e-04,4.310314044062e-07
4.000000000000e-04,1.152016436512e-07
4.000000000000e-04,3.839267669096e-07
4.000000000000e-04,3.745461903714e-08
4.000000000000e-04,1.427833638483e-07
1.600000000000e-03,2.925668651053e-06
4.000000000000e-04,4.686585748237e-07
4.000000000000e-04,2.756473079638e-07
4.000000000000e-04,2.017161278164e-07
4.000000000000e-04,4.385319048770e-08
4.000000000000e-04,1.120397611532e-07
4.000000000000e-04,3.733601573008e-07
4.000000000000e-04,4.064443318124e-07
1.600000000000e-03,2.329784908115e-06
4.000000000000e-04,2.023999887721e-07
1.200000000000e-02,6.644653096543e-05
4.000000000000e-04,3.096918454850e-07
4.000000000000e-04,2.788132107017e-07
4.000000000000e-04,4.337599105892e-07
3.688000000000e-01,6.294787960714e-03
4.000000000000e-04,3.788298563386e-07
8.000000000000e-04,4.722047191457e-07
1.200000000000e-03,1.371589778399e-06
4.000000000000e-04,1.381981229980e-07
4.000000000000e-04,4.624053709878e-07
1.200000000000e-03,2.451777525876e-06
4.000000000000e-04,6.558965721963e-07
8.800000000000e-03,3.030920857396e-05
2.000000000000e-03,2.942023156664e-06
4.000000000000e-04,2.235166309537e-07
6.800000000000e-03,2.434145422699e-05
4.000000000000e-04,2.102496582522e-07
4.000000000000e-04,4.806562869701e-08
5.600000000000e-03,1.040490961848e-05
8.000000000000e-04,2.417481342172e-06
8.000000000000e-04,1.891634415568e-06
2.000000000000e-03,3.914621700511e-06
8.000000000000e-04,9.170973680617e-07
4.000000000000e-04,1.067526091215e-07
4.000000000000e-04,4.225952535803e-07
4.000000000000e-04,6.592312947139e-07
4.000000000000e-04,9.343679717313e-08
1.200000000000e-03,2.957705667200e-06
2.800000000000e-03,5.598011228983e-06
1.200000000000e-03,8.237382943723e-07
4.000000000000e-04,3.443337291291e-07
1.200000000000e-03,1.448246457254e-06
5.600000000000e-03,1.827634651646e-05
4.000000000000e-04,5.062250176125e-07
4.000000000000e-04,1.030975775925e-07
4.000000000000e-04,1.959036171070e-07
4.000000000000e-04,1.364118356213e-07
4.000000000000e-04,6.179044064938e-07
8.000000000000e-04,1.496948027791e-06
4.000000000000e-04,7.116588982917e-07
4.000000000000e-04,8.823950161430e-07
4.000000000000e-04,3.699755634429e-07
4.000000000000e-04,2.161399231704e-09
7.960000000000e-02,5.905656525181e-04
4.000000000000e-04,8.749898698506e-07
4.000000000000e-04,1.825301510169e-08
4.000000000000e-04,1.144615925261e-07
1.800000000000e-02,5.328836352208e-05
2.800000000000e-03,5.398421842646e-06
6.800000000000e-03,1.455511125261e-05
4.000000000000e-04,3.589881730942e-07
4.000000000000e-04,4.469895900128e-07
8.000000000000e-04,8.893857943174e-07
3.200000000000e-03,5.531769110237e-06
4.000000000000e-04,1.974196812784e-07
4.000000000000e-04,3.006971680913e-07
4.000000000000e-04,2.901764046302e-07
8.000000000000e-04,1.049777223568e-06
4.000000000000e-04,2.315588915312e-07
4.000000000000e-04,1.892604007719e-07
4.000000000000e-04,1.325565898695e-07
1.200000000000e-03,1.659917796419e-06
4.000000000000e-04,3.907768231235e-07
4.000000000000e-04,3.420143072978e-07
7.200000000000e-03,2.256258059628e-05
4.000000000000e-04,4.011031964299e-07
4.000000000000e-04,9.244937790559e-08
4.000000000000e-04,9.042147257906e-08
4.000000000000e-04,9.860359472880e-09
4.000000000000e-04,5.655723459024e-07
4.000000000000e-04,2.549126668855e-07
1.200000000000e-03,1.792473857098e-06
1.200000000000e-03,3.177603701105e-06
8.000000000000e-04,6.284368697046e-07
8.000000000000e-04,4.544395493878e-07
4.000000000000e-04,8.323684965316e-07
4.000000000000e-04,4.084948493458e-07
8.000000000000e-04,1.556171640885e-06
4.000000000000e-04,2.779145649249e-08
8.000000000000e-04,9.574632187040e-07
8.000000000000e-04,1.114859455232e-06
4.000000000000e-04,6.246269247834e-07
4.000000000000e-04,1.834366981270e-08
1.200000000000e-03,1.577857293084e-06
4.000000000000e-04,3.041070646317e-07
4.000000000000e-04,1.726002847937e-07
4.000000000000e-04,9.437775302426e-07
2.000000000000e-03,4.112722627407e-06
1.600000000000e-03,2.306300662370e-07
4.000000000000e-04,3.243486938840e-07
1.200000000000e-03,2.551302738443e-06
4.000000000000e-04,1.449905640980e-07
2.800000000000e-03,3.179679761604e-06
4.000000000000e-04,8.318183760215e-07
4.000000000000e-04,2.923996685940e-08
4.000000000000e-04,4.042671053147e-07
2.000000000000e-03,2.108122656506e-06
4.000000000000e-04,7.533632273482e-09
4.000000000000e-04,1.072078588765e-07
8.000000000000e-04,1.096501973809e-06
4.000000000000e-04,2.324408632204e-07
8.000000000000e-04,1.920607930661e-07
4.000000000000e-04,4.155643952703e-07
8.000000000000e-04,3.319627681978e-07
4.000000000000e-04,8.072910851232e-07
4.000000000000e-04,8.211962612985e-08
4.000000000000e-04,5.421559525772e-07
8.000000000000e-04,2.281640646974e-06
2.400000000000e-03,2.853591195416e-06
4.000000000000e-04,3.504768823615e-07
4.000000000000e-04,2.908154939031e-07
4.000000000000e-04,7.481683772925e-07
2.000000000000e-03,5.101721700874e-06
4.000000000000e-04,4.968980518138e-07
4.000000000000e-04,2.999205747709e-07
7.200000000000e-03,2.148952608606e-05
4.000000000000e-04,3.024507482783e-08
4.000000000000e-04,1.494628089040e-07
8.000000000000e-04,1.093779993023e-06
8.000000000000e-04,1.312526987148e-06
4.000000000000e-04,1.288760471996e-07
4.000000000000e-04,2.152642748313e-07
4.000000000000e-04,1.978872229614e-07
1.200000000000e-03,3.434121610546e-07
4.000000000000e-04,2.856439032264e-07
4.000000000000e-04,3.860704281533e-07
4.000000000000e-04,7.797876250961e-08
4.000000000000e-04,6.415452624634e-07
4.000000000000e-04,2.150075181476e-08
4.000000000000e-04,3.675412371269e-07
2.400000000000e-03,5.109593874416e-06
4.000000000000e-04,6.668398477602e-07
1.400000000000e-02,2.762465406633e-05
4.000000000000e-04,5.667874733595e-07
3.600000000000e-03,9.203646262739e-06
3.200000000000e-03,6.094815782912e-06
4.000000000000e-04,2.479281190674e-08
4.000000000000e-04,9.329183539691e-07
8.000000000000e-04,3.194169701492e-07
1.200000000000e-03,3.125241004174e-07
4.000000000000e-04,1.763569522605e-08
5.200000000000e-03,1.147884443834e-05
4.000000000000e-04,3.564270046074e-07
4.000000000000e-04,3.000988500405e-07
4.000000000000e-04,3.670164767419e-08
4.000000000000e-04,3.021965722375e-08
4.000000000000e-04,1.738967237536e-07
4.000000000000e-04,1.769960566155e-07
2.800000000000e-03,9.458053777512e-06
4.000000000000e-04,2.527148728786e-07
4.000000000000e-04,5.306029094414e-08
8.000000000000e-04,6.565905864797e-07
8.000000000000e-04,4.018043295318e-07
2.000000000000e-03,1.824882219999e-06
4.000000000000e-04,2.407942881477e-08
8.000000000000e-04,2.389884560907e-06
6.400000000000e-03,2.485622015924e-05
4.000000000000e-04,9.224183933522e-08
8.000000000000e-04,6.609696808315e-07
4.000000000000e-04,2.837470251103e-07
2.000000000000e-03,1.689494839807e-06
8.000000000000e-04,7.221156896601e-07
1.200000000000e-03,1.624851438637e-06
4.000000000000e-04,2.437335887013e-07
4.000000000000e-04,1.658207312251e-07
3.600000000000e-03,1.111027951404e-05
4.000000000000e-04,1.776048041310e-07
8.000000000000e-04,1.311462721817e-06
8.000000000000e-04,1.872042937994e-07
1.320000000000e-02,5.079138564217e-05
1.200000000000e-03,1.692180453594e-06
8.000000000000e-04,7.289700384760e-07
1.200000000000e-03,6.459269771739e-07
9.200000000000e-03,6.406834721399e-05
4.000000000000e-04,1.101408995972e-07
2.000000000000e-03,3.595355676697e-06
4.000000000000e-04,4.842460599206e-07
1.200000000000e-03,1.246441614965e-06
4.000000000000e-04,6.146254615507e-08
4.000000000000e-04,6.292607605420e-07
8.000000000000e-04,9.611038860867e-07
1.200000000000e-03,3.723823798552e-06
4.000000000000e-04,2.701598391197e-07
8.000000000000e-04,3.428832288213e-07
4.000000000000e-04,2.320976192533e-07
4.000000000000e-04,6.427084192589e-07
4.000000000000e-04,4.350541573331e-08
4.000000000000e-03,7.688297875982e-06
5.600000000000e-03,1.660283760908e-05
4.000000000000e-04,1.826500511338e-07
4.000000000000e-04,1.863420854917e-08
2.800000000000e-03,3.058698674240e-06
4.000000000000e-04,5.709311979869e-07
2.400000000000e-03,1.596629400757e-06
4.000000000000e-04,7.591043893818e-07
4.000000000000e-04,1.088744607814e-07
4.000000000000e-04,7.655108464740e-08
4.000000000000e-04,4.124775325781e-08
8.000000000000e-04,2.160001601918e-07
4.000000000000e-04,4.940153537058e-07
4.000000000000e-04,1.160651889671e-08
1.200000000000e-03,4.599238922988e-07
8.000000000000e-04,8.932242741961e-07
4.000000000000e-04,2.345283752838e-08
4.000000000000e-04,1.491861089754e-07
1.200000000000e-03,1.234396410669e-06
4.000000000000e-04,2.606658078654e-08
4.000000000000e-04,1.796070865138e-07
4.000000000000e-04,9.014646171985e-08
4.000000000000e-04,9.186992365018e-09
4.000000000000e-04,2.919694902172e-07
3.200000000000e-03,3.960463243736e-06
1.200000000000e-03,1.290528202715e-06
4.000000000000e-04,1.292315264167e-07
4.000000000000e-04,6.837278241790e-08
7.200000000000e-03,2.200962776262e-05
8.000000000000e-04,3.421984090379e-07
4.000000000000e-04,7.249773528888e-07
4.000000000000e-04,4.002267930622e-07
8.000000000000e-04,1.598977950111e-06
4.000000000000e-04,1.483673955455e-07
4.000000000000e-04,2.045719921378e-07
1.600000000000e-03,3.876584913261e-06
4.400000000000e-03,1.344507812076e-05
4.000000000000e-04,1.570412842638e-07
2.000000000000e-03,4.600861495425e-06
2.400000000000e-03,6.904813179221e-06
4.000000000000e-04,2.197024381959e-07
8.000000000000e-04,2.216902060672e-06
4.000000000000e-04,6.357418271328e-07
4.000000000000e-04,1.377515792504e-07
4.000000000000e-04,4.545278351566e-07
8.000000000000e-04,9.920802254165e-07
4.000000000000e-04,7.502682523120e-07
3.200000000000e-03,9.618479037383e-06
4.000000000000e-04,1.786033678630e-07
8.000000000000e-04,2.751329770029e-06
2.800000000000e-03,4.835492356731e-06
4.000000000000e-04,4.842335774351e-07
2.000000000000e-03,2.890690847382e-06
8.000000000000e-04,6.884086666789e-07
8.000000000000e-04,1.055186784785e-06
4.000000000000e-04,8.366423626578e-08
4.000000000000e-04,5.759283160908e-07
4.000000000000e-04,1.157880307287e-06
1.200000000000e-03,2.074011280402e-06
4.000000000000e-04,2.398019890784e-07
4.000000000000e-04,1.155307146875e-07
4.000000000000e-04,8.376592428323e-08
4.000000000000e-04,1.179816860055e-07
4.000000000000e-04,8.894314745692e-07
4.000000000000e-04,1.436417845222e-06
1.200000000000e-03,2.449302026021e-06
1.600000000000e-03,1.416564004488e-06
4.000000000000e-04,7.021619367252e-07
4.000000000000e-03,9.065280610197e-06
4.000000000000e-04,2.507443209117e-08
4.000000000000e-04,2.704188359091e-07
4.000000000000e-04,7.673389501435e-07
8.000000000000e-04,8.068057016440e-07
8.000000000000e-04,1.090700418009e-06
4.000000000000e-04,5.329661464510e-07
4.000000000000e-04,4.689851303038e-07
4.000000000000e-04,2.119356415261e-07
2.400000000000e-03,6.843146766438e-06
4.000000000000e-04,1.116723663317e-07
8.000000000000e-04,7.215643977239e-08
2.800000000000e-03,5.498424190894e-06
4.000000000000e-04,4.177420744637e-07
4.000000000000e-04,2.210038388787e-08
8.000000000000e-04,5.716202554057e-07
4.000000000000e-04,6.901758092355e-07
1.200000000000e-03,5.611380312698e-07
8.000000000000e-04,2.195782382941e-07
1.200000000000e-03,6.163426615742e-07
8.000000000000e-04,1.098730086865e-06
1.200000000000e-03,2.896088318393e-06
4.000000000000e-04,5.561688266624e-07
4.000000000000e-04,1.842519608570e-07
4.000000000000e-04,5.712605490995e-07
8.000000000000e-04,5.768398584889e-07
1.600000000000e-03,4.660156659053e-06
4.000000000000e-04,6.081433312869e-07
8.000000000000e-04,1.977054802746e-06
4.000000000000e-04,3.075846977500e-07
4.000000000000e-04,1.289905441932e-07
8.000000000000e-04,1.195579142502e-06
8.000000000000e-04,2.105285372050e-06
4.000000000000e-04,3.121793580028e-07
8.000000000000e-04,1.091648728159e-06
1.600000000000e-03,2.106612396418e-06
4.000000000000e-04,4.854416636414e-07
4.000000000000e-04,1.136758990549e-07
4.000000000000e-04,3.665353928180e-07
1.200000000000e-03,2.033476815424e-06
1.096000000000e-01,9.812514517254e-04
4.000000000000e-04,8.127494721847e-07
2.400000000000e-03,5.991610568805e-06
4.000000000000e-04,6.722710439761e-07
4.000000000000e-04,4.415637101075e-07
1.200000000000e-03,2.049037075037e-06
4.000000000000e-04,7.197401926950e-07
8.000000000000e-04,3.928081924500e-07
4.000000000000e-04,2.746257705435e-08
4.000000000000e-04,8.329640434596e-07
4.000000000000e-04,2.038367320867e-09
4.000000000000e-04,3.737809581942e-07
4.000000000000e-04,3.736114663055e-08
4.000000000000e-04,7.112048599710e-08
2.000000000000e-03,5.488366006283e-06
4.000000000000e-04,8.189093497772e-08
4.000000000000e-04,2.207340209470e-08
8.000000000000e-04,7.843312862323e-07
4.000000000000e-04,9.125931329681e-07
2.400000000000e-03,2.024323396122e-06
4.000000000000e-04,1.957925300711e-08
1.600000000000e-03,3.689877689010e-06
4.000000000000e-04,7.934920309645e-07
4.000000000000e-04,7.144180924740e-07
4.000000000000e-04,8.431684851973e-08
1.600000000000e-03,3.397334389365e-06
8.000000000000e-04,1.269147251587e-06
8.000000000000e-04,1.115459632867e-06
4.000000000000e-04,8.402486535807e-08
3.240000000000e-02,1.832618094376e-04
1.600000000000e-03,3.044070134185e-06
4.000000000000e-04,5.087250667941e-08
4.000000000000e-04,6.249552425147e-07
4.000000000000e-04,1.184694168051e-07
4.400000000000e-03,9.500065748931e-06
4.000000000000e-04,7.288025623433e-07
1.200000000000e-03,2.178006393031e-06
8.000000000000e-04,8.472817269691e-07
3.200000000000e-03,8.457810950648e-06
8.000000000000e-04,2.939232884175e-07
1.080000000000e-02,2.558590618283e-05
4.000000000000e-04,2.178418235812e-07
4.000000000000e-04,1.026546650178e-07
4.000000000000e-04,2.271557003441e-07
8.000000000000e-04,4.816955983941e-07
2.800000000000e-03,5.052675843319e-06
2.800000000000e-03,4.648439755517e-06
4.000000000000e-04,1.738278510671e-07
2.000000000000e-03,4.108416576107e-06
1.200000000000e-03,1.583305142204e-06
4.000000000000e-04,7.675670992552e-07
4.000000000000e-04,7.840092465288e-07
4.000000000000e-04,3.316744048119e-08
4.000000000000e-04,8.193563007769e-08
4.000000000000e-04,1.368497554969e-07
2.000000000000e-03,4.443437922852e-06
4.000000000000e-04,2.281337192999e-07
4.000000000000e-04,3.657150950894e-07
4.000000000000e-04,2.092115720663e-07
4.000000000000e-04,7.242607642295e-07
4.000000000000e-04,1.886463710485e-07
4.000000000000e-04,4.924163857505e-07
1.720000000000e-02,7.222609829680e-05
8.000000000000e-04,1.167881158852e-06
4.000000000000e-04,1.128262949544e-06
1.600000000000e-03,1.301956395508e-06
4.000000000000e-04,3.118560266368e-07
4.000000000000e-04,1.150414099623e-07
4.000000000000e-04,8.812574345036e-08
4.000000000000e-04,1.078068884786e-08
4.000000000000e-04,8.208467067705e-08
1.600000000000e-03,1.453927264146e-06
4.000000000000e-04,4.773335701596e-07
4.000000000000e-04,1.025123689571e-07
4.000000000000e-04,7.471884792783e-07
4.000000000000e-04,3.188932019081e-07
4.000000000000e-04,1.910287427336e-07
4.000000000000e-04,1.093301559883e-07
4.000000000000e-04,4.880454171557e-07
4.000000000000e-04,3.960928459361e-07
8.000000000000e-04,2.694943247543e-07
4.000000000000e-04,2.323281130898e-08
4.000000000000e-04,2.747300535556e-07
4.000000000000e-04,3.250135493431e-07
4.000000000000e-04,5.677053672684e-07
4.000000000000e-04,4.175343177140e-08
4.000000000000e-04,2.048529148980e-08
8.000000000000e-04,9.699326543975e-07
4.000000000000e-04,7.557267505491e-08
4.000000000000e-03,1.079371452423e-05
3.600000000000e-03,3.359517229360e-06
4.000000000000e-04,1.358331898910e-07
4.000000000000e-04,3.487194853225e-07
4.000000000000e-04,6.076052368046e-07
4.000000000000e-04,2.863655807998e-07
8.000000000000e-04,2.149704272912e-06
8.000000000000e-04,3.173982750773e-07
1.600000000000e-03,3.167938283491e-06
4.000000000000e-04,2.402408266332e-07
3.600000000000e-03,9.330219428955e-06
4.000000000000e-04,9.323829007389e-07
4.000000000000e-04,9.129727099344e-08
8.000000000000e-04,1.614697641978e-06
3.200000000000e-03,5.897704691181e-06
4.000000000000e-04,6.308347276164e-07
8.000000000000e-04,8.808626060465e-07
4.000000000000e-04,3.251700195233e-07
4.000000000000e-04,3.431517166913e-07
4.000000000000e-04,2.198836571146e-08
8.000000000000e-04,6.438322030731e-07
4.000000000000e-04,2.602551580705e-07
4.000000000000e-04,5.990806732326e-07
4.000000000000e-04,8.488901724296e-07
2.000000000000e-03,2.753921160215e-06
4.000000000000e-04,9.279363408097e-07
2.400000000000e-03,1.241889848957e-06
1.600000000000e-03,1.219789779816e-06
4.000000000000e-04,6.490650270964e-07
1.240000000000e-02,4.046228205830e-05
4.000000000000e-04,5.547881303307e-08
2.800000000000e-03,4.100091727053e-06
2.400000000000e-03,4.447885504638e-06
8.000000000000e-04,9.333374621429e-07
4.000000000000e-04,1.751534084442e-07
4.000000000000e-04,4.669599047011e-07
1.600000000000e-03,1.970690688215e-06
4.000000000000e-04,1.110415224373e-07
3.640000000000e-02,3.126438376179e-04
4.000000000000e-04,6.863143119406e-07
4.000000000000e-04,9.684074435948e-07
4.000000000000e-04,1.265819301307e-07
2.800000000000e-03,8.663064708195e-06
4.000000000000e-04,1.889956727511e-07
8.000000000000e-04,2.855872154529e-07
4.000000000000e-04,7.665654979045e-08
4.000000000000e-04,1.268126163240e-07
4.000000000000e-04,5.505784502259e-07
4.000000000000e-04,4.297173907641e-07
8.000000000000e-04,1.067845600256e-06
1.200000000000e-03,1.289503509384e-06
4.000000000000e-04,3.609052333477e-07
1.200000000000e-03,2.167461339866e-06
4.000000000000e-04,3.527290650455e-07
3.600000000000e-03,5.344979609630e-06
4.000000000000e-04,6.046116194120e-07
6.800000000000e-03,1.911817445116e-05
8.000000000000e-04,1.032946856592e-06
2.400000000000e-03,4.576189213476e-06
4.000000000000e-04,2.899216516754e-07
4.000000000000e-04,6.164659264957e-07
1.200000000000e-03,1.135660729989e-06
4.000000000000e-04,8.480186007829e-08
4.000000000000e-04,8.741888576758e-08
4.000000000000e-04,2.373621102362e-07
8.000000000000e-04,1.612058527425e-06
4.000000000000e-04,2.710976676714e-08
1.200000000000e-03,7.129317434371e-07
4.000000000000e-04,6.308531303265e-08
4.000000000000e-04,5.217410926386e-07
3.200000000000e-03,1.040782713914e-05
4.000000000000e-04,5.139152048515e-07
4.000000000000e-04,3.572862281280e-07
1.200000000000e-03,1.421857685089e-06
2.400000000000e-03,3.117928551024e-06
4.000000000000e-04,9.246989162373e-07
4.000000000000e-04,3.020033312328e-07
4.000000000000e-04,5.702631869211e-08
4.000000000000e-04,9.864886938509e-08
1.200000000000e-03,3.077241886769e-06
3.200000000000e-03,4.176516198369e-06
8.000000000000e-04,1.041870232580e-06
4.000000000000e-04,3.098903740252e-07
4.000000000000e-04,1.893468868121e-07
4.000000000000e-04,3.026297806573e-07
4.000000000000e-04,1.750859430854e-07
4.000000000000e-04,2.845231562594e-07
4.000000000000e-04,4.840127805787e-08
4.000000000000e-04,4.758147794024e-07
5.600000000000e-03,1.242586405416e-05
5.120000000000e-02,5.133696941292e-04
4.000000000000e-04,6.851176262921e-07
4.000000000000e-04,6.200264772798e-07
8.000000000000e-04,1.188347046775e-06
9.200000000000e-03,2.455699090106e-05
4.000000000000e-04,2.290114065286e-07
4.000000000000e-04,1.738332557201e-07
1.200000000000e-03,5.029822706351e-07
4.000000000000e-04,9.177142918027e-08
8.000000000000e-04,1.806705866203e-06
4.000000000000e-04,1.108151871734e-08
8.000000000000e-03,2.442029456532e-05
4.000000000000e-04,9.719630272371e-08
4.000000000000e-04,5.067614615367e-07
2.000000000000e-03,5.516542361039e-06
4.000000000000e-04,1.917041658229e-07
5.200000000000e-03,9.469623139065e-06
4.000000000000e-04,3.160402202711e-07
4.000000000000e-04,5.722574724416e-07
4.000000000000e-04,9.582779956165e-08
4.000000000000e-04,1.984505708166e-07
4.000000000000e-04,3.351053455388e-07
4.000000000000e-04,1.598697921538e-06
4.000000000000e-04,1.504416568299e-08
4.000000000000e-04,2.925272029670e-07
1.200000000000e-03,1.129146785851e-06
8.000000000000e-04,5.958277697693e-07
8.000000000000e-04,8.449518879721e-07
4.000000000000e-04,1.209971996739e-07
4.000000000000e-04,5.467316247289e-07
4.000000000000e-04,2.264609171370e-07
4.000000000000e-04,2.330869984851e-07
4.000000000000e-04,7.630873536872e-07
4.000000000000e-04,8.114093723440e-07
4.000000000000e-04,4.470562927280e-07
4.000000000000e-04,3.259585096374e-07
4.000000000000e-04,1.414939037768e-07
6.800000000000e-03,3.651087052268e-05
4.000000000000e-04,1.365978351203e-07
2.400000000000e-03,3.768641338964e-06
4.000000000000e-04,7.279173092592e-07
2.800000000000e-03,6.796542518922e-06
1.720000000000e-02,8.620668885293e-05
1.600000000000e-03,4.080604974111e-06
4.000000000000e-04,8.265778113238e-07
4.000000000000e-04,1.795096905957e-07
4.000000000000e-04,1.665044796497e-07
4.000000000000e-04,1.915918082108e-07
4.000000000000e-04,8.114371993251e-07
1.600000000000e-03,2.289639513080e-06
4.000000000000e-04,5.196219742829e-07
4.000000000000e-04,8.836923821302e-07
4.000000000000e-04,3.956029431333e-07
4.000000000000e-04,7.327454619484e-07
4.000000000000e-04,6.020828757283e-07
1.600000000000e-03,1.956168175739e-06
4.000000000000e-04,4.175500780267e-07
4.000000000000e-04,1.234565248954e-07
4.000000000000e-04,5.390039165491e-07
4.000000000000e-04,5.440601193063e-07
4.000000000000e-04,7.907214165721e-07
1.200000000000e-03,6.251606132471e-07
4.000000000000e-04,3.202206814492e-08
8.000000000000e-04,5.361245536605e-07
4.000000000000e-04,4.520720408469e-07
4.000000000000e-04,6.617467857997e-07
8.000000000000e-04,3.355111434187e-07
2.000000000000e-03,3.422618608792e-06
1.600000000000e-03,1.314304868802e-06
4.000000000000e-04,4.668330381676e-08
8.000000000000e-04,6.809849835284e-07
4.000000000000e-04,1.666316726720e-07
4.000000000000e-04,8.066363434525e-08
1.600000000000e-03,3.232545250182e-06
4.000000000000e-04,9.168553926020e-09
2.600000000000e-02,1.695389339311e-04
1.200000000000e-03,9.408586438122e-07
4.000000000000e-04,4.457883770069e-07
4.000000000000e-04,1.204674353995e-06
4.000000000000e-04,2.748834445752e-08
4.000000000000e-04,4.243214500189e-07
8.000000000000e-04,4.472142926146e-07
4.000000000000e-04,4.359001928517e-07
4.000000000000e-04,7.792154988190e-07
4.800000000000e-03,1.235373978567e-05
4.000000000000e-04,1.260963830282e-06
4.000000000000e-04,4.462974948426e-07
8.000000000000e-04,7.538119673978e-07
4.000000000000e-04,8.119077525108e-08
1.600000000000e-03,3.228165471950e-06
8.000000000000e-04,4.831714728499e-07
1.200000000000e-03,9.478331083475e-07
8.000000000000e-04,1.127362771888e-07
8.000000000000e-04,4.483392439936e-07
8.000000000000e-04,1.527936067359e-06
8.000000000000e-04,4.314588449246e-07
4.000000000000e-04,5.532486289137e-07
4.000000000000e-04,3.091735752095e-07
4.000000000000e-04,1.506634147781e-07
4.000000000000e-04,7.054747369464e-07
8.000000000000e-04,8.184978421483e-07
4.000000000000e-04,5.331534854428e-08
4.000000000000e-04,7.708865959848e-08
4.000000000000e-04,8.403288730182e-08
4.000000000000e-04,7.823014058344e-08
8.000000000000e-04,7.455391088215e-07
4.000000000000e-04,2.230224661791e-07
1.200000000000e-03,2.238436355923e-06
4.000000000000e-04,9.635347485770e-08
4.000000000000e-04,3.759991556150e-07
4.000000000000e-04,1.984351548401e-07
1.200000000000e-03,1.348927112028e-07
8.000000000000e-04,1.313588683139e-06
4.000000000000e-04,5.809016770916e-07
4.000000000000e-04,3.624774098112e-07
1.720000000000e-02,4.518650028122e-05
8.000000000000e-04,1.790160348781e-06
4.000000000000e-04,1.923500058670e-07
4.000000000000e-04,2.253446577297e-07
4.000000000000e-04,1.563950798705e-07
8.000000000000e-04,1.350880461430e-06
4.000000000000e-04,3.379015207616e-09
1.200000000000e-03,8.834000970298e-07
8.000000000000e-04,1.459426303185e-06
4.000000000000e-04,6.510420100536e-07
4.000000000000e-04,1.180574694557e-08
4.000000000000e-04,1.566707456460e-07
4.000000000000e-04,1.233884968319e-07
4.000000000000e-04,6.231701460288e-07
4.000000000000e-04,4.011365966323e-07
4.000000000000e-04,2.363664921867e-07
4.000000000000e-04,3.855832124206e-07
1.600000000000e-03,1.891153556747e-06
2.000000000000e-03,1.205963732803e-06
8.000000000000e-04,9.562740897194e-07
4.000000000000e-03,6.207722316708e-06
4.000000000000e-04,2.725101153064e-07
4.000000000000e-04,1.740304174547e-10
4.000000000000e-04,1.788215409811e-07
4.000000000000e-04,2.651558220610e-07
8.000000000000e-04,5.968193221098e-07
4.000000000000e-04,3.402452049760e-07
4.000000000000e-04,2.815917591176e-07
4.000000000000e-04,4.241440049435e-07
4.000000000000e-04,1.572032838129e-07
8.000000000000e-04,9.693866773081e-07
4.000000000000e-04,1.172773801746e-07
1.200000000000e-03,2.810450328886e-06
4.000000000000e-03,4.793376667608e-06
4.000000000000e-04,2.106529912442e-08
8.000000000000e-04,1.341625237180e-06
4.000000000000e-04,7.920210740719e-08
4.000000000000e-04,1.532311523515e-07
4.000000000000e-04,2.023782053727e-07
8.000000000000e-04,9.736944988913e-07
2.000000000000e-03,1.242011877153e-06
4.000000000000e-04,9.378178025963e-08
4.000000000000e-04,6.076857851520e-07
4.000000000000e-04,5.055373643086e-08
8.000000000000e-04,1.277695556035e-06
4.000000000000e-04,2.686549107912e-07
4.000000000000e-04,5.195606369760e-07
4.000000000000e-04,2.202963631238e-07
4.000000000000e-04,1.736791644969e-07
8.000000000000e-04,1.164202128134e-06
4.000000000000e-04,8.951299031126e-08
4.000000000000e-04,9.179310819017e-07
4.000000000000e-04,3.816958474279e-07
4.000000000000e-04,7.627276276573e-07
8.000000000000e-04,1.197852321809e-06
4.000000000000e-04,5.486340016814e-07
4.000000000000e-04,4.351336095458e-07
8.000000000000e-04,1.175346163376e-06
4.000000000000e-04,8.106774026131e-07
4.000000000000e-04,2.261115514364e-07
1.200000000000e-03,2.276953576049e-06
4.000000000000e-04,1.575821962422e-07
1.200000000000e-03,2.254406834611e-06
4.000000000000e-04,2.657528340364e-07
8.000000000000e-04,1.442515311187e-06
4.000000000000e-04,1.649320415584e-07
4.000000000000e-04,8.653139697476e-08
8.000000000000e-04,9.515358705140e-07
1.600000000000e-03,1.236894898975e-06
4.000000000000e-04,3.844667184411e-07
4.000000000000e-04,6.426624154793e-07
4.000000000000e-04,6.357081717704e-07
4.000000000000e-04,9.115909055060e-08
4.000000000000e-04,1.127657739878e-06
4.000000000000e-04,3.574296038222e-08
6.240000000000e-02,5.571484531211e-04
4.000000000000e-04,3.264351683002e-07
4.000000000000e-04,2.897900500195e-07
8.000000000000e-04,5.720817327080e-07
8.000000000000e-04,1.168412061018e-06
2.800000000000e-03,6.213758761656e-06
4.000000000000e-04,1.626737672808e-07
4.000000000000e-04,4.519827513915e-07
4.000000000000e-04,1.720599728989e-07
4.000000000000e-04,1.809530836842e-07
2.000000000000e-03,3.915268896511e-06
1.840000000000e-02,1.057835265252e-04
1.600000000000e-03,1.859404743181e-06
8.000000000000e-04,7.147092838202e-07
2.000000000000e-03,2.441571442326e-06
8.000000000000e-04,1.047267185795e-06
4.000000000000e-04,1.016413306285e-07
4.000000000000e-04,1.180283243238e-06
4.000000000000e-04,1.294971304893e-07
2.000000000000e-03,4.313712316171e-06
8.000000000000e-04,6.235359671899e-07
2.000000000000e-03,3.251978577114e-06
4.000000000000e-04,4.543445454496e-07
2.800000000000e-03,4.126677990223e-06
8.000000000000e-04,1.643381255586e-06
8.000000000000e-04,4.298232120075e-07
4.000000000000e-04,6.687846831102e-08
4.000000000000e-04,1.681263059863e-07
4.000000000000e-04,8.876002611931e-08
8.000000000000e-04,7.307140366130e-07
4.000000000000e-04,1.019336842571e-08
1.200000000000e-03,2.755432431426e-06
4.000000000000e-04,1.163138032177e-08
4.000000000000e-04,4.640760697642e-07
4.000000000000e-04,5.610332129091e-08
4.000000000000e-04,5.995939504395e-08
1.200000000000e-03,1.754026920762e-06
4.000000000000e-04,1.040787421027e-07
1.600000000000e-03,2.561580171478e-06
2.000000000000e-03,3.859193228858e-06
1.200000000000e-03,1.065261292567e-06
4.000000000000e-04,1.200845338069e-06
4.000000000000e-04,2.396971010440e-07
4.000000000000e-04,6.326806604606e-08
4.000000000000e-04,4.269172377936e-07
4.000000000000e-04,2.552310189910e-07
4.000000000000e-04,7.410300437474e-08
4.000000000000e-04,1.428597346527e-08
4.000000000000e-04,2.441006853273e-08
4.000000000000e-04,4.938461944647e-07
8.000000000000e-04,1.604590671617e-06
8.000000000000e-04,1.211613683317e-06
1.120000000000e-02,5.678016745573e-05
4.000000000000e-04,3.074985732578e-07
4.000000000000e-04,1.641212816149e-07
4.000000000000e-04,6.826369068689e-08
4.000000000000e-04,2.025865819170e-07
7.160000000000e-02,4.948086978774e-04
4.000000000000e-04,8.513933600287e-07
4.000000000000e-04,1.818716108097e-07
4.400000000000e-03,1.061299749538e-05
4.000000000000e-04,3.950082202239e-07
4.000000000000e-04,2.777939720946e-08
4.000000000000e-04,1.206982694270e-07
4.000000000000e-04,4.921706509222e-07
4.000000000000e-04,2.460950211749e-07
4.000000000000e-04,9.218689866555e-08
8.000000000000e-04,5.081952204261e-07
8.000000000000e-04,6.653624680132e-07
4.000000000000e-04,1.884299231212e-08
1.600000000000e-03,1.273774784638e-06
4.000000000000e-04,1.162365148994e-07
4.000000000000e-04,2.180169593722e-07
8.000000000000e-04,8.128750152082e-07
4.000000000000e-04,3.871442875828e-07
4.000000000000e-04,1.526661035677e-07
2.000000000000e-03,6.966108844587e-06
2.400000000000e-03,4.256606111332e-06
8.800000000000e-03,3.583449906871e-05
4.000000000000e-04,4.159314390413e-07
8.000000000000e-04,5.602004446735e-07
5.600000000000e-03,2.137560164402e-05
8.000000000000e-04,1.084589359113e-06
4.000000000000e-04,1.359543498078e-07
8.000000000000e-04,5.376798729783e-07
4.000000000000e-04,5.442767658653e-07
4.000000000000e-04,4.197936006169e-07
4.000000000000e-04,4.246526814242e-07
4.000000000000e-04,1.086343382330e-07
1.600000000000e-03,1.700485329468e-06
4.000000000000e-04,1.095975650034e-06
2.000000000000e-03,2.328091027583e-06
3.600000000000e-03,6.599623783528e-06
4.000000000000e-04,1.600874282282e-07
4.000000000000e-04,3.053785068127e-07
4.000000000000e-04,8.544801179622e-08
1.200000000000e-03,7.356295169638e-07
8.000000000000e-04,2.052317749467e-06
4.000000000000e-04,1.799754087316e-07
4.000000000000e-04,1.633940479567e-07
4.000000000000e-04,1.120224242349e-07
4.000000000000e-04,8.423875363453e-07
4.000000000000e-04,1.853788425558e-07
4.000000000000e-04,4.503985200892e-07
8.000000000000e-04,1.747928060693e-07
4.000000000000e-04,1.142242240274e-07
8.000000000000e-04,8.400388938092e-07
4.000000000000e-04,6.864528297625e-07
6.400000000000e-03,1.168434164199e-05
4.000000000000e-04,2.518937990721e-07
4.000000000000e-04,7.727545156946e-07
4.000000000000e-04,9.027955424876e-07
4.000000000000e-04,1.718933580825e-07
1.200000000000e-03,1.143613731292e-06
4.000000000000e-04,4.465774232777e-07
4.000000000000e-04,3.072538258950e-07
4.000000000000e-04,3.444466558349e-07
4.000000000000e-04,8.742053031605e-08
4.000000000000e-04,1.004746524525e-07
4.000000000000e-04,1.392922994255e-07
4.000000000000e-04,1.950923635932e-08
4.000000000000e-04,3.030467791578e-07
4.000000000000e-04,4.849561474445e-07
8.000000000000e-04,9.513427026688e-07
8.000000000000e-04,1.845609996457e-06
4.000000000000e-04,4.297786684400e-08
4.000000000000e-04,6.269811664538e-07
4.000000000000e-03,8.000872942642e-06
4.000000000000e-04,3.687485325486e-07
4.000000000000e-04,1.023347152300e-07
8.000000000000e-04,5.381142340837e-07
3.200000000000e-03,4.010677590222e-06
1.600000000000e-03,1.631976841956e-06
4.000000000000e-04,3.123346483544e-07
4.000000000000e-04,2.332653677257e-07
4.000000000000e-04,2.663403565033e-07
8.000000000000e-04,3.695510741645e-07
4.000000000000e-04,4.012700582436e-07
1.600000000000e-03,1.497337421397e-06
8.000000000000e-04,1.658838741277e-06
4.000000000000e-04,8.119005096698e-08
4.000000000000e-04,6.604898069425e-07
2.800000000000e-03,2.900066160508e-06
7.200000000000e-03,2.100265103778e-05
4.000000000000e-04,5.015335377179e-07
4.000000000000e-04,8.098009337913e-07
2.400000000000e-03,4.925483954440e-06
4.000000000000e-04,9.653025003239e-07
4.000000000000e-04,5.910048384759e-07
1.600000000000e-03,2.001128771403e-06
4.000000000000e-04,5.342452700217e-08
4.000000000000e-04,8.685527840382e-08
8.680000000000e-02,9.759104479741e-04
4.000000000000e-04,3.738082425498e-07
4.000000000000e-04,2.866883304966e-07
4.000000000000e-04,1.583663092290e-07
4.000000000000e-04,9.339253582081e-08
4.000000000000e-04,1.425978009779e-07
2.400000000000e-03,5.763644018703e-06
4.000000000000e-04,6.897440167621e-07
4.000000000000e-04,1.550461553225e-07
4.000000000000e-04,6.518642303299e-09
2.800000000000e-03,9.002861556277e-06
8.000000000000e-04,7.844199516270e-07
4.000000000000e-04,7.850355925032e-08
4.000000000000e-04,2.662244385406e-07
4.000000000000e-04,3.670238156826e-07
4.000000000000e-04,3.342046719161e-08
4.000000000000e-04,2.057523406767e-07
4.000000000000e-04,3.277261267274e-08
4.000000000000e-04,1.614520396274e-07
1.360000000000e-02,5.789338854815e-05
4.000000000000e-04,7.322672049958e-07
4.000000000000e-04,6.378811556679e-07
6.400000000000e-03,1.798954437002e-05
4.000000000000e-04,6.686552681358e-07
6.400000000000e-03,1.985653514995e-05
4.000000000000e-04,8.354848795613e-08
4.000000000000e-04,2.738667216418e-07
1.600000000000e-03,1.875246957611e-06
4.000000000000e-04,3.128096342526e-08
4.000000000000e-04,9.282261997476e-07
2.080000000000e-02,1.345493578028e-04
8.000000000000e-04,3.222033555986e-07
4.000000000000e-04,2.383680162199e-07
4.000000000000e-04,6.198346096304e-07
1.200000000000e-03,1.181800182090e-06
4.000000000000e-04,3.889002223096e-07
2.000000000000e-03,2.522705268088e-06
1.200000000000e-03,6.500103658299e-07
4.000000000000e-04,4.508136830696e-07
8.000000000000e-04,7.239863668288e-07
8.000000000000e-04,1.846818530485e-06
4.000000000000e-04,3.927941267330e-07
1.080000000000e-02,5.108503873521e-05
4.000000000000e-04,5.279686916015e-08
2.400000000000e-03,7.067457864084e-06
8.000000000000e-04,1.578314583508e-06
4.000000000000e-04,1.827289407300e-07
4.000000000000e-04,8.953155503445e-07
4.000000000000e-04,1.822232350803e-07
4.000000000000e-04,5.115323130318e-07
8.000000000000e-04,2.116371618917e-07
4.000000000000e-04,4.995367298435e-07
4.000000000000e-04,8.021080302452e-08
1.200000000000e-03,1.458701023649e-06
1.200000000000e-03,3.387097394241e-06
4.000000000000e-04,4.400195411347e-09
4.000000000000e-04,1.190394650539e-08
8.000000000000e-04,6.138347443670e-07
4.000000000000e-04,7.090692425125e-07
4.000000000000e-04,2.184990734471e-08
4.000000000000e-04,7.505166824614e-07
8.000000000000e-04,7.312632658803e-07
8.000000000000e-04,1.270314149980e-06
4.000000000000e-04,4.364352815540e-08
4.000000000000e-04,2.117016253655e-09
4.000000000000e-04,8.019943912284e-07
4.000000000000e-04,2.650244636275e-08
4.000000000000e-04,7.199120199042e-08
1.200000000000e-03,1.187492172338e-06
4.000000000000e-04,3.271757874857e-07
4.000000000000e-04,5.802418243424e-07
4.000000000000e-04,3.179241807971e-07
4.000000000000e-04,1.154466494091e-08
4.000000000000e-04,2.248795364352e-07
4.000000000000e-04,1.241487170203e-07
4.000000000000e-04,7.299578836644e-07
4.000000000000e-04,4.254174192902e-07
4.000000000000e-04,2.995146893174e-08
4.000000000000e-04,7.144710688745e-07
4.000000000000e-04,1.764973522618e-07
4.000000000000e-04,3.607083563154e-07
4.000000000000e-04,3.069877886517e-08
1.240000000000e-02,4.870780919542e-05
8.000000000000e-04,1.242032776766e-06
4.000000000000e-04,2.344188564852e-07
2.000000000000e-03,2.090769327775e-06
4.000000000000e-04,7.633084904035e-09
8.000000000000e-04,3.689198486785e-07
5.200000000000e-03,1.220546972972e-05
4.000000000000e-04,4.620772916156e-07
8.000000000000e-04,9.357514586876e-07
4.000000000000e-04,3.245344392027e-08
4.000000000000e-04,2.694865623379e-07
1.200000000000e-03,7.067593798681e-07
4.000000000000e-04,3.360203654929e-07
4.000000000000e-04,3.580276067832e-08
4.000000000000e-04,6.674978455306e-07
4.000000000000e-04,3.704875492533e-07
2.000000000000e-03,2.492851480730e-06
8.000000000000e-04,2.749815771477e-06
4.000000000000e-04,5.583662019157e-07
4.000000000000e-04,2.765309886384e-07
4.000000000000e-04,2.734188958503e-07
1.200000000000e-03,2.204974299122e-06
4.000000000000e-04,6.913002172450e-07
4.000000000000e-04,3.118374106736e-08
4.000000000000e-04,8.421951496088e-07
8.000000000000e-04,5.576419397524e-07
4.000000000000e-04,6.073460575224e-08
4.000000000000e-04,1.948879659402e-07
4.000000000000e-04,5.646375320727e-08
4.000000000000e-04,2.769100143964e-07
8.000000000000e-04,8.074974322121e-07
4.000000000000e-04,3.918916211038e-07
8.000000000000e-04,1.375657252423e-06
4.000000000000e-04,1.466899264520e-07
4.000000000000e-04,8.238205491597e-08
4.000000000000e-04,1.365594678492e-07
4.000000000000e-04,6.626536380391e-07
4.000000000000e-04,3.597559362349e-08
4.000000000000e-04,2.930402684098e-08
4.000000000000e-04,4.230624948307e-07
4.000000000000e-04,2.193382740822e-07
2.800000000000e-03,5.312021284895e-06
4.000000000000e-04,8.810462225380e-07
4.000000000000e-04,3.766893994467e-07
4.000000000000e-04,8.518038569216e-07
1.600000000000e-03,1.604907917251e-06
8.000000000000e-04,1.021447750725e-06
4.000000000000e-04,1.682368942081e-07
1.600000000000e-03,3.496726809967e-06
3.200000000000e-03,4.791785376658e-06
1.520000000000e-02,9.272825120658e-05
4.000000000000e-04,2.070224879409e-07
4.000000000000e-04,8.017842159515e-07
1.200000000000e-03,2.263113489778e-06
2.400000000000e-03,4.603740810372e-06
4.000000000000e-04,3.237177236636e-07
4.000000000000e-04,5.862336443603e-07
4.000000000000e-04,2.159331384263e-07
4.000000000000e-04,6.246702561767e-08
8.000000000000e-04,9.417663203239e-07
4.000000000000e-04,4.458069906579e-07
1.600000000000e-03,2.851351676293e-06
4.000000000000e-04,9.418700996426e-08
4.000000000000e-04,2.920508982862e-07
4.000000000000e-04,1.867690854080e-07
4.000000000000e-04,2.819846539190e-07
4.000000000000e-04,2.840759437998e-07
4.000000000000e-04,2.760449939478e-07
4.000000000000e-04,2.355498410518e-07
4.000000000000e-04,1.350518415106e-07
4.000000000000e-04,2.761367650244e-08
8.000000000000e-04,4.832979808157e-07
4.000000000000e-04,3.417224140685e-08
2.800000000000e-03,9.258750945760e-06
4.000000000000e-04,4.930113256199e-08
8.000000000000e-04,1.922181156478e-07
4.000000000000e-04,2.113430585861e-07
1.200000000000e-03,1.075571058052e-06
1.600000000000e-03,4.102014268505e-07
4.000000000000e-04,1.252013025738e-07
8.000000000000e-04,1.187052248215e-06
2.000000000000e-03,2.233041077249e-06
4.000000000000e-04,2.406809256418e-07
4.000000000000e-04,1.910790466180e-07
4.000000000000e-04,1.526061998477e-07
4.000000000000e-04,5.518690242117e-07
4.000000000000e-04,1.698373412771e-07
4.000000000000e-04,8.778949792667e-08
4.000000000000e-04,1.107501432561e-07
4.000000000000e-04,2.407119144721e-07
8.000000000000e-04,1.143691576981e-06
4.000000000000e-04,5.968393345843e-08
4.000000000000e-04,7.282277559589e-07
1.200000000000e-03,1.976190950812e-06
4.000000000000e-04,1.462621485101e-07
4.000000000000e-04,9.623880943016e-07
4.000000000000e-04,6.295180302174e-07
4.000000000000e-03,1.107131198950e-05
1.600000000000e-03,3.393720148427e-06
4.000000000000e-04,9.726748620584e-08
4.000000000000e-04,4.882386058482e-07
4.000000000000e-04,2.767624653222e-07
2.000000000000e-03,4.024393664452e-06
8.000000000000e-04,7.512389659493e-07
4.000000000000e-04,2.928183119625e-07
4.000000000000e-04,1.553027324721e-07
8.000000000000e-04,1.702430868740e-06
4.000000000000e-04,7.119622490134e-07
1.200000000000e-03,1.089632242235e-06
4.000000000000e-04,6.277013788651e-08
4.000000000000e-04,5.527119019739e-07
4.000000000000e-04,1.206057985241e-07
4.000000000000e-04,3.779072305504e-07
4.000000000000e-04,2.436952933474e-07
4.000000000000e-04,4.502618651429e-07
4.000000000000e-04,5.663113252372e-08
4.000000000000e-04,1.690938896603e-07
2.000000000000e-03,4.263605517416e-06
8.000000000000e-04,7.000004230781e-07
2.800000000000e-03,3.613534486068e-06
4.000000000000e-04,1.329622678401e-07
1.800000000000e-02,7.833204803056e-05
3.600000000000e-03,4.811074643040e-06
4.000000000000e-04,5.956092207726e-07
1.200000000000e-03,1.514618728973e-06
4.000000000000e-04,6.363912971759e-07
4.000000000000e-04,6.111462408056e-08
4.000000000000e-03,7.075618771807e-06
4.000000000000e-04,6.821129577972e-08
4.000000000000e-04,4.189492166082e-07
1.600000000000e-03,3.324862603625e-06
4.000000000000e-04,5.825799500832e-07
4.000000000000e-04,3.578863265463e-07
4.000000000000e-04,2.945208340773e-07
4.000000000000e-04,6.869275043908e-08
4.000000000000e-04,2.036121603990e-07
8.000000000000e-04,1.147848471720e-06
1.800000000000e-02,7.492437265070e-05
8.000000000000e-04,8.963434358095e-07
8.000000000000e-04,3.536981355978e-07
4.000000000000e-04,6.516329217125e-07
4.800000000000e-03,1.101757998627e-05
8.000000000000e-04,1.881480155420e-06
4.000000000000e-04,8.587265688149e-07
8.000000000000e-04,2.228232811861e-06
4.000000000000e-04,9.194225423665e-08
8.000000000000e-04,1.303924911742e-06
4.000000000000e-04,6.177452257104e-07
8.000000000000e-04,4.835795478233e-07
2.000000000000e-03,6.464746820052e-06
4.000000000000e-04,4.261636008385e-08
4.000000000000e-04,9.320686921855e-08
4.000000000000e-04,2.576053298660e-07
4.800000000000e-03,1.474688437117e-05
4.000000000000e-04,4.993185001184e-07
4.000000000000e-04,3.236080199739e-07
4.000000000000e-04,3.588843109697e-07
4.000000000000e-04,4.531402407302e-08
4.000000000000e-04,2.357429075956e-08
4.000000000000e-04,9.292490633237e-08
4.000000000000e-04,3.392366649120e-07
8.000000000000e-04,6.809062937117e-07
4.000000000000e-04,1.788448205280e-07
1.600000000000e-03,2.067208339069e-06
5.200000000000e-03,1.037498457964e-05
1.200000000000e-03,1.062982481983e-06
8.000000000000e-04,2.723265518117e-07
1.200000000000e-03,1.983586988041e-06
4.000000000000e-04,2.288335711744e-08
4.000000000000e-04,4.165904700344e-08
2.800000000000e-03,4.954787591965e-06
4.000000000000e-04,2.918706076819e-07
4.000000000000e-04,1.278044311094e-07
2.400000000000e-03,3.420040650274e-06
4.000000000000e-04,4.699338657492e-07
4.000000000000e-04,5.395756254178e-07
4.000000000000e-04,1.082401087196e-06
4.000000000000e-04,3.438601137546e-07
4.000000000000e-04,6.260975633290e-08
8.000000000000e-04,1.770770446679e-06
4.400000000000e-03,1.147915812333e-05
4.000000000000e-04,8.961540773016e-08
4.000000000000e-04,2.990809684849e-07
2.720000000000e-02,1.052856603725e-04
4.000000000000e-04,1.510435334209e-07
1.200000000000e-03,2.229487817495e-06
4.000000000000e-04,7.396932786556e-08
4.000000000000e-04,1.313392414258e-06
1.200000000000e-03,1.892023089760e-06
4.000000000000e-04,9.208996614637e-07
4.000000000000e-04,3.676918913644e-07
8.000000000000e-04,1.883071962373e-06
3.600000000000e-03,4.742237130533e-06
4.000000000000e-04,2.259731154264e-07
8.000000000000e-04,2.841371000459e-07
4.000000000000e-04,1.150083183224e-07
1.200000000000e-03,1.326494383080e-06
4.000000000000e-04,9.428564724607e-08
8.000000000000e-04,8.085550167777e-07
8.000000000000e-04,1.460026184298e-06
4.000000000000e-04,2.703395549365e-07
8.000000000000e-04,2.685427899936e-06
3.200000000000e-03,5.472013236446e-06
4.000000000000e-04,8.879306701188e-08
8.000000000000e-04,1.565546162960e-06
4.000000000000e-04,1.295328654307e-07
1.200000000000e-03,1.536454165436e-06
4.000000000000e-04,3.524132116140e-07
1.840000000000e-02,1.537004240752e-04
8.000000000000e-04,3.324708307038e-07
1.200000000000e-02,4.428237493214e-05
4.000000000000e-04,1.143814024352e-07
1.200000000000e-03,1.000872339242e-06
1.200000000000e-03,1.783914038803e-06
4.000000000000e-04,5.427438999191e-07
4.000000000000e-04,3.213981936812e-08
1.200000000000e-03,2.129727501325e-06
8.000000000000e-04,7.873727174657e-07
2.400000000000e-02,1.522677999338e-04
4.000000000000e-04,1.154053508274e-07
4.000000000000e-04,3.787211417414e-08
4.000000000000e-04,1.300302927824e-07
1.200000000000e-03,5.306130871314e-07
4.000000000000e-04,8.936670190138e-08
4.000000000000e-04,4.709230551316e-07
4.000000000000e-04,6.130908250221e-07
2.000000000000e-03,1.625214887371e-06
1.200000000000e-03,7.747517928290e-07
4.000000000000e-04,2.561702180783e-07
4.000000000000e-04,1.154383466829e-06
4.000000000000e-04,1.097932115388e-08
4.000000000000e-04,7.004796418291e-07
2.160000000000e-02,1.362842852607e-04
4.000000000000e-04,1.275249898818e-07
4.000000000000e-04,2.129282575384e-07
8.000000000000e-04,7.539471375843e-07
8.000000000000e-04,9.709430479665e-07
4.000000000000e-04,2.913923039248e-07
8.000000000000e-04,1.449299381506e-06
4.000000000000e-04,3.337457478572e-07
1.200000000000e-03,9.690165227467e-07
4.000000000000e-04,3.820528791302e-07
4.000000000000e-04,2.866273227109e-07
4.000000000000e-04,1.073801212112e-06
4.000000000000e-04,3.656414501532e-08
5.600000000000e-03,1.719497626758e-05
4.000000000000e-04,1.538440794115e-07
3.600000000000e-03,9.087162608771e-06
4.000000000000e-04,2.890480694910e-08
8.000000000000e-04,9.937729290712e-07
4.000000000000e-04,8.482876979510e-07
4.000000000000e-04,1.837351057797e-07
6.800000000000e-03,2.282069415261e-05
4.000000000000e-04,1.323940964373e-07
8.000000000000e-04,1.507828239387e-06
4.000000000000e-04,8.613922378631e-07
6.000000000000e-03,1.800344488211e-05
3.200000000000e-03,7.902009839405e-06
1.600000000000e-03,1.759469176985e-06
2.000000000000e-03,5.525836332483e-06
4.000000000000e-04,3.269041844810e-07
2.400000000000e-03,6.400887887780e-06
4.000000000000e-04,2.679760288063e-07
1.600000000000e-03,3.342967017960e-06
4.000000000000e-04,9.412188007154e-08
4.000000000000e-04,2.931382224479e-07
1.200000000000e-03,1.831152824412e-06
3.600000000000e-03,1.262685486340e-05
4.000000000000e-04,7.257906758754e-07
8.000000000000e-04,1.748448184110e-06
1.600000000000e-03,6.154397311778e-06
1.200000000000e-03,3.777501945922e-06
8.000000000000e-04,4.625231672176e-07
4.000000000000e-04,6.830247990952e-07
4.000000000000e-04,1.013114028350e-06
4.000000000000e-04,1.973091123456e-07
4.000000000000e-04,3.478380065096e-08
4.000000000000e-04,4.332165818678e-07
1.600000000000e-03,6.843712499234e-06
8.000000000000e-04,2.857143587355e-07
4.000000000000e-04,9.113115478865e-07
4.000000000000e-04,9.441318690578e-07
8.000000000000e-04,9.912561194634e-07
8.000000000000e-04,2.794999868953e-06
4.000000000000e-04,3.852209609589e-07
4.000000000000e-04,8.002541920966e-07
4.000000000000e-04,4.346039862868e-07
4.000000000000e-04,2.168342794758e-07
4.000000000000e-04,2.544697810554e-07
1.200000000000e-03,1.533671919077e-06
8.240000000000e-02,1.465833484683e-03
5.160000000000e-02,5.071236590469e-04
8.000000000000e-04,6.005644350007e-07
5.312000000000e-01,2.624362402238e-02
7.600000000000e-03,2.630630943475e-05
1.040000000000e-02,5.608174095424e-05
4.800000000000e-03,1.110349317782e-05
6.928000000000e-01,1.201239870234e-02
4.000000000000e-04,5.184822666608e-07
2.000000000000e-03,1.310583941302e-06
5.600000000000e-03,7.649052720636e-06
4.000000000000e-04,1.372284462666e-07
4.000000000000e-04,1.727662296222e-07
4.000000000000e-04,8.816886348607e-08
4.000000000000e-04,1.337076855616e-07
4.000000000000e-04,8.046415606769e-07
4.000000000000e-04,2.942375357675e-07
1.200000000000e-03,1.925093316189e-06
4.000000000000e-04,1.946224738417e-07
4.000000000000e-04,1.575311585675e-07
1.200000000000e-03,1.565892092653e-06
4.000000000000e-04,1.231668128484e-07
4.000000000000e-04,1.558239630873e-07
1.600000000000e-03,1.449768035013e-06
4.000000000000e-04,3.436538455235e-07
4.000000000000e-04,3.270042132833e-07
4.000000000000e-04,3.706528557226e-07
4.000000000000e-04,4.850914059738e-07
8.000000000000e-03,3.515978781582e-05
8.000000000000e-04,8.069186278263e-07
4.000000000000e-04,1.318989128334e-07
4.000000000000e-04,5.308394015377e-07
2.400000000000e-03,4.761366373295e-06
4.000000000000e-04,9.607800228034e-09
4.000000000000e-04,2.789589076272e-07
8.000000000000e-04,6.244002435659e-07
4.000000000000e-04,1.384088823971e-06
8.000000000000e-04,4.914232401906e-07
4.000000000000e-04,1.844067857142e-07
4.000000000000e-04,1.272702251309e-07
4.000000000000e-04,2.736536929572e-07
8.000000000000e-04,1.527951846799e-07
4.000000000000e-04,1.707079668953e-07
4.000000000000e-04,2.241217637727e-07
1.600000000000e-03,7.945503050120e-07
8.000000000000e-04,8.182908095399e-07
1.200000000000e-03,1.194006877030e-06
4.000000000000e-04,1.149357898686e-07
4.000000000000e-04,2.031223428624e-07
4.000000000000e-04,5.102027920588e-07
4.000000000000e-04,5.271408742357e-07
8.400000000000e-03,3.345771544632e-05
4.000000000000e-04,1.178409656789e-07
4.000000000000e-04,1.203194562696e-07
4.000000000000e-04,5.286115971456e-07
8.000000000000e-04,1.084537737212e-06
4.000000000000e-04,9.746824448418e-08
4.000000000000e-04,2.133935724855e-07
4.000000000000e-04,6.785544975084e-08
4.000000000000e-04,1.095999867035e-07
4.000000000000e-04,7.847766470430e-07
4.000000000000e-04,9.765213114552e-07
4.000000000000e-04,3.216614337524e-07
4.000000000000e-04,1.306476919515e-07
4.000000000000e-04,1.162841514972e-06
4.000000000000e-04,2.129728081134e-07
8.000000000000e-04,1.227445271086e-06
4.000000000000e-04,1.544910548267e-07
8.000000000000e-04,1.574864097789e-06
4.000000000000e-04,1.429705975311e-07
8.000000000000e-04,8.226816940636e-07
3.560000000000e-02,1.575173732310e-04
4.000000000000e-04,2.413206333637e-08
8.000000000000e-04,3.350783909868e-07
4.000000000000e-04,8.032044568379e-07
4.000000000000e-04,4.367795225994e-08
1.600000000000e-03,5.338309174562e-06
4.000000000000e-04,1.058110232399e-08
3.600000000000e-03,1.308594090043e-05
4.000000000000e-04,4.811206247429e-07
4.000000000000e-04,4.813943794926e-07
1.200000000000e-03,1.295015373355e-06
4.000000000000e-04,4.060297423633e-07
6.000000000000e-03,1.437576075642e-05
4.000000000000e-04,3.081936480997e-07
8.000000000000e-04,3.898393887856e-07
4.000000000000e-04,2.476421044556e-08
4.000000000000e-04,2.175031855818e-07
8.000000000000e-04,2.065404344022e-07
8.000000000000e-04,4.300763059218e-07
4.000000000000e-04,4.736324968982e-08
4.000000000000e-04,7.303544015216e-07
8.000000000000e-04,1.133575753609e-07
4.000000000000e-04,7.110592477720e-08
8.000000000000e-04,2.163892892738e-07
4.000000000000e-04,4.518972310227e-07
4.400000000000e-03,1.670610920754e-05
4.000000000000e-04,3.299800932192e-08
4.000000000000e-04,1.045239304295e-06
4.000000000000e-04,2.033224880822e-07
4.000000000000e-04,1.743572305206e-07
4.000000000000e-04,1.072480252285e-07
4.000000000000e-04,3.970363249714e-07
4.000000000000e-04,1.544309123132e-06
4.000000000000e-04,4.516564468359e-07
4.000000000000e-04,3.604975443852e-07
4.000000000000e-04,4.933230361745e-07
4.000000000000e-04,1.077301215550e-07
2.000000000000e-03,1.149610582967e-06
4.000000000000e-04,1.015264874144e-06
4.000000000000e-04,6.435496363628e-07
4.000000000000e-03,6.768127647192e-06
4.000000000000e-04,1.740832576485e-07
8.000000000000e-04,5.594534718297e-07
4.000000000000e-03,9.258870215014e-06
1.200000000000e-03,1.708469551811e-06
4.000000000000e-04,1.253489936328e-06
4.000000000000e-04,3.883543385739e-08
4.000000000000e-04,1.298653109016e-07
4.000000000000e-04,6.753713506237e-07
8.000000000000e-04,3.339914321648e-07
1.200000000000e-03,7.679016092510e-07
4.000000000000e-04,1.301210660161e-07
4.000000000000e-04,1.266129960185e-07
1.200000000000e-03,6.571428094412e-07
8.000000000000e-04,1.555721708754e-06
1.200000000000e-03,1.410277969112e-06
4.000000000000e-04,8.568198130929e-08
4.000000000000e-04,6.315949775662e-07
4.000000000000e-04,1.430319323824e-07
4.000000000000e-03,1.721737134132e-05
1.600000000000e-03,2.927400762361e-06
4.000000000000e-04,2.750539453902e-07
4.000000000000e-04,4.262553351357e-07
4.400000000000e-03,9.152968889960e-06
4.000000000000e-04,1.339597809949e-07
4.000000000000e-04,4.309895944292e-07
1.000000000000e-02,2.573336132211e-05
4.000000000000e-04,3.516060947748e-08
1.200000000000e-03,1.567955911754e-06
8.000000000000e-04,3.483939059256e-07
3.200000000000e-03,8.064388957689e-06
4.000000000000e-04,8.143435360791e-08
4.000000000000e-04,1.529821815373e-07
4.000000000000e-04,1.539194563170e-07
4.000000000000e-04,2.628668618182e-08
4.000000000000e-04,3.923036495514e-08
8.000000000000e-04,2.488354758175e-06
1.324000000000e-01,9.663442939218e-04
4.000000000000e-04,6.251815438886e-07
1.200000000000e-03,4.005582776264e-06
4.000000000000e-04,3.017421237386e-07
4.000000000000e-04,3.421944005079e-07
1.040000000000e-02,3.205369192797e-05
4.000000000000e-04,8.214201616261e-07
5.600000000000e-03,1.559452093937e-05
4.000000000000e-04,1.266418396969e-07
8.000000000000e-04,1.827101220657e-06
4.000000000000e-04,5.561181420299e-07
4.000000000000e-04,1.288975868207e-08
4.000000000000e-04,1.028038730063e-07
8.000000000000e-04,1.634065445159e-06
8.000000000000e-04,4.146618586554e-07
4.000000000000e-04,3.286899864509e-07
4.000000000000e-04,6.120074575755e-09
8.000000000000e-04,4.601909585240e-07
4.000000000000e-04,1.165661983611e-06
2.400000000000e-03,4.558721066873e-06
4.000000000000e-04,1.430057078398e-07
4.000000000000e-04,4.448767057436e-07
4.000000000000e-04,4.644498933616e-07
4.000000000000e-04,5.142889382835e-07
3.160000000000e-02,1.534558719687e-04
1.200000000000e-03,6.134081002865e-07
8.000000000000e-04,1.747835008521e-06
4.000000000000e-04,2.777239300040e-07
6.800000000000e-03,1.003560798530e-05
4.000000000000e-04,3.289696893118e-08
4.000000000000e-04,1.756061786548e-07
2.000000000000e-03,4.117912797442e-06
8.000000000000e-04,3.919095963673e-07
4.000000000000e-04,3.737346214193e-08
4.000000000000e-04,7.919174494850e-07
4.000000000000e-03,7.004474530261e-06
2.400000000000e-03,5.633480760472e-06
8.000000000000e-04,1.121553182909e-06
8.000000000000e-04,3.617147310761e-07
1.600000000000e-03,1.901484319637e-06
4.000000000000e-04,4.156530465559e-08
1.200000000000e-03,2.291569975974e-06
2.000000000000e-03,4.807001695608e-06
4.000000000000e-04,9.129313654374e-07
4.000000000000e-04,1.237164411778e-07
4.000000000000e-03,1.014049479695e-05
4.000000000000e-04,8.627147850120e-08
4.000000000000e-04,5.518573900848e-07
4.000000000000e-04,6.297779111350e-08
8.000000000000e-04,3.617618942672e-07
1.600000000000e-03,1.705401102767e-06
4.000000000000e-04,2.280061274159e-07
4.000000000000e-04,5.197153889192e-07
4.400000000000e-03,1.034902930483e-05
8.000000000000e-04,5.644094619111e-07
1.200000000000e-03,9.137484369929e-07
1.440000000000e-02,8.374793100096e-05
4.000000000000e-04,1.744494075229e-07
2.400000000000e-03,2.277862513744e-06
4.000000000000e-04,1.242397286606e-07
4.000000000000e-04,3.357588863990e-07
4.000000000000e-04,3.989608089818e-08
2.400000000000e-02,1.285980662986e-04
4.000000000000e-04,2.273817264338e-07
4.000000000000e-04,1.690993161224e-07
4.000000000000e-04,5.933608498860e-07
1.440000000000e-02,7.409399829295e-05
4.000000000000e-04,3.382524047374e-07
4.000000000000e-04,6.161304688228e-07
8.400000000000e-03,3.994720516126e-05
4.000000000000e-04,1.837804874511e-07
4.000000000000e-04,3.967662282720e-07
4.000000000000e-04,1.394063062408e-07
4.000000000000e-04,1.497860624210e-08
4.000000000000e-04,1.820220551216e-07
4.000000000000e-04,7.953698333718e-08
4.000000000000e-04,4.870355725088e-07
6.000000000000e-03,1.671897237125e-05
4.000000000000e-04,5.044822315613e-08
8.000000000000e-04,1.500236833505e-06
2.000000000000e-03,2.369626966790e-06
2.800000000000e-03,1.039826720262e-05
4.000000000000e-04,1.049723743502e-07
4.000000000000e-04,2.152038339939e-07
4.000000000000e-04,1.512629645356e-07
3.200000000000e-03,3.827363064450e-06
4.000000000000e-04,2.313259025736e-07
4.000000000000e-04,5.600350365909e-07
4.000000000000e-04,4.948724156159e-07
4.000000000000e-04,6.108638370939e-07
4.000000000000e-04,1.648116762224e-08
4.000000000000e-04,3.547237963863e-07
1.600000000000e-03,4.100496004208e-07
4.000000000000e-04,3.768544901527e-07
4.000000000000e-04,1.797902757186e-07
4.000000000000e-04,4.345405719471e-07
4.000000000000e-04,3.881020369482e-07
8.000000000000e-04,1.591140741799e-06
4.000000000000e-04,5.939032161810e-07
2.400000000000e-03,4.382000907398e-06
1.600000000000e-03,7.268504827275e-07
4.400000000000e-03,8.610157431514e-06
4.000000000000e-04,3.655866319447e-07
4.000000000000e-04,3.788501108040e-07
4.000000000000e-04,4.713590779941e-08
4.000000000000e-04,5.404305482500e-07
4.000000000000e-04,9.503639117565e-07
2.000000000000e-03,3.371906321795e-06
4.000000000000e-04,1.643064562387e-08
4.000000000000e-04,7.300934706957e-08
2.640000000000e-02,2.485567955564e-04
4.000000000000e-04,1.082324704244e-06
4.000000000000e-04,2.389861120790e-08
4.000000000000e-04,1.832381229576e-07
8.000000000000e-04,1.141067029678e-06
8.000000000000e-04,7.386815285349e-07
8.000000000000e-04,8.883945239069e-07
1.600000000000e-03,2.300176698252e-06
4.000000000000e-04,2.531450049369e-07
4.000000000000e-04,6.686994032365e-07
4.000000000000e-04,3.880063677160e-07
8.000000000000e-04,1.348266951564e-06
8.000000000000e-04,1.604471080688e-06
4.000000000000e-04,5.965727212422e-07
4.000000000000e-04,1.994585389432e-07
4.000000000000e-04,4.173933416960e-07
2.400000000000e-03,5.011121697897e-06
4.000000000000e-04,6.581936078461e-07
8.000000000000e-04,1.348807615654e-06
4.000000000000e-04,4.770000262392e-07
4.000000000000e-04,8.098311640932e-08
4.000000000000e-04,6.664561553755e-08
9.600000000000e-03,5.002228097797e-05
4.000000000000e-04,9.715552087816e-08
1.200000000000e-03,1.654483978366e-06
8.000000000000e-04,7.576390311226e-07
4.000000000000e-04,3.644283435032e-07
4.000000000000e-04,3.274004790480e-07
4.000000000000e-04,1.178032797842e-07
4.000000000000e-04,2.111998795978e-07
4.000000000000e-04,3.109495038156e-07
1.200000000000e-03,5.491547131953e-07
4.000000000000e-04,5.008251431042e-08
1.280000000000e-02,4.695678145328e-05
4.000000000000e-04,4.406519813867e-07
4.000000000000e-04,9.706093632778e-08
4.000000000000e-04,3.275571016394e-07
4.000000000000e-04,4.923355831049e-07
4.000000000000e-04,5.187650558126e-07
1.600000000000e-03,3.228053114787e-06
8.000000000000e-04,6.255767449639e-07
8.000000000000e-04,7.223152426118e-07
4.000000000000e-04,8.949765580276e-07
4.000000000000e-04,2.727830241307e-07
8.000000000000e-04,1.547344819554e-06
4.000000000000e-04,1.053163097668e-07
4.000000000000e-04,5.984464706464e-08
4.000000000000e-04,5.491902261909e-07
4.000000000000e-04,6.638711750873e-08
4.000000000000e-04,3.138109006245e-08
4.000000000000e-04,1.857049762845e-07
1.600000000000e-03,2.829010586626e-06
4.000000000000e-04,1.277879717202e-07
4.000000000000e-04,5.668764314392e-07
8.000000000000e-04,1.030318135350e-07
8.000000000000e-04,2.446810294287e-06
1.320000000000e-02,3.270845745266e-05
1.200000000000e-02,4.567558819904e-05
3.600000000000e-03,8.292902130726e-06
4.000000000000e-04,3.388084406822e-07
1.200000000000e-03,4.494052621279e-06
4.000000000000e-04,5.709887010852e-07
8.000000000000e-04,1.557710397211e-06
4.000000000000e-04,1.153092608354e-06
4.000000000000e-04,9.615375738020e-07
6.000000000000e-03,1.130991983480e-05
4.000000000000e-04,3.689719643032e-07
1.600000000000e-03,4.498336859337e-06
4.000000000000e-04,2.633354400741e-07
4.000000000000e-04,1.887263669987e-08
3.200000000000e-02,2.408548313807e-04
8.000000000000e-04,7.175612052783e-07
8.000000000000e-04,1.098321210994e-06
1.200000000000e-03,1.523767950499e-06
4.000000000000e-04,1.561022916156e-07
4.000000000000e-04,9.446645530492e-08
4.000000000000e-04,1.397598893737e-06
8.000000000000e-04,8.005711871081e-07
4.000000000000e-04,3.822161570696e-07
4.000000000000e-04,1.323964144446e-07
4.000000000000e-04,9.822016298338e-08
1.200000000000e-03,1.254637738860e-06
4.000000000000e-04,9.775639804291e-07
4.000000000000e-04,1.468772368918e-07
2.800000000000e-03,7.160098199866e-06
4.000000000000e-04,7.772783283823e-08
5.200000000000e-03,1.135768539041e-05
4.000000000000e-04,2.691757734616e-08
4.000000000000e-04,4.286974652286e-07
1.200000000000e-03,2.701046236321e-06
1.600000000000e-03,2.147666716241e-06
4.000000000000e-04,2.344766914788e-07
8.000000000000e-04,6.594956526297e-07
1.200000000000e-03,2.284544935685e-06
4.000000000000e-04,3.583842763745e-07
4.000000000000e-04,6.299928083032e-07
8.000000000000e-04,3.908951656104e-07
4.000000000000e-04,4.192083411516e-07
4.000000000000e-04,4.407099117540e-08
4.000000000000e-04,1.137654851868e-07
8.000000000000e-04,4.709041666694e-07
4.000000000000e-04,3.347364971230e-07
8.000000000000e-04,9.500311657827e-07
4.000000000000e-04,7.354293980186e-07
1.200000000000e-03,3.721858322805e-07
4.000000000000e-04,8.305060858547e-08
4.000000000000e-04,1.157664632209e-07
4.000000000000e-04,1.709105838469e-07
1.200000000000e-03,3.083533010532e-07
7.200000000000e-03,2.151600210751e-05
4.000000000000e-04,5.498380099842e-08
4.000000000000e-04,1.487895038754e-07
4.000000000000e-04,1.045953833053e-07
4.000000000000e-04,4.673843059981e-08
1.600000000000e-03,5.010270003973e-06
4.000000000000e-04,4.319985866375e-07
4.000000000000e-04,6.238630771308e-07
4.000000000000e-04,1.050871758232e-07
4.000000000000e-04,1.074649561828e-07
4.000000000000e-04,5.675073734748e-08
4.000000000000e-04,2.157069668323e-07
4.000000000000e-04,1.157426554640e-07
4.000000000000e-04,7.086932674488e-08
4.000000000000e-04,4.169121281788e-07
8.000000000000e-04,1.056098101041e-06
4.000000000000e-04,1.899153327649e-07
8.000000000000e-04,8.200640610204e-07
4.000000000000e-04,4.900950719728e-08
4.000000000000e-04,2.421316027232e-08
2.400000000000e-03,3.420676997377e-06
1.200000000000e-03,2.119016636061e-06
4.000000000000e-04,1.275771356143e-07
4.000000000000e-04,1.348688993231e-08
2.000000000000e-03,1.977476447167e-06
8.000000000000e-04,4.078650401704e-07
4.000000000000e-04,1.178664384513e-07
4.000000000000e-04,8.385592220321e-07
4.000000000000e-04,4.983565394412e-07
4.000000000000e-04,5.787905460700e-08
4.000000000000e-04,3.512141790854e-07
1.200000000000e-03,4.570905422212e-07
2.000000000000e-03,2.332078808935e-06
4.000000000000e-04,3.664882921242e-07
1.240000000000e-02,4.588909301673e-05
6.960000000000e-02,3.565427580713e-04
4.000000000000e-04,3.428800669373e-07
4.000000000000e-04,5.451392393521e-07
4.000000000000e-04,8.953852147683e-08
4.000000000000e-04,4.559617846939e-07
4.000000000000e-04,3.068879150497e-07
8.000000000000e-04,4.465945854890e-07
8.000000000000e-04,6.338852831508e-07
4.000000000000e-04,1.217529232715e-07
2.800000000000e-03,6.354158000622e-06
4.000000000000e-04,3.323867685522e-07
1.600000000000e-03,2.991232345701e-06
4.000000000000e-04,2.595826473492e-07
4.000000000000e-04,4.740809476588e-07
8.000000000000e-04,4.518195637357e-07
8.000000000000e-04,1.480017025129e-06
1.200000000000e-03,1.952071627436e-06
4.000000000000e-04,1.011340200649e-06
8.000000000000e-04,1.312423741202e-06
4.000000000000e-04,1.876153704204e-07
4.000000000000e-04,8.928483819049e-07
4.000000000000e-04,1.216855320843e-07
1.280000000000e-02,4.188350842955e-05
6.000000000000e-03,1.645491894453e-05
4.000000000000e-04,1.949447163879e-07
4.000000000000e-04,7.006678075851e-07
4.000000000000e-04,9.617673045361e-07
4.000000000000e-04,2.151475556341e-07
4.000000000000e-04,1.749270816116e-07
4.000000000000e-04,1.290169227422e-06
4.000000000000e-04,2.014452849822e-07
4.000000000000e-04,3.788556423902e-07
4.000000000000e-04,2.773254866593e-08
4.000000000000e-04,3.740361843011e-08
4.000000000000e-04,6.980386027193e-07
4.000000000000e-04,8.582494511886e-08
4.000000000000e-04,3.478101844801e-08
1.200000000000e-03,3.078816155762e-06
4.000000000000e-04,1.479875658606e-07
4.000000000000e-04,3.202798704062e-08
2.400000000000e-03,4.576680997789e-06
4.000000000000e-04,1.023632218468e-07
8.000000000000e-04,7.975594813730e-07
4.000000000000e-04,2.241731201019e-07
1.200000000000e-03,1.035889004469e-06
8.000000000000e-04,1.281388142083e-06
1.200000000000e-03,2.437272943783e-06
4.000000000000e-04,4.602292878873e-07
2.000000000000e-03,5.659991462721e-06
4.000000000000e-04,5.830789639404e-07
4.000000000000e-04,1.310267049334e-06
4.000000000000e-04,4.906912309831e-08
1.600000000000e-02,4.855336014684e-05
4.000000000000e-04,8.491286020829e-07
8.000000000000e-04,3.205528183824e-07
4.000000000000e-04,3.774370153386e-07
4.000000000000e-04,1.769106506448e-07
4.000000000000e-04,5.897596274805e-07
2.200000000000e-02,8.408048364433e-05
1.200000000000e-03,9.851461821101e-07
4.000000000000e-04,5.064623537837e-07
4.000000000000e-04,3.815441396537e-07
8.000000000000e-04,8.075011013191e-07
4.000000000000e-04,3.646232633551e-08
6.800000000000e-03,2.830975312651e-05
4.000000000000e-04,5.053016375172e-07
4.000000000000e-04,4.704679239197e-08
4.000000000000e-04,1.245000508431e-07
4.000000000000e-04,6.725962431440e-07
4.000000000000e-04,9.460846648852e-07
1.200000000000e-03,4.843616568370e-07
1.600000000000e-03,3.519464020658e-06
3.200000000000e-03,1.088161131662e-05
8.000000000000e-04,6.487954437244e-07
4.000000000000e-04,1.323675849755e-06
4.000000000000e-04,3.096912660208e-09
8.000000000000e-04,6.087519312260e-07
4.000000000000e-04,1.111932359479e-07
4.000000000000e-04,8.684383195329e-07
2.000000000000e-03,1.799761809069e-06
4.000000000000e-04,1.028241310192e-06
7.600000000000e-03,2.041560338707e-05
1.600000000000e-03,2.513723214328e-06
4.000000000000e-04,2.553339816823e-07
8.000000000000e-04,1.269520090534e-06
2.960000000000e-02,1.292598503799e-04
4.000000000000e-04,8.433129278265e-08
1.600000000000e-03,3.506339069615e-06
2.400000000000e-03,8.002446686194e-06
1.200000000000e-03,1.233520764100e-06
2.800000000000e-03,7.873036835807e-06
4.000000000000e-04,1.332806339794e-07
1.600000000000e-03,2.419227058680e-06
8.000000000000e-04,1.461295309918e-06
1.600000000000e-03,2.211811313411e-06
4.000000000000e-04,1.983791451741e-07
4.000000000000e-04,1.288004313994e-07
4.000000000000e-04,5.751885534250e-07
4.000000000000e-04,3.451327067042e-07
2.000000000000e-03,1.620549310911e-06
4.000000000000e-04,5.691852851055e-07
4.000000000000e-04,5.236998583406e-08
1.600000000000e-03,2.940250646971e-06
2.400000000000e-03,2.617843282837e-06
8.000000000000e-04,9.962821270358e-07
8.000000000000e-04,7.723118274543e-07
3.440000000000e-02,2.330282764454e-04
4.000000000000e-04,2.227664835625e-07
4.000000000000e-04,8.707811828350e-07
4.000000000000e-04,4.670141520452e-07
4.000000000000e-04,7.461097191963e-07
4.000000000000e-04,4.154193316044e-07
1.600000000000e-03,3.533435347256e-06
4.000000000000e-04,1.856083849158e-07
4.000000000000e-04,1.329173953617e-07
8.000000000000e-04,2.017159866565e-06
4.000000000000e-04,1.311610649689e-07
5.640000000000e-02,3.624167532637e-04
3.600000000000e-03,1.295173110272e-05
6.000000000000e-03,2.344546980846e-05
4.000000000000e-04,5.252825685187e-07
4.000000000000e-04,7.125635302732e-07
4.000000000000e-04,2.943250725124e-08
8.000000000000e-04,1.170090686253e-06
1.600000000000e-03,2.183590349675e-06
4.000000000000e-04,6.585083654694e-08
8.000000000000e-04,9.309797931751e-07
1.200000000000e-03,1.155734093211e-06
8.000000000000e-04,1.201420040960e-06
2.800000000000e-03,2.738992424833e-06
2.000000000000e-03,3.449507977699e-06
4.000000000000e-04,5.801977034525e-07
4.000000000000e-04,7.644040702460e-07
4.000000000000e-04,1.021397532925e-08
4.000000000000e-04,2.423795681227e-08
4.000000000000e-04,9.277324507753e-07
8.000000000000e-04,4.466639946392e-07
2.000000000000e-03,1.696986170356e-06
4.000000000000e-04,2.589024476480e-07
8.000000000000e-04,5.471065775324e-07
1.200000000000e-03,1.905701480380e-06
1.200000000000e-03,1.676012342546e-06
4.000000000000e-04,2.403935855459e-07
4.000000000000e-04,1.527725795546e-07
8.000000000000e-04,8.355138006499e-07
4.000000000000e-04,2.844213819069e-07
8.000000000000e-04,1.035614937682e-06
4.000000000000e-04,7.713387959311e-07
8.000000000000e-04,1.428085358820e-06
4.000000000000e-04,8.347856001843e-07
4.000000000000e-04,2.438210561484e-07
4.000000000000e-04,2.236458647399e-07
1.064000000000e-01,1.268331453424e-03
4.000000000000e-04,5.379202656719e-07
4.400000000000e-03,5.548962633062e-06
4.000000000000e-04,5.823695652989e-07
4.000000000000e-03,6.334878571650e-06
4.000000000000e-04,1.194149695294e-07
4.000000000000e-04,1.380672514094e-07
4.000000000000e-04,4.452284598465e-08
4.000000000000e-04,6.437918880157e-07
4.000000000000e-04,5.644046394824e-07
8.000000000000e-04,1.386110270332e-06
4.000000000000e-04,1.565578089263e-07
1.200000000000e-03,1.960641071010e-06
8.000000000000e-04,8.553508763489e-07
4.000000000000e-04,9.024919574797e-07
4.000000000000e-04,5.549625193299e-07
8.000000000000e-04,4.295516219669e-07
8.000000000000e-04,2.190183286144e-06
4.000000000000e-04,5.163541587279e-07
4.000000000000e-04,3.900955284209e-07
4.000000000000e-04,3.606911961393e-07
1.200000000000e-03,1.263994918638e-06
8.000000000000e-04,1.651371172674e-06
1.200000000000e-03,1.512433955628e-06
4.000000000000e-04,1.680663464823e-07
1.200000000000e-03,1.655943493026e-06
4.000000000000e-04,6.311048129680e-07
4.000000000000e-04,2.933077342643e-07
7.760000000000e-02,5.247249883907e-04
4.000000000000e-04,2.344812319170e-07
4.000000000000e-04,2.217020685362e-07
1.600000000000e-03,2.984666041723e-06
4.000000000000e-04,3.811389222650e-07
4.000000000000e-04,2.042504167161e-08
3.200000000000e-03,3.927322502588e-06
4.000000000000e-04,4.202966595201e-07
4.000000000000e-04,6.408447440792e-09
4.000000000000e-04,6.888864622675e-08
4.000000000000e-04,6.576225235499e-08
8.000000000000e-04,1.727503827165e-06
4.000000000000e-04,1.757834763126e-07
1.360000000000e-02,6.702471251155e-05
4.000000000000e-04,1.630316632806e-11
4.000000000000e-04,7.419833167156e-08
2.000000000000e-03,3.555978196358e-06
2.800000000000e-03,5.072596020934e-06
4.360000000000e-02,2.290897863454e-04
4.000000000000e-04,3.905690807017e-08
9.200000000000e-03,3.321908861722e-05
1.200000000000e-03,1.148972854605e-06
4.000000000000e-04,3.909188969125e-07
4.000000000000e-04,4.262739494857e-07
1.200000000000e-03,5.780937957032e-07
8.000000000000e-04,5.153917565992e-07
4.000000000000e-04,5.146323644358e-08
4.000000000000e-04,5.242052054932e-07
4.000000000000e-04,9.182505179379e-07
4.000000000000e-04,2.518997229028e-07
4.000000000000e-04,7.775011807363e-07
4.000000000000e-04,1.198135148014e-07
4.000000000000e-04,2.235976239946e-07
1.200000000000e-03,6.928068442427e-07
4.000000000000e-04,3.392057072214e-07
4.000000000000e-04,2.182127902434e-07
4.000000000000e-04,2.861361343939e-08
4.000000000000e-04,2.827651227052e-07
4.000000000000e-04,5.214417209504e-07
4.000000000000e-04,2.918433813560e-07
4.000000000000e-04,2.000802139768e-07
4.000000000000e-04,4.291862522429e-07
4.000000000000e-04,3.720572474266e-07
2.800000000000e-03,4.324637219223e-06
4.000000000000e-04,4.163292177887e-07
4.000000000000e-04,1.023789477871e-07
4.000000000000e-04,1.243567144756e-07
4.000000000000e-04,8.231507743245e-07
4.400000000000e-03,8.405044994549e-06
8.000000000000e-04,7.873504415571e-07
4.000000000000e-04,2.951221763485e-07
4.000000000000e-04,4.943192921966e-07
4.000000000000e-04,1.503411848945e-07
8.000000000000e-04,7.182470695165e-07
4.000000000000e-04,3.501320572763e-08
4.000000000000e-04,7.503139855511e-08
4.000000000000e-04,5.367972785811e-07
8.000000000000e-04,1.939258155601e-06
4.000000000000e-04,1.451862870840e-07
4.000000000000e-04,9.411394428160e-09
4.000000000000e-04,6.261784795695e-07
4.000000000000e-04,6.218057879881e-09
1.600000000000e-03,2.216017101448e-06
4.000000000000e-04,1.030864117684e-07
8.000000000000e-04,1.723122563457e-06
4.000000000000e-04,3.012655219148e-07
4.000000000000e-04,1.951466857397e-07
4.000000000000e-04,3.711668002769e-07
4.000000000000e-04,1.955464801284e-07
4.000000000000e-04,3.753742956988e-07
4.000000000000e-04,5.792029006352e-07
8.000000000000e-04,2.086028159293e-06
6.800000000000e-03,1.479130599380e-05
4.000000000000e-04,1.934560887134e-07
4.000000000000e-04,8.953033603086e-07
4.000000000000e-04,3.321178258215e-07
4.000000000000e-04,2.207324574641e-08
4.000000000000e-04,5.320094895422e-09
1.600000000000e-03,2.443701890817e-06
8.000000000000e-04,3.241329759228e-07
4.000000000000e-04,4.263978953660e-07
4.000000000000e-04,3.506384269589e-07
4.000000000000e-04,5.487626795977e-07
4.000000000000e-04,8.029710099276e-08
4.000000000000e-04,7.137830243022e-07
4.000000000000e-04,2.309854698371e-07
4.000000000000e-04,1.637633554468e-07
4.000000000000e-04,7.249864251899e-08
5.200000000000e-03,1.855233402977e-05
4.000000000000e-04,3.302965088108e-07
4.400000000000e-03,1.363080527730e-05
4.000000000000e-04,7.008354609777e-08
4.000000000000e-04,4.405438482126e-07
4.000000000000e-04,2.604200489328e-07
3.600000000000e-03,7.908591090765e-06
4.000000000000e-04,4.307708542901e-07
4.000000000000e-04,1.307386512447e-07
2.800000000000e-03,3.129548952468e-06
8.000000000000e-04,4.556410305083e-07
4.000000000000e-04,6.492135709176e-07
4.000000000000e-04,1.196563589873e-07
3.200000000000e-03,5.971846856378e-06
4.000000000000e-04,7.010030703938e-08
4.000000000000e-04,1.217759386553e-07
4.000000000000e-04,4.184216851357e-07
4.000000000000e-04,2.583642564423e-07
4.000000000000e-04,4.861604650075e-07
1.120000000000e-02,5.937318753724e-05
8.000000000000e-04,4.306714753314e-07
4.000000000000e-04,9.940700019873e-09
4.000000000000e-04,3.959747123861e-08
4.000000000000e-04,5.759224512488e-08
8.000000000000e-04,5.620289210324e-07
2.400000000000e-03,5.921837499788e-06
2.000000000000e-03,3.404696595172e-06
4.000000000000e-04,1.495928539502e-07
2.000000000000e-03,3.548208287120e-06
8.000000000000e-04,9.444921796243e-07
1.360000000000e-02,7.652913749122e-05
8.000000000000e-04,1.458708036136e-06
4.000000000000e-04,1.881994574903e-07
8.000000000000e-04,1.068595419709e-06
4.000000000000e-04,4.334263976731e-07
4.000000000000e-04,6.723281434141e-08
4.000000000000e-04,1.042529608700e-07
4.000000000000e-04,1.587809242443e-08
8.000000000000e-04,1.460496508515e-06
8.000000000000e-04,6.423894094364e-07
1.600000000000e-03,1.819424908570e-06
4.000000000000e-04,2.430283781815e-08
4.000000000000e-04,1.125571660515e-06
4.000000000000e-04,6.876599834583e-07
4.000000000000e-04,9.958668435716e-08
4.000000000000e-04,3.548266815275e-07
1.200000000000e-03,1.109072853818e-06
4.000000000000e-04,5.702701850794e-07
4.000000000000e-04,6.281414187938e-07
4.000000000000e-04,2.871617845872e-07
1.200000000000e-03,1.445080377718e-06
1.200000000000e-03,2.162684128981e-06
4.000000000000e-04,5.933605852661e-07
1.200000000000e-03,3.387767384820e-06
6.800000000000e-03,1.840741432013e-05
3.600000000000e-03,4.476496149812e-06
4.000000000000e-04,1.342559642873e-07
4.000000000000e-04,6.622029335213e-07
8.000000000000e-04,3.348552489733e-07
1.600000000000e-03,7.848160714234e-07
4.000000000000e-04,1.837473156586e-08
4.000000000000e-04,4.178456604001e-07
8.000000000000e-04,4.977616630552e-07
4.000000000000e-04,1.662473525677e-09
4.000000000000e-04,8.304414069709e-08
4.000000000000e-04,1.545606287225e-06
4.000000000000e-04,2.162553781885e-07
5.200000000000e-03,1.490958320125e-05
4.000000000000e-04,4.345399900021e-07
8.000000000000e-04,2.410495371681e-06
4.000000000000e-04,1.031327607695e-07
1.200000000000e-03,1.769717826104e-06
4.000000000000e-04,9.559465347203e-07
4.000000000000e-04,7.631180175499e-08
4.000000000000e-04,4.243174649823e-07
1.200000000000e-03,2.563025892680e-06
2.000000000000e-03,2.352899380380e-06
4.000000000000e-04,4.512312566370e-07
4.000000000000e-04,1.406638495261e-07
4.000000000000e-04,4.247556983407e-08
4.000000000000e-04,2.461504526350e-07
1.200000000000e-03,1.325863023938e-06
2.000000000000e-03,3.088970505731e-06
4.000000000000e-04,6.471441109034e-08
4.000000000000e-04,1.935341703065e-08
4.000000000000e-04,6.131395040183e-08
1.200000000000e-03,2.299247191457e-06
8.000000000000e-04,2.392394817786e-06
4.000000000000e-04,8.693455996113e-07
4.000000000000e-04,3.969090030014e-08
4.000000000000e-04,4.706634346385e-07
4.000000000000e-04,4.820880415859e-07
4.000000000000e-04,3.511311466695e-07
4.000000000000e-04,1.381957928758e-08
8.000000000000e-04,7.367994688509e-07
4.000000000000e-04,4.832069826610e-08
2.000000000000e-03,2.750854525360e-06
1.200000000000e-03,5.745355643628e-07
4.000000000000e-04,3.136787125386e-07
4.000000000000e-04,5.832513114971e-07
1.200000000000e-03,8.579119497077e-07
4.000000000000e-04,4.751855646733e-07
4.000000000000e-04,1.147567826645e-07
8.000000000000e-04,2.006378307276e-06
4.000000000000e-04,6.732515833361e-07
4.000000000000e-04,2.366016478456e-07
1.600000000000e-03,4.240618996527e-06
4.000000000000e-04,1.322628413544e-07
4.000000000000e-04,7.444529894119e-07
4.000000000000e-04,5.919666795288e-07
4.000000000000e-04,1.504585686832e-07
4.000000000000e-04,3.471048038848e-07
8.000000000000e-04,2.205972067607e-06
1.600000000000e-03,1.204396085177e-06
1.200000000000e-03,7.282462662425e-07
4.000000000000e-04,9.561887446072e-07
4.000000000000e-04,1.025575636590e-07
2.000000000000e-03,6.329287042857e-06
4.000000000000e-04,4.488870820941e-08
1.200000000000e-03,1.976996492241e-06
4.000000000000e-04,1.630100882444e-07
4.000000000000e-04,1.602490996622e-07
8.000000000000e-04,7.892623614187e-07
4.000000000000e-04,1.070721509568e-06
6.400000000000e-03,2.235287843819e-05
8.000000000000e-04,1.468578827438e-06
4.000000000000e-04,2.866629058363e-07
4.000000000000e-04,4.738383925814e-07
4.000000000000e-04,1.407126061554e-08
4.000000000000e-04,1.171925211253e-07
8.000000000000e-04,2.680142097312e-06
4.000000000000e-04,7.261222668147e-08
4.000000000000e-04,2.378941334885e-07
7.200000000000e-03,1.774242092587e-05
4.000000000000e-04,4.825347153334e-07
1.600000000000e-03,2.689560958154e-06
4.000000000000e-04,2.295973573154e-07
2.000000000000e-03,4.841070568793e-06
8.000000000000e-04,7.850225347934e-07
4.000000000000e-04,9.467141620814e-08
1.200000000000e-03,1.619492311076e-06
4.000000000000e-04,5.990199727444e-07
4.000000000000e-04,4.201314368127e-07
4.000000000000e-04,1.873230353848e-07
4.000000000000e-04,1.380450643867e-06
1.200000000000e-03,6.456064422045e-07
1.200000000000e-03,7.782644251119e-07
4.000000000000e-04,7.928809125539e-07
4.000000000000e-04,1.827793212384e-07
1.200000000000e-03,1.755951962788e-06
4.000000000000e-04,2.207923324013e-07
4.000000000000e-04,1.096603366686e-06
4.000000000000e-04,5.769165515244e-07
2.800000000000e-03,3.218664454390e-06
4.000000000000e-04,1.349960014120e-07
8.000000000000e-04,1.863802190042e-06
8.000000000000e-04,2.124009462538e-06
3.040000000000e-01,2.406525006896e-03
4.400000000000e-03,2.127971948706e-05
1.200000000000e-03,3.366403461375e-06
4.000000000000e-04,1.547291629880e-08
4.000000000000e-04,1.464283630314e-07
4.000000000000e-04,3.086503775548e-08
4.000000000000e-04,2.327870035124e-07
4.000000000000e-04,6.480278341223e-08
3.200000000000e-03,8.883141875976e-06
3.640000000000e-02,2.776287194320e-04
4.000000000000e-04,1.426114417789e-08
1.200000000000e-03,4.896396157811e-07
1.600000000000e-03,2.651519884313e-06
4.080000000000e-02,2.202704733212e-04
8.000000000000e-04,8.441735748449e-07
1.200000000000e-03,1.761589898338e-06
2.800000000000e-03,7.176088268533e-06
5.600000000000e-03,1.476414775081e-05
8.000000000000e-04,1.725979196528e-07
4.000000000000e-04,3.353781213115e-07
8.000000000000e-04,5.219446493075e-07
8.000000000000e-04,4.185082123638e-07
4.000000000000e-04,1.660355983280e-07
4.000000000000e-04,4.592416531343e-08
8.000000000000e-04,1.171125632061e-06
2.400000000000e-03,5.436167647920e-06
4.000000000000e-04,1.451762356059e-07
1.200000000000e-03,6.429143710562e-07
1.200000000000e-03,2.449013008290e-07
8.000000000000e-04,1.576819577142e-06
4.000000000000e-04,2.425053281827e-07
1.200000000000e-03,2.941579111252e-06
4.000000000000e-04,6.875615424249e-07
4.000000000000e-04,1.248438281423e-06
4.000000000000e-04,1.176836344983e-06
4.000000000000e-04,4.426078550648e-07
8.000000000000e-04,1.044381226019e-06
4.000000000000e-04,2.153267742807e-07
4.000000000000e-04,1.876606239690e-08
4.000000000000e-04,5.930559121131e-07
4.000000000000e-04,6.557907399419e-07
1.600000000000e-03,2.414874985971e-06
4.000000000000e-04,2.619627011663e-07
4.000000000000e-04,2.923613679747e-07
4.000000000000e-04,3.971135189028e-08
4.000000000000e-04,9.068780589135e-07
4.000000000000e-04,5.828576164818e-07
2.000000000000e-03,5.953027300269e-06
4.000000000000e-04,1.633170593365e-07
4.000000000000e-04,4.448097321135e-07
3.200000000000e-03,1.160899318150e-05
4.000000000000e-04,2.310884249870e-07
1.600000000000e-03,2.077436338068e-06
1.600000000000e-03,2.008086192911e-06
4.000000000000e-04,6.194370722439e-07
4.000000000000e-04,2.063411385184e-07
1.600000000000e-03,3.414950845972e-06
8.000000000000e-04,1.453311264737e-06
4.000000000000e-04,4.293273274145e-08
4.000000000000e-04,1.212840069340e-08
4.000000000000e-04,5.053806402979e-08
4.000000000000e-04,8.172538987370e-07
8.400000000000e-03,3.146635572285e-05
8.000000000000e-04,1.127441555334e-06
5.600000000000e-03,9.665750846316e-06
4.000000000000e-04,7.632697265103e-07
3.600000000000e-03,8.319391307519e-06
4.000000000000e-04,1.118669719654e-07
4.000000000000e-04,5.647074118322e-08
1.668000000000e-01,1.737269311929e-03
4.000000000000e-04,3.956438660797e-07
4.000000000000e-04,2.931362255719e-07
1.200000000000e-03,9.697123253785e-07
4.000000000000e-04,2.388942887622e-08
3.600000000000e-03,8.117226817558e-06
8.000000000000e-04,1.245722489880e-06
1.200000000000e-03,5.581559789435e-07
4.000000000000e-04,4.666903934762e-07
8.000000000000e-04,3.379439295101e-07
1.200000000000e-03,4.930241736146e-07
8.000000000000e-04,8.604192676325e-07
2.480000000000e-02,1.250604425006e-04
4.000000000000e-04,3.730235829599e-07
4.000000000000e-04,7.296804218149e-08
4.000000000000e-04,1.963611031919e-07
1.400000000000e-02,8.594025252340e-05
4.000000000000e-04,5.071721803021e-07
4.000000000000e-04,1.790248866814e-07
4.000000000000e-04,1.216256555585e-07
8.000000000000e-04,4.255081495570e-07
4.000000000000e-04,1.203095475013e-06
8.000000000000e-04,1.556637782790e-06
4.000000000000e-04,3.677447090752e-08
4.000000000000e-04,1.225633709377e-07
4.000000000000e-04,2.052665124314e-07
8.000000000000e-04,5.178763336720e-07
4.000000000000e-04,1.979931755132e-07
4.000000000000e-04,3.270792813997e-07
4.000000000000e-04,2.247171866654e-07
4.000000000000e-04,2.371935462718e-08
2.800000000000e-03,4.622809562136e-06
4.000000000000e-04,6.321219837091e-08
4.000000000000e-04,1.198967489447e-07
2.400000000000e-03,2.413070029825e-06
4.000000000000e-04,4.971806966749e-07
8.000000000000e-04,9.797353002233e-07
8.000000000000e-04,3.861601224360e-07
1.600000000000e-03,2.449637215782e-06
4.000000000000e-04,1.787342681733e-07
4.000000000000e-04,3.900368434229e-07
4.000000000000e-04,1.298730314267e-07
4.000000000000e-04,4.988827374987e-07
4.000000000000e-04,3.982516836782e-07
4.000000000000e-04,6.537288114279e-08
4.000000000000e-04,2.286012659722e-07
4.000000000000e-04,1.520584928532e-07
4.000000000000e-04,6.262201269451e-08
4.000000000000e-04,2.800748837500e-07
4.000000000000e-04,4.512562798167e-07
4.000000000000e-04,2.640552105824e-07
4.000000000000e-04,4.850956149022e-07
4.000000000000e-04,3.053047560419e-07
4.000000000000e-04,8.954816339984e-07
4.000000000000e-04,5.587627826819e-07
2.400000000000e-03,4.333120106981e-06
4.000000000000e-04,1.110084908542e-07
4.000000000000e-04,1.834479787042e-07
4.000000000000e-04,4.979980182212e-07
8.000000000000e-04,7.275818576230e-07
8.000000000000e-04,1.190028570327e-06
4.000000000000e-04,1.620633601699e-07
4.000000000000e-04,5.074082448377e-07
9.640000000000e-02,7.145851326732e-04
4.000000000000e-04,5.983546681207e-08
4.000000000000e-04,8.092648115253e-07
1.600000000000e-03,3.152275800605e-06
4.000000000000e-04,1.173625934849e-07
4.000000000000e-04,5.872298261080e-07
4.000000000000e-04,9.345462029702e-08
4.000000000000e-04,5.582936845638e-07
4.000000000000e-04,1.420739368108e-09
2.400000000000e-03,4.111011028502e-06
4.000000000000e-04,9.500912035803e-07
1.200000000000e-03,1.440879024031e-06
8.000000000000e-04,9.147123589840e-07
4.000000000000e-04,3.013253001546e-07
4.000000000000e-04,4.773695180530e-07
8.000000000000e-04,1.921986665847e-07
4.000000000000e-04,1.936723872097e-08
2.000000000000e-03,1.179479938524e-06
3.600000000000e-03,9.379087539928e-06
4.000000000000e-04,3.552551028070e-07
8.000000000000e-04,5.085847350472e-07
2.800000000000e-03,4.156655226433e-06
4.000000000000e-04,1.526688115350e-08
4.000000000000e-04,1.617633644416e-07
1.440000000000e-02,6.410265221061e-05
4.000000000000e-04,1.651396580914e-07
4.000000000000e-04,4.645925953083e-08
4.000000000000e-04,4.845223431761e-07
4.000000000000e-04,5.519595121634e-09
4.000000000000e-04,7.310840925456e-07
4.000000000000e-04,3.534055852508e-07
4.000000000000e-04,2.057956480772e-08
3.200000000000e-03,5.164262254147e-06
8.000000000000e-04,1.174249979328e-06
4.000000000000e-04,3.445270589741e-07
4.000000000000e-04,1.252602467248e-06
8.000000000000e-04,2.513529734452e-07
4.000000000000e-04,4.226895391817e-07
4.000000000000e-04,1.231028556245e-06
5.200000000000e-03,1.225387717884e-05
1.200000000000e-03,1.091305054752e-06
4.000000000000e-04,4.240983191366e-07
1.200000000000e-03,2.483848645213e-06
4.000000000000e-04,7.530291866442e-07
4.000000000000e-04,2.023574645360e-08
2.800000000000e-03,6.379258221659e-06
4.000000000000e-04,5.229537076689e-07
8.000000000000e-03,2.767106412488e-05
4.000000000000e-04,2.616599382322e-07
2.160000000000e-02,1.001306547059e-04
2.400000000000e-03,3.555867908504e-06
8.000000000000e-04,1.994067176544e-06
1.200000000000e-03,2.142514948592e-06
4.000000000000e-04,1.103990416345e-07
4.000000000000e-04,1.937039080451e-07
4.000000000000e-04,5.953350022461e-07
4.000000000000e-04,5.131483517466e-07
4.000000000000e-04,3.005464056932e-07
4.000000000000e-04,4.282879597745e-07
4.000000000000e-04,7.133850391424e-07
4.000000000000e-04,1.206984390759e-07
4.000000000000e-04,5.616525854518e-07
8.000000000000e-04,4.556713683393e-07
8.000000000000e-04,7.823649574371e-07
4.000000000000e-04,3.723045035431e-09
4.000000000000e-04,3.056212477468e-08
8.000000000000e-04,1.752085779764e-06
8.000000000000e-04,1.364759401377e-06
4.000000000000e-04,5.769536143177e-07
2.000000000000e-03,9.688870544052e-07
7.200000000000e-03,2.156136020987e-05
2.000000000000e-03,4.423317667267e-06
4.000000000000e-04,3.310373866356e-07
4.000000000000e-04,1.714663905140e-07
1.200000000000e-03,3.375786625776e-06
4.000000000000e-04,3.294074133052e-07
1.360000000000e-02,5.634383354764e-05
4.000000000000e-04,1.493483239972e-07
4.000000000000e-04,3.898569954567e-07
4.000000000000e-04,2.362157459388e-07
4.000000000000e-04,1.055741664909e-07
4.000000000000e-04,3.135547263373e-07
4.000000000000e-04,4.224911561564e-07
4.000000000000e-04,4.171680180161e-08
4.000000000000e-04,7.853468409980e-08
8.000000000000e-04,3.863894917816e-07
4.000000000000e-04,1.298076437953e-07
4.000000000000e-04,3.675151282569e-07
4.000000000000e-04,4.433175184114e-07
4.000000000000e-04,9.882892908868e-08
4.000000000000e-04,2.416969752665e-08
4.000000000000e-04,6.430070496208e-07
4.000000000000e-04,2.874681428207e-07
4.000000000000e-04,2.980292545866e-07
4.000000000000e-04,1.461491785708e-07
4.000000000000e-04,5.473865236467e-07
4.000000000000e-04,3.488403834132e-07
4.000000000000e-04,1.839569506442e-07
4.000000000000e-04,1.170717817484e-07
4.000000000000e-04,4.713789402462e-07
4.000000000000e-04,3.656292693387e-08
8.000000000000e-04,5.437334969791e-07
5.728000000000e-01,7.764462424383e-03
8.000000000000e-04,2.927267800679e-07
4.000000000000e-04,1.313264007689e-07
4.000000000000e-04,7.825596708217e-07
4.000000000000e-04,5.289122556056e-07
8.000000000000e-04,4.635761278336e-07
4.000000000000e-04,5.099059502772e-07
4.000000000000e-04,2.455815484612e-07
4.000000000000e-04,6.742273028638e-07
4.000000000000e-04,2.665445769223e-07
4.000000000000e-04,4.950867412150e-07
4.000000000000e-04,3.213736390125e-08
4.000000000000e-04,2.997719797391e-07
4.000000000000e-04,3.894299077977e-08
1.200000000000e-03,5.546936241869e-07
4.000000000000e-04,5.147332153364e-07
4.000000000000e-04,1.269067411657e-07
4.000000000000e-04,7.405743159805e-09
4.000000000000e-04,1.057241442965e-06
8.000000000000e-04,1.282696102556e-06
3.600000000000e-03,7.284975765289e-06
8.000000000000e-04,1.056018972863e-06
4.000000000000e-04,2.753818846112e-07
8.000000000000e-04,2.029306238733e-06
4.000000000000e-04,7.830240620509e-07
8.000000000000e-04,1.511961218312e-06
4.000000000000e-04,1.138006548128e-06
4.000000000000e-04,8.688045505264e-07
4.000000000000e-04,2.724798199893e-08
8.000000000000e-04,1.338753225112e-07
8.000000000000e-04,1.969688468452e-06
8.000000000000e-04,1.535482624782e-06
2.400000000000e-03,4.843338409497e-06
2.640000000000e-02,1.804825638333e-04
4.000000000000e-04,7.838985040804e-07
8.000000000000e-04,1.625737379573e-06
4.000000000000e-04,1.725796145676e-07
4.800000000000e-03,1.362375181873e-05
4.000000000000e-04,7.560613816896e-08
8.000000000000e-04,3.797055587540e-07
4.000000000000e-04,8.859568550568e-09
2.000000000000e-03,4.771180556643e-06
8.000000000000e-04,8.231487943097e-07
4.000000000000e-04,3.056010735987e-07
2.480000000000e-02,7.734857428738e-05
4.000000000000e-04,5.400020180110e-07
4.000000000000e-04,8.320929439062e-07
4.000000000000e-04,4.292499371635e-07
4.000000000000e-04,4.600222297563e-07
4.000000000000e-04,3.476297678124e-07
2.400000000000e-03,5.757558313255e-06
5.600000000000e-03,1.353260830888e-05
4.000000000000e-04,4.206517713292e-08
4.000000000000e-04,3.309150358080e-07
1.600000000000e-03,2.553259655987e-06
4.000000000000e-04,1.443073754111e-06
4.000000000000e-04,9.671085981343e-08
4.000000000000e-04,1.304713140593e-08
4.000000000000e-04,7.800611428934e-07
4.000000000000e-04,1.152930553844e-07
4.000000000000e-04,2.398146724769e-07
4.000000000000e-04,3.856083213339e-07
4.000000000000e-04,2.167851921076e-07
4.000000000000e-04,2.600963467622e-07
2.800000000000e-03,5.628678629559e-06
6.000000000000e-03,1.986079099420e-05
4.000000000000e-04,1.580202009210e-09
4.000000000000e-04,1.040453630603e-07
4.000000000000e-04,2.339212156608e-07
4.000000000000e-04,6.014136520305e-07
4.000000000000e-04,8.920406815478e-08
1.200000000000e-03,1.397500245429e-06
4.000000000000e-04,1.202686409644e-07
4.000000000000e-04,2.463040359316e-07
1.200000000000e-03,1.588480166114e-06
4.000000000000e-04,1.157622775062e-06
4.000000000000e-04,1.905171063496e-07
8.000000000000e-04,5.506057279859e-07
4.000000000000e-04,9.378400504390e-09
4.000000000000e-04,7.522151475501e-07
8.000000000000e-04,8.992556234130e-07
8.000000000000e-04,5.307904106679e-07
1.600000000000e-03,5.719463459650e-06
4.000000000000e-04,7.622127029827e-08
4.000000000000e-04,6.142432688725e-07
4.000000000000e-04,2.658319861893e-08
4.000000000000e-04,7.086245849171e-07
8.000000000000e-04,5.662433499035e-07
4.000000000000e-04,1.901257537295e-08
4.000000000000e-04,1.847767472760e-07
8.000000000000e-04,1.254638606117e-06
4.000000000000e-04,2.322800127392e-07
4.000000000000e-04,5.946944475051e-07
4.000000000000e-04,1.015256356885e-07
1.600000000000e-03,2.251604560076e-06
4.000000000000e-04,5.308925191097e-07
4.000000000000e-04,1.771674303486e-07
8.000000000000e-04,2.068882750826e-06
4.000000000000e-04,6.435668268862e-07
4.000000000000e-04,6.020250860987e-08
4.000000000000e-04,7.449549064480e-08
4.000000000000e-04,5.464207897771e-09
4.000000000000e-04,2.120806367632e-07
4.000000000000e-04,1.363970595699e-08
4.000000000000e-04,2.813563788198e-07
5.600000000000e-03,1.218878271884e-05
4.000000000000e-04,7.508763105735e-11
4.000000000000e-04,6.008454177147e-07
4.000000000000e-04,1.769812396091e-07
4.000000000000e-04,3.019292687074e-07
4.000000000000e-04,5.260366460848e-07
1.200000000000e-02,3.556507239912e-05
8.000000000000e-04,2.339765325522e-06
3.200000000000e-03,1.004572470472e-05
2.000000000000e-02,6.841758745789e-05
4.000000000000e-04,6.567237419450e-07
4.000000000000e-04,2.092616592178e-07
1.200000000000e-03,9.825693078642e-07
4.000000000000e-04,5.258854347741e-08
4.000000000000e-04,4.355652837299e-07
4.000000000000e-04,4.475267779062e-07
4.000000000000e-04,7.850517620061e-08
8.000000000000e-04,4.046434913764e-07
2.000000000000e-03,4.145063791352e-06
4.000000000000e-04,1.390158496886e-06
4.000000000000e-04,6.266744583950e-08
4.000000000000e-04,9.566462916776e-08
4.000000000000e-04,4.420426944496e-07
8.000000000000e-04,1.280314929594e-06
4.000000000000e-04,1.297704860893e-07
4.000000000000e-04,2.195212262356e-07
4.000000000000e-04,3.061488542757e-07
4.000000000000e-04,4.688977893217e-08
4.000000000000e-04,8.355446972821e-08
8.000000000000e-04,7.417476779663e-07
1.200000000000e-03,1.747885178045e-06
4.000000000000e-04,1.204300731247e-07
4.000000000000e-04,1.944340471835e-07
4.000000000000e-04,4.001294685387e-08
4.000000000000e-04,4.056655384236e-07
2.000000000000e-03,4.662024488265e-06
8.000000000000e-04,1.462355454162e-07
1.200000000000e-03,1.157659984082e-06
8.000000000000e-04,5.199157718407e-07
4.000000000000e-04,6.120402960714e-08
4.000000000000e-04,3.219781973646e-07
8.000000000000e-04,1.041233879129e-06
2.400000000000e-03,4.649929366049e-06
5.600000000000e-03,1.045444212159e-05
4.000000000000e-04,1.075243637988e-06
4.000000000000e-04,8.626081571717e-09
4.000000000000e-04,6.437844412091e-07
4.000000000000e-04,8.874388543874e-07
4.000000000000e-04,1.513282985880e-07
4.000000000000e-04,3.574884446109e-08
4.000000000000e-04,1.017923792436e-06
4.000000000000e-04,2.933543782010e-07
4.000000000000e-04,6.728107859543e-08
8.000000000000e-04,6.845777649842e-07
2.800000000000e-03,3.830028145151e-06
8.000000000000e-04,1.814849855045e-07
4.000000000000e-04,1.588381839085e-07
4.000000000000e-04,8.986907362254e-07
4.000000000000e-04,6.290963245453e-08
4.000000000000e-04,4.000070613847e-07
1.600000000000e-03,3.926098733298e-06
4.000000000000e-04,5.215473017413e-07
4.000000000000e-04,1.658900127564e-07
4.000000000000e-04,2.986812624413e-08
4.000000000000e-04,1.147504494586e-07
1.600000000000e-03,2.892209523247e-06
1.200000000000e-03,9.658040816680e-07
4.000000000000e-04,1.127320542041e-07
8.000000000000e-04,9.306642118867e-07
4.000000000000e-04,8.112449253980e-07
2.800000000000e-03,5.779950226139e-06
4.000000000000e-04,6.708519614157e-07
4.000000000000e-04,9.839656527227e-08
9.200000000000e-03,4.448967436095e-05
3.600000000000e-03,7.388586115222e-06
4.000000000000e-04,5.118487363575e-07
4.000000000000e-04,2.827203833014e-07
4.000000000000e-04,6.248687614170e-08
4.000000000000e-04,2.518791273298e-09
8.000000000000e-04,2.611036539803e-07
8.000000000000e-04,8.303599739316e-07
8.000000000000e-04,1.236668807000e-06
8.000000000000e-04,1.606969056270e-06
4.000000000000e-04,3.586985626450e-07
4.000000000000e-04,2.940031209796e-07
2.800000000000e-03,3.709295456775e-06
8.000000000000e-04,5.689603647306e-07
6.000000000000e-03,2.894960983203e-05
2.800000000000e-03,1.288267936451e-05
4.000000000000e-04,3.553146366593e-07
3.200000000000e-03,3.614188986635e-06
4.000000000000e-04,3.613933675174e-07
4.000000000000e-04,1.386502422196e-07
4.000000000000e-04,8.382617891931e-07
4.000000000000e-04,6.013425268059e-07
4.000000000000e-04,5.141468726812e-07
4.000000000000e-04,5.502519016404e-07
8.000000000000e-04,3.763281464794e-07
8.000000000000e-04,9.700335355603e-07
4.000000000000e-04,1.386496431561e-08
4.000000000000e-04,5.408284049492e-07
4.000000000000e-04,4.933483905934e-07
8.000000000000e-04,7.936309207715e-07
4.000000000000e-04,3.186402777777e-07
4.000000000000e-04,3.524943306725e-07
8.000000000000e-04,4.624682765410e-07
4.000000000000e-04,4.153278351891e-07
4.000000000000e-04,3.956930739143e-07
3.600000000000e-03,6.297834644987e-06
4.000000000000e-04,4.427823825010e-07
8.000000000000e-04,1.354155051700e-06
4.000000000000e-04,2.581689969696e-07
4.000000000000e-04,3.610402867145e-08
1.200000000000e-03,2.166295105976e-06
2.400000000000e-03,4.272617200704e-06
1.600000000000e-03,2.481743414948e-06
4.000000000000e-04,1.093885423260e-07
4.000000000000e-04,2.877910642023e-07
4.000000000000e-04,2.408397100935e-07
1.600000000000e-03,1.894340988540e-06
4.000000000000e-03,8.907575934702e-06
1.200000000000e-03,1.820638796832e-06
8.000000000000e-04,1.537671751653e-06
4.000000000000e-04,5.511945666626e-08
4.000000000000e-04,4.610495006023e-07
8.000000000000e-04,8.763698133722e-07
4.000000000000e-04,9.442809913042e-07
1.200000000000e-03,7.383158846792e-07
4.000000000000e-04,8.183336937156e-08
5.200000000000e-03,1.858644059713e-05
8.000000000000e-04,1.535273604253e-06
1.036000000000e-01,8.123379884914e-04
8.000000000000e-04,6.858493623998e-07
1.280000000000e-02,4.851634847707e-05
4.000000000000e-04,3.397449792119e-07
8.000000000000e-04,9.957237225708e-07
8.000000000000e-04,1.488321772003e-06
1.600000000000e-03,2.512582371539e-06
4.000000000000e-04,7.325612500765e-07
4.000000000000e-04,2.041190706046e-08
4.000000000000e-04,1.634831532568e-07
4.000000000000e-04,3.216567763748e-07
2.800000000000e-03,5.796068816913e-06
8.800000000000e-03,2.016682526703e-05
8.000000000000e-04,1.057631272804e-06
4.000000000000e-04,4.183501146453e-07
2.400000000000e-03,3.195301575091e-06
4.000000000000e-04,2.014463893759e-08
4.000000000000e-04,6.724049921230e-07
4.000000000000e-04,4.480654714748e-07
4.000000000000e-04,1.917649911854e-07
5.200000000000e-03,1.046396725762e-05
4.000000000000e-04,4.223173135603e-07
4.000000000000e-04,1.362613200284e-07
1.200000000000e-03,7.649548999839e-07
1.200000000000e-03,1.489434631702e-06
4.000000000000e-04,5.401445057564e-07
8.000000000000e-04,2.938795592030e-07
4.000000000000e-04,2.125444887616e-07
4.000000000000e-04,1.149983717266e-07
4.000000000000e-04,2.256068909093e-07
4.000000000000e-04,1.490762753680e-07
4.000000000000e-04,5.699996087222e-07
5.600000000000e-03,1.594965710009e-05
4.000000000000e-04,4.634615006127e-07
4.000000000000e-04,6.201196627722e-07
8.000000000000e-04,1.092514221735e-07
4.000000000000e-04,1.107162311653e-07
4.400000000000e-03,1.752584250681e-05
4.000000000000e-04,2.902245074444e-07
4.000000000000e-04,5.953749342564e-07
4.000000000000e-04,1.214332999692e-07
1.200000000000e-03,1.544083790016e-06
8.000000000000e-04,4.898195168110e-07
4.000000000000e-04,3.078827579974e-07
1.280000000000e-02,4.008548230318e-05
9.600000000000e-03,2.661758517844e-05
4.000000000000e-04,1.779602548224e-07
4.000000000000e-04,2.766298702080e-07
4.000000000000e-04,1.858678611801e-07
8.000000000000e-04,3.403076769752e-07
4.000000000000e-04,2.796707956443e-09
8.000000000000e-04,1.932500134519e-06
4.000000000000e-04,1.629814641013e-07
4.000000000000e-04,8.269843333482e-07
8.000000000000e-04,3.119511569851e-07
2.800000000000e-03,5.565477642221e-06
8.000000000000e-04,1.797523246520e-06
4.000000000000e-04,4.160900499910e-08
4.000000000000e-04,5.966220307824e-07
4.000000000000e-04,2.255687980760e-07
4.000000000000e-04,1.418536737016e-07
2.800000000000e-03,4.922306607452e-06
6.000000000000e-03,2.137682581620e-05
4.000000000000e-04,7.562417387882e-07
4.000000000000e-04,2.167877640196e-08
2.400000000000e-03,8.564012159515e-06
4.000000000000e-04,1.964757216557e-07
4.000000000000e-04,1.758878030951e-07
1.200000000000e-03,2.907798899347e-06
4.000000000000e-04,3.317730856198e-07
8.000000000000e-04,1.915347595874e-06
4.000000000000e-04,2.051302549537e-07
4.000000000000e-04,9.355610339017e-08
4.000000000000e-04,3.557101479449e-07
4.000000000000e-04,3.859446003972e-07
8.000000000000e-04,2.105228211337e-07
4.000000000000e-04,3.108076890603e-07
4.000000000000e-04,3.787301292749e-07
4.000000000000e-04,6.130521617162e-07
2.400000000000e-03,1.693307691651e-06
4.000000000000e-04,3.300965153097e-07
4.000000000000e-04,1.805420161932e-07
4.000000000000e-04,7.144866539970e-08
4.000000000000e-04,3.543835660799e-07
4.000000000000e-04,1.310137542105e-07
4.000000000000e-04,2.958022250518e-07
8.000000000000e-04,8.126674820437e-08
2.000000000000e-03,2.437988524622e-06
4.000000000000e-04,2.905992928136e-07
8.000000000000e-04,2.416127842882e-06
8.000000000000e-04,5.036780391031e-07
4.000000000000e-04,1.263525760770e-07
4.000000000000e-04,2.106201796902e-07
4.000000000000e-04,3.082612846599e-07
8.000000000000e-04,8.293928471000e-07
8.000000000000e-04,9.114659568467e-07
2.800000000000e-03,3.479786726802e-06
4.000000000000e-04,9.159448771127e-08
8.000000000000e-04,2.576959675699e-07
1.600000000000e-03,1.282122794225e-06
4.000000000000e-03,1.540140066067e-05
2.000000000000e-03,3.364899344340e-06
1.200000000000e-03,7.312194277825e-07
2.800000000000e-03,8.778426912566e-06
4.000000000000e-04,4.434812826692e-07
4.000000000000e-04,3.062435460626e-07
4.000000000000e-04,2.761260957322e-07
4.000000000000e-04,1.132614182119e-07
4.000000000000e-04,5.583651089116e-08
3.224000000000e-01,5.986130746735e-03
1.200000000000e-03,7.710306151073e-07
1.072000000000e-01,7.833946190260e-04
4.000000000000e-04,6.631998095581e-08
8.000000000000e-04,9.048547218545e-07
3.600000000000e-03,1.198374809892e-05
4.000000000000e-04,1.862344725045e-07
4.000000000000e-04,4.015387166571e-07
8.000000000000e-04,8.809603470744e-07
2.000000000000e-03,2.306763652244e-06
4.000000000000e-04,8.599247848962e-09
8.000000000000e-04,6.998334668098e-07
4.000000000000e-04,4.323436077841e-07
4.000000000000e-04,6.481942914262e-08
3.600000000000e-03,9.276680583448e-06
4.000000000000e-04,1.125447177902e-08
4.000000000000e-04,6.683193795937e-09
4.000000000000e-04,2.406683385045e-07
4.000000000000e-04,1.328702587877e-07
4.000000000000e-04,4.169449978916e-07
2.800000000000e-03,4.279144743637e-06
1.480000000000e-02,4.351344477267e-05
4.000000000000e-04,4.486040852199e-07
4.000000000000e-04,2.732474636563e-07
4.000000000000e-04,4.646411213602e-07
8.000000000000e-04,9.002984132989e-07
4.000000000000e-04,4.916905735609e-08
4.000000000000e-04,3.898289583097e-07
4.000000000000e-04,8.712422051200e-08
8.000000000000e-04,4.519753354749e-07
4.000000000000e-04,3.571065594083e-07
1.600000000000e-03,2.763135620777e-06
4.000000000000e-04,1.811347827921e-07
4.000000000000e-04,9.985434143469e-07
8.000000000000e-04,7.787575221535e-07
4.000000000000e-04,4.209189000023e-07
4.000000000000e-04,1.449024327980e-06
4.000000000000e-04,3.103742201679e-08
4.000000000000e-04,3.377768722735e-07
4.000000000000e-04,5.884066995340e-07
4.000000000000e-04,9.013390752497e-07
4.000000000000e-04,4.502872575175e-07
4.000000000000e-04,7.370105696439e-08
4.000000000000e-04,4.283441747433e-07
4.000000000000e-04,2.117461531042e-07
5.600000000000e-02,2.338334792418e-04
1.400000000000e-02,6.839016572827e-05
2.400000000000e-03,4.793842618465e-06
4.000000000000e-04,3.980403959370e-07
8.000000000000e-04,2.248693127609e-06
4.000000000000e-04,1.792720841347e-08
5.600000000000e-03,2.110521661341e-05
4.000000000000e-04,3.685706134830e-07
1.040000000000e-02,3.314082317881e-05
1.200000000000e-03,1.195854764128e-06
4.000000000000e-04,1.378643331496e-07
4.000000000000e-04,9.437872949828e-07
4.000000000000e-04,5.606281533670e-07
9.600000000000e-03,3.618745699683e-05
4.000000000000e-04,5.938145062523e-07
4.000000000000e-04,1.078894233595e-07
2.000000000000e-03,3.861894434442e-06
4.000000000000e-04,6.227436156170e-08
1.200000000000e-03,3.810357890293e-07
8.000000000000e-04,9.646637388468e-07
4.680000000000e-02,2.486604898933e-04
4.000000000000e-04,2.885792689944e-07
4.000000000000e-04,1.949373250945e-07
4.000000000000e-04,5.609303663732e-08
4.000000000000e-04,8.117100055152e-07
1.200000000000e-03,3.503112796014e-06
8.000000000000e-04,1.062081972680e-06
4.000000000000e-04,7.430165092930e-07
8.000000000000e-04,6.968056239447e-07
4.000000000000e-04,4.916226514268e-07
1.600000000000e-03,2.613017712808e-06
4.000000000000e-04,4.461618870385e-08
4.000000000000e-04,5.890705008770e-08
4.000000000000e-04,1.026932953442e-06
4.000000000000e-04,5.399535770009e-07
4.000000000000e-04,1.215859018918e-06
4.000000000000e-04,3.000253046204e-08
1.600000000000e-03,3.196621298655e-06
4.000000000000e-04,1.445925552954e-07
4.000000000000e-04,2.864977556833e-07
4.000000000000e-04,7.779962535279e-07
2.800000000000e-03,4.032167706571e-06
4.000000000000e-04,1.095864920643e-06
4.000000000000e-04,1.308433578110e-07
4.000000000000e-04,6.802723833776e-09
8.000000000000e-03,2.920020339342e-05
4.000000000000e-04,3.279800533731e-07
4.000000000000e-04,3.244053662587e-07
4.000000000000e-04,6.387515781120e-07
5.600000000000e-03,1.884560186071e-05
4.000000000000e-04,3.936832188057e-07
2.000000000000e-03,4.672910700743e-06
1.200000000000e-03,2.629904514879e-07
8.000000000000e-04,5.052461304672e-07
1.200000000000e-03,1.374802172914e-06
2.000000000000e-03,2.197713329407e-06
8.000000000000e-04,2.434157726473e-07
4.000000000000e-04,7.302643938652e-07
4.000000000000e-04,6.335172686438e-07
8.000000000000e-04,7.958907729844e-07
8.000000000000e-04,3.255548011875e-07
8.000000000000e-04,1.001920840230e-06
8.000000000000e-04,4.495937104954e-07
3.120000000000e-02,1.265351512863e-04
4.000000000000e-04,9.042016688775e-07
4.000000000000e-04,1.001779323964e-07
6.800000000000e-03,2.218705993754e-05
2.800000000000e-03,5.096665989753e-06
4.000000000000e-04,5.946043706779e-07
4.000000000000e-04,3.880926557792e-07
4.000000000000e-04,6.013348488816e-07
4.000000000000e-03,1.666344981677e-05
4.000000000000e-04,3.908124396581e-08
4.000000000000e-04,1.791635006715e-07
4.000000000000e-04,2.205919450705e-07
1.200000000000e-03,8.021657761706e-07
2.400000000000e-03,2.628932492228e-06
4.000000000000e-04,1.922592334025e-07
8.000000000000e-04,1.243298020837e-06
3.200000000000e-03,1.982380955212e-06
4.000000000000e-04,6.495461652196e-07
4.000000000000e-04,2.206632759986e-07
1.200000000000e-03,8.563701654303e-07
4.000000000000e-04,7.828219495379e-07
4.000000000000e-04,8.977339760131e-08
4.000000000000e-04,8.330222228356e-08
4.000000000000e-04,2.535737136789e-07
6.400000000000e-03,1.687808344849e-05
4.000000000000e-04,7.051283825161e-07
4.000000000000e-04,2.452441658816e-07
8.000000000000e-04,1.086534823603e-06
2.800000000000e-03,9.500427914151e-06
4.000000000000e-04,2.966614301082e-07
4.000000000000e-03,8.493041401729e-06
3.600000000000e-03,1.088611984095e-05
1.520000000000e-02,8.460291766005e-05
1.200000000000e-03,2.016015568572e-06
4.000000000000e-04,1.593376828114e-07
5.200000000000e-03,1.231643106370e-05
1.200000000000e-03,1.259018158649e-06
4.000000000000e-04,5.143313862666e-08
8.000000000000e-04,8.807659227432e-07
3.200000000000e-03,1.188223349161e-05
4.000000000000e-04,8.075784821949e-07
4.000000000000e-04,2.758197441132e-08
8.000000000000e-04,1.408985537232e-06
4.000000000000e-04,2.179496339558e-07
8.000000000000e-04,8.137617451439e-07
8.000000000000e-04,3.168397327299e-07
4.000000000000e-04,1.671816949513e-07
4.000000000000e-04,2.216697611103e-07
4.000000000000e-04,3.324260868805e-07
4.000000000000e-04,4.791929585128e-08
8.000000000000e-04,6.379848995578e-07
4.000000000000e-04,1.055289695157e-06
1.200000000000e-03,3.817064836357e-06
8.000000000000e-04,2.322796160215e-06
4.000000000000e-04,5.597440344636e-08
4.000000000000e-04,2.716076875222e-07
